STATE,DISTRICT,TEH_NAME,BLOCK_NAME,LAT,LON,SITE_NAME,SITE_TYPE,WLCODE,YEAR_OBS,MONSOON,POMRB,POMKH,PREMON
UP,Gonda,Chhapia,Chhapia,26.98,82.38944444,Chapiya,"Dug Well",W14951,2018,'0,3.8,'0,'0
UP,Gonda,Jhanjhari,Jhanjhari,27.11666667,81.97833333,"Gonda (Urban)","Dug Well",W32979,2018,'0,'0,'0,8.47
UP,Gonda,Mankapur,Mankapur,27.03333333,82.25,Mankapur,"Dug Well",W15692,2018,'0,5.9,'0,'0
UP,Gonda,Mankapur,Mankapur,27.03333333,82.25,Mankapur,"Dug Well",W15692,2018,'0,'0,'0,6.25
UP,Gonda,Haldharmau,Haldharmau,27.12222222,81.805,"Parsa gondri","Dug Well",W15691,2018,'0,3.6,'0,'0
UP,Gonda,Haldharmau,Haldharmau,27.12222222,81.805,"Parsa gondri","Dug Well",W15691,2018,'0,'0,'0,4.19
UP,Gonda,"Katra Bazar","Katra Bazar",27.19722222,81.76666667,"Birpur katra","Dug Well",W14954,2018,'0,3.4,'0,'0
UP,Gonda,"Katra Bazar","Katra Bazar",27.19722222,81.76666667,"Birpur katra","Dug Well",W14954,2018,'0,'0,'0,3.8
UP,Gonda,Tarabganj,Tarabganj,26.95583333,81.99055556,"Tarabganj PZ (GWD)","Tube Well",W32973,2018,'0,3.85,'0,'0
UP,Gonda,Tarabganj,Tarabganj,26.95583333,81.99055556,"Tarabganj PZ (GWD)","Tube Well",W32973,2018,'0,'0,'0,4.65
UP,Gonda,Jhanjhari,Mankapur,27.06666667,82.11666667,"Kazi Dewar","Dug Well",W32978,2018,'0,6.08,'0,'0
UP,Gonda,Jhanjhari,Mankapur,27.06666667,82.11666667,"Kazi Dewar","Dug Well",W32978,2018,'0,'0,'0,7
UP,Gonda,Karnailganj,Karnailganj,27.13111111,81.70305556,"Karnailganj PZ (GWD)","Tube Well",W32980,2018,'0,3.28,'0,'0
UP,Gonda,Karnailganj,Karnailganj,27.13111111,81.70305556,"Karnailganj PZ (GWD)","Tube Well",W32980,2018,'0,'0,'0,4.32
UP,Gonda,Jhanjhari,Jhanjhari,27.11666667,81.97833333,"Gonda (Urban)","Dug Well",W32979,2018,'0,8.05,'0,'0
UP,Gonda,Paraspur,Paraspur,27.0125,81.73611111,Bhauriganj,"Dug Well",W14955,2018,'0,3.83,'0,'0
UP,Gonda,Chhapia,Chhapia,26.98,82.38944444,Chapiya,"Dug Well",W14951,2017,1.7,3.9,'0,5.62
UP,Gonda,Jhanjhari,Jhanjhari,27.11666667,81.97833333,"Gonda (Urban)","Dug Well",W32979,2017,'0,'0,7.82,'0
UP,Gonda,Paraspur,Paraspur,27.0125,81.73611111,Bhauriganj,"Dug Well",W14955,2017,2.08,3.85,'0,'0
UP,Gonda,Paraspur,Paraspur,27.0125,81.73611111,Bhauriganj,"Dug Well",W14955,2017,'0,'0,3.28,'0
UP,Gonda,Mankapur,Mankapur,27.03333333,82.25,Mankapur,"Dug Well",W15692,2017,5.55,5.35,'0,5.98
UP,Gonda,Mankapur,Mankapur,27.03333333,82.25,Mankapur,"Dug Well",W15692,2017,'0,'0,5.55,'0
UP,Gonda,Haldharmau,Haldharmau,27.12222222,81.805,"Parsa gondri","Dug Well",W15691,2017,3.15,3.85,'0,4.52
UP,Gonda,Haldharmau,Haldharmau,27.12222222,81.805,"Parsa gondri","Dug Well",W15691,2017,'0,'0,3.2,'0
UP,Gonda,"Katra Bazar","Katra Bazar",27.19722222,81.76666667,"Birpur katra","Dug Well",W14954,2017,3.05,3.6,'0,4.08
UP,Gonda,"Katra Bazar","Katra Bazar",27.19722222,81.76666667,"Birpur katra","Dug Well",W14954,2017,'0,'0,2.9,'0
UP,Gonda,Nawabganj,Nawabganj,26.87166667,82.13638889,"Nawabganj PZ (GWD)","Tube Well",W32970,2017,'0,3.45,'0,'0
UP,Gonda,Tarabganj,Tarabganj,26.95583333,81.99055556,"Tarabganj PZ (GWD)","Tube Well",W32973,2017,3.4,3.95,'0,4.42
UP,Gonda,Tarabganj,Tarabganj,26.95583333,81.99055556,"Tarabganj PZ (GWD)","Tube Well",W32973,2017,'0,'0,3.3,'0
UP,Gonda,Jhanjhari,Mankapur,27.06666667,82.11666667,"Kazi Dewar","Dug Well",W32978,2017,3.4,6.31,'0,6.76
UP,Gonda,Jhanjhari,Mankapur,27.06666667,82.11666667,"Kazi Dewar","Dug Well",W32978,2017,'0,'0,5.14,'0
UP,Gonda,Karnailganj,Karnailganj,27.13111111,81.70305556,"Karnailganj PZ (GWD)","Tube Well",W32980,2017,1.97,4.03,'0,4.54
UP,Gonda,Karnailganj,Karnailganj,27.13111111,81.70305556,"Karnailganj PZ (GWD)","Tube Well",W32980,2017,'0,'0,2.55,'0
UP,Gonda,Jhanjhari,Jhanjhari,27.11666667,81.97833333,"Gonda (Urban)","Dug Well",W32979,2017,8,7.3,'0,8.06
UP,Gonda,Chhapia,Chhapia,26.98,82.38944444,Chapiya,"Dug Well",W14951,2017,'0,'0,2.8,'0
UP,Gonda,Chhapia,Chhapia,26.98,82.38944444,Chapiya,"Dug Well",W14951,2016,3.45,'0,3.3,4.34
UP,Gonda,Wazirganj,Wazirganj,26.98,82.10777778,"Baleshwar ganj","Dug Well",W14958,2016,2.32,'0,2.6,'0
UP,Gonda,Paraspur,Paraspur,27.0125,81.73611111,Bhauriganj,"Dug Well",W14955,2016,2.89,'0,3.28,5.09
UP,Gonda,Mankapur,Mankapur,27.03333333,82.25,Mankapur,"Dug Well",W15692,2016,4.75,'0,5,5.4
UP,Gonda,Haldharmau,Haldharmau,27.12222222,81.805,"Parsa gondri","Dug Well",W15691,2016,3.5,'0,3.45,4.35
UP,Gonda,Jhanjhari,Jhanjhari,27.11666667,81.97833333,"Gonda (Urban)","Dug Well",W32979,2016,7.3,'0,7.05,8.13
UP,Gonda,Nawabganj,Nawabganj,26.87166667,82.13638889,"Nawabganj PZ (GWD)","Tube Well",W32970,2016,3.4,'0,3.38,4.21
UP,Gonda,Tarabganj,Tarabganj,26.95583333,81.99055556,"Tarabganj PZ (GWD)","Tube Well",W32973,2016,3.55,'0,3.66,4.62
UP,Gonda,Jhanjhari,Mankapur,27.06666667,82.11666667,"Kazi Dewar","Dug Well",W32978,2016,3.5,'0,3.65,7.19
UP,Gonda,Karnailganj,Karnailganj,27.13111111,81.70305556,"Karnailganj PZ (GWD)","Tube Well",W32980,2016,3.8,'0,3.7,4.74
UP,Gonda,"Katra Bazar","Katra Bazar",27.19722222,81.76666667,"Birpur katra","Dug Well",W14954,2016,3.38,'0,3.26,4.25
UP,Gonda,Chhapia,Chhapia,26.98,82.38944444,Chapiya,"Dug Well",W14951,2015,'0,3.35,3.92,2.75
UP,Gonda,Wazirganj,Wazirganj,26.98,82.10777778,"Baleshwar ganj","Dug Well",W14958,2015,1.4,2.63,2.35,2.35
UP,Gonda,Paraspur,Paraspur,27.0125,81.73611111,Bhauriganj,"Dug Well",W14955,2015,2.63,3.32,3.93,4.05
UP,Gonda,"Katra Bazar","Katra Bazar",27.19722222,81.76666667,"Birpur katra","Dug Well",W14954,2015,2.4,3.26,3.63,3.72
UP,Gonda,Paraspur,Paraspur,27.05,81.70833333,Colonelganj,"Dug Well",W14956,2015,2.4,2.91,3.65,3.6
UP,Gonda,Mankapur,Mankapur,27.03333333,82.25,Mankapur,"Dug Well",W15692,2015,4.18,4.22,4.78,4.85
UP,Gonda,Haldharmau,Haldharmau,27.12222222,81.805,"Parsa gondri","Dug Well",W15691,2015,3.55,3.23,2.8,3.7
UP,Gonda,Belsar,Belsar,26.91388889,81.85,"Umri begamganj","Dug Well",W15690,2015,'0,3.45,'0,'0
UP,Gonda,Chhapia,Chhapia,26.98,82.38944444,Chapiya,"Dug Well",W14951,2014,'0,1.5,'0,3.7
UP,Gonda,Wazirganj,Wazirganj,26.98,82.10777778,"Baleshwar ganj","Dug Well",W14958,2014,2.3,2.28,'0,2.8
UP,Gonda,Paraspur,Paraspur,27.0125,81.73611111,Bhauriganj,"Dug Well",W14955,2014,2.9,3.04,'0,4.13
UP,Gonda,"Katra Bazar","Katra Bazar",27.19722222,81.76666667,"Birpur katra","Dug Well",W14954,2014,2.85,2.53,'0,3.42
UP,Gonda,Paraspur,Paraspur,27.05,81.70833333,Colonelganj,"Dug Well",W14956,2014,2.95,2.24,'0,3.95
UP,Gonda,Mankapur,Mankapur,27.03333333,82.25,Mankapur,"Dug Well",W15692,2014,4.03,2.88,'0,4.3
UP,Gonda,Haldharmau,Haldharmau,27.12222222,81.805,"Parsa gondri","Dug Well",W15691,2014,2.96,2.51,'0,3.1
UP,Gonda,Belsar,Belsar,26.91388889,81.85,"Umri begamganj","Dug Well",W15690,2014,3.08,1.78,'0,3.4
UP,Gonda,Chhapia,Chhapia,26.98,82.38944444,Chapiya,"Dug Well",W14951,2013,'0,4.8,'0,'0
UP,Gonda,Wazirganj,Wazirganj,26.98,82.10777778,"Baleshwar ganj","Dug Well",W14958,2013,.73,'0,1.9,2.81
UP,Gonda,Paraspur,Paraspur,27.0125,81.73611111,Bhauriganj,"Dug Well",W14955,2013,1.5,4.57,1.48,4.28
UP,Gonda,"Katra Bazar","Katra Bazar",27.19722222,81.76666667,"Birpur katra","Dug Well",W14954,2013,'0,3.2,2.23,4.22
UP,Gonda,Paraspur,Paraspur,27.05,81.70833333,Colonelganj,"Dug Well",W14956,2013,'0,2.79,2.06,3.98
UP,Gonda,Mankapur,Mankapur,27.03333333,82.25,Mankapur,"Dug Well",W15692,2013,4.3,3.87,2.57,4.6
UP,Gonda,Haldharmau,Haldharmau,27.12222222,81.805,"Parsa gondri","Dug Well",W15691,2013,'0,3.25,1.8,3.27
UP,Gonda,Belsar,Belsar,26.91388889,81.85,"Umri begamganj","Dug Well",W15690,2013,'0,2.74,'0,'0
UP,Gonda,Chhapia,Chhapia,26.98,82.38944444,Chapiya,"Dug Well",W14951,2012,'0,'0,2.34,'0
UP,Gonda,Wazirganj,Wazirganj,26.98,82.10777778,"Baleshwar ganj","Dug Well",W14958,2012,'0,1.82,'0,3.37
UP,Gonda,Paraspur,Paraspur,27.0125,81.73611111,Bhauriganj,"Dug Well",W14955,2012,'0,3.23,2.79,4.43
UP,Gonda,Belsar,Belsar,26.91388889,81.85,"Umri begamganj","Dug Well",W15690,2012,'0,'0,2.29,'0
UP,Gonda,"Katra Bazar","Katra Bazar",27.19722222,81.76666667,"Birpur katra","Dug Well",W14954,2012,'0,2.87,2.58,4.27
UP,Gonda,Mankapur,Mankapur,27.03333333,82.25,Mankapur,"Dug Well",W15692,2012,'0,3.14,4.04,4.67
UP,Gonda,Haldharmau,Haldharmau,27.12222222,81.805,"Parsa gondri","Dug Well",W15691,2012,'0,2.9,2.48,4.03
UP,Gonda,Jhanjhari,Jhanjhari,27.13333333,81.93333333,Gonda1,"Dug Well",W14953,2012,'0,3.14,'0,'0
UP,Gonda,Paraspur,Paraspur,27.05,81.70833333,Colonelganj,"Dug Well",W14956,2012,'0,2.58,2.17,4.08
UP,Gonda,Wazirganj,Wazirganj,26.98,82.10777778,"Baleshwar ganj","Dug Well",W14958,2011,.88,1.92,2.2,2.71
UP,Gonda,Paraspur,Paraspur,27.0125,81.73611111,Bhauriganj,"Dug Well",W14955,2011,2.14,3.43,3.64,3.43
UP,Gonda,Belsar,Belsar,26.91388889,81.85,"Umri begamganj","Dug Well",W15690,2011,1.2,'0,3,4.1
UP,Gonda,"Katra Bazar","Katra Bazar",27.19722222,81.76666667,"Birpur katra","Dug Well",W14954,2011,2.42,2.97,3.27,3.37
UP,Gonda,Mankapur,Mankapur,27.03333333,82.25,Mankapur,"Dug Well",W15692,2011,2.42,3.34,2.96,4.38
UP,Gonda,Haldharmau,Haldharmau,27.12222222,81.805,"Parsa gondri","Dug Well",W15691,2011,2.18,3.08,2.43,'0
UP,Gonda,Paraspur,Paraspur,27.05,81.70833333,Colonelganj,"Dug Well",W14956,2011,1.35,2.68,2.24,3.59
UP,Gonda,Chhapia,Chhapia,26.98,82.38944444,Chapiya,"Dug Well",W14951,2010,1.95,2.23,1.59,4.08
UP,Gonda,Wazirganj,Wazirganj,26.98,82.10777778,"Baleshwar ganj","Dug Well",W14958,2010,.8,1.68,1.52,2.68
UP,Gonda,Paraspur,Paraspur,27.0125,81.73611111,Bhauriganj,"Dug Well",W14955,2010,1.68,3,2.88,4.08
UP,Gonda,Belsar,Belsar,26.91388889,81.85,"Umri begamganj","Dug Well",W15690,2010,2.09,2.36,2.01,3.9
UP,Gonda,"Katra Bazar","Katra Bazar",27.19722222,81.76666667,"Birpur katra","Dug Well",W14954,2010,2.77,2.53,2.5,3.38
UP,Gonda,Mankapur,Mankapur,27.03333333,82.25,Mankapur,"Dug Well",W15692,2010,3.65,3.68,2.6,4.52
UP,Gonda,"Pandri Krapal","Pandri Krapal",27.19777778,81.98333333,Subhagpur,"Dug Well",W15694,2010,1.8,2.13,2,3.93
UP,Gonda,Haldharmau,Haldharmau,27.12222222,81.805,"Parsa gondri","Dug Well",W15691,2010,.85,2.63,2.75,'0
UP,Gonda,Paraspur,Paraspur,27.05,81.70833333,Colonelganj,"Dug Well",W14956,2010,.9,2.1,2.1,3.47
UP,Gonda,Chhapia,Chhapia,26.98,82.38944444,Chapiya,"Dug Well",W14951,2009,.96,1.06,1.36,4.05
UP,Gonda,Wazirganj,Wazirganj,26.98,82.10777778,"Baleshwar ganj","Dug Well",W14958,2009,1.29,.8,1.25,2.68
UP,Gonda,Paraspur,Paraspur,27.0125,81.73611111,Bhauriganj,"Dug Well",W14955,2009,1.62,2.35,1.94,4.09
UP,Gonda,Belsar,Belsar,26.91388889,81.85,"Umri begamganj","Dug Well",W15690,2009,2.26,1.11,1.46,2.94
UP,Gonda,"Katra Bazar","Katra Bazar",27.19722222,81.76666667,"Birpur katra","Dug Well",W14954,2009,.82,2.09,1.92,3.42
UP,Gonda,Mankapur,Mankapur,27.03333333,82.25,Mankapur,"Dug Well",W15692,2009,3.91,1.5,3.18,4.34
UP,Gonda,"Pandri Krapal","Pandri Krapal",27.19777778,81.98333333,Subhagpur,"Dug Well",W15694,2009,1.8,1.58,1.57,4.08
UP,Gonda,Haldharmau,Haldharmau,27.12222222,81.805,"Parsa gondri","Dug Well",W15691,2009,2.3,2.14,1.96,3.56
UP,Gonda,Paraspur,Paraspur,27.05,81.70833333,Colonelganj,"Dug Well",W14956,2009,2.35,1.65,1.58,3.39
UP,Gonda,Chhapia,Chhapia,26.98,82.38944444,Chapiya,"Dug Well",W14951,2008,.72,3.67,2.35,4.5
UP,Gonda,Wazirganj,Wazirganj,26.98,82.10777778,"Baleshwar ganj","Dug Well",W14958,2008,.54,2.44,1.44,2.97
UP,Gonda,Paraspur,Paraspur,27.0125,81.73611111,Bhauriganj,"Dug Well",W14955,2008,1.45,3.74,2.66,4.3
UP,Gonda,Belsar,Belsar,26.91388889,81.85,"Umri begamganj","Dug Well",W15690,2008,.74,2.67,1.36,3.24
UP,Gonda,"Katra Bazar","Katra Bazar",27.19722222,81.76666667,"Birpur katra","Dug Well",W14954,2008,1.83,3.6,2.1,3.94
UP,Gonda,Mankapur,Mankapur,27.03333333,82.25,Mankapur,"Dug Well",W15692,2008,1.45,4.64,2.48,5.2
UP,Gonda,"Pandri Krapal","Pandri Krapal",27.19777778,81.98333333,Subhagpur,"Dug Well",W15694,2008,.98,2.46,1.66,3.9
UP,Gonda,Haldharmau,Haldharmau,27.12222222,81.805,"Parsa gondri","Dug Well",W15691,2008,1.38,3.6,2.01,3.85
UP,Gonda,Jhanjhari,Jhanjhari,27.13333333,81.93333333,Gonda1,"Dug Well",W14953,2008,'0,6.16,'0,'0
UP,Gonda,Paraspur,Paraspur,27.05,81.70833333,Colonelganj,"Dug Well",W14956,2008,.9,3.42,1.71,'0
UP,Gonda,Chhapia,Chhapia,26.98,82.38944444,Chapiya,"Dug Well",W14951,2007,2.59,3.85,2.8,4.7
UP,Gonda,Wazirganj,Wazirganj,26.98,82.10777778,"Baleshwar ganj","Dug Well",W14958,2007,1.74,'0,2.24,2.63
UP,Gonda,Paraspur,Paraspur,27.0125,81.73611111,Bhauriganj,"Dug Well",W14955,2007,2.69,3.83,3.54,4.2
UP,Gonda,Belsar,Belsar,26.91388889,81.85,"Umri begamganj","Dug Well",W15690,2007,1.92,3.3,2.42,3.6
UP,Gonda,Paraspur,Paraspur,27.04222222,81.78333333,Paraspur,"Dug Well",W15695,2007,'0,10.3,2.8,'0
UP,Gonda,Paraspur,Paraspur,27.05,81.70833333,Colonelganj,"Dug Well",W14956,2007,2.82,3.62,3.05,3.85
UP,Gonda,"Itia Thok","Itia Thok",27.30222222,82.03333333,Itiathok,"Dug Well",W14952,2007,'0,4.09,'0,5.78
UP,Gonda,Mankapur,Mankapur,27.09861111,82.11388889,Motiganj,"Dug Well",W15693,2007,'0,'0,'0,6.51
UP,Gonda,Babhanjot,Babhanjot,27.08111111,82.46305556,"Gaura chowraha","Dug Well",W14950,2007,'0,'0,'0,6.66
UP,Gonda,"Pandri Krapal","Pandri Krapal",27.19777778,81.98333333,Subhagpur,"Dug Well",W15694,2007,1.46,3.96,1.8,4.33
UP,Gonda,Haldharmau,Haldharmau,27.12222222,81.805,"Parsa gondri","Dug Well",W15691,2007,3.41,3.7,3.39,3.9
UP,Gonda,Jhanjhari,Jhanjhari,27.13333333,81.93333333,Gonda1,"Dug Well",W14953,2007,5.82,8.4,6.95,8.4
UP,Gonda,"Katra Bazar","Katra Bazar",27.19722222,81.76666667,"Birpur katra","Dug Well",W14954,2007,3.23,3.62,3.39,3.9
UP,Gonda,Mankapur,Mankapur,27.03333333,82.25,Mankapur,"Dug Well",W15692,2007,4.04,4.95,4.35,5.4
UP,Gonda,Chhapia,Chhapia,26.98,82.38944444,Chapiya,"Dug Well",W14951,2006,1,3.62,4,4.33
UP,Gonda,Wazirganj,Wazirganj,26.98,82.10777778,"Baleshwar ganj","Dug Well",W14958,2006,1.7,1.59,2.38,2.8
UP,Gonda,Paraspur,Paraspur,27.0125,81.73611111,Bhauriganj,"Dug Well",W14955,2006,2.23,3.31,3.42,4.16
UP,Gonda,Belsar,Belsar,26.91388889,81.85,"Umri begamganj","Dug Well",W15690,2006,2.61,2.59,3.16,3.16
UP,Gonda,Paraspur,Paraspur,27.04222222,81.78333333,Paraspur,"Dug Well",W15695,2006,1.7,10.3,10.3,4.37
UP,Gonda,Paraspur,Paraspur,27.05,81.70833333,Colonelganj,"Dug Well",W14956,2006,2.36,2.55,3.35,3.34
UP,Gonda,"Itia Thok","Itia Thok",27.30222222,82.03333333,Itiathok,"Dug Well",W14952,2006,3.06,3.59,3.28,4.94
UP,Gonda,Mankapur,Mankapur,27.09861111,82.11388889,Motiganj,"Dug Well",W15693,2006,4.51,'0,'0,6.51
UP,Gonda,Babhanjot,Babhanjot,27.08111111,82.46305556,"Gaura chowraha","Dug Well",W14950,2006,'0,3.72,'0,6.66
UP,Gonda,"Pandri Krapal","Pandri Krapal",27.19777778,81.98333333,Subhagpur,"Dug Well",W15694,2006,3.25,2.34,3.64,3.95
UP,Gonda,Haldharmau,Haldharmau,27.12222222,81.805,"Parsa gondri","Dug Well",W15691,2006,3.32,3.07,3.5,3.55
UP,Gonda,Jhanjhari,Jhanjhari,27.13333333,81.93333333,Gonda1,"Dug Well",W14953,2006,6.43,6.17,8.4,7.48
UP,Gonda,"Katra Bazar","Katra Bazar",27.19722222,81.76666667,"Birpur katra","Dug Well",W14954,2006,1.3,2.98,3.3,3.54
UP,Gonda,Mankapur,Mankapur,27.03333333,82.25,Mankapur,"Dug Well",W15692,2006,4.35,3.78,4.7,4.56
UP,Gonda,Chhapia,Chhapia,26.98,82.38944444,Chapiya,"Dug Well",W14951,2005,1.5,4,2.4,4.8
UP,Gonda,Wazirganj,Wazirganj,26.98,82.10777778,"Baleshwar ganj","Dug Well",W14958,2005,.62,2.3,1.18,3.07
UP,Gonda,Paraspur,Paraspur,27.0125,81.73611111,Bhauriganj,"Dug Well",W14955,2005,1.97,3.43,2.47,4.23
UP,Gonda,Belsar,Belsar,26.91388889,81.85,"Umri begamganj","Dug Well",W15690,2005,1.7,2.48,2.2,3.18
UP,Gonda,Paraspur,Paraspur,27.04222222,81.78333333,Paraspur,"Dug Well",W15695,2005,3.4,4.21,'0,4.58
UP,Gonda,Paraspur,Paraspur,27.05,81.70833333,Colonelganj,"Dug Well",W14956,2005,2.22,2.69,1.75,3.71
UP,Gonda,"Itia Thok","Itia Thok",27.30222222,82.03333333,Itiathok,"Dug Well",W14952,2005,1.3,3.75,2.15,5.75
UP,Gonda,Mankapur,Mankapur,27.09861111,82.11388889,Motiganj,"Dug Well",W15693,2005,6.51,4.51,2.64,6.51
UP,Gonda,Babhanjot,Babhanjot,27.08111111,82.46305556,"Gaura chowraha","Dug Well",W14950,2005,1.38,4.26,2.05,5
UP,Gonda,"Pandri Krapal","Pandri Krapal",27.19777778,81.98333333,Subhagpur,"Dug Well",W15694,2005,1.7,2.73,1.56,4.36
UP,Gonda,Haldharmau,Haldharmau,27.12222222,81.805,"Parsa gondri","Dug Well",W15691,2005,2.98,3.05,2.38,3.66
UP,Gonda,Jhanjhari,Jhanjhari,27.13333333,81.93333333,Gonda1,"Dug Well",W14953,2005,7.73,3.9,5.95,7.9
UP,Gonda,"Katra Bazar","Katra Bazar",27.19722222,81.76666667,"Birpur katra","Dug Well",W14954,2005,'0,3.19,2.46,3.7
UP,Gonda,Mankapur,Mankapur,27.03333333,82.25,Mankapur,"Dug Well",W15692,2005,4.5,4.65,3.08,5.17
UP,Gonda,Chhapia,Chhapia,26.98,82.38944444,Chapiya,"Dug Well",W14951,2004,'0,2.85,3.36,2.92
UP,Gonda,Wazirganj,Wazirganj,26.98,82.10777778,"Baleshwar ganj","Dug Well",W14958,2004,1.1,2.11,2.07,9.46
UP,Gonda,Paraspur,Paraspur,27.0125,81.73611111,Bhauriganj,"Dug Well",W14955,2004,2.19,3.6,2.93,4.25
UP,Gonda,Belsar,Belsar,26.91388889,81.85,"Umri begamganj","Dug Well",W15690,2004,1.12,2.23,1.95,3.19
UP,Gonda,Paraspur,Paraspur,27.04222222,81.78333333,Paraspur,"Dug Well",W15695,2004,2.73,3.64,3.61,'0
UP,Gonda,Paraspur,Paraspur,27.05,81.70833333,Colonelganj,"Dug Well",W14956,2004,1.85,2.42,2.35,4.46
UP,Gonda,"Itia Thok","Itia Thok",27.30222222,82.03333333,Itiathok,"Dug Well",W14952,2004,2.49,3.94,2.62,6.18
UP,Gonda,Mankapur,Mankapur,27.09861111,82.11388889,Motiganj,"Dug Well",W15693,2004,3.49,4.59,3.74,6.51
UP,Gonda,Babhanjot,Babhanjot,27.08111111,82.46305556,"Gaura chowraha","Dug Well",W14950,2004,2.86,3.22,3.6,6.66
UP,Gonda,"Pandri Krapal","Pandri Krapal",27.19777778,81.98333333,Subhagpur,"Dug Well",W15694,2004,2.86,3.94,1.87,5.63
UP,Gonda,Haldharmau,Haldharmau,27.12222222,81.805,"Parsa gondri","Dug Well",W15691,2004,2.9,3.4,2.67,4.73
UP,Gonda,Jhanjhari,Jhanjhari,27.13333333,81.93333333,Gonda1,"Dug Well",W14953,2004,'0,8.4,3.34,'0
UP,Gonda,"Katra Bazar","Katra Bazar",27.19722222,81.76666667,"Birpur katra","Dug Well",W14954,2004,'0,3.54,2.87,3.9
UP,Gonda,Mankapur,Mankapur,27.03333333,82.25,Mankapur,"Dug Well",W15692,2004,4.27,4.22,4.3,4.68
UP,Gonda,Chhapia,Chhapia,26.98,82.38944444,Chapiya,"Dug Well",W14951,2003,1.1,5.33,6.19,4.9
UP,Gonda,Wazirganj,Wazirganj,26.98,82.10777778,"Baleshwar ganj","Dug Well",W14958,2003,1.94,3.59,1.99,3.38
UP,Gonda,Paraspur,Paraspur,27.0125,81.73611111,Bhauriganj,"Dug Well",W14955,2003,1.99,4.28,3.23,4.73
UP,Gonda,Belsar,Belsar,26.91388889,81.85,"Umri begamganj","Dug Well",W15690,2003,1.36,2.9,1.94,3.9
UP,Gonda,Paraspur,Paraspur,27.04222222,81.78333333,Paraspur,"Dug Well",W15695,2003,3.77,4.75,3.33,'0
UP,Gonda,Paraspur,Paraspur,27.05,81.70833333,Colonelganj,"Dug Well",W14956,2003,.73,3.85,2.07,'0
UP,Gonda,"Itia Thok","Itia Thok",27.30222222,82.03333333,Itiathok,"Dug Well",W14952,2003,2.05,4.95,3.13,6.37
UP,Gonda,Mankapur,Mankapur,27.09861111,82.11388889,Motiganj,"Dug Well",W15693,2003,4.68,6.02,4.59,'0
UP,Gonda,Babhanjot,Babhanjot,27.08111111,82.46305556,"Gaura chowraha","Dug Well",W14950,2003,1,4.52,2.64,'0
UP,Gonda,"Pandri Krapal","Pandri Krapal",27.19777778,81.98333333,Subhagpur,"Dug Well",W15694,2003,4.3,4.7,3.68,5.28
UP,Gonda,Haldharmau,Haldharmau,27.12222222,81.805,"Parsa gondri","Dug Well",W15691,2003,3.75,4.75,3.25,4.23
UP,Gonda,Jhanjhari,Jhanjhari,27.13333333,81.93333333,Gonda1,"Dug Well",W14953,2003,8,7.9,6.9,'0
UP,Gonda,"Katra Bazar","Katra Bazar",27.19722222,81.76666667,"Birpur katra","Dug Well",W14954,2003,1.98,4.15,3.35,4.47
UP,Gonda,Mankapur,Mankapur,27.03333333,82.25,Mankapur,"Dug Well",W15692,2003,3.45,5,3.94,5.52
UP,Gonda,Chhapia,Chhapia,26.98,82.38944444,Chapiya,"Dug Well",W14951,2002,3.8,2.15,4.16,3.79
UP,Gonda,Wazirganj,Wazirganj,26.98,82.10777778,"Baleshwar ganj","Dug Well",W14958,2002,2.67,2.41,2.82,'0
UP,Gonda,Paraspur,Paraspur,27.0125,81.73611111,Bhauriganj,"Dug Well",W14955,2002,3.41,3.32,3.86,4.38
UP,Gonda,Belsar,Belsar,26.91388889,81.85,"Umri begamganj","Dug Well",W15690,2002,'0,2.01,2.7,3.1
UP,Gonda,Paraspur,Paraspur,27.04222222,81.78333333,Paraspur,"Dug Well",W15695,2002,4.55,3.27,4.49,3.9
UP,Gonda,Paraspur,Paraspur,27.05,81.70833333,Colonelganj,"Dug Well",W14956,2002,3.18,2.43,3.59,3.7
UP,Gonda,"Itia Thok","Itia Thok",27.30222222,82.03333333,Itiathok,"Dug Well",W14952,2002,4.82,3.39,4.35,5.7
UP,Gonda,Mankapur,Mankapur,27.09861111,82.11388889,Motiganj,"Dug Well",W15693,2002,5.64,3.79,5.86,5.24
UP,Gonda,Babhanjot,Babhanjot,27.08111111,82.46305556,"Gaura chowraha","Dug Well",W14950,2002,3.72,3.93,4.05,4.3
UP,Gonda,"Pandri Krapal","Pandri Krapal",27.19777778,81.98333333,Subhagpur,"Dug Well",W15694,2002,4.47,3.36,4.77,4.7
UP,Gonda,Haldharmau,Haldharmau,27.12222222,81.805,"Parsa gondri","Dug Well",W15691,2002,3.63,2.81,3.82,3.8
UP,Gonda,Jhanjhari,Jhanjhari,27.13333333,81.93333333,Gonda1,"Dug Well",W14953,2002,7.65,5.75,7.8,6.7
UP,Gonda,"Katra Bazar","Katra Bazar",27.19722222,81.76666667,"Birpur katra","Dug Well",W14954,2002,3.76,3.13,3.96,3.88
UP,Gonda,Mankapur,Mankapur,27.03333333,82.25,Mankapur,"Dug Well",W15692,2002,4.6,3.02,4.82,4.15
UP,Gonda,Chhapia,Chhapia,26.98,82.38944444,Chapiya,"Dug Well",W14951,2001,.5,'0,1.31,3.71
UP,Gonda,Wazirganj,Wazirganj,26.98,82.10777778,"Baleshwar ganj","Dug Well",W14958,2001,1.62,'0,2,3.06
UP,Gonda,Paraspur,Paraspur,27.0125,81.73611111,Bhauriganj,"Dug Well",W14955,2001,2.31,'0,'0,4.11
UP,Gonda,Belsar,Belsar,26.91388889,81.85,"Umri begamganj","Dug Well",W15690,2001,.97,'0,'0,2.97
UP,Gonda,Paraspur,Paraspur,27.04222222,81.78333333,Paraspur,"Dug Well",W15695,2001,2.95,'0,'0,4.52
UP,Gonda,Paraspur,Paraspur,27.05,81.70833333,Colonelganj,"Dug Well",W14956,2001,1.64,'0,1.89,3.42
UP,Gonda,Mankapur,Mankapur,27.03333333,82.25,Mankapur,"Dug Well",W15692,2001,3.29,'0,2.32,'0
UP,Gonda,Mankapur,Mankapur,27.09861111,82.11388889,Motiganj,"Dug Well",W15693,2001,3.17,'0,2.94,5.25
UP,Gonda,Babhanjot,Babhanjot,27.08111111,82.46305556,"Gaura chowraha","Dug Well",W14950,2001,1.48,'0,2.04,4.12
UP,Gonda,"Pandri Krapal","Pandri Krapal",27.19777778,81.98333333,Subhagpur,"Dug Well",W15694,2001,3.36,'0,2.83,4.1
UP,Gonda,Haldharmau,Haldharmau,27.12222222,81.805,"Parsa gondri","Dug Well",W15691,2001,2.86,'0,2.25,3.82
UP,Gonda,Jhanjhari,Jhanjhari,27.13333333,81.93333333,Gonda1,"Dug Well",W14953,2001,5.99,'0,5.67,6.36
UP,Gonda,"Katra Bazar","Katra Bazar",27.19722222,81.76666667,"Birpur katra","Dug Well",W14954,2001,3.07,'0,2.85,3.48
UP,Gonda,"Itia Thok","Itia Thok",27.30222222,82.03333333,Itiathok,"Dug Well",W14952,2001,3.08,'0,2.39,4.96
UP,Gonda,Chhapia,Chhapia,26.98,82.38944444,Chapiya,"Dug Well",W14951,2000,1.16,2.56,1.66,3.7
UP,Gonda,Wazirganj,Wazirganj,26.98,82.10777778,"Baleshwar ganj","Dug Well",W14958,2000,.98,2.2,1.99,2.89
UP,Gonda,Paraspur,Paraspur,27.0125,81.73611111,Bhauriganj,"Dug Well",W14955,2000,1.9,3.29,3.74,'0
UP,Gonda,Belsar,Belsar,26.91388889,81.85,"Umri begamganj","Dug Well",W15690,2000,.52,'0,1.71,2.62
UP,Gonda,Paraspur,Paraspur,27.04222222,81.78333333,Paraspur,"Dug Well",W15695,2000,2.55,3.75,3.7,4.14
UP,Gonda,Paraspur,Paraspur,27.05,81.70833333,Colonelganj,"Dug Well",W14956,2000,1.17,2.28,2.02,2.73
UP,Gonda,"Itia Thok","Itia Thok",27.30222222,82.03333333,Itiathok,"Dug Well",W14952,2000,1.58,4.06,3.31,4.8
UP,Gonda,Mankapur,Mankapur,27.09861111,82.11388889,Motiganj,"Dug Well",W15693,2000,2.34,3.59,3.39,5.07
UP,Gonda,Babhanjot,Babhanjot,27.08111111,82.46305556,"Gaura chowraha","Dug Well",W14950,2000,2.02,3.25,2.66,3.9
UP,Gonda,"Pandri Krapal","Pandri Krapal",27.19777778,81.98333333,Subhagpur,"Dug Well",W15694,2000,.87,2.24,2.01,3.9
UP,Gonda,Haldharmau,Haldharmau,27.12222222,81.805,"Parsa gondri","Dug Well",W15691,2000,2.8,3.42,3.21,3.52
UP,Gonda,Jhanjhari,Jhanjhari,27.13333333,81.93333333,Gonda1,"Dug Well",W14953,2000,5.76,5.82,6.21,6.55
UP,Gonda,"Katra Bazar","Katra Bazar",27.19722222,81.76666667,"Birpur katra","Dug Well",W14954,2000,1.55,2.83,2.84,3.48
UP,Gonda,Mankapur,Mankapur,27.03333333,82.25,Mankapur,"Dug Well",W15692,2000,3.35,3.68,2.96,4.25
UP,Gonda,Paraspur,Paraspur,27.04222222,81.78333333,Paraspur,"Dug Well",W15695,1999,2.95,3.4,2.92,4.47
UP,Gonda,Belsar,Belsar,26.91388889,81.85,"Umri begamganj","Dug Well",W15690,1999,1.25,3.1,1.16,3.08
UP,Gonda,Chhapia,Chhapia,26.98,82.38944444,Chapiya,"Dug Well",W14951,1999,1.23,2.35,1.69,3.91
UP,Gonda,Paraspur,Paraspur,27.05,81.70833333,Colonelganj,"Dug Well",W14956,1999,1.18,2.15,1.72,3.66
UP,Gonda,Jhanjhari,Jhanjhari,27.13333333,81.93333333,Gonda1,"Dug Well",W14953,1999,6.1,5.32,5.6,6.21
UP,Gonda,Haldharmau,Haldharmau,27.12222222,81.805,"Parsa gondri","Dug Well",W15691,1999,2.32,3.42,2.76,4.09
UP,Gonda,Mankapur,Mankapur,27.03333333,82.25,Mankapur,"Dug Well",W15692,1999,3.2,3.06,2.95,4.27
UP,Gonda,Wazirganj,Wazirganj,26.98,82.10777778,"Baleshwar ganj","Dug Well",W14958,1999,1,2.1,1.77,3.12
UP,Gonda,"Pandri Krapal","Pandri Krapal",27.19777778,81.98333333,Subhagpur,"Dug Well",W15694,1999,1.01,1.95,1.52,3.96
UP,Gonda,Babhanjot,Babhanjot,27.08111111,82.46305556,"Gaura chowraha","Dug Well",W14950,1999,2.18,2.94,2.11,3.9
UP,Gonda,"Itia Thok","Itia Thok",27.30222222,82.03333333,Itiathok,"Dug Well",W14952,1999,2.07,3.77,2.9,5.35
UP,Gonda,Paraspur,Paraspur,27.0125,81.73611111,Bhauriganj,"Dug Well",W14955,1999,2.62,2.58,2.35,4.25
UP,Gonda,Mankapur,Mankapur,27.09861111,82.11388889,Motiganj,"Dug Well",W15693,1999,2.44,3.48,2.55,5.17
UP,Gonda,"Katra Bazar","Katra Bazar",27.19722222,81.76666667,"Birpur katra","Dug Well",W14954,1999,2.1,3.05,2.28,3.66
UP,Gonda,Belsar,Belsar,26.91388889,81.85,"Umri begamganj","Dug Well",W15690,1998,'0,1.67,2.27,2.82
UP,Gonda,Paraspur,Paraspur,27.0125,81.73611111,Bhauriganj,"Dug Well",W14955,1998,1.23,2.69,3.03,3.49
UP,Gonda,Wazirganj,Wazirganj,26.98,82.10777778,"Baleshwar ganj","Dug Well",W14958,1998,.65,2.17,1.72,3.01
UP,Gonda,Chhapia,Chhapia,26.98,82.38944444,Chapiya,"Dug Well",W14951,1998,2,3.09,1.67,4.2
UP,Gonda,"Itia Thok","Itia Thok",27.30222222,82.03333333,Itiathok,"Dug Well",W14952,1998,1.43,3.19,2.85,5.39
UP,Gonda,"Katra Bazar","Katra Bazar",27.19722222,81.76666667,"Birpur katra","Dug Well",W14954,1998,2.4,3.17,'0,3.8
UP,Gonda,Jhanjhari,Jhanjhari,27.13333333,81.93333333,Gonda1,"Dug Well",W14953,1998,4.97,6.3,5.05,6.9
UP,Gonda,Haldharmau,Haldharmau,27.12222222,81.805,"Parsa gondri","Dug Well",W15691,1998,2.18,2.82,'0,3.71
UP,Gonda,"Pandri Krapal","Pandri Krapal",27.19777778,81.98333333,Subhagpur,"Dug Well",W15694,1998,1.14,1.91,1.38,4.11
UP,Gonda,Babhanjot,Babhanjot,27.08111111,82.46305556,"Gaura chowraha","Dug Well",W14950,1998,'0,2.82,2.07,3.03
UP,Gonda,Mankapur,Mankapur,27.09861111,82.11388889,Motiganj,"Dug Well",W15693,1998,1.69,3.34,2.65,5.06
UP,Gonda,Mankapur,Mankapur,27.03333333,82.25,Mankapur,"Dug Well",W15692,1998,1.33,3.42,2.36,4.34
UP,Gonda,Paraspur,Paraspur,27.05,81.70833333,Colonelganj,"Dug Well",W14956,1998,.97,1.91,1.72,3.34
UP,Gonda,Paraspur,Paraspur,27.04222222,81.78333333,Paraspur,"Dug Well",W15695,1998,1.85,2.89,2.84,4.15
UP,Gonda,Haldharmau,Haldharmau,27.12222222,81.805,"Parsa gondri","Dug Well",W15691,1997,3.45,3.6,2.88,3.9
UP,Gonda,"Itia Thok","Itia Thok",27.30222222,82.03333333,Itiathok,"Dug Well",W14952,1997,1.67,4.65,2.75,6.25
UP,Gonda,Paraspur,Paraspur,27.05,81.70833333,Colonelganj,"Dug Well",W14956,1997,1.67,2.85,1.72,3.86
UP,Gonda,Belsar,Belsar,26.91388889,81.85,"Umri begamganj","Dug Well",W15690,1997,'0,3.45,'0,4.2
UP,Gonda,Mankapur,Mankapur,27.03333333,82.25,Mankapur,"Dug Well",W15692,1997,4.3,5.1,3.3,5.5
UP,Gonda,Jhanjhari,Jhanjhari,27.13333333,81.93333333,Gonda1,"Dug Well",W14953,1997,7,6.95,6.4,7.4
UP,Gonda,Wazirganj,Wazirganj,26.98,82.10777778,"Baleshwar ganj","Dug Well",W14958,1997,1.85,2.95,2.02,3.6
UP,Gonda,Paraspur,Paraspur,27.04222222,81.78333333,Paraspur,"Dug Well",W15695,1997,3.55,4.55,'0,5.1
UP,Gonda,Chhapia,Chhapia,26.98,82.38944444,Chapiya,"Dug Well",W14951,1997,2.2,3.5,2.9,4.5
UP,Gonda,"Pandri Krapal","Pandri Krapal",27.19777778,81.98333333,Subhagpur,"Dug Well",W15694,1997,2.6,4.4,1.66,4.9
UP,Gonda,Paraspur,Paraspur,27.0125,81.73611111,Bhauriganj,"Dug Well",W14955,1997,'0,4.28,2.15,4.23
UP,Gonda,Babhanjot,Babhanjot,27.08111111,82.46305556,"Gaura chowraha","Dug Well",W14950,1997,1.25,3.3,2.42,4.8
UP,Gonda,"Katra Bazar","Katra Bazar",27.19722222,81.76666667,"Birpur katra","Dug Well",W14954,1997,3.6,'0,'0,4.4
UP,Gonda,Mankapur,Mankapur,27.09861111,82.11388889,Motiganj,"Dug Well",W15693,1997,3.79,'0,3.05,6.04
UP,Gonda,Mankapur,Mankapur,27.03333333,82.25,Mankapur,"Dug Well",W15692,1996,4.81,4.7,5.4,5.31
UP,Gonda,Belsar,Belsar,26.91388889,81.85,"Umri begamganj","Dug Well",W15690,1996,2.21,2.3,2.9,3.53
UP,Gonda,Paraspur,Paraspur,27.0125,81.73611111,Bhauriganj,"Dug Well",W14955,1996,2.71,3.54,3.86,3.76
UP,Gonda,Paraspur,Paraspur,27.04222222,81.78333333,Paraspur,"Dug Well",W15695,1996,4.52,4.12,5.05,5.08
UP,Gonda,"Katra Bazar","Katra Bazar",27.19722222,81.76666667,"Birpur katra","Dug Well",W14954,1996,3.94,4.29,4.26,4.58
UP,Gonda,"Pandri Krapal","Pandri Krapal",27.19777778,81.98333333,Subhagpur,"Dug Well",W15694,1996,4.81,4.48,4.75,5.2
UP,Gonda,Wazirganj,Wazirganj,26.98,82.10777778,"Baleshwar ganj","Dug Well",W14958,1996,2.28,2.94,4.46,3.7
UP,Gonda,Chhapia,Chhapia,26.98,82.38944444,Chapiya,"Dug Well",W14951,1996,2.11,3.42,3.46,4.65
UP,Gonda,Jhanjhari,Jhanjhari,27.13333333,81.93333333,Gonda1,"Dug Well",W14953,1996,7.19,6.17,7.35,7.6
UP,Gonda,Babhanjot,Babhanjot,27.08111111,82.46305556,"Gaura chowraha","Dug Well",W14950,1996,.67,3.23,3.37,5.03
UP,Gonda,Rupaidih,Rupaidih,27.28222222,81.91166667,Aryanagar,"Dug Well",W14957,1996,'0,5.4,'0,7.35
UP,Gonda,Paraspur,Paraspur,27.05,81.70833333,Colonelganj,"Dug Well",W14956,1996,1.62,3.02,3.05,4.1
UP,Gonda,"Itia Thok","Itia Thok",27.30222222,82.03333333,Itiathok,"Dug Well",W14952,1996,2.2,5.03,3.82,6.67
UP,Gonda,Mankapur,Mankapur,27.09861111,82.11388889,Motiganj,"Dug Well",W15693,1996,5,5.15,'0,6.09
UP,Gonda,Haldharmau,Haldharmau,27.12222222,81.805,"Parsa gondri","Dug Well",W15691,1996,3.75,3.96,4.35,4.05
