STATE,DISTRICT,TEH_NAME,BLOCK_NAME,LAT,LON,SITE_NAME,SITE_TYPE,WLCODE,YEAR_OBS,MONSOON,POMRB,POMKH,PREMON
RJ,Tonk,Deoli,Deoli,25.88333333,75.56666667,Bantholi,"Dug Well",W14518,2018,'0,8.45,'0,'0
RJ,Tonk,TONK,Tonk,26.11083333,75.725,Nehndwas,"Dug Well",W33260,2018,'0,'0,'0,14.02
RJ,Tonk,Deoli,Deoli,25.86388889,75.28055556,Ramthala,"Dug Well",W14520,2018,'0,2.07,'0,'0
RJ,Tonk,Deoli,Deoli,25.88333333,75.56666667,Bantholi,"Dug Well",W14518,2018,'0,'0,'0,8.51
RJ,Tonk,Deoli,Deoli,25.89583333,75.83333333,Nagar1,"Dug Well",W22264,2018,'0,'0,'0,2.82
RJ,Tonk,Deoli,Deoli,25.86388889,75.28055556,Ramthala,"Dug Well",W14520,2018,'0,'0,'0,6.61
RJ,Tonk,Uniara,Uniara,25.81666667,76.23277778,Jainagar,"Dug Well",W18407,2018,'0,'0,'0,4.03
RJ,Tonk,Uniara,Uniara,25.81666667,76.23277778,Jainagar,"Dug Well",W18407,2018,'0,10.06,'0,'0
RJ,Tonk,Uniara,Uniara,25.89166667,76.17916667,Sop1,"Bore Well",W18408,2018,'0,16.7,'0,'0
RJ,Tonk,Uniara,Uniara,25.89166667,76.17916667,Sop1,"Bore Well",W18408,2018,'0,'0,'0,17.2
RJ,Tonk,Tonk,Uniara,26.04083333,75.88888889,Nayagaon,"Dug Well",W14532,2018,'0,3.52,'0,'0
RJ,Tonk,Tonk,Uniara,26.04083333,75.88888889,Nayagaon,"Dug Well",W14532,2018,'0,'0,'0,3.54
RJ,Tonk,Todaraisingh,Todaraisingh,26.18333333,75.575,Hamirpur,"Dug Well",W14527,2018,'0,3.74,'0,'0
RJ,Tonk,Todaraisingh,Todaraisingh,26.18333333,75.575,Hamirpur,"Dug Well",W14527,2018,'0,'0,'0,3.8
RJ,Tonk,Todaraisingh,Todaraisingh,26.01388889,75.48888889,Todaraisingh1,"Dug Well",W14528,2018,'0,.44,'0,'0
RJ,Tonk,Todaraisingh,Todaraisingh,26.01388889,75.48888889,Todaraisingh1,"Dug Well",W14528,2018,'0,'0,'0,.43
RJ,Tonk,Tonk,Tonk,26.05833333,75.80833333,Arniyalmal,"Dug Well",W14529,2018,'0,3.15,'0,'0
RJ,Tonk,Tonk,Tonk,26.05833333,75.80833333,Arniyalmal,"Dug Well",W14529,2018,'0,'0,'0,3.17
RJ,Tonk,Tonk,Tonk,26.05833333,75.875,Ghans1,"Bore Well",W22265,2018,'0,2.73,'0,'0
RJ,Tonk,Tonk,Tonk,26.05833333,75.875,Ghans1,"Bore Well",W22265,2018,'0,'0,'0,2.72
RJ,Tonk,Tonk,Tonk,26.24166667,75.85,Sohela,"Dug Well",W14533,2018,'0,5.25,'0,'0
RJ,Tonk,Tonk,Tonk,26.24166667,75.85,Sohela,"Dug Well",W14533,2018,'0,'0,'0,5.4
RJ,Tonk,Tonk,Tonk,26.09166667,75.83333333,Rustamganj,"Bore Well",W22266,2018,'0,3.4,'0,'0
RJ,Tonk,Tonk,Tonk,26.09166667,75.83333333,Rustamganj,"Bore Well",W22266,2018,'0,'0,'0,3.42
RJ,Tonk,Malpura,Malpura,26.28333333,75.38333333,Malpura1,"Dug Well",W14524,2018,'0,6.05,'0,'0
RJ,Tonk,Malpura,Malpura,26.28333333,75.38333333,Malpura1,"Dug Well",W14524,2018,'0,'0,'0,6.12
RJ,Tonk,Malpura,Malpura,26.23833333,75.1875,Joonia,"Dug Well",W14523,2018,'0,4.62,'0,'0
RJ,Tonk,Malpura,Malpura,26.23833333,75.1875,Joonia,"Dug Well",W14523,2018,'0,'0,'0,6.7
RJ,Tonk,Uniara,Uniara,25.975,75.96611111,Dikoliya,"Dug Well",W14536,2018,'0,9.13,'0,'0
RJ,Tonk,Uniara,Uniara,25.975,75.96611111,Dikoliya,"Dug Well",W14536,2018,'0,'0,'0,11.08
RJ,Tonk,Uniara,Uniara,25.96666667,76.08333333,Aligarh-2,"Dug Well",W22267,2018,'0,26.29,'0,'0
RJ,Tonk,Uniara,Uniara,25.96666667,76.08333333,Aligarh-2,"Dug Well",W22267,2018,'0,'0,'0,26.38
RJ,Tonk,Uniara,Tonk,25.99861111,75.68333333,Mahuva,"Dug Well",W14537,2018,'0,2.34,'0,'0
RJ,Tonk,Uniara,Tonk,25.99861111,75.68333333,Mahuva,"Dug Well",W14537,2018,'0,'0,'0,2.38
RJ,Tonk,Malpura,Malpura,26.39166667,75.4875,Jaisinghpur,"Dug Well",W14522,2018,'0,3.55,'0,'0
RJ,Tonk,Malpura,Malpura,26.39166667,75.4875,Jaisinghpur,"Dug Well",W14522,2018,'0,'0,'0,3.55
RJ,Tonk,Niwai,Niwai,26.36666667,75.93333333,Niwai1,"Dug Well",W14526,2018,'0,17.35,'0,'0
RJ,Tonk,Niwai,Niwai,26.36666667,75.93333333,Niwai1,"Dug Well",W14526,2018,'0,'0,'0,17.46
RJ,Tonk,TONK,Tonk,26.11083333,75.725,Nehndwas,"Dug Well",W33260,2018,'0,14,'0,'0
RJ,Tonk,Deoli,Deoli,25.89583333,75.83333333,Nagar1,"Dug Well",W22264,2018,'0,2.83,'0,'0
RJ,Tonk,Deoli,Deoli,25.81166667,75.475,Sirohi1,"Dug Well",W14521,2017,'0,1.36,'0,6.65
RJ,Tonk,TONK,Tonk,26.11083333,75.725,Nehndwas,"Dug Well",W33260,2017,'0,'0,12.07,'0
RJ,Tonk,Deoli,Deoli,25.88333333,75.56666667,Bantholi,"Dug Well",W14518,2017,7.2,7.36,'0,9.45
RJ,Tonk,Deoli,Deoli,25.88333333,75.56666667,Bantholi,"Dug Well",W14518,2017,'0,'0,7.26,'0
RJ,Tonk,Deoli,Deoli,25.89583333,75.83333333,Nagar1,"Dug Well",W22264,2017,2.75,4.72,'0,8.8
RJ,Tonk,Deoli,Deoli,25.89583333,75.83333333,Nagar1,"Dug Well",W22264,2017,'0,'0,2.7,'0
RJ,Tonk,Deoli,Deoli,25.86388889,75.28055556,Ramthala,"Dug Well",W14520,2017,1.71,1.31,'0,3.06
RJ,Tonk,Deoli,Deoli,25.86388889,75.28055556,Ramthala,"Dug Well",W14520,2017,'0,'0,1.74,'0
RJ,Tonk,Uniara,Uniara,25.81666667,76.23277778,Jainagar,"Dug Well",W18407,2017,9.4,17.94,'0,22.4
RJ,Tonk,Uniara,Uniara,25.81666667,76.23277778,Jainagar,"Dug Well",W18407,2017,'0,'0,9.46,'0
RJ,Tonk,Uniara,Uniara,25.89166667,76.17916667,Sop1,"Bore Well",W18408,2017,16.4,19.11,'0,22
RJ,Tonk,Uniara,Uniara,25.89166667,76.17916667,Sop1,"Bore Well",W18408,2017,'0,'0,16.43,'0
RJ,Tonk,Tonk,Uniara,26.04083333,75.88888889,Nayagaon,"Dug Well",W14532,2017,2.75,3.1,'0,10.41
RJ,Tonk,Tonk,Uniara,26.04083333,75.88888889,Nayagaon,"Dug Well",W14532,2017,'0,'0,2.78,'0
RJ,Tonk,Todaraisingh,Todaraisingh,26.18333333,75.575,Hamirpur,"Dug Well",W14527,2017,3.32,4.26,'0,6.53
RJ,Tonk,Todaraisingh,Todaraisingh,26.18333333,75.575,Hamirpur,"Dug Well",W14527,2017,'0,'0,3.23,'0
RJ,Tonk,Todaraisingh,Todaraisingh,26.01388889,75.48888889,Todaraisingh1,"Dug Well",W14528,2017,.1,1.15,'0,2.4
RJ,Tonk,Todaraisingh,Todaraisingh,26.01388889,75.48888889,Todaraisingh1,"Dug Well",W14528,2017,'0,'0,.13,'0
RJ,Tonk,Tonk,Tonk,26.05833333,75.80833333,Arniyalmal,"Dug Well",W14529,2017,2.36,4.27,'0,5.2
RJ,Tonk,Tonk,Tonk,26.05833333,75.80833333,Arniyalmal,"Dug Well",W14529,2017,'0,'0,2.3,'0
RJ,Tonk,Tonk,Tonk,26.05833333,75.875,Ghans1,"Bore Well",W22265,2017,2.6,5.6,'0,5.42
RJ,Tonk,Tonk,Tonk,26.05833333,75.875,Ghans1,"Bore Well",W22265,2017,'0,'0,2.61,'0
RJ,Tonk,Tonk,Tonk,26.24166667,75.85,Sohela,"Dug Well",W14533,2017,3.17,4.18,'0,7.6
RJ,Tonk,Tonk,Tonk,26.24166667,75.85,Sohela,"Dug Well",W14533,2017,'0,'0,3.2,'0
RJ,Tonk,Tonk,Tonk,26.09166667,75.83333333,Rustamganj,"Bore Well",W22266,2017,3.24,3,'0,4.63
RJ,Tonk,Tonk,Tonk,26.09166667,75.83333333,Rustamganj,"Bore Well",W22266,2017,'0,'0,3.27,'0
RJ,Tonk,Malpura,Malpura,26.28333333,75.38333333,Malpura1,"Dug Well",W14524,2017,4.75,4.9,'0,2.55
RJ,Tonk,Malpura,Malpura,26.28333333,75.38333333,Malpura1,"Dug Well",W14524,2017,'0,'0,4.8,'0
RJ,Tonk,Malpura,Malpura,26.23833333,75.1875,Joonia,"Dug Well",W14523,2017,4.1,2.7,'0,4.24
RJ,Tonk,Malpura,Malpura,26.23833333,75.1875,Joonia,"Dug Well",W14523,2017,'0,'0,4.13,'0
RJ,Tonk,Uniara,Uniara,25.975,75.96611111,Dikoliya,"Dug Well",W14536,2017,2.05,2.33,'0,6.53
RJ,Tonk,Uniara,Uniara,25.975,75.96611111,Dikoliya,"Dug Well",W14536,2017,'0,'0,2.03,'0
RJ,Tonk,Uniara,Uniara,25.96666667,76.08333333,Aligarh-2,"Dug Well",W22267,2017,15.05,15.19,'0,19.39
RJ,Tonk,Uniara,Uniara,25.96666667,76.08333333,Aligarh-2,"Dug Well",W22267,2017,'0,'0,14.89,'0
RJ,Tonk,Uniara,Tonk,25.99861111,75.68333333,Mahuva,"Dug Well",W14537,2017,1.35,2.83,'0,5.69
RJ,Tonk,Uniara,Tonk,25.99861111,75.68333333,Mahuva,"Dug Well",W14537,2017,'0,'0,1.39,'0
RJ,Tonk,Malpura,Malpura,26.39166667,75.4875,Jaisinghpur,"Dug Well",W14522,2017,1.45,2.25,'0,3.85
RJ,Tonk,Malpura,Malpura,26.39166667,75.4875,Jaisinghpur,"Dug Well",W14522,2017,'0,'0,1.5,'0
RJ,Tonk,Niwai,Niwai,26.36666667,75.93333333,Niwai1,"Dug Well",W14526,2017,17.33,19.13,'0,28.1
RJ,Tonk,Niwai,Niwai,26.36666667,75.93333333,Niwai1,"Dug Well",W14526,2017,'0,'0,17.25,'0
RJ,Tonk,TONK,Tonk,26.11083333,75.725,Nehndwas,"Dug Well",W33260,2017,12.05,13.66,'0,13.5
RJ,Tonk,Deoli,Deoli,25.81166667,75.475,Sirohi1,"Dug Well",W14521,2017,'0,'0,.91,'0
RJ,Tonk,Deoli,Deoli,25.81166667,75.475,Sirohi1,"Dug Well",W14521,2016,1.7,'0,.95,5.08
RJ,Tonk,TONK,Tonk,26.11083333,75.725,Nehndwas,"Dug Well",W33260,2016,13.8,'0,13.65,'0
RJ,Tonk,Deoli,Deoli,25.89583333,75.83333333,Nagar1,"Dug Well",W22264,2016,2.45,'0,4.05,'0
RJ,Tonk,Deoli,Deoli,25.86388889,75.28055556,Ramthala,"Dug Well",W14520,2016,4.87,'0,2.02,4.88
RJ,Tonk,Uniara,Uniara,25.81666667,76.23277778,Jainagar,"Dug Well",W18407,2016,1.7,'0,14.75,'0
RJ,Tonk,Uniara,Uniara,25.89166667,76.17916667,Sop1,"Bore Well",W18408,2016,9.35,'0,19.2,'0
RJ,Tonk,Tonk,Uniara,26.04083333,75.88888889,Nayagaon,"Dug Well",W14532,2016,1.71,'0,2.76,4.22
RJ,Tonk,Todaraisingh,Todaraisingh,26.18333333,75.575,Hamirpur,"Dug Well",W14527,2016,4.03,'0,3.93,5.43
RJ,Tonk,Todaraisingh,Todaraisingh,26.01388889,75.48888889,Todaraisingh1,"Dug Well",W14528,2016,.75,'0,1.2,1.5
RJ,Tonk,Tonk,Tonk,26.05833333,75.80833333,Arniyalmal,"Dug Well",W14529,2016,2.55,'0,3.15,4.85
RJ,Tonk,Tonk,Tonk,26.05833333,75.875,Ghans1,"Bore Well",W22265,2016,2.8,'0,5.1,5.66
RJ,Tonk,Tonk,Tonk,26.24166667,75.85,Sohela,"Dug Well",W14533,2016,1.7,'0,3.3,8.52
RJ,Tonk,Tonk,Tonk,26.09166667,75.83333333,Rustamganj,"Bore Well",W22266,2016,2.2,'0,3.3,4.81
RJ,Tonk,Malpura,Malpura,26.28333333,75.38333333,Malpura1,"Dug Well",W14524,2016,7.4,'0,8.75,2.4
RJ,Tonk,Malpura,Malpura,26.23833333,75.1875,Joonia,"Dug Well",W14523,2016,4.7,'0,4.92,5.1
RJ,Tonk,Uniara,Uniara,25.975,75.96611111,Dikoliya,"Dug Well",W14536,2016,2.23,'0,1.43,8.38
RJ,Tonk,Uniara,Uniara,25.96666667,76.08333333,Aligarh-2,"Dug Well",W22267,2016,6.39,'0,8.99,29.34
RJ,Tonk,Uniara,Tonk,25.99861111,75.68333333,Mahuva,"Dug Well",W14537,2016,1.49,'0,2.59,6.09
RJ,Tonk,Malpura,Malpura,26.39166667,75.4875,Jaisinghpur,"Dug Well",W14522,2016,.45,'0,2.4,4.53
RJ,Tonk,Niwai,Niwai,26.36666667,75.93333333,Niwai1,"Dug Well",W14526,2016,17.55,'0,18.05,37.35
RJ,Tonk,Deoli,Deoli,25.88333333,75.56666667,Bantholi,"Dug Well",W14518,2016,3.1,'0,7.5,9.8
RJ,Tonk,Tonk,Tonk,26.11083333,75.725,Mandiawas,"Dug Well",W14531,2015,13.04,'0,14.34,13.04
RJ,Tonk,"Sawai Madhopur",Uniara,25.85,76.21666667,Kotri2,"Tube Well",W21185,2015,5.4,'0,'0,5.4
RJ,Tonk,Deoli,Deoli,25.82916667,75.35833333,Negria,"Dug Well",W14519,2015,5.78,'0,9.33,8.61
RJ,Tonk,Deoli,Deoli,25.86388889,75.28055556,Ramthala,"Dug Well",W14520,2015,'0,1.41,1.43,2.13
RJ,Tonk,Uniara,Uniara,25.81666667,76.23277778,Jainagar,"Dug Well",W18407,2015,8.7,'0,14.9,8.7
RJ,Tonk,Uniara,Uniara,25.89166667,76.17916667,Sop1,"Bore Well",W18408,2015,5.28,7.65,23,7.55
RJ,Tonk,Tonk,Uniara,26.04083333,75.88888889,Nayagaon,"Dug Well",W14532,2015,1.51,'0,8.21,1.51
RJ,Tonk,Todaraisingh,Todaraisingh,26.18333333,75.575,Hamirpur,"Dug Well",W14527,2015,4.53,4.63,6.43,4.81
RJ,Tonk,Todaraisingh,Todaraisingh,26.01388889,75.48888889,Todaraisingh1,"Dug Well",W14528,2015,.95,1.5,1.2,1.85
RJ,Tonk,Tonk,Tonk,26.05833333,75.80833333,Arniyalmal,"Dug Well",W14529,2015,2.75,2.05,3.2,2.8
RJ,Tonk,Tonk,Tonk,26.05833333,75.875,Ghans1,"Bore Well",W22265,2015,2.2,'0,'0,2.55
RJ,Tonk,Tonk,Tonk,26.24166667,75.85,Sohela,"Dug Well",W14533,2015,2.7,2.5,3.6,3.01
RJ,Tonk,Tonk,Tonk,26.09166667,75.83333333,Rustamganj,"Bore Well",W22266,2015,'0,'0,'0,3.35
RJ,Tonk,Malpura,Malpura,26.28333333,75.38333333,Malpura1,"Dug Well",W14524,2015,2.81,2.87,4.25,3.13
RJ,Tonk,Malpura,Malpura,26.23833333,75.1875,Joonia,"Dug Well",W14523,2015,'0,2.95,2.47,5.2
RJ,Tonk,Uniara,Uniara,25.975,75.96611111,Dikoliya,"Dug Well",W14536,2015,3.58,2.39,7.28,3.85
RJ,Tonk,Uniara,Uniara,25.96666667,76.08333333,Aligarh-2,"Dug Well",W22267,2015,11.89,15.29,17.44,19.29
RJ,Tonk,Uniara,Tonk,25.99861111,75.68333333,Mahuva,"Dug Well",W14537,2015,4.99,'0,4.79,4.85
RJ,Tonk,Malpura,Malpura,26.39166667,75.4875,Jaisinghpur,"Dug Well",W14522,2015,1.67,2.35,2.7,3.49
RJ,Tonk,Niwai,Niwai,26.36666667,75.93333333,Niwai1,"Dug Well",W14526,2015,'0,23.85,24.15,26.5
RJ,Tonk,Deoli,Deoli,25.88333333,75.56666667,Bantholi,"Dug Well",W14518,2015,7.45,7.98,8.4,8.85
RJ,Tonk,Tonk,Tonk,26.11083333,75.725,Mandiawas,"Dug Well",W14531,2014,15.8,'0,16.34,15.69
RJ,Tonk,Niwai,Niwai,26.36666667,75.93333333,Niwai1,"Dug Well",W14526,2014,23.32,25.15,25.8,31.45
RJ,Tonk,Deoli,Deoli,25.86388889,75.28055556,Ramthala,"Dug Well",W14520,2014,.91,1.22,-.99,'0
RJ,Tonk,Uniara,Uniara,25.89083333,76.17916667,Aligarh-1,"Dug Well",W14535,2014,'0,4.87,'0,'0
RJ,Tonk,Uniara,Uniara,25.81666667,76.23277778,Jainagar,"Dug Well",W18407,2014,8.24,10.9,9.75,'0
RJ,Tonk,Uniara,Uniara,25.89166667,76.17916667,Sop1,"Bore Well",W18408,2014,1.58,4.5,5.85,14.29
RJ,Tonk,Tonk,Uniara,26.04083333,75.88888889,Nayagaon,"Dug Well",W14532,2014,1.26,8.21,2.91,3.31
RJ,Tonk,Todaraisingh,Todaraisingh,26.18333333,75.575,Hamirpur,"Dug Well",W14527,2014,3.68,4.68,6.73,4.5
RJ,Tonk,Todaraisingh,Todaraisingh,26.01388889,75.48888889,Todaraisingh1,"Dug Well",W14528,2014,.99,1.65,1.24,2.05
RJ,Tonk,Tonk,Tonk,26.05833333,75.80833333,Arniyalmal,"Dug Well",W14529,2014,1.95,1.7,3.1,3.12
RJ,Tonk,Tonk,Tonk,26.05833333,75.875,Ghans1,"Bore Well",W22265,2014,1.9,'0,3.85,'0
RJ,Tonk,Tonk,Tonk,26.24166667,75.85,Sohela,"Dug Well",W14533,2014,2.6,4.9,3.92,7.9
RJ,Tonk,Tonk,Tonk,26.09166667,75.83333333,Rustamganj,"Bore Well",W22266,2014,'0,'0,2.5,4.7
RJ,Tonk,Malpura,Malpura,26.28333333,75.38333333,Malpura1,"Dug Well",W14524,2014,1.05,2.9,1.93,2.6
RJ,Tonk,Malpura,Malpura,26.23833333,75.1875,Joonia,"Dug Well",W14523,2014,1.6,1.78,'0,6.8
RJ,Tonk,Uniara,Uniara,25.975,75.96611111,Dikoliya,"Dug Well",W14536,2014,1.51,2.72,1.99,5.63
RJ,Tonk,Uniara,Uniara,25.96666667,76.08333333,Aligarh-2,"Dug Well",W22267,2014,8.04,7.81,13.19,15.6
RJ,Tonk,Uniara,Tonk,25.99861111,75.68333333,Mahuva,"Dug Well",W14537,2014,3.74,4.64,4.01,5.39
RJ,Tonk,Malpura,Malpura,26.39166667,75.4875,Jaisinghpur,"Dug Well",W14522,2014,1.38,2.3,1.94,3.57
RJ,Tonk,Deoli,Deoli,25.88333333,75.56666667,Bantholi,"Dug Well",W14518,2014,6.19,7.9,7.5,8.4
RJ,Tonk,Tonk,Tonk,26.11083333,75.725,Mandiawas,"Dug Well",W14531,2013,17.24,19.54,17.84,19.59
RJ,Tonk,Niwai,Niwai,26.36666667,75.93333333,Niwai1,"Dug Well",W14526,2013,8.4,'0,21.8,33.4
RJ,Tonk,Deoli,Deoli,25.86388889,75.28055556,Ramthala,"Dug Well",W14520,2013,.24,.27,.61,2.76
RJ,Tonk,Uniara,Uniara,25.89083333,76.17916667,Aligarh-1,"Dug Well",W14535,2013,'0,9.75,'0,'0
RJ,Tonk,Uniara,Uniara,25.81666667,76.23277778,Jainagar,"Dug Well",W18407,2013,2.17,12.5,5.14,12.5
RJ,Tonk,Uniara,Uniara,25.89166667,76.17916667,Sop1,"Bore Well",W18408,2013,'0,9.38,'0,'0
RJ,Tonk,Tonk,Uniara,26.04083333,75.88888889,Nayagaon,"Dug Well",W14532,2013,.86,4.05,1.76,4.82
RJ,Tonk,Todaraisingh,Todaraisingh,26.18333333,75.575,Hamirpur,"Dug Well",W14527,2013,3.23,6.84,3.39,7.83
RJ,Tonk,Todaraisingh,Todaraisingh,26.01388889,75.48888889,Todaraisingh1,"Dug Well",W14528,2013,1.28,4.42,6.44,1.95
RJ,Tonk,Tonk,Tonk,26.05833333,75.80833333,Arniyalmal,"Dug Well",W14529,2013,.8,1.95,1.65,3.45
RJ,Tonk,Tonk,Tonk,26.05833333,75.875,Ghans1,"Bore Well",W22265,2013,.92,'0,'0,3.85
RJ,Tonk,Tonk,Tonk,26.24166667,75.85,Sohela,"Dug Well",W14533,2013,1.32,4.43,4.9,5
RJ,Tonk,Tonk,Tonk,26.09166667,75.83333333,Rustamganj,"Bore Well",W22266,2013,1.7,'0,'0,4.4
RJ,Tonk,Malpura,Malpura,26.28333333,75.38333333,Malpura1,"Dug Well",W14524,2013,1.19,3.67,2.07,5.3
RJ,Tonk,Malpura,Malpura,26.23833333,75.1875,Joonia,"Dug Well",W14523,2013,3.6,1.98,2.52,4.76
RJ,Tonk,Uniara,Uniara,25.975,75.96611111,Dikoliya,"Dug Well",W14536,2013,.48,3.15,1.53,6.98
RJ,Tonk,Uniara,Uniara,25.96666667,76.08333333,Aligarh-2,"Dug Well",W22267,2013,'0,15.49,3.69,18.39
RJ,Tonk,Uniara,Tonk,25.99861111,75.68333333,Mahuva,"Dug Well",W14537,2013,3.19,4.77,4.29,5.39
RJ,Tonk,Malpura,Malpura,26.39166667,75.4875,Jaisinghpur,"Dug Well",W14522,2013,.91,2.37,1.9,3.9
RJ,Tonk,Deoli,Deoli,25.88333333,75.56666667,Bantholi,"Dug Well",W14518,2013,6.6,7.95,7.15,8.85
RJ,Tonk,Tonk,Tonk,26.11083333,75.725,Mandiawas,"Dug Well",W14531,2012,'0,'0,'0,16.04
RJ,Tonk,Malpura,Malpura,26.39166667,75.4875,Jaisinghpur,"Dug Well",W14522,2012,'0,2.3,2.14,2.95
RJ,Tonk,Deoli,Deoli,25.86388889,75.28055556,Ramthala,"Dug Well",W14520,2012,'0,2.03,'0,2.55
RJ,Tonk,Uniara,Uniara,25.89083333,76.17916667,Aligarh-1,"Dug Well",W14535,2012,'0,'0,9.15,'0
RJ,Tonk,Uniara,Uniara,25.81666667,76.23277778,Jainagar,"Dug Well",W18407,2012,'0,10.45,12.5,11.69
RJ,Tonk,Uniara,Uniara,25.89166667,76.17916667,Sop1,"Bore Well",W18408,2012,'0,13,'0,'0
RJ,Tonk,Tonk,Uniara,26.04083333,75.88888889,Nayagaon,"Dug Well",W14532,2012,'0,3.31,3.87,4.41
RJ,Tonk,Todaraisingh,Todaraisingh,26.18333333,75.575,Hamirpur,"Dug Well",W14527,2012,'0,6.39,4.91,5.47
RJ,Tonk,Todaraisingh,Todaraisingh,26.01388889,75.48888889,Todaraisingh1,"Dug Well",W14528,2012,'0,2.02,1.7,2.49
RJ,Tonk,Tonk,Tonk,26.05833333,75.80833333,Arniyalmal,"Dug Well",W14529,2012,'0,2.05,2,4.16
RJ,Tonk,Tonk,Tonk,26.24166667,75.85,Sohela,"Dug Well",W14533,2012,'0,3.35,2.88,5.33
RJ,Tonk,Malpura,Malpura,26.28333333,75.38333333,Malpura1,"Dug Well",W14524,2012,'0,6.12,3.45,'0
RJ,Tonk,Malpura,Malpura,26.23833333,75.1875,Joonia,"Dug Well",W14523,2012,'0,2.15,'0,4.4
RJ,Tonk,Uniara,Uniara,25.975,75.96611111,Dikoliya,"Dug Well",W14536,2012,'0,3.28,6,4.38
RJ,Tonk,Uniara,Uniara,25.96666667,76.08333333,Aligarh-2,"Dug Well",W22267,2012,'0,16.26,4.94,'0
RJ,Tonk,Uniara,Tonk,25.99861111,75.68333333,Mahuva,"Dug Well",W14537,2012,'0,7.42,5.83,7.99
RJ,Tonk,Deoli,Deoli,25.88333333,75.56666667,Bantholi,"Dug Well",W14518,2012,'0,7.91,7.88,9.46
RJ,Tonk,Tonk,Tonk,26.11083333,75.725,Mandiawas,"Dug Well",W14531,2011,21.44,'0,19.17,30.84
RJ,Tonk,Niwai,Niwai,26.36666667,75.93333333,Niwai1,"Dug Well",W14526,2011,30.05,'0,26.25,33.43
RJ,Tonk,Deoli,Deoli,25.89583333,75.83333333,Nagar1,"Dug Well",W22264,2011,2.2,'0,2.38,6.8
RJ,Tonk,Deoli,Deoli,25.86388889,75.28055556,Ramthala,"Dug Well",W14520,2011,'0,'0,2.13,4.57
RJ,Tonk,Uniara,Uniara,25.89083333,76.17916667,Aligarh-1,"Dug Well",W14535,2011,8.67,'0,'0,'0
RJ,Tonk,Uniara,Uniara,25.81666667,76.23277778,Jainagar,"Dug Well",W18407,2011,13.4,17.62,6.39,24.75
RJ,Tonk,Uniara,Uniara,25.89166667,76.17916667,Sop1,"Bore Well",W18408,2011,8.3,16.77,4.87,27
RJ,Tonk,Tonk,Uniara,26.04083333,75.88888889,Nayagaon,"Dug Well",W14532,2011,5.41,3.9,3.07,7.76
RJ,Tonk,Todaraisingh,Todaraisingh,26.18333333,75.575,Hamirpur,"Dug Well",W14527,2011,5.43,6.98,4.48,9.73
RJ,Tonk,Todaraisingh,Todaraisingh,26.01388889,75.48888889,Todaraisingh1,"Dug Well",W14528,2011,.8,1.68,2.35,2.75
RJ,Tonk,Tonk,Tonk,26.05833333,75.80833333,Arniyalmal,"Dug Well",W14529,2011,3.8,7.76,2.25,7.46
RJ,Tonk,Tonk,Tonk,26.05833333,75.875,Ghans1,"Bore Well",W22265,2011,2.9,'0,'0,5.9
RJ,Tonk,Tonk,Tonk,26.24166667,75.85,Sohela,"Dug Well",W14533,2011,1.6,3.21,2.85,4.55
RJ,Tonk,Tonk,Tonk,26.09166667,75.83333333,Rustamganj,"Bore Well",W22266,2011,8.35,'0,'0,10.6
RJ,Tonk,Malpura,Malpura,26.28333333,75.38333333,Malpura1,"Dug Well",W14524,2011,13.75,'0,10.05,8.45
RJ,Tonk,Malpura,Malpura,26.23833333,75.1875,Joonia,"Dug Well",W14523,2011,3.16,.88,2.2,4.53
RJ,Tonk,Uniara,Uniara,25.975,75.96611111,Dikoliya,"Dug Well",W14536,2011,2.23,11.88,6.74,6.55
RJ,Tonk,Uniara,Uniara,25.96666667,76.08333333,Aligarh-2,"Dug Well",W22267,2011,16.59,'0,7.11,27.01
RJ,Tonk,Uniara,Tonk,25.99861111,75.68333333,Mahuva,"Dug Well",W14537,2011,9.59,11.24,7.54,12.09
RJ,Tonk,Malpura,Malpura,26.39166667,75.4875,Jaisinghpur,"Dug Well",W14522,2011,2.35,1.93,1.7,3.55
RJ,Tonk,Deoli,Deoli,25.88333333,75.56666667,Bantholi,"Dug Well",W14518,2011,5.8,8.26,7,7.55
RJ,Tonk,Deoli,Deoli,25.81166667,75.475,Sirohi1,"Dug Well",W14521,2010,'0,'0,9.19,'0
RJ,Tonk,Niwai,Niwai,26.36666667,75.93333333,Niwai1,"Dug Well",W14526,2010,'0,'0,8.93,'0
RJ,Tonk,Deoli,Deoli,25.88333333,75.56666667,Bantholi,"Dug Well",W14518,2010,9.77,12.5,11.03,10.95
RJ,Tonk,Deoli,Deoli,25.82916667,75.35833333,Negria,"Dug Well",W14519,2010,'0,'0,'0,8.43
RJ,Tonk,Deoli,Deoli,25.86388889,75.28055556,Ramthala,"Dug Well",W14520,2010,'0,6.19,'0,7.19
RJ,Tonk,Uniara,Uniara,25.81666667,76.23277778,Jainagar,"Dug Well",W18407,2010,17.73,'0,16.73,'0
RJ,Tonk,Uniara,Uniara,25.89166667,76.17916667,Sop1,"Bore Well",W18408,2010,14.7,16.65,'0,4.33
RJ,Tonk,Tonk,Uniara,26.04083333,75.88888889,Nayagaon,"Dug Well",W14532,2010,4.73,8.35,7.11,'0
RJ,Tonk,Todaraisingh,Todaraisingh,26.18333333,75.575,Hamirpur,"Dug Well",W14527,2010,'0,'0,9.47,11.97
RJ,Tonk,Todaraisingh,Todaraisingh,26.01388889,75.48888889,Todaraisingh1,"Dug Well",W14528,2010,'0,2.59,4.49,'0
RJ,Tonk,Tonk,Tonk,26.05833333,75.80833333,Arniyalmal,"Dug Well",W14529,2010,7.1,13.69,11.76,'0
RJ,Tonk,Tonk,Tonk,26.24166667,75.85,Sohela,"Dug Well",W14533,2010,8.67,13.51,10.89,17.58
RJ,Tonk,Malpura,Malpura,26.23833333,75.1875,Joonia,"Dug Well",W14523,2010,1.57,6.81,1.57,8.36
RJ,Tonk,Uniara,Uniara,25.975,75.96611111,Dikoliya,"Dug Well",W14536,2010,'0,'0,16.05,'0
RJ,Tonk,Uniara,Tonk,25.99861111,75.68333333,Mahuva,"Dug Well",W14537,2010,11.54,10.77,8.53,11.63
RJ,Tonk,Malpura,Malpura,26.39166667,75.4875,Jaisinghpur,"Dug Well",W14522,2010,6.95,8.85,7.49,8.79
RJ,Tonk,Tonk,Tonk,26.11083333,75.725,Mandiawas,"Dug Well",W14531,2010,'0,19.5,'0,21.54
RJ,Tonk,Deoli,Deoli,25.81166667,75.475,Sirohi1,"Dug Well",W14521,2009,13.43,13.08,'0,'0
RJ,Tonk,Tonk,Tonk,26.11083333,75.725,Mandiawas,"Dug Well",W14531,2009,19.2,'0,18.66,19.54
RJ,Tonk,Deoli,Deoli,25.88333333,75.56666667,Bantholi,"Dug Well",W14518,2009,8.56,12.24,11.21,'0
RJ,Tonk,Deoli,Deoli,25.86388889,75.28055556,Ramthala,"Dug Well",W14520,2009,4.42,5.26,4.68,5.58
RJ,Tonk,Uniara,Uniara,25.81666667,76.23277778,Jainagar,"Dug Well",W18407,2009,17.5,17.42,17.84,'0
RJ,Tonk,Uniara,Uniara,25.89166667,76.17916667,Sop1,"Bore Well",W18408,2009,14.38,'0,15.41,16.05
RJ,Tonk,Tonk,Uniara,26.04083333,75.88888889,Nayagaon,"Dug Well",W14532,2009,8.65,7.75,7.51,9.11
RJ,Tonk,Todaraisingh,Todaraisingh,26.18333333,75.575,Hamirpur,"Dug Well",W14527,2009,'0,9.96,'0,10.75
RJ,Tonk,Todaraisingh,Todaraisingh,26.01388889,75.48888889,Todaraisingh1,"Dug Well",W14528,2009,1.72,4.84,2.31,2.08
RJ,Tonk,Tonk,Tonk,26.05833333,75.80833333,Arniyalmal,"Dug Well",W14529,2009,11.78,13.6,13.04,12.28
RJ,Tonk,Tonk,Tonk,26.24166667,75.85,Sohela,"Dug Well",W14533,2009,13.65,13.53,14.5,'0
RJ,Tonk,Malpura,Malpura,26.23833333,75.1875,Joonia,"Dug Well",W14523,2009,4.33,4.82,4.81,6.15
RJ,Tonk,Uniara,Uniara,25.975,75.96611111,Dikoliya,"Dug Well",W14536,2009,'0,17.27,'0,'0
RJ,Tonk,Uniara,Tonk,25.99861111,75.68333333,Mahuva,"Dug Well",W14537,2009,9.59,8.35,10.05,9.59
RJ,Tonk,Malpura,Malpura,26.39166667,75.4875,Jaisinghpur,"Dug Well",W14522,2009,6.33,8.95,5.04,5.96
RJ,Tonk,"Sawai Madhopur",Uniara,25.85,76.21666667,Kotri2,"Tube Well",W21185,2009,'0,6.28,'0,'0
RJ,Tonk,Tonk,Tonk,26.24166667,75.85,Sohela,"Dug Well",W14533,2008,12.2,12.36,10.4,14.47
RJ,Tonk,Malpura,Malpura,26.23833333,75.1875,Joonia,"Dug Well",W14523,2008,4.57,4.3,4.18,4.6
RJ,Tonk,Todaraisingh,Todaraisingh,26.18333333,75.575,Hamirpur,"Dug Well",W14527,2008,6.75,10.89,9.08,'0
RJ,Tonk,Uniara,Uniara,25.81666667,76.23277778,Jainagar,"Dug Well",W18407,2008,10.13,16.69,16.9,21
RJ,Tonk,Tonk,Tonk,26.05833333,75.80833333,Arniyalmal,"Dug Well",W14529,2008,5.36,10.76,7.8,6.58
RJ,Tonk,Deoli,Deoli,25.86388889,75.28055556,Ramthala,"Dug Well",W14520,2008,'0,5.33,5.09,5.81
RJ,Tonk,Malpura,Malpura,26.39166667,75.4875,Jaisinghpur,"Dug Well",W14522,2008,3.83,11.21,5.05,9.2
RJ,Tonk,Deoli,Deoli,25.88333333,75.56666667,Bantholi,"Dug Well",W14518,2008,7.48,10.64,8.2,8.75
RJ,Tonk,Tonk,Tonk,26.16666667,75.78333333,Tonk1,"Dug Well",W14534,2008,'0,13.23,'0,13.71
RJ,Tonk,Tonk,Tonk,26.2625,75.63055556,Jharana,"Dug Well",W14530,2008,'0,'0,5.58,'0
RJ,Tonk,Tonk,Tonk,26.11083333,75.725,Mandiawas,"Dug Well",W14531,2008,19.43,21,24.39,18.87
RJ,Tonk,"Sawai Madhopur",Uniara,25.85,76.21666667,Kotri2,"Tube Well",W21185,2008,3.43,16.09,3.19,'0
RJ,Tonk,Deoli,Deoli,25.81166667,75.475,Sirohi1,"Dug Well",W14521,2008,7.89,9.31,11,11.9
RJ,Tonk,Todaraisingh,Todaraisingh,26.01388889,75.48888889,Todaraisingh1,"Dug Well",W14528,2008,1.6,6.7,1.6,1.8
RJ,Tonk,Uniara,Uniara,25.975,75.96611111,Dikoliya,"Dug Well",W14536,2008,11.73,23.05,12.23,'0
RJ,Tonk,Uniara,Tonk,25.99861111,75.68333333,Mahuva,"Dug Well",W14537,2008,7.31,16.28,8.24,9.44
RJ,Tonk,Malpura,Malpura,26.28333333,75.38333333,Malpura1,"Dug Well",W14524,2008,13.9,'0,14.02,'0
RJ,Tonk,Tonk,Uniara,26.04083333,75.88888889,Nayagaon,"Dug Well",W14532,2008,4.31,6.46,7.16,5.74
RJ,Tonk,Uniara,Uniara,25.89166667,76.17916667,Sop1,"Bore Well",W18408,2008,5.7,'0,'0,'0
RJ,Tonk,Tonk,Uniara,26.04083333,75.88888889,Nayagaon,"Dug Well",W14532,2007,3.61,8.79,6.09,'0
RJ,Tonk,Uniara,Uniara,25.89166667,76.17916667,Sop1,"Bore Well",W18408,2007,'0,21.3,'0,'0
RJ,Tonk,Uniara,Uniara,25.81666667,76.23277778,Jainagar,"Dug Well",W18407,2007,14.2,15.59,15.74,'0
RJ,Tonk,Deoli,Deoli,25.86388889,75.28055556,Ramthala,"Dug Well",W14520,2007,4.86,4.24,4.99,'0
RJ,Tonk,Deoli,Deoli,25.88333333,75.56666667,Bantholi,"Dug Well",W14518,2007,8.04,10.14,10.22,8.8
RJ,Tonk,Tonk,Tonk,26.11083333,75.725,Mandiawas,"Dug Well",W14531,2007,18.77,20.84,20.61,18.74
RJ,Tonk,Deoli,Deoli,25.81166667,75.475,Sirohi1,"Dug Well",W14521,2007,9.25,10.16,9.68,12.46
RJ,Tonk,Uniara,Uniara,25.975,75.96611111,Dikoliya,"Dug Well",W14536,2007,21.63,13.11,22.71,'0
RJ,Tonk,Tonk,Tonk,26.24166667,75.85,Sohela,"Dug Well",W14533,2007,13.4,13.96,11.57,'0
RJ,Tonk,Tonk,Tonk,26.05833333,75.80833333,Arniyalmal,"Dug Well",W14529,2007,7.7,7.09,10.09,'0
RJ,Tonk,Tonk,Tonk,26.16666667,75.78333333,Tonk1,"Dug Well",W14534,2007,13.21,12.6,14.6,13.83
RJ,Tonk,Todaraisingh,Todaraisingh,26.01388889,75.48888889,Todaraisingh1,"Dug Well",W14528,2007,1.34,3.21,4.94,'0
RJ,Tonk,Todaraisingh,Todaraisingh,26.18333333,75.575,Hamirpur,"Dug Well",W14527,2007,8.17,'0,9.79,'0
RJ,Tonk,"Sawai Madhopur",Uniara,25.85,76.21666667,Kotri2,"Tube Well",W21185,2007,17.45,11.19,'0,'0
RJ,Tonk,Malpura,Malpura,26.39166667,75.4875,Jaisinghpur,"Dug Well",W14522,2007,8.37,8.41,10.33,'0
RJ,Tonk,Uniara,Tonk,25.99861111,75.68333333,Mahuva,"Dug Well",W14537,2007,8.53,10.29,8.94,9.81
RJ,Tonk,Malpura,Malpura,26.23833333,75.1875,Joonia,"Dug Well",W14523,2007,'0,5.28,3.03,'0
RJ,Tonk,Malpura,Malpura,26.39166667,75.4875,Jaisinghpur,"Dug Well",W14522,2006,7.34,7.25,7.49,7.43
RJ,Tonk,Todaraisingh,Todaraisingh,26.01388889,75.48888889,Todaraisingh1,"Dug Well",W14528,2006,1.56,1.99,2.61,2.48
RJ,Tonk,Tonk,Tonk,26.16666667,75.78333333,Tonk1,"Dug Well",W14534,2006,13.33,8.09,13.29,13.53
RJ,Tonk,Tonk,Tonk,26.05833333,75.80833333,Arniyalmal,"Dug Well",W14529,2006,7.3,7.62,5.39,'0
RJ,Tonk,Tonk,Tonk,26.24166667,75.85,Sohela,"Dug Well",W14533,2006,12.68,8.64,12.98,11.2
RJ,Tonk,Malpura,Malpura,26.28333333,75.38333333,Malpura1,"Dug Well",W14524,2006,14.48,13.44,'0,14.7
RJ,Tonk,Malpura,Malpura,26.23833333,75.1875,Joonia,"Dug Well",W14523,2006,'0,4.18,'0,'0
RJ,Tonk,Malpura,Malpura,26.24166667,75.45,Tordi,"Dug Well",W14525,2006,'0,21.11,'0,'0
RJ,Tonk,Uniara,Uniara,25.975,75.96611111,Dikoliya,"Dug Well",W14536,2006,12.08,12.84,12.47,'0
RJ,Tonk,Uniara,Tonk,25.99861111,75.68333333,Mahuva,"Dug Well",W14537,2006,10.46,11.35,10.44,10.89
RJ,Tonk,Deoli,Deoli,25.81166667,75.475,Sirohi1,"Dug Well",W14521,2006,9.7,9.78,10.21,11.6
RJ,Tonk,Tonk,Tonk,26.11083333,75.725,Mandiawas,"Dug Well",W14531,2006,19.22,20.6,20.03,19.48
RJ,Tonk,Tonk,Tonk,26.2625,75.63055556,Jharana,"Dug Well",W14530,2006,'0,7.08,'0,'0
RJ,Tonk,Deoli,Deoli,25.88333333,75.56666667,Bantholi,"Dug Well",W14518,2006,8.54,10.42,8.71,9.2
RJ,Tonk,Deoli,Deoli,25.86388889,75.28055556,Ramthala,"Dug Well",W14520,2006,2.31,4.18,4.37,5.33
RJ,Tonk,Uniara,Uniara,25.81666667,76.23277778,Jainagar,"Dug Well",W18407,2006,13.08,14.89,14.95,19.7
RJ,Tonk,Uniara,Uniara,25.89166667,76.17916667,Sop1,"Bore Well",W18408,2006,'0,20.16,15.96,21.05
RJ,Tonk,Tonk,Uniara,26.04083333,75.88888889,Nayagaon,"Dug Well",W14532,2006,6.93,8.71,6.99,7.46
RJ,Tonk,Todaraisingh,Todaraisingh,26.18333333,75.575,Hamirpur,"Dug Well",W14527,2006,11,12.01,'0,'0
RJ,Tonk,Malpura,Malpura,26.39166667,75.4875,Jaisinghpur,"Dug Well",W14522,2005,5.08,4.21,5.69,4.98
RJ,Tonk,Todaraisingh,Todaraisingh,26.18333333,75.575,Hamirpur,"Dug Well",W14527,2005,3.96,12.18,10.21,6.99
RJ,Tonk,Todaraisingh,Todaraisingh,26.01388889,75.48888889,Todaraisingh1,"Dug Well",W14528,2005,1.32,1.46,1.68,2.1
RJ,Tonk,Tonk,Tonk,26.16666667,75.78333333,Tonk1,"Dug Well",W14534,2005,7.59,7.04,7.74,6.79
RJ,Tonk,Tonk,Tonk,26.05833333,75.80833333,Arniyalmal,"Dug Well",W14529,2005,7.12,4.59,10.51,5.89
RJ,Tonk,Tonk,Tonk,26.24166667,75.85,Sohela,"Dug Well",W14533,2005,6.31,7.32,5.81,10.7
RJ,Tonk,Malpura,Malpura,26.28333333,75.38333333,Malpura1,"Dug Well",W14524,2005,13.09,12.49,13.27,13.37
RJ,Tonk,Malpura,Malpura,26.23833333,75.1875,Joonia,"Dug Well",W14523,2005,2.6,3.7,4.05,5.1
RJ,Tonk,Malpura,Malpura,26.24166667,75.45,Tordi,"Dug Well",W14525,2005,19.53,19.86,20.11,19.82
RJ,Tonk,Uniara,Uniara,25.975,75.96611111,Dikoliya,"Dug Well",W14536,2005,11.59,12.46,12.05,'0
RJ,Tonk,Uniara,Tonk,25.99861111,75.68333333,Mahuva,"Dug Well",W14537,2005,10.11,10.99,10.36,10.73
RJ,Tonk,Deoli,Deoli,25.81166667,75.475,Sirohi1,"Dug Well",W14521,2005,8.47,9.25,8.9,11.98
RJ,Tonk,Tonk,Tonk,26.11083333,75.725,Mandiawas,"Dug Well",W14531,2005,19.43,20.09,20.44,19.39
RJ,Tonk,Tonk,Tonk,26.2625,75.63055556,Jharana,"Dug Well",W14530,2005,6.05,5.56,6.04,'0
RJ,Tonk,Deoli,Deoli,25.88333333,75.56666667,Bantholi,"Dug Well",W14518,2005,9.3,9.75,9.04,9.52
RJ,Tonk,Deoli,Deoli,25.86388889,75.28055556,Ramthala,"Dug Well",W14520,2005,4.21,4.61,3.8,'0
RJ,Tonk,Uniara,Uniara,25.81666667,76.23277778,Jainagar,"Dug Well",W18407,2005,8.34,14.44,13.53,16.95
RJ,Tonk,Uniara,Uniara,25.89166667,76.17916667,Sop1,"Bore Well",W18408,2005,8.26,19.83,15.98,'0
RJ,Tonk,Tonk,Uniara,26.04083333,75.88888889,Nayagaon,"Dug Well",W14532,2005,6.71,8.31,7.61,4.71
RJ,Tonk,Uniara,Uniara,25.89694444,75.94277778,Begampura,"Dug Well",W20497,2005,1.29,'0,'0,'0
RJ,Tonk,Malpura,Malpura,26.39166667,75.4875,Jaisinghpur,"Dug Well",W14522,2003,'0,'0,'0,6.67
RJ,Tonk,Niwai,Niwai,26.36666667,75.93333333,Niwai1,"Dug Well",W14526,2003,'0,6.04,'0,7.23
RJ,Tonk,Todaraisingh,Todaraisingh,26.01388889,75.48888889,Todaraisingh1,"Dug Well",W14528,2003,'0,2.87,'0,3.99
RJ,Tonk,Tonk,Tonk,26.16666667,75.78333333,Tonk1,"Dug Well",W14534,2003,'0,11.55,'0,12.42
RJ,Tonk,Tonk,Tonk,26.05833333,75.80833333,Arniyalmal,"Dug Well",W14529,2003,'0,13.28,'0,15.03
RJ,Tonk,Malpura,Malpura,26.28333333,75.38333333,Malpura1,"Dug Well",W14524,2003,'0,10.93,'0,11.88
RJ,Tonk,Tonk,Uniara,26.04083333,75.88888889,Nayagaon,"Dug Well",W14532,2003,'0,9.89,'0,10.68
RJ,Tonk,Uniara,Tonk,25.99861111,75.68333333,Mahuva,"Dug Well",W14537,2003,'0,9.87,'0,10.9
RJ,Tonk,Deoli,Deoli,25.81166667,75.475,Sirohi1,"Dug Well",W14521,2003,'0,9.85,'0,12.47
RJ,Tonk,Tonk,Tonk,26.11083333,75.725,Mandiawas,"Dug Well",W14531,2003,'0,19.11,'0,17.84
RJ,Tonk,Tonk,Tonk,26.2625,75.63055556,Jharana,"Dug Well",W14530,2003,'0,6.01,'0,'0
RJ,Tonk,Deoli,Deoli,25.88333333,75.56666667,Bantholi,"Dug Well",W14518,2003,'0,10.05,'0,'0
RJ,Tonk,Deoli,Deoli,25.82916667,75.35833333,Negria,"Dug Well",W14519,2003,'0,7.43,'0,8.73
RJ,Tonk,Malpura,Malpura,26.23833333,75.1875,Joonia,"Dug Well",W14523,2003,'0,6.98,'0,7.1
RJ,Tonk,Malpura,Malpura,26.39166667,75.4875,Jaisinghpur,"Dug Well",W14522,2002,3.71,4.38,5.47,6.16
RJ,Tonk,Todaraisingh,Todaraisingh,26.18333333,75.575,Hamirpur,"Dug Well",W14527,2002,7.88,'0,'0,12.32
RJ,Tonk,Todaraisingh,Todaraisingh,26.01388889,75.48888889,Todaraisingh1,"Dug Well",W14528,2002,1.98,3.25,2.8,5.16
RJ,Tonk,Tonk,Tonk,26.16666667,75.78333333,Tonk1,"Dug Well",W14534,2002,8.44,9.91,11.58,9.38
RJ,Tonk,Tonk,Tonk,26.05833333,75.80833333,Arniyalmal,"Dug Well",W14529,2002,6.46,11.15,10.93,11.49
RJ,Tonk,Tonk,Tonk,26.24166667,75.85,Sohela,"Dug Well",W14533,2002,4.51,9.87,'0,13.74
RJ,Tonk,Malpura,Malpura,26.28333333,75.38333333,Malpura1,"Dug Well",W14524,2002,'0,8.78,10.31,9.21
RJ,Tonk,Malpura,Malpura,26.23833333,75.1875,Joonia,"Dug Well",W14523,2002,6.28,4.01,6.21,'0
RJ,Tonk,Uniara,Uniara,25.975,75.96611111,Dikoliya,"Dug Well",W14536,2002,'0,12.26,'0,'0
RJ,Tonk,Uniara,Tonk,25.99861111,75.68333333,Mahuva,"Dug Well",W14537,2002,'0,'0,9.35,8.77
RJ,Tonk,Deoli,Deoli,25.81166667,75.475,Sirohi1,"Dug Well",W14521,2002,5.82,8.45,9.73,9.14
RJ,Tonk,Tonk,Tonk,26.11083333,75.725,Mandiawas,"Dug Well",W14531,2002,15.4,17.12,17.76,16.33
RJ,Tonk,Deoli,Deoli,25.88333333,75.56666667,Bantholi,"Dug Well",W14518,2002,7.71,9.09,9.73,9.42
RJ,Tonk,Deoli,Deoli,25.82916667,75.35833333,Negria,"Dug Well",W14519,2002,5.83,4.34,6.42,'0
RJ,Tonk,Deoli,Deoli,25.86388889,75.28055556,Ramthala,"Dug Well",W14520,2002,'0,5.7,'0,6.71
RJ,Tonk,Tonk,Uniara,26.04083333,75.88888889,Nayagaon,"Dug Well",W14532,2002,2.47,6.18,8.73,6.35
RJ,Tonk,Niwai,Niwai,26.36666667,75.93333333,Niwai1,"Dug Well",W14526,2002,6.31,4.29,3.85,4.27
RJ,Tonk,Malpura,Malpura,26.39166667,75.4875,Jaisinghpur,"Dug Well",W14522,2001,4.35,6.05,4.4,6.98
RJ,Tonk,Todaraisingh,Todaraisingh,26.18333333,75.575,Hamirpur,"Dug Well",W14527,2001,8.65,11.02,10.43,12.21
RJ,Tonk,Todaraisingh,Todaraisingh,26.01388889,75.48888889,Todaraisingh1,"Dug Well",W14528,2001,2.79,5.45,2.37,6.49
RJ,Tonk,Tonk,Tonk,26.16666667,75.78333333,Tonk1,"Dug Well",W14534,2001,10.85,10.27,9.46,10.93
RJ,Tonk,Tonk,Tonk,26.05833333,75.80833333,Arniyalmal,"Dug Well",W14529,2001,6.69,9.38,10.95,11.58
RJ,Tonk,Tonk,Tonk,26.24166667,75.85,Sohela,"Dug Well",W14533,2001,5.46,11.48,8.1,12.8
RJ,Tonk,Malpura,Malpura,26.28333333,75.38333333,Malpura1,"Dug Well",W14524,2001,8.57,8.6,7.4,9.44
RJ,Tonk,Malpura,Malpura,26.23833333,75.1875,Joonia,"Dug Well",W14523,2001,3.02,5.9,3,5.04
RJ,Tonk,Uniara,Uniara,25.975,75.96611111,Dikoliya,"Dug Well",W14536,2001,9.34,13.69,10.57,14.65
RJ,Tonk,Uniara,Tonk,25.99861111,75.68333333,Mahuva,"Dug Well",W14537,2001,'0,7.68,'0,8.35
RJ,Tonk,Deoli,Deoli,25.81166667,75.475,Sirohi1,"Dug Well",W14521,2001,7.2,8.27,7.35,9.2
RJ,Tonk,Tonk,Tonk,26.11083333,75.725,Mandiawas,"Dug Well",W14531,2001,16.7,17,16.58,16.88
RJ,Tonk,Tonk,Tonk,26.2625,75.63055556,Jharana,"Dug Well",W14530,2001,5.92,'0,6.75,'0
RJ,Tonk,Deoli,Deoli,25.88333333,75.56666667,Bantholi,"Dug Well",W14518,2001,8.12,10.12,9.56,10.35
RJ,Tonk,Deoli,Deoli,25.82916667,75.35833333,Negria,"Dug Well",W14519,2001,4.75,8.27,'0,9.09
RJ,Tonk,Deoli,Deoli,25.86388889,75.28055556,Ramthala,"Dug Well",W14520,2001,5.46,5.6,'0,6.74
RJ,Tonk,Uniara,Uniara,25.89083333,76.17916667,Aligarh-1,"Dug Well",W14535,2001,5.58,'0,8.6,'0
RJ,Tonk,Tonk,Uniara,26.04083333,75.88888889,Nayagaon,"Dug Well",W14532,2001,3.28,6.84,5.49,6.97
RJ,Tonk,Niwai,Niwai,26.36666667,75.93333333,Niwai1,"Dug Well",W14526,2001,7.2,4.28,4.1,4.82
RJ,Tonk,Malpura,Malpura,26.39166667,75.4875,Jaisinghpur,"Dug Well",W14522,2000,3.38,3.58,5.8,4.02
RJ,Tonk,Todaraisingh,Todaraisingh,26.18333333,75.575,Hamirpur,"Dug Well",W14527,2000,8.02,4.07,9.94,9.18
RJ,Tonk,Todaraisingh,Todaraisingh,26.01388889,75.48888889,Todaraisingh1,"Dug Well",W14528,2000,3.41,4.47,5.02,11.54
RJ,Tonk,Tonk,Tonk,26.16666667,75.78333333,Tonk1,"Dug Well",W14534,2000,9.9,8.47,9.88,9.73
RJ,Tonk,Tonk,Tonk,26.05833333,75.80833333,Arniyalmal,"Dug Well",W14529,2000,4.59,5.94,6.08,10.08
RJ,Tonk,Tonk,Tonk,26.24166667,75.85,Sohela,"Dug Well",W14533,2000,8.9,7.37,10.54,10.4
RJ,Tonk,Malpura,Malpura,26.28333333,75.38333333,Malpura1,"Dug Well",W14524,2000,7.52,6.43,7.88,8.4
RJ,Tonk,Malpura,Malpura,26.23833333,75.1875,Joonia,"Dug Well",W14523,2000,10.7,3.87,4.42,4.16
RJ,Tonk,Malpura,Malpura,26.24166667,75.45,Tordi,"Dug Well",W14525,2000,15.14,14.98,16.68,16.25
RJ,Tonk,Uniara,Uniara,25.975,75.96611111,Dikoliya,"Dug Well",W14536,2000,7.87,12.94,13.46,14.48
RJ,Tonk,Uniara,Tonk,25.99861111,75.68333333,Mahuva,"Dug Well",W14537,2000,5.8,5.8,7.17,7.46
RJ,Tonk,Deoli,Deoli,25.81166667,75.475,Sirohi1,"Dug Well",W14521,2000,7.91,7.27,7.51,9.96
RJ,Tonk,Tonk,Tonk,26.11083333,75.725,Mandiawas,"Dug Well",W14531,2000,15.72,16.52,16.32,16.13
RJ,Tonk,Tonk,Tonk,26.2625,75.63055556,Jharana,"Dug Well",W14530,2000,7.11,4.07,'0,7.32
RJ,Tonk,Deoli,Deoli,25.88333333,75.56666667,Bantholi,"Dug Well",W14518,2000,9.35,9.58,9.92,10.17
RJ,Tonk,Deoli,Deoli,25.82916667,75.35833333,Negria,"Dug Well",W14519,2000,8.54,10.12,8.15,7.93
RJ,Tonk,Deoli,Deoli,25.86388889,75.28055556,Ramthala,"Dug Well",W14520,2000,4,5.73,'0,6.77
RJ,Tonk,Uniara,Uniara,25.89083333,76.17916667,Aligarh-1,"Dug Well",W14535,2000,9.4,12.93,12.38,11.45
RJ,Tonk,Tonk,Uniara,26.04083333,75.88888889,Nayagaon,"Dug Well",W14532,2000,3.62,5.04,6.28,7.94
RJ,Tonk,Niwai,Niwai,26.36666667,75.93333333,Niwai1,"Dug Well",W14526,2000,3.93,3.55,4.14,4.32
RJ,Tonk,Tonk,Tonk,26.16666667,75.78333333,Tonk1,"Dug Well",W14534,1999,8.82,6.55,8.28,8.1
RJ,Tonk,Todaraisingh,Todaraisingh,26.01388889,75.48888889,Todaraisingh1,"Dug Well",W14528,1999,8.06,4.15,4.5,13.6
RJ,Tonk,Tonk,Tonk,26.24166667,75.85,Sohela,"Dug Well",W14533,1999,4.24,3.17,5.42,7.35
RJ,Tonk,Malpura,Malpura,26.28333333,75.38333333,Malpura1,"Dug Well",W14524,1999,4.39,5.13,5.92,6.12
RJ,Tonk,Malpura,Malpura,26.23833333,75.1875,Joonia,"Dug Well",W14523,1999,4.97,10.98,6.18,'0
RJ,Tonk,Malpura,Malpura,26.24166667,75.45,Tordi,"Dug Well",W14525,1999,11.16,13.29,'0,14.9
RJ,Tonk,Uniara,Uniara,25.975,75.96611111,Dikoliya,"Dug Well",W14536,1999,10.31,10.21,9.86,13.91
RJ,Tonk,Uniara,Tonk,25.99861111,75.68333333,Mahuva,"Dug Well",W14537,1999,4.64,6.05,4.4,6.62
RJ,Tonk,Malpura,Malpura,26.39166667,75.4875,Jaisinghpur,"Dug Well",W14522,1999,1.78,2.72,2.93,3.2
RJ,Tonk,Niwai,Niwai,26.36666667,75.93333333,Niwai1,"Dug Well",W14526,1999,3.08,2.7,3.27,3.42
RJ,Tonk,Deoli,Deoli,25.81166667,75.475,Sirohi1,"Dug Well",W14521,1999,6.23,7.78,6.98,9.45
RJ,Tonk,Tonk,Tonk,26.11083333,75.725,Mandiawas,"Dug Well",W14531,1999,15.5,15.11,15.67,15.44
RJ,Tonk,Tonk,Tonk,26.2625,75.63055556,Jharana,"Dug Well",W14530,1999,5.12,3.5,2.81,4.45
RJ,Tonk,Deoli,Deoli,25.88333333,75.56666667,Bantholi,"Dug Well",W14518,1999,8.87,9.48,8.89,9.66
RJ,Tonk,Deoli,Deoli,25.82916667,75.35833333,Negria,"Dug Well",W14519,1999,10.77,11,10.02,5.17
RJ,Tonk,Deoli,Deoli,25.86388889,75.28055556,Ramthala,"Dug Well",W14520,1999,3.92,3.67,5.3,11.84
RJ,Tonk,Uniara,Uniara,25.89083333,76.17916667,Aligarh-1,"Dug Well",W14535,1999,6.91,8.46,6.83,8.7
RJ,Tonk,Tonk,Uniara,26.04083333,75.88888889,Nayagaon,"Dug Well",W14532,1999,3.37,4.24,5.37,7.75
RJ,Tonk,Todaraisingh,Todaraisingh,26.18333333,75.575,Hamirpur,"Dug Well",W14527,1999,4.46,5.35,2.81,7.2
RJ,Tonk,Tonk,Tonk,26.05833333,75.80833333,Arniyalmal,"Dug Well",W14529,1999,6.38,3.89,4.32,3.95
RJ,Tonk,Tonk,Tonk,26.16666667,75.78333333,Tonk1,"Dug Well",W14534,1998,8.49,8.12,6.31,8.33
RJ,Tonk,Tonk,Tonk,26.05833333,75.80833333,Arniyalmal,"Dug Well",W14529,1998,3.92,5.08,3.56,3.77
RJ,Tonk,Tonk,Tonk,26.24166667,75.85,Sohela,"Dug Well",W14533,1998,3.52,2.33,3.66,4.95
RJ,Tonk,Malpura,Malpura,26.28333333,75.38333333,Malpura1,"Dug Well",W14524,1998,5.11,3.92,4.56,5.28
RJ,Tonk,Malpura,Malpura,26.23833333,75.1875,Joonia,"Dug Well",W14523,1998,2.4,'0,3.05,3.35
RJ,Tonk,Malpura,Malpura,26.24166667,75.45,Tordi,"Dug Well",W14525,1998,10.74,4.05,12.8,11.8
RJ,Tonk,Uniara,Uniara,25.975,75.96611111,Dikoliya,"Dug Well",W14536,1998,10.44,9.6,11.65,12.65
RJ,Tonk,Uniara,Tonk,25.99861111,75.68333333,Mahuva,"Dug Well",W14537,1998,5.46,5.47,6.13,6.02
RJ,Tonk,Malpura,Malpura,26.39166667,75.4875,Jaisinghpur,"Dug Well",W14522,1998,1.62,2.08,2.31,3.42
RJ,Tonk,Niwai,Niwai,26.36666667,75.93333333,Niwai1,"Dug Well",W14526,1998,2.71,4.56,2.66,3.12
RJ,Tonk,Deoli,Deoli,25.81166667,75.475,Sirohi1,"Dug Well",W14521,1998,7.08,6.83,7.35,8.55
RJ,Tonk,Tonk,Tonk,26.11083333,75.725,Mandiawas,"Dug Well",W14531,1998,15.22,15.62,15.23,15.26
RJ,Tonk,Tonk,Tonk,26.2625,75.63055556,Jharana,"Dug Well",W14530,1998,5.38,4.46,2.89,7.69
RJ,Tonk,Deoli,Deoli,25.88333333,75.56666667,Bantholi,"Dug Well",W14518,1998,9,9.14,9.04,9.6
RJ,Tonk,Deoli,Deoli,25.82916667,75.35833333,Negria,"Dug Well",W14519,1998,10.55,'0,7,6.18
RJ,Tonk,Deoli,Deoli,25.86388889,75.28055556,Ramthala,"Dug Well",W14520,1998,2.88,'0,3.08,4.12
RJ,Tonk,Uniara,Uniara,25.89083333,76.17916667,Aligarh-1,"Dug Well",W14535,1998,6.15,10.66,4.94,8.66
RJ,Tonk,Tonk,Uniara,26.04083333,75.88888889,Nayagaon,"Dug Well",W14532,1998,3.24,3.21,3.8,5.37
RJ,Tonk,Todaraisingh,Todaraisingh,26.18333333,75.575,Hamirpur,"Dug Well",W14527,1998,4.39,4.97,4.19,5.07
RJ,Tonk,Todaraisingh,Todaraisingh,26.01388889,75.48888889,Todaraisingh1,"Dug Well",W14528,1998,7.11,3.23,3.71,14.15
RJ,Tonk,Tonk,Tonk,26.05833333,75.80833333,Arniyalmal,"Dug Well",W14529,1997,3.61,4.13,3.05,8.54
RJ,Tonk,Tonk,Tonk,26.16666667,75.78333333,Tonk1,"Dug Well",W14534,1997,10.06,9.05,7.71,9.16
RJ,Tonk,Malpura,Malpura,26.28333333,75.38333333,Malpura1,"Dug Well",W14524,1997,4.11,4.16,11.89,5.9
RJ,Tonk,Malpura,Malpura,26.23833333,75.1875,Joonia,"Dug Well",W14523,1997,1.94,3.1,4.17,'0
RJ,Tonk,Malpura,Malpura,26.24166667,75.45,Tordi,"Dug Well",W14525,1997,11.86,11.05,11.11,12.01
RJ,Tonk,Uniara,Uniara,25.975,75.96611111,Dikoliya,"Dug Well",W14536,1997,7.82,8.64,7.55,12.82
RJ,Tonk,Uniara,Tonk,25.99861111,75.68333333,Mahuva,"Dug Well",W14537,1997,4.85,5.85,5.2,6.9
RJ,Tonk,Malpura,Malpura,26.39166667,75.4875,Jaisinghpur,"Dug Well",W14522,1997,1.58,2.28,1.67,3.08
RJ,Tonk,Niwai,Niwai,26.36666667,75.93333333,Niwai1,"Dug Well",W14526,1997,7.05,2.95,2.5,3
RJ,Tonk,Deoli,Deoli,25.81166667,75.475,Sirohi1,"Dug Well",W14521,1997,'0,6.65,6.4,8.5
RJ,Tonk,Tonk,Tonk,26.11083333,75.725,Mandiawas,"Dug Well",W14531,1997,15.2,15.5,15.1,15.5
RJ,Tonk,Tonk,Tonk,26.2625,75.63055556,Jharana,"Dug Well",W14530,1997,4.58,3.1,4.11,6.63
RJ,Tonk,Deoli,Deoli,25.88333333,75.56666667,Bantholi,"Dug Well",W14518,1997,8.65,8.91,8.97,9.45
RJ,Tonk,Deoli,Deoli,25.82916667,75.35833333,Negria,"Dug Well",W14519,1997,10.13,9.46,9.94,'0
RJ,Tonk,Deoli,Deoli,25.86388889,75.28055556,Ramthala,"Dug Well",W14520,1997,2.79,2.71,2.51,'0
RJ,Tonk,Uniara,Uniara,25.89083333,76.17916667,Aligarh-1,"Dug Well",W14535,1997,5.36,11.5,6.06,10.91
RJ,Tonk,Tonk,Uniara,26.04083333,75.88888889,Nayagaon,"Dug Well",W14532,1997,3.06,4.19,3.1,4.97
RJ,Tonk,Todaraisingh,Todaraisingh,26.18333333,75.575,Hamirpur,"Dug Well",W14527,1997,4.26,4.96,3.96,6.32
RJ,Tonk,Todaraisingh,Todaraisingh,26.01388889,75.48888889,Todaraisingh1,"Dug Well",W14528,1997,2.74,4.07,3.15,8.5
RJ,Tonk,Tonk,Tonk,26.24166667,75.85,Sohela,"Dug Well",W14533,1997,3.49,3.75,2.3,3.4
RJ,Tonk,Tonk,Tonk,26.05833333,75.80833333,Arniyalmal,"Dug Well",W14529,1996,'0,4.42,3.37,8.73
RJ,Tonk,Tonk,Tonk,26.16666667,75.78333333,Tonk1,"Dug Well",W14534,1996,10.63,13.4,6.92,11.29
RJ,Tonk,Malpura,Malpura,26.28333333,75.38333333,Malpura1,"Dug Well",W14524,1996,3.68,7.71,'0,7.1
RJ,Tonk,Malpura,Malpura,26.24166667,75.45,Tordi,"Dug Well",W14525,1996,'0,12.48,10.59,14.22
RJ,Tonk,Uniara,Uniara,25.975,75.96611111,Dikoliya,"Dug Well",W14536,1996,3.07,9.59,6.79,11.6
RJ,Tonk,Uniara,Tonk,25.99861111,75.68333333,Mahuva,"Dug Well",W14537,1996,4.2,6.98,'0,7.93
RJ,Tonk,Malpura,Malpura,26.39166667,75.4875,Jaisinghpur,"Dug Well",W14522,1996,.88,3.51,'0,3.22
RJ,Tonk,Niwai,Niwai,26.36666667,75.93333333,Niwai1,"Dug Well",W14526,1996,3.24,4,'0,4.3
RJ,Tonk,Deoli,Deoli,25.81166667,75.475,Sirohi1,"Dug Well",W14521,1996,5.49,7.71,5.37,10.23
RJ,Tonk,Tonk,Tonk,26.11083333,75.725,Mandiawas,"Dug Well",W14531,1996,15.62,16.06,'0,15.8
RJ,Tonk,Tonk,Tonk,26.2625,75.63055556,Jharana,"Dug Well",W14530,1996,1.05,5.29,'0,6.29
RJ,Tonk,Deoli,Deoli,25.88333333,75.56666667,Bantholi,"Dug Well",W14518,1996,7.85,9.27,8.57,9.85
RJ,Tonk,Deoli,Deoli,25.82916667,75.35833333,Negria,"Dug Well",W14519,1996,'0,8.4,9.08,13.4
RJ,Tonk,Deoli,Deoli,25.86388889,75.28055556,Ramthala,"Dug Well",W14520,1996,'0,4.24,2.63,5.4
RJ,Tonk,Uniara,Uniara,25.89083333,76.17916667,Aligarh-1,"Dug Well",W14535,1996,'0,8.72,7.71,12.1
RJ,Tonk,Tonk,Uniara,26.04083333,75.88888889,Nayagaon,"Dug Well",W14532,1996,2.3,5.18,'0,5.6
RJ,Tonk,Todaraisingh,Todaraisingh,26.18333333,75.575,Hamirpur,"Dug Well",W14527,1996,3.75,6.4,4.2,8
RJ,Tonk,Todaraisingh,Todaraisingh,26.01388889,75.48888889,Todaraisingh1,"Dug Well",W14528,1996,1.8,6.12,3.28,11.75
RJ,Tonk,Tonk,Tonk,26.24166667,75.85,Sohela,"Dug Well",W14533,1996,2.86,4.18,3.59,6.26
RJ,Tonk,Tonk,Tonk,26.05833333,75.80833333,Arniyalmal,"Dug Well",W14529,1995,'0,4.68,'0,9.79
RJ,Tonk,Tonk,Tonk,26.16666667,75.78333333,Tonk1,"Dug Well",W14534,1995,12.88,12.39,18.84,12.99
RJ,Tonk,Malpura,Malpura,26.28333333,75.38333333,Malpura1,"Dug Well",W14524,1995,'0,7.71,5.26,8.15
RJ,Tonk,Malpura,Malpura,26.23833333,75.1875,Joonia,"Dug Well",W14523,1995,'0,2.7,2.58,12.4
RJ,Tonk,Malpura,Malpura,26.24166667,75.45,Tordi,"Dug Well",W14525,1995,'0,12.54,3.6,15.25
RJ,Tonk,Uniara,Uniara,25.975,75.96611111,Dikoliya,"Dug Well",W14536,1995,7.35,11.04,8.53,12.31
RJ,Tonk,Uniara,Tonk,25.99861111,75.68333333,Mahuva,"Dug Well",W14537,1995,5.42,8.29,6.4,7.21
RJ,Tonk,Malpura,Malpura,26.39166667,75.4875,Jaisinghpur,"Dug Well",W14522,1995,'0,3.75,1.83,4
RJ,Tonk,Niwai,Niwai,26.36666667,75.93333333,Niwai1,"Dug Well",W14526,1995,4.78,5.1,4.1,5.03
RJ,Tonk,Deoli,Deoli,25.81166667,75.475,Sirohi1,"Dug Well",W14521,1995,7.95,8.01,8.07,10.14
RJ,Tonk,Tonk,Tonk,26.11083333,75.725,Mandiawas,"Dug Well",W14531,1995,15.73,15.47,16.1,15.8
RJ,Tonk,Tonk,Tonk,26.2625,75.63055556,Jharana,"Dug Well",W14530,1995,4.58,5.08,2.71,7.57
RJ,Tonk,Deoli,Deoli,25.88333333,75.56666667,Bantholi,"Dug Well",W14518,1995,5.83,9.92,9.02,9.49
RJ,Tonk,Deoli,Deoli,25.82916667,75.35833333,Negria,"Dug Well",W14519,1995,2.48,10.3,10.65,10.9
RJ,Tonk,Deoli,Deoli,25.86388889,75.28055556,Ramthala,"Dug Well",W14520,1995,1.07,3.6,4.17,4.5
RJ,Tonk,Uniara,Uniara,25.89083333,76.17916667,Aligarh-1,"Dug Well",W14535,1995,1.65,11,7.2,10.91
RJ,Tonk,Tonk,Uniara,26.04083333,75.88888889,Nayagaon,"Dug Well",W14532,1995,4.93,5.39,4.05,6.15
RJ,Tonk,Todaraisingh,Todaraisingh,26.18333333,75.575,Hamirpur,"Dug Well",W14527,1995,'0,7.88,6.07,9.16
RJ,Tonk,Todaraisingh,Todaraisingh,26.01388889,75.48888889,Todaraisingh1,"Dug Well",W14528,1995,'0,3.69,4.88,8.5
RJ,Tonk,Tonk,Tonk,26.24166667,75.85,Sohela,"Dug Well",W14533,1995,2.95,4.75,3.68,7.68
RJ,Tonk,Tonk,Tonk,26.05833333,75.80833333,Arniyalmal,"Dug Well",W14529,1994,'0,7.25,4.35,10.94
RJ,Tonk,Tonk,Tonk,26.16666667,75.78333333,Tonk1,"Dug Well",W14534,1994,8.34,12.38,12.12,13.27
RJ,Tonk,Malpura,Malpura,26.28333333,75.38333333,Malpura1,"Dug Well",W14524,1994,8.24,8.22,7.33,9.53
RJ,Tonk,Malpura,Malpura,26.23833333,75.1875,Joonia,"Dug Well",W14523,1994,6.19,2.75,1.46,3.43
RJ,Tonk,Malpura,Malpura,26.24166667,75.45,Tordi,"Dug Well",W14525,1994,14.26,13.3,14.3,14.6
RJ,Tonk,Uniara,Uniara,25.975,75.96611111,Dikoliya,"Dug Well",W14536,1994,10.88,11.12,10.65,12.37
RJ,Tonk,Uniara,Tonk,25.99861111,75.68333333,Mahuva,"Dug Well",W14537,1994,7.52,9.4,8.24,9.64
RJ,Tonk,Malpura,Malpura,26.39166667,75.4875,Jaisinghpur,"Dug Well",W14522,1994,2.76,3.58,3.36,5.12
RJ,Tonk,Niwai,Niwai,26.36666667,75.93333333,Niwai1,"Dug Well",W14526,1994,6.36,6.56,5.35,7.13
RJ,Tonk,Deoli,Deoli,25.81166667,75.475,Sirohi1,"Dug Well",W14521,1994,7.45,10.36,7.84,11.52
RJ,Tonk,Tonk,Tonk,26.11083333,75.725,Mandiawas,"Dug Well",W14531,1994,15.2,16.6,15.46,15.14
RJ,Tonk,Tonk,Tonk,26.2625,75.63055556,Jharana,"Dug Well",W14530,1994,5.51,7.56,4.45,'0
RJ,Tonk,Deoli,Deoli,25.88333333,75.56666667,Bantholi,"Dug Well",W14518,1994,7.83,9.4,8.74,10.04
RJ,Tonk,Deoli,Deoli,25.82916667,75.35833333,Negria,"Dug Well",W14519,1994,10.33,11.2,10.21,'0
RJ,Tonk,Deoli,Deoli,25.86388889,75.28055556,Ramthala,"Dug Well",W14520,1994,3.55,4.35,3.55,'0
RJ,Tonk,Uniara,Uniara,25.89083333,76.17916667,Aligarh-1,"Dug Well",W14535,1994,4.15,10.73,10.57,12.18
RJ,Tonk,Tonk,Uniara,26.04083333,75.88888889,Nayagaon,"Dug Well",W14532,1994,4.48,5.75,5.05,7.17
RJ,Tonk,Todaraisingh,Todaraisingh,26.18333333,75.575,Hamirpur,"Dug Well",W14527,1994,6.47,8.56,7.22,9.83
RJ,Tonk,Todaraisingh,Todaraisingh,26.01388889,75.48888889,Todaraisingh1,"Dug Well",W14528,1994,2.18,5.88,3.77,10.99
RJ,Tonk,Tonk,Tonk,26.24166667,75.85,Sohela,"Dug Well",W14533,1994,3.3,6.57,3.92,19.03
