STATE,DISTRICT,TEH_NAME,BLOCK_NAME,LAT,LON,SITE_NAME,SITE_TYPE,WLCODE,YEAR_OBS,MONSOON,POMRB,POMKH,PREMON
HR,Palwal,Palwal,Palwal,28.1375,77.40416667,Lalwa,"Dug Well",W16187,2018,'0,'0,'0,6.5
HR,Palwal,Palwal,Palwal,28.15,77.325,Palwal1,"Tube Well",W29832,2018,'0,9.1,'0,'0
HR,Palwal,Hodal,Hodal,28.07777778,77.43888889,Barauli1,"Tube Well",W16176,2018,'0,'0,'0,14.02
HR,Palwal,Hodal,Hodal,28.0375,77.375,Dighaut,"Tube Well",W16177,2018,'0,12.3,'0,'0
HR,Palwal,Hodal,Hodal,28.0375,77.375,Dighaut,"Tube Well",W16177,2018,'0,'0,'0,13.02
HR,Palwal,Hathin,Hathin,28.03472222,77.1875,Lakhnaka,"Tube Well",W16170,2018,'0,9.13,'0,'0
HR,Palwal,Hathin,Hathin,28.03472222,77.1875,Lakhnaka,"Tube Well",W16170,2018,'0,'0,'0,8.5
HR,Palwal,Palwal,Palwal,28.15,77.325,Palwal,"Dug Well",W16188,2018,'0,7.92,'0,'0
HR,Palwal,Palwal,Palwal,28.15,77.325,Palwal,"Dug Well",W16188,2018,'0,'0,'0,7.62
HR,Palwal,Hodal,Hodal,28.00833333,77.34166667,Tumsara,"Dug Well",W16183,2018,'0,7.27,'0,'0
HR,Palwal,Hodal,Hodal,28.00833333,77.34166667,Tumsara,"Dug Well",W16183,2018,'0,'0,'0,6.21
HR,Palwal,Hodal,Hodal,27.96666667,77.49027778,Hassanpur,"Dug Well",W16178,2018,'0,'0,'0,6.5
HR,Palwal,Hodal,Hodal,27.97083333,77.41666667,Khambi,"Tube Well",W16181,2018,'0,2.49,'0,'0
HR,Palwal,Hodal,Hodal,27.97083333,77.41666667,Khambi,"Tube Well",W16181,2018,'0,'0,'0,3.95
HR,Palwal,Palwal,Palwal,28.19444444,77.37777778,Badraun,"Tube Well",W16184,2018,'0,'0,'0,8.9
HR,Palwal,Palwal,Palwal,28.22083333,77.30833333,Baghaula,"Dug Well",W16185,2018,'0,1.6,'0,'0
HR,Palwal,Palwal,Palwal,28.22083333,77.30833333,Baghaula,"Dug Well",W16185,2018,'0,'0,'0,1.8
HR,Palwal,Palwal,Hodal,28.04444444,77.47222222,"Pirgarhi- Pz","Tube Well",W29817,2018,'0,10.2,'0,'0
HR,Palwal,Palwal,Hathin,28.0225,77.17666667,Pehladpur-Pz,"Tube Well",W29813,2018,'0,7.82,'0,'0
HR,Palwal,Palwal,Hathin,28.0225,77.17666667,Pehladpur-Pz,"Tube Well",W29813,2018,'0,'0,'0,7.5
HR,Palwal,Hodal,Hodal,28.07777778,77.43888889,Barauli1,"Tube Well",W16176,2018,'0,12.59,'0,'0
HR,Palwal,Hodal,Hodal,28.07777778,77.43888889,Barauli1,"Tube Well",W16176,2017,'0,'0,'0,12.8
HR,Palwal,Palwal,Palwal,28.15,77.325,Palwal1,"Tube Well",W29832,2017,'0,'0,'0,9.74
HR,Palwal,Hodal,Hodal,28.0375,77.375,Dighaut,"Tube Well",W16177,2017,'0,'0,'0,12.06
HR,Palwal,Hodal,Hodal,28.0375,77.375,Dighaut,"Tube Well",W16177,2017,'0,'0,11.38,'0
HR,Palwal,Hathin,Hathin,28.03472222,77.1875,Lakhnaka,"Tube Well",W16170,2017,'0,'0,'0,8.1
HR,Palwal,Hathin,Hathin,28.03472222,77.1875,Lakhnaka,"Tube Well",W16170,2017,'0,'0,8.42,'0
HR,Palwal,Palwal,Palwal,28.15,77.325,Palwal,"Dug Well",W16188,2017,'0,7.14,'0,7.64
HR,Palwal,Palwal,Palwal,28.15,77.325,Palwal,"Dug Well",W16188,2017,'0,'0,6.82,'0
HR,Palwal,Palwal,Palwal,28.09166667,77.40416667,"Rasul Pur","Dug Well",W16190,2017,'0,'0,7.14,'0
HR,Palwal,Hodal,Hodal,28.00833333,77.34166667,Tumsara,"Dug Well",W16183,2017,5.38,5.48,'0,5.42
HR,Palwal,Hodal,Hodal,28.00833333,77.34166667,Tumsara,"Dug Well",W16183,2017,'0,'0,5.43,'0
HR,Palwal,Hodal,Hodal,27.97083333,77.41666667,Khambi,"Tube Well",W16181,2017,'0,'0,'0,3.45
HR,Palwal,Hodal,Hodal,27.97083333,77.41666667,Khambi,"Tube Well",W16181,2017,'0,'0,3.75,'0
HR,Palwal,Hathin,Hathin,27.95833333,77.22916667,Kot,"Dug Well",W16168,2017,'0,'0,'0,9.26
HR,Palwal,Palwal,Palwal,28.19444444,77.37777778,Badraun,"Tube Well",W16184,2017,'0,'0,'0,8.85
HR,Palwal,Palwal,Palwal,28.19444444,77.37777778,Badraun,"Tube Well",W16184,2017,'0,'0,9.25,'0
HR,Palwal,Palwal,Palwal,28.22083333,77.30833333,Baghaula,"Dug Well",W16185,2017,'0,'0,'0,2.45
HR,Palwal,Palwal,Palwal,28.22083333,77.30833333,Baghaula,"Dug Well",W16185,2017,'0,'0,1.63,'0
HR,Palwal,Palwal,Hodal,28.04444444,77.47222222,"Pirgarhi- Pz","Tube Well",W29817,2017,'0,'0,'0,9.92
HR,Palwal,Palwal,Hodal,28.04444444,77.47222222,"Pirgarhi- Pz","Tube Well",W29817,2017,'0,'0,7.88,'0
HR,Palwal,Palwal,Hathin,28.0225,77.17666667,Pehladpur-Pz,"Tube Well",W29813,2017,'0,'0,'0,7.47
HR,Palwal,Palwal,Hathin,28.0225,77.17666667,Pehladpur-Pz,"Tube Well",W29813,2017,'0,'0,6.95,'0
HR,Palwal,Hodal,Hodal,28.07777778,77.43888889,Barauli1,"Tube Well",W16176,2017,'0,'0,11.49,'0
HR,Palwal,Hodal,Hodal,28.04583333,77.46666667,Achheja,"Dug Well",W16173,2016,'0,'0,9.8,7.84
HR,Palwal,Hodal,Hodal,27.88333333,77.35,Hodel1,"Tube Well",W31822,2016,'0,'0,'0,10.65
HR,Palwal,Hodal,Hodal,28.0375,77.375,Dighaut,"Tube Well",W16177,2016,'0,'0,10.8,11.95
HR,Palwal,Hathin,Hathin,28.03472222,77.1875,Lakhnaka,"Tube Well",W16170,2016,'0,'0,9.73,8.83
HR,Palwal,Palwal,Palwal,28.15,77.325,Palwal,"Dug Well",W16188,2016,'0,'0,7.13,6.75
HR,Palwal,Palwal,Palwal,28.09166667,77.40416667,"Rasul Pur","Dug Well",W16190,2016,'0,'0,7.49,6.74
HR,Palwal,Hodal,Hodal,28.00833333,77.34166667,Tumsara,"Dug Well",W16183,2016,8.68,'0,6.72,7.8
HR,Palwal,Hodal,Hodal,27.97083333,77.41666667,Khambi,"Tube Well",W16181,2016,'0,'0,3.31,3.74
HR,Palwal,Hathin,Hathin,27.95833333,77.22916667,Kot,"Dug Well",W16168,2016,8.74,'0,9.01,9.37
HR,Palwal,Palwal,Palwal,28.19444444,77.37777778,Badraun,"Tube Well",W16184,2016,'0,'0,9.18,8.54
HR,Palwal,Palwal,Palwal,28.22083333,77.30833333,Baghaula,"Dug Well",W16185,2016,'0,'0,'0,1.95
HR,Palwal,Palwal,Hodal,28.04444444,77.47222222,"Pirgarhi- Pz","Tube Well",W29817,2016,'0,'0,8.94,9.45
HR,Palwal,Palwal,Hathin,28.0225,77.17666667,Pehladpur-Pz,"Tube Well",W29813,2016,'0,'0,6.24,7.15
HR,Palwal,Hathin,Hathin,28.14916667,77.18527778,Mandkola,"Bore Well",W29831,2016,'0,'0,1.72,1.26
HR,Palwal,Palwal,Palwal,28.15,77.325,Palwal1,"Tube Well",W29832,2016,'0,'0,'0,10.99
HR,Palwal,Hodal,Hodal,28.07777778,77.43888889,Barauli1,"Tube Well",W16176,2016,'0,'0,'0,9.9
HR,Palwal,Palwal,Palwal,28.1375,77.40416667,Lalwa,"Dug Well",W16187,2015,'0,'0,6.97,6.84
HR,Palwal,Palwal,Palwal,28.15555556,77.42638889,Pelak-Pz,"Tube Well",W31841,2015,'0,'0,20.22,20.15
HR,Palwal,Hodal,Hodal,28.0625,77.34166667,Bamnikhera,"Dug Well",W16174,2015,'0,'0,9.55,9.57
HR,Palwal,Hodal,Hodal,28.07777778,77.43888889,Barauli1,"Tube Well",W16176,2015,'0,'0,11,10.09
HR,Palwal,Hodal,Hodal,28.0375,77.375,Dighaut,"Tube Well",W16177,2015,'0,'0,11.64,9.34
HR,Palwal,Hathin,Hathin,28.03472222,77.1875,Lakhnaka,"Tube Well",W16170,2015,'0,'0,10.62,8.08
HR,Palwal,Palwal,Palwal,28.15,77.325,Palwal,"Dug Well",W16188,2015,'0,'0,6.42,7.63
HR,Palwal,Palwal,Palwal,28.09166667,77.40416667,"Rasul Pur","Dug Well",W16190,2015,'0,'0,6.69,6.78
HR,Palwal,Hodal,Hodal,28.00833333,77.34166667,Tumsara,"Dug Well",W16183,2015,'0,7.38,9.33,9.58
HR,Palwal,Hodal,Hodal,27.97083333,77.41666667,Khambi,"Tube Well",W16181,2015,'0,'0,3.06,3.31
HR,Palwal,Hathin,Hathin,27.95833333,77.22916667,Kot,"Dug Well",W16168,2015,'0,6.04,9.18,'0
HR,Palwal,Palwal,Palwal,28.19444444,77.37777778,Badraun,"Tube Well",W16184,2015,'0,'0,6.15,7.77
HR,Palwal,Palwal,Palwal,28.22083333,77.30833333,Baghaula,"Dug Well",W16185,2015,'0,1.65,1.66,2.02
HR,Palwal,Palwal,Hodal,28.04444444,77.47222222,"Pirgarhi- Pz","Tube Well",W29817,2015,'0,'0,9.52,9.69
HR,Palwal,Hathin,Hathin,27.95833333,77.22916667,"Hasan pur","Dug Well",W29808,2015,'0,'0,18.68,19
HR,Palwal,Palwal,Hathin,28.0225,77.17666667,Pehladpur-Pz,"Tube Well",W29813,2015,'0,'0,6.42,6.75
HR,Palwal,Hathin,Hathin,28.14916667,77.18527778,Mandkola,"Bore Well",W29831,2015,'0,'0,1.13,1.02
HR,Palwal,Palwal,Palwal,28.15,77.325,Palwal1,"Tube Well",W29832,2015,'0,'0,'0,10.92
HR,Palwal,Hodal,Hodal,27.91666667,77.45,Bhiduki-DW,"Dug Well",W31825,2015,'0,'0,5.7,5.65
HR,Palwal,Hodal,Hodal,27.93416667,77.5,Banchari-DW,"Dug Well",W31828,2015,'0,'0,7.36,7.3
HR,Palwal,Hodal,Hodal,27.98611111,77.33611111,Sarai-DW,"Dug Well",W31831,2015,'0,'0,9.78,9.7
HR,Palwal,Hodal,Hodal,28.00972222,77.44583333,Gulawad-DW,"Dug Well",W31834,2015,'0,'0,10.06,10.1
HR,Palwal,Hodal,Hodal,28.07222222,77.325,Phulwari-DW,"Dug Well",W31837,2015,'0,'0,9.95,9.85
HR,Palwal,Hathin,Hathin,27.87777778,77.28333333,"Nangal Jat-DW","Dug Well",W31821,2015,'0,'0,9.4,9.45
HR,Palwal,Hathin,Hathin,28.01805556,77.21111111,Bibipur-DW,"Dug Well",W31835,2015,'0,'0,3.35,3.25
HR,Palwal,Hathin,Hathin,28.05,77.28888889,"Bazida Pahar-DW","Dug Well",W31836,2015,'0,'0,5.82,5.75
HR,Palwal,Hodal,Hodal,28.04583333,77.46666667,Achheja,"Dug Well",W16173,2015,'0,'0,'0,7.86
HR,Palwal,Palwal,Palwal,28.1375,77.40416667,Lalwa,"Dug Well",W16187,2014,'0,'0,'0,6.5
HR,Palwal,Hodal,Hodal,28.04583333,77.46666667,Achheja,"Dug Well",W16173,2014,'0,'0,8.5,6.85
HR,Palwal,Hodal,Hodal,28.0625,77.34166667,Bamnikhera,"Dug Well",W16174,2014,'0,'0,1.9,'0
HR,Palwal,Hodal,Hodal,28.07777778,77.43888889,Barauli1,"Tube Well",W16176,2014,'0,'0,10.17,8.8
HR,Palwal,Hodal,Hodal,28.0375,77.375,Dighaut,"Tube Well",W16177,2014,'0,'0,10.7,10.5
HR,Palwal,Hathin,Hathin,28.04583333,77.24166667,Hathin,"Dug Well",W21721,2014,'0,'0,'0,10.88
HR,Palwal,Hathin,Hathin,28.01666667,77.13472222,Thekarka,"Dug Well",W16172,2014,'0,'0,'0,1.29
HR,Palwal,Hathin,Hathin,28.03472222,77.1875,Lakhnaka,"Tube Well",W16170,2014,'0,'0,7.06,7.75
HR,Palwal,Palwal,Palwal,28.15,77.325,Palwal,"Dug Well",W16188,2014,'0,'0,7.1,6.22
HR,Palwal,Palwal,Palwal,28.09166667,77.40416667,"Rasul Pur","Dug Well",W16190,2014,6.74,5.64,6.63,6.14
HR,Palwal,Hodal,Hodal,28.00833333,77.34166667,Tumsara,"Dug Well",W16183,2014,'0,'0,6.04,6.08
HR,Palwal,Hodal,Hodal,27.97083333,77.41666667,Khambi,"Tube Well",W16181,2014,'0,'0,2.23,2.9
HR,Palwal,Hathin,Hathin,27.95833333,77.22916667,Kot,"Dug Well",W16168,2014,10.05,'0,9.28,6.65
HR,Palwal,Palwal,Palwal,28.19444444,77.37777778,Badraun,"Tube Well",W16184,2014,'0,'0,7.75,7.25
HR,Palwal,Palwal,Palwal,28.20416667,77.23888889,Jaindapur,"Dug Well",W16186,2014,'0,'0,11.58,9.9
HR,Palwal,Palwal,Palwal,28.22083333,77.30833333,Baghaula,"Dug Well",W16185,2014,3.1,'0,1.53,1.9
HR,Palwal,Hathin,Hathin,27.95833333,77.22916667,"Hasan pur","Dug Well",W29808,2014,'0,'0,19.3,'0
HR,Palwal,Palwal,Hathin,28.0225,77.17666667,Pehladpur-Pz,"Tube Well",W29813,2014,'0,'0,6.18,5.5
HR,Palwal,Palwal,Palwal,28.15,77.325,Palwal1,"Tube Well",W29832,2014,'0,'0,'0,7.64
HR,Palwal,Palwal,Palwal,28.15555556,77.42638889,Pelak-Pz,"Tube Well",W31841,2014,'0,'0,'0,20.2
HR,Palwal,Palwal,Palwal,28.20416667,77.23888889,Jaindapur,"Dug Well",W16186,2013,'0,'0,9.3,'0
HR,Palwal,Hodal,Hodal,28.07777778,77.43888889,Barauli1,"Tube Well",W16176,2013,'0,'0,'0,10.12
HR,Palwal,Palwal,Palwal,28.15,77.325,Palwal1,"Tube Well",W29832,2013,'0,'0,12.3,7.1
HR,Palwal,Hodal,Hodal,27.88333333,77.35,Hodel1,"Tube Well",W31822,2013,'0,'0,8.19,10.12
HR,Palwal,Palwal,Palwal,28.09166667,77.40416667,"Rasul Pur","Dug Well",W16190,2013,5.74,5.74,5.49,6.98
HR,Palwal,Hodal,Hodal,28.00833333,77.34166667,Tumsara,"Dug Well",W16183,2013,5.98,'0,7.68,7.33
HR,Palwal,Hodal,Hodal,27.96666667,77.49027778,Hassanpur,"Dug Well",W16178,2013,'0,'0,'0,-1
HR,Palwal,Hodal,Hodal,27.97083333,77.41666667,Khambi,"Tube Well",W16181,2013,'0,'0,.73,3.71
HR,Palwal,Hathin,Hathin,27.95833333,77.22916667,Kot,"Dug Well",W16168,2013,'0,'0,6.11,9.81
HR,Palwal,Palwal,Palwal,28.19444444,77.37777778,Badraun,"Tube Well",W16184,2013,'0,'0,2.45,7.15
HR,Palwal,Hodal,Hodal,28.0375,77.375,Dighaut,"Tube Well",W16177,2013,'0,'0,10.51,11.49
HR,Palwal,Hodal,Hodal,27.88333333,77.35,Hodel,"Dug Well",W16179,2013,'0,'0,8.19,10.12
HR,Palwal,Hathin,Hathin,28.04583333,77.24166667,Hathin,"Dug Well",W21721,2013,'0,'0,9.16,13.87
HR,Palwal,Hathin,Hathin,28.01666667,77.13472222,Thekarka,"Dug Well",W16172,2013,'0,'0,.9,'0
HR,Palwal,Hathin,Hathin,28.03472222,77.1875,Lakhnaka,"Tube Well",W16170,2013,'0,'0,9.4,6.44
HR,Palwal,Palwal,Palwal,28.15,77.325,Palwal,"Dug Well",W16188,2013,'0,'0,4,5.2
HR,Palwal,Palwal,Palwal,28.1375,77.40416667,Lalwa,"Dug Well",W16187,2013,'0,'0,3.3,6
HR,Palwal,Hodal,Hodal,28.04583333,77.46666667,Achheja,"Dug Well",W16173,2013,'0,'0,5.65,7.85
HR,Palwal,Hodal,Hodal,28.0625,77.34166667,Bamnikhera,"Dug Well",W16174,2013,'0,'0,'0,6.8
HR,Palwal,Palwal,Palwal,28.22083333,77.30833333,Baghaula,"Dug Well",W16185,2013,2.39,'0,1.64,4.8
HR,Palwal,Palwal,Palwal,28.22083333,77.30833333,Baghaula,"Dug Well",W16185,2012,3.4,'0,2.8,'0
HR,Palwal,Hodal,Hodal,28.07777778,77.43888889,Barauli1,"Tube Well",W16176,2012,'0,7.65,'0,'0
HR,Palwal,Hodal,Hodal,27.88333333,77.35,Hodel1,"Tube Well",W31822,2012,'0,'0,8.97,'0
HR,Palwal,Palwal,Palwal,28.09166667,77.40416667,"Rasul Pur","Dug Well",W16190,2012,6.74,6.2,4.09,6.74
HR,Palwal,Hodal,Hodal,28.00833333,77.34166667,Tumsara,"Dug Well",W16183,2012,8.58,'0,7.63,'0
HR,Palwal,Hodal,Hodal,27.97083333,77.41666667,Khambi,"Tube Well",W16181,2012,'0,'0,2.4,'0
HR,Palwal,Hathin,Hathin,27.95833333,77.22916667,Kot,"Dug Well",W16168,2012,7.44,8.5,7.79,'0
HR,Palwal,Palwal,Palwal,28.19444444,77.37777778,Badraun,"Tube Well",W16184,2012,'0,2.5,4.55,'0
HR,Palwal,Hodal,Hodal,28.0375,77.375,Dighaut,"Tube Well",W16177,2012,'0,9.75,'0,10.4
HR,Palwal,Hodal,Hodal,27.88333333,77.35,Hodel,"Dug Well",W16179,2012,9.03,'0,8.97,9
HR,Palwal,Hathin,Hathin,28.04583333,77.24166667,Hathin,"Dug Well",W21721,2012,9.03,'0,9.12,'0
HR,Palwal,Hathin,Hathin,28.01666667,77.13472222,Thekarka,"Dug Well",W16172,2012,'0,'0,.31,'0
HR,Palwal,Hathin,Hathin,28.03472222,77.1875,Lakhnaka,"Tube Well",W16170,2012,'0,'0,5.92,'0
HR,Palwal,Palwal,Palwal,28.15,77.325,Palwal,"Dug Well",W16188,2012,5.62,'0,6.02,'0
HR,Palwal,Palwal,Palwal,28.1375,77.40416667,Lalwa,"Dug Well",W16187,2012,2.98,'0,2.65,'0
HR,Palwal,Hodal,Hodal,28.04583333,77.46666667,Achheja,"Dug Well",W16173,2012,7.84,'0,7.44,'0
HR,Palwal,Hodal,Hodal,28.0625,77.34166667,Bamnikhera,"Dug Well",W16174,2012,7.72,'0,'0,'0
HR,Palwal,Palwal,Palwal,28.15,77.325,Palwal1,"Tube Well",W29832,2012,'0,'0,8.05,'0
HR,Palwal,Palwal,Palwal,28.20416667,77.23888889,Jaindapur,"Dug Well",W16186,2011,8.48,8.56,8.49,8.59
HR,Palwal,Hodal,Hodal,28.0375,77.375,Dighaut,"Tube Well",W16177,2011,5.69,8.94,9.1,7.89
HR,Palwal,Palwal,Palwal,28.09166667,77.40416667,"Rasul Pur","Dug Well",W16190,2011,4.8,4.96,4.1,5.45
HR,Palwal,Hodal,Hodal,28.00833333,77.34166667,Tumsara,"Dug Well",W16183,2011,8.28,8.43,8.19,8.24
HR,Palwal,Hodal,Hodal,27.96666667,77.49027778,Hassanpur,"Dug Well",W16178,2011,.7,'0,'0,14
HR,Palwal,Hodal,Hodal,27.97083333,77.41666667,Khambi,"Tube Well",W16181,2011,1.78,2.3,1.81,2.84
HR,Palwal,Hathin,Hathin,27.95833333,77.22916667,Kot,"Dug Well",W16168,2011,5.89,7.53,5.97,6.33
HR,Palwal,Palwal,Palwal,28.19444444,77.37777778,Badraun,"Tube Well",W16184,2011,5.1,4.67,2.6,6.37
HR,Palwal,Hodal,Hodal,27.88333333,77.35,Hodel,"Dug Well",W16179,2011,'0,8.61,'0,9.34
HR,Palwal,Hathin,Hathin,28.04583333,77.24166667,Hathin,"Dug Well",W21721,2011,8.35,8.28,8.11,8.2
HR,Palwal,Hathin,Hathin,28.01666667,77.13472222,Thekarka,"Dug Well",W16172,2011,1.2,.54,.67,1.51
HR,Palwal,Hathin,Hathin,28.03472222,77.1875,Lakhnaka,"Tube Well",W16170,2011,'0,6.68,5.55,6.44
HR,Palwal,Palwal,Palwal,28.15,77.325,Palwal,"Dug Well",W16188,2011,5.2,4.52,4.01,5.36
HR,Palwal,Palwal,Palwal,28.1375,77.40416667,Lalwa,"Dug Well",W16187,2011,4.1,4.15,3.41,4.62
HR,Palwal,Hodal,Hodal,28.04583333,77.46666667,Achheja,"Dug Well",W16173,2011,6.77,6.53,5.8,7.31
HR,Palwal,Hodal,Hodal,28.0625,77.34166667,Bamnikhera,"Dug Well",W16174,2011,'0,'0,6.86,'0
HR,Palwal,Hodal,Hodal,28.07777778,77.43888889,Barauli1,"Tube Well",W16176,2011,8.95,7.19,'0,8.34
HR,Palwal,Palwal,Palwal,28.22083333,77.30833333,Baghaula,"Dug Well",W16185,2011,'0,2.34,2.81,3.1
HR,Palwal,Palwal,Palwal,28.20416667,77.23888889,Jaindapur,"Dug Well",W16186,2010,8.54,'0,8.46,'0
HR,Palwal,Hodal,Hodal,28.0375,77.375,Dighaut,"Tube Well",W16177,2010,11.12,10.93,9.18,12.36
HR,Palwal,Palwal,Palwal,28.09166667,77.40416667,"Rasul Pur","Dug Well",W16190,2010,5.75,6.07,4.34,6.92
HR,Palwal,Hodal,Hodal,28.00833333,77.34166667,Tumsara,"Dug Well",W16183,2010,8.87,8.98,8.39,9
HR,Palwal,Hodal,Hodal,27.97083333,77.41666667,Khambi,"Tube Well",W16181,2010,.82,2.63,1.72,3.67
HR,Palwal,Hathin,Hathin,27.95833333,77.22916667,Kot,"Dug Well",W16168,2010,8.46,'0,6.01,9.22
HR,Palwal,Palwal,Palwal,28.19444444,77.37777778,Badraun,"Tube Well",W16184,2010,3.84,6.86,2.4,8.16
HR,Palwal,Hodal,Hodal,27.88333333,77.35,Hodel,"Dug Well",W16179,2010,'0,9.57,'0,'0
HR,Palwal,Hathin,Hathin,28.04583333,77.24166667,Hathin,"Dug Well",W21721,2010,8.89,'0,8.14,'0
HR,Palwal,Hathin,Hathin,28.01666667,77.13472222,Thekarka,"Dug Well",W16172,2010,'0,'0,.51,'0
HR,Palwal,Hathin,Hathin,28.03472222,77.1875,Lakhnaka,"Tube Well",W16170,2010,7.17,7.6,7.14,7.7
HR,Palwal,Palwal,Palwal,28.15,77.325,Palwal,"Dug Well",W16188,2010,5.48,4.44,4.05,6
HR,Palwal,Palwal,Palwal,28.1375,77.40416667,Lalwa,"Dug Well",W16187,2010,5.69,6.06,3.58,5.92
HR,Palwal,Hodal,Hodal,28.04583333,77.46666667,Achheja,"Dug Well",W16173,2010,7.95,'0,5.87,8.71
HR,Palwal,Hodal,Hodal,28.0625,77.34166667,Bamnikhera,"Dug Well",W16174,2010,9.23,7.12,'0,13.2
HR,Palwal,Hodal,Hodal,28.07777778,77.43888889,Barauli1,"Tube Well",W16176,2010,9.82,8.52,6.84,10.3
HR,Palwal,Palwal,Palwal,28.22083333,77.30833333,Baghaula,"Dug Well",W16185,2010,4.37,4.75,2.77,4.64
HR,Palwal,Palwal,Palwal,28.22083333,77.30833333,Baghaula,"Dug Well",W16185,2009,4.55,4.55,4.36,4.5
HR,Palwal,Hodal,Hodal,28.0375,77.375,Dighaut,"Tube Well",W16177,2009,11.4,9.47,10.87,11
HR,Palwal,Hodal,Hodal,27.97083333,77.41666667,Khambi,"Tube Well",W16181,2009,2.2,2.03,2.45,3.35
HR,Palwal,Hathin,Hathin,27.95833333,77.22916667,Kot,"Dug Well",W16168,2009,9.59,8.68,9.37,8.94
HR,Palwal,Palwal,Palwal,28.19444444,77.37777778,Badraun,"Tube Well",W16184,2009,7.18,5.07,6.01,3.2
HR,Palwal,Hodal,Hodal,27.88333333,77.35,Hodel,"Dug Well",W16179,2009,10.14,9.39,9.98,'0
HR,Palwal,Hathin,Hathin,28.03472222,77.1875,Lakhnaka,"Tube Well",W16170,2009,'0,6.84,7.53,5
HR,Palwal,Palwal,Palwal,28.15,77.325,Palwal,"Dug Well",W16188,2009,5.36,3.57,5.18,5.12
HR,Palwal,Palwal,Palwal,28.09166667,77.40416667,"Rasul Pur","Dug Well",W16190,2009,6.6,4.58,5.62,5.89
HR,Palwal,Palwal,Palwal,28.1375,77.40416667,Lalwa,"Dug Well",W16187,2009,5.6,2.98,5.41,'0
HR,Palwal,Hodal,Hodal,28.04583333,77.46666667,Achheja,"Dug Well",W16173,2009,8.98,6.61,7.88,7.25
HR,Palwal,Hodal,Hodal,28.0625,77.34166667,Bamnikhera,"Dug Well",W16174,2009,7.57,'0,7.02,6.72
HR,Palwal,Hodal,Hodal,28.07777778,77.43888889,Barauli1,"Tube Well",W16176,2009,10.2,'0,8.98,'0
HR,Palwal,Hodal,Hodal,28.09444444,77.4625,"Barauli (shallow)","Tube Well",W16175,2009,'0,6.88,'0,'0
HR,Palwal,Hodal,Hodal,28.00833333,77.34166667,Tumsara,"Dug Well",W16183,2009,9,8.37,8.47,7.29
HR,Palwal,Palwal,Palwal,28.20416667,77.23888889,Jaindapur,"Dug Well",W16186,2008,'0,8.62,'0,'0
HR,Palwal,Palwal,Palwal,28.22083333,77.30833333,Baghaula,"Dug Well",W16185,2008,4.8,5.4,4.5,5.86
HR,Palwal,Hodal,Hodal,28.00833333,77.34166667,Tumsara,"Dug Well",W16183,2008,8.42,'0,8.68,8.69
HR,Palwal,Hodal,Hodal,27.97083333,77.41666667,Khambi,"Tube Well",W16181,2008,1.32,3.3,2.07,3.62
HR,Palwal,Hathin,Hathin,27.95833333,77.22916667,Kot,"Dug Well",W16168,2008,7.57,10.64,8.07,8.85
HR,Palwal,Palwal,Palwal,28.19444444,77.37777778,Badraun,"Tube Well",W16184,2008,2.65,'0,2.75,'0
HR,Palwal,Hodal,Hodal,27.88333333,77.35,Hodel,"Dug Well",W16179,2008,'0,9.37,'0,'0
HR,Palwal,Hathin,Hathin,28.04583333,77.24166667,Hathin,"Dug Well",W21721,2008,7.75,'0,'0,'0
HR,Palwal,Hathin,Hathin,28.03472222,77.1875,Lakhnaka,"Tube Well",W16170,2008,9.3,7.4,9.45,8.55
HR,Palwal,Palwal,Palwal,28.15,77.325,Palwal,"Dug Well",W16188,2008,2.67,4.57,3.57,5.12
HR,Palwal,Palwal,Palwal,28.09166667,77.40416667,"Rasul Pur","Dug Well",W16190,2008,3.52,5.74,4.79,5.74
HR,Palwal,Palwal,Palwal,28.1375,77.40416667,Lalwa,"Dug Well",W16187,2008,.99,4.46,2.55,4.4
HR,Palwal,Hodal,Hodal,28.04583333,77.46666667,Achheja,"Dug Well",W16173,2008,5.88,7.46,6.14,7.85
HR,Palwal,Hodal,Hodal,28.0625,77.34166667,Bamnikhera,"Dug Well",W16174,2008,6.42,8.67,6.12,'0
HR,Palwal,Hodal,Hodal,28.07777778,77.43888889,Barauli1,"Tube Well",W16176,2008,'0,8.7,'0,8.69
HR,Palwal,Hodal,Hodal,28.0375,77.375,Dighaut,"Tube Well",W16177,2008,9.9,9.7,10.3,'0
HR,Palwal,Palwal,Palwal,28.20416667,77.23888889,Jaindapur,"Dug Well",W16186,2007,'0,7.22,8.29,'0
HR,Palwal,Hodal,Hodal,28.0375,77.375,Dighaut,"Tube Well",W16177,2007,9.4,10.28,9.86,10.08
HR,Palwal,Hodal,Hodal,28.00833333,77.34166667,Tumsara,"Dug Well",W16183,2007,8.18,8.36,7.91,8.22
HR,Palwal,Hodal,Hodal,27.97083333,77.41666667,Khambi,"Tube Well",W16181,2007,2.4,4.04,3.33,4.24
HR,Palwal,Hathin,Hathin,27.95833333,77.22916667,Kot,"Dug Well",W16168,2007,8.19,7.84,8.7,8.35
HR,Palwal,Palwal,Palwal,28.19444444,77.37777778,Badraun,"Tube Well",W16184,2007,3.8,'0,'0,'0
HR,Palwal,Hathin,Hathin,28.01666667,77.13472222,Thekarka,"Dug Well",W16172,2007,7.36,7.26,'0,7.45
HR,Palwal,Hathin,Hathin,28.03472222,77.1875,Lakhnaka,"Tube Well",W16170,2007,7.5,7.65,7.5,6.4
HR,Palwal,Palwal,Palwal,28.15,77.325,Palwal,"Dug Well",W16188,2007,4.23,4.82,5.83,5.37
HR,Palwal,Palwal,Palwal,28.09166667,77.40416667,"Rasul Pur","Dug Well",W16190,2007,5.13,5.75,5.7,5.59
HR,Palwal,Palwal,Palwal,28.1375,77.40416667,Lalwa,"Dug Well",W16187,2007,2.98,5.88,4.56,5.12
HR,Palwal,Hodal,Hodal,28.04583333,77.46666667,Achheja,"Dug Well",W16173,2007,6.64,7.85,6.62,7.65
HR,Palwal,Hodal,Hodal,28.0625,77.34166667,Bamnikhera,"Dug Well",W16174,2007,6.92,7.62,6.91,6.82
HR,Palwal,Hodal,Hodal,28.07777778,77.43888889,Barauli1,"Tube Well",W16176,2007,'0,'0,7.56,'0
HR,Palwal,Palwal,Palwal,28.22083333,77.30833333,Baghaula,"Dug Well",W16185,2007,5.08,5.69,5.08,5.45
HR,Palwal,Palwal,Palwal,28.20416667,77.23888889,Jaindapur,"Dug Well",W16186,2006,7.96,6.72,7.17,7.02
HR,Palwal,Palwal,Palwal,28.22083333,77.30833333,Baghaula,"Dug Well",W16185,2006,5.3,5.11,5.35,5.23
HR,Palwal,Hodal,Hodal,28.00833333,77.34166667,Tumsara,"Dug Well",W16183,2006,8.57,8.48,8.09,5.23
HR,Palwal,Hodal,Hodal,27.97083333,77.41666667,Khambi,"Tube Well",W16181,2006,3.15,3.3,4.04,3.35
HR,Palwal,Hathin,Hathin,27.95833333,77.22916667,Kot,"Dug Well",W16168,2006,'0,7.39,7.79,7.54
HR,Palwal,Palwal,Palwal,28.19444444,77.37777778,Badraun,"Tube Well",W16184,2006,3.23,'0,'0,'0
HR,Palwal,Hodal,Hodal,28.0375,77.375,Dighaut,"Tube Well",W16177,2006,9.59,8.36,9.76,9.39
HR,Palwal,Hathin,Hathin,28.03472222,77.1875,Lakhnaka,"Tube Well",W16170,2006,6.16,'0,7.62,'0
HR,Palwal,Palwal,Palwal,28.15,77.325,Palwal,"Dug Well",W16188,2006,4.88,3.62,4.86,6.04
HR,Palwal,Palwal,Palwal,28.09166667,77.40416667,"Rasul Pur","Dug Well",W16190,2006,5.07,5.14,5.06,5.14
HR,Palwal,Palwal,Palwal,28.1375,77.40416667,Lalwa,"Dug Well",W16187,2006,5.67,5.15,6.26,5.92
HR,Palwal,Hodal,Hodal,28.04583333,77.46666667,Achheja,"Dug Well",W16173,2006,6.39,6.22,6.64,7.02
HR,Palwal,Hodal,Hodal,28.0625,77.34166667,Bamnikhera,"Dug Well",W16174,2006,6.57,5.92,6.62,6.41
HR,Palwal,Hathin,Hathin,28.01666667,77.13472222,Thekarka,"Dug Well",W16172,2006,'0,6.46,7.21,6.96
HR,Palwal,Palwal,Palwal,28.20416667,77.23888889,Jaindapur,"Dug Well",W16186,2005,6.99,6.47,6.44,6.67
HR,Palwal,Hodal,Hodal,28.0375,77.375,Dighaut,"Tube Well",W16177,2005,7.43,7.6,8.07,9.14
HR,Palwal,Hodal,Hodal,28.00833333,77.34166667,Tumsara,"Dug Well",W16183,2005,6.99,7.18,7.98,'0
HR,Palwal,Hodal,Hodal,27.97083333,77.41666667,Khambi,"Tube Well",W16181,2005,4.61,2.65,2.92,3.68
HR,Palwal,Hathin,Hathin,27.95833333,77.22916667,Kot,"Dug Well",W16168,2005,4.83,6.04,7.54,6.84
HR,Palwal,Palwal,Palwal,28.19444444,77.37777778,Badraun,"Tube Well",W16184,2005,3.93,2.65,'0,'0
HR,Palwal,Hodal,Hodal,27.88333333,77.35,Hodel,"Dug Well",W16179,2005,10.54,9.55,'0,'0
HR,Palwal,Hathin,Hathin,28.01666667,77.13472222,Thekarka,"Dug Well",W16172,2005,.76,1.46,'0,6.16
HR,Palwal,Hathin,Hathin,28.03472222,77.1875,Lakhnaka,"Tube Well",W16170,2005,6.32,6.5,'0,'0
HR,Palwal,Palwal,Palwal,28.15,77.325,Palwal,"Dug Well",W16188,2005,2.85,4.12,2.8,4.83
HR,Palwal,Palwal,Palwal,28.09166667,77.40416667,"Rasul Pur","Dug Well",W16190,2005,1.35,4.84,4.97,4.63
HR,Palwal,Palwal,Palwal,28.1375,77.40416667,Lalwa,"Dug Well",W16187,2005,3.04,5.1,5.4,'0
HR,Palwal,Hodal,Hodal,28.04583333,77.46666667,Achheja,"Dug Well",W16173,2005,6.27,6.34,5.69,6.46
HR,Palwal,Hodal,Hodal,28.0625,77.34166667,Bamnikhera,"Dug Well",W16174,2005,.95,5.72,5.32,4.77
HR,Palwal,Hodal,Hodal,28.09444444,77.4625,"Barauli (shallow)","Tube Well",W16175,2005,'0,'0,'0,7.47
HR,Palwal,Palwal,Palwal,28.22083333,77.30833333,Baghaula,"Dug Well",W16185,2005,3.68,4.6,4.7,4.83
HR,Palwal,Palwal,Palwal,28.20416667,77.23888889,Jaindapur,"Dug Well",W16186,2004,6.67,5.87,6.06,6.37
HR,Palwal,Hodal,Hodal,28.0375,77.375,Dighaut,"Tube Well",W16177,2004,7.6,6.5,6.67,7.88
HR,Palwal,Hodal,Hodal,28.00833333,77.34166667,Tumsara,"Dug Well",W16183,2004,7.88,5.78,5.43,7.4
HR,Palwal,Hodal,Hodal,27.96666667,77.49027778,Hassanpur,"Dug Well",W16178,2004,13.9,9.8,'0,13.2
HR,Palwal,Hodal,Hodal,27.97083333,77.41666667,Khambi,"Tube Well",W16181,2004,2.35,2.43,1.03,3.52
HR,Palwal,Hathin,Hathin,27.95833333,77.22916667,Kot,"Dug Well",W16168,2004,4.64,4.34,3.37,6.72
HR,Palwal,Palwal,Palwal,28.19444444,77.37777778,Badraun,"Tube Well",W16184,2004,4.05,2.75,4.23,5.03
HR,Palwal,Hodal,Hodal,27.88333333,77.35,Hodel,"Dug Well",W16179,2004,8.35,8.95,9.1,'0
HR,Palwal,Hathin,Hathin,28.01666667,77.13472222,Thekarka,"Dug Well",W16172,2004,'0,'0,.4,5.66
HR,Palwal,Hathin,Hathin,28.03472222,77.1875,Lakhnaka,"Tube Well",W16170,2004,7,7.1,3.72,'0
HR,Palwal,Palwal,Palwal,28.15,77.325,Palwal,"Dug Well",W16188,2004,3.95,3.22,3.4,4.42
HR,Palwal,Palwal,Palwal,28.09166667,77.40416667,"Rasul Pur","Dug Well",W16190,2004,'0,5.04,'0,4.72
HR,Palwal,Palwal,Palwal,28.1375,77.40416667,Lalwa,"Dug Well",W16187,2004,4.9,4.5,4.06,5
HR,Palwal,Hodal,Hodal,28.04583333,77.46666667,Achheja,"Dug Well",W16173,2004,6.04,5.74,5.37,5.94
HR,Palwal,Hodal,Hodal,28.0625,77.34166667,Bamnikhera,"Dug Well",W16174,2004,5.62,4.82,'0,4.42
HR,Palwal,Hodal,Hodal,28.07777778,77.43888889,Barauli1,"Tube Well",W16176,2004,'0,'0,5.33,6.16
HR,Palwal,Palwal,Palwal,28.22083333,77.30833333,Baghaula,"Dug Well",W16185,2004,4.17,3.4,3.88,4.05
HR,Palwal,Palwal,Palwal,28.20416667,77.23888889,Jaindapur,"Dug Well",W16186,2003,6.21,7.17,5.67,7.58
HR,Palwal,Hodal,Hodal,28.0375,77.375,Dighaut,"Tube Well",W16177,2003,7.14,8.91,6.6,10.91
HR,Palwal,Hodal,Hodal,28.00833333,77.34166667,Tumsara,"Dug Well",W16183,2003,'0,7.43,5.88,8.06
HR,Palwal,Hodal,Hodal,27.96666667,77.49027778,Hassanpur,"Dug Well",W16178,2003,14.14,'0,13.2,'0
HR,Palwal,Hodal,Hodal,27.97083333,77.41666667,Khambi,"Tube Well",W16181,2003,.98,3.76,1.85,4.26
HR,Palwal,Hathin,Hathin,27.95833333,77.22916667,Kot,"Dug Well",W16168,2003,2.17,5.06,4.44,5.24
HR,Palwal,Palwal,Palwal,28.19444444,77.37777778,Badraun,"Tube Well",W16184,2003,'0,4.71,3.45,6.55
HR,Palwal,Hodal,Hodal,27.88333333,77.35,Hodel,"Dug Well",W16179,2003,6.58,9.05,7.55,9.85
HR,Palwal,Hathin,Hathin,28.01666667,77.13472222,Thekarka,"Dug Well",W16172,2003,.26,1.97,'0,2.14
HR,Palwal,Hathin,Hathin,28.03472222,77.1875,Lakhnaka,"Tube Well",W16170,2003,6.5,8.32,6,8.3
HR,Palwal,Palwal,Palwal,28.15,77.325,Palwal,"Dug Well",W16188,2003,1.72,4.67,2.73,5.44
HR,Palwal,Palwal,Palwal,28.09166667,77.40416667,"Rasul Pur","Dug Well",W16190,2003,2.71,5.24,4.24,'0
HR,Palwal,Palwal,Palwal,28.1375,77.40416667,Lalwa,"Dug Well",W16187,2003,3.57,5.39,4.1,6.75
HR,Palwal,Hodal,Hodal,28.04583333,77.46666667,Achheja,"Dug Well",W16173,2003,4.74,6.45,4.74,6.71
HR,Palwal,Hodal,Hodal,28.0625,77.34166667,Bamnikhera,"Dug Well",W16174,2003,3.8,'0,4.3,7.3
HR,Palwal,Hodal,Hodal,28.07777778,77.43888889,Barauli1,"Tube Well",W16176,2003,4.3,8.6,4.21,'0
HR,Palwal,Palwal,Palwal,28.22083333,77.30833333,Baghaula,"Dug Well",W16185,2003,2.8,5.11,2.5,5.44
HR,Palwal,Palwal,Palwal,28.20416667,77.23888889,Jaindapur,"Dug Well",W16186,2002,7.27,6.67,6.85,7.37
HR,Palwal,Hodal,Hodal,28.0375,77.375,Dighaut,"Tube Well",W16177,2002,10.2,'0,8.87,10.8
HR,Palwal,Hodal,Hodal,28.00833333,77.34166667,Tumsara,"Dug Well",W16183,2002,7.49,6.58,7.33,7.78
HR,Palwal,Hodal,Hodal,27.96666667,77.49027778,Hassanpur,"Dug Well",W16178,2002,'0,14.1,'0,14.4
HR,Palwal,Hodal,Hodal,27.97083333,77.41666667,Khambi,"Tube Well",W16181,2002,4.41,'0,3.37,4.45
HR,Palwal,Hathin,Hathin,27.95833333,77.22916667,Kot,"Dug Well",W16168,2002,5.34,4.54,5.18,5.69
HR,Palwal,Palwal,Palwal,28.19444444,77.37777778,Badraun,"Tube Well",W16184,2002,'0,'0,4.49,6.47
HR,Palwal,Hodal,Hodal,27.88333333,77.35,Hodel,"Dug Well",W16179,2002,10.26,'0,7.95,10.22
HR,Palwal,Hathin,Hathin,28.01666667,77.13472222,Thekarka,"Dug Well",W16172,2002,2.1,2.06,'0,'0
HR,Palwal,Hathin,Hathin,28.03472222,77.1875,Lakhnaka,"Tube Well",W16170,2002,6.59,'0,8.3,6.3
HR,Palwal,Palwal,Palwal,28.15,77.325,Palwal,"Dug Well",W16188,2002,4.73,3.87,4.19,4
HR,Palwal,Palwal,Palwal,28.1375,77.40416667,Lalwa,"Dug Well",W16187,2002,5.42,5.2,5.92,5.95
HR,Palwal,Hodal,Hodal,28.04583333,77.46666667,Achheja,"Dug Well",W16173,2002,6.26,6.39,5.97,6.64
HR,Palwal,Hodal,Hodal,28.0625,77.34166667,Bamnikhera,"Dug Well",W16174,2002,'0,5.81,6.78,'0
HR,Palwal,Hodal,Hodal,28.07777778,77.43888889,Barauli1,"Tube Well",W16176,2002,8.06,'0,4.27,'0
HR,Palwal,Palwal,Palwal,28.22083333,77.30833333,Baghaula,"Dug Well",W16185,2002,5.03,4.5,4.85,5.17
HR,Palwal,Palwal,Palwal,28.20416667,77.23888889,Jaindapur,"Dug Well",W16186,2001,5.38,5.19,5.97,6.28
HR,Palwal,Palwal,Palwal,28.22083333,77.30833333,Baghaula,"Dug Well",W16185,2001,'0,4.05,4,4.6
HR,Palwal,Hodal,Hodal,28.00833333,77.34166667,Tumsara,"Dug Well",W16183,2001,'0,4.81,6.66,6.38
HR,Palwal,Hodal,Hodal,27.96666667,77.49027778,Hassanpur,"Dug Well",W16178,2001,13.65,13.12,13.56,13.2
HR,Palwal,Hathin,Hathin,27.95833333,77.22916667,Kot,"Dug Well",W16168,2001,3.28,4.09,3.86,5.45
HR,Palwal,Hodal,Hodal,28.0625,77.34166667,Bamnikhera,"Dug Well",W16174,2001,'0,4.02,4.32,6.75
HR,Palwal,Hathin,Hathin,28.01666667,77.13472222,Thekarka,"Dug Well",W16172,2001,.57,'0,11.16,2.86
HR,Palwal,Palwal,Palwal,28.15,77.325,Palwal,"Dug Well",W16188,2001,2.24,2.58,3.16,3.92
HR,Palwal,Palwal,Palwal,28.1375,77.40416667,Lalwa,"Dug Well",W16187,2001,3.92,3.4,4.57,4.82
HR,Palwal,Hodal,Hodal,28.04583333,77.46666667,Achheja,"Dug Well",W16173,2001,5.76,5.24,5.44,6.48
HR,Palwal,Hodal,Hodal,27.88333333,77.35,Hodel,"Dug Well",W16179,2001,9.1,8.91,9.75,8.69
HR,Palwal,Palwal,Palwal,28.22083333,77.30833333,Baghaula,"Dug Well",W16185,2000,3.26,4.01,3.38,4.14
HR,Palwal,Hodal,Hodal,28.00833333,77.34166667,Tumsara,"Dug Well",W16183,2000,3.23,3.93,4.08,4.28
HR,Palwal,Hodal,Hodal,27.96666667,77.49027778,Hassanpur,"Dug Well",W16178,2000,13.03,12.3,12.76,12.85
HR,Palwal,Hathin,Hathin,27.95833333,77.22916667,Kot,"Dug Well",W16168,2000,2.33,2.55,3.72,5.05
HR,Palwal,Palwal,Palwal,28.20416667,77.23888889,Jaindapur,"Dug Well",W16186,2000,3.94,4.29,4.47,4.86
HR,Palwal,Hodal,Hodal,28.0625,77.34166667,Bamnikhera,"Dug Well",W16174,2000,3.36,5.57,4.58,4.52
HR,Palwal,Hathin,Hathin,28.01666667,77.13472222,Thekarka,"Dug Well",W16172,2000,'0,2.01,1.95,2.46
HR,Palwal,Palwal,Palwal,28.15,77.325,Palwal,"Dug Well",W16188,2000,1.11,'0,'0,2.88
HR,Palwal,Palwal,Palwal,28.1375,77.40416667,Lalwa,"Dug Well",W16187,2000,.81,.05,3.19,1.7
HR,Palwal,Hodal,Hodal,28.04583333,77.46666667,Achheja,"Dug Well",W16173,2000,4.64,4.79,4.78,5.74
HR,Palwal,Hodal,Hodal,27.88333333,77.35,Hodel,"Dug Well",W16179,2000,7.05,'0,8.56,10.65
HR,Palwal,Palwal,Palwal,28.22083333,77.30833333,Baghaula,"Dug Well",W16185,1999,3.29,2.85,3.47,3.57
HR,Palwal,Hathin,Hathin,28.01666667,77.13472222,Thekarka,"Dug Well",W16172,1999,2.01,'0,1.41,2.63
HR,Palwal,Palwal,Palwal,28.1375,77.40416667,Lalwa,"Dug Well",W16187,1999,1.85,.95,1.49,2.9
HR,Palwal,Hodal,Hodal,27.96666667,77.49027778,Hassanpur,"Dug Well",W16178,1999,13.22,12.68,'0,13.01
HR,Palwal,Hodal,Hodal,27.88333333,77.35,Hodel,"Dug Well",W16179,1999,10.03,9.62,9.12,10
HR,Palwal,Hodal,Hodal,28.0625,77.34166667,Bamnikhera,"Dug Well",W16174,1999,4.27,1.79,3.96,4.67
HR,Palwal,Hathin,Hathin,27.95833333,77.22916667,Kot,"Dug Well",W16168,1999,1.4,1.75,1.97,2.74
HR,Palwal,Hodal,Hodal,28.04583333,77.46666667,Achheja,"Dug Well",W16173,1999,4.47,4.37,4.93,4.97
HR,Palwal,Palwal,Palwal,28.20416667,77.23888889,Jaindapur,"Dug Well",W16186,1999,3.67,3.21,4.06,3.95
HR,Palwal,Palwal,Palwal,28.15,77.325,Palwal,"Dug Well",W16188,1999,1.53,1.06,1.22,2.93
HR,Palwal,Hodal,Hodal,28.00833333,77.34166667,Tumsara,"Dug Well",W16183,1999,3.11,2.02,3,3.17
HR,Palwal,Hodal,Hodal,27.96666667,77.49027778,Hassanpur,"Dug Well",W16178,1998,13.67,13.78,12.85,13.9
HR,Palwal,Hodal,Hodal,27.88333333,77.35,Hodel,"Dug Well",W16179,1998,'0,10.17,9.58,10.8
HR,Palwal,Palwal,Palwal,28.1375,77.40416667,Lalwa,"Dug Well",W16187,1998,.34,2.72,.91,2.12
HR,Palwal,Hodal,Hodal,28.04583333,77.46666667,Achheja,"Dug Well",W16173,1998,4.16,5.18,3.71,6.12
HR,Palwal,Palwal,Palwal,28.22083333,77.30833333,Baghaula,"Dug Well",W16185,1998,3.54,'0,2.71,3.83
HR,Palwal,Palwal,Palwal,28.20416667,77.23888889,Jaindapur,"Dug Well",W16186,1998,2.92,3.83,2.6,4.92
HR,Palwal,Palwal,Palwal,28.15,77.325,Palwal,"Dug Well",W16188,1998,-.35,1.4,.66,1.72
HR,Palwal,Hathin,Hathin,28.0875,77.26388889,Bhanguri,"Dug Well",W16167,1998,'0,6.31,'0,'0
HR,Palwal,Hodal,Hodal,28.0625,77.34166667,Bamnikhera,"Dug Well",W16174,1998,1.59,3.25,1.37,3.92
HR,Palwal,Hodal,Hodal,28.00833333,77.34166667,Tumsara,"Dug Well",W16183,1998,1.91,1.98,1.53,5.51
HR,Palwal,Hathin,Hathin,27.95833333,77.22916667,Kot,"Dug Well",W16168,1998,.9,2.89,.5,'0
HR,Palwal,Hodal,Hodal,28.00833333,77.34166667,Tumsara,"Dug Well",W16183,1997,4.7,4.49,2.91,5.3
HR,Palwal,Palwal,Palwal,28.15,77.325,Palwal,"Dug Well",W16188,1997,1.52,2.42,1.12,3.26
HR,Palwal,Hathin,Hathin,28.01666667,77.13472222,Thekarka,"Dug Well",W16172,1997,'0,1.56,.3,.48
HR,Palwal,Hodal,Hodal,27.88333333,77.35,Hodel,"Dug Well",W16179,1997,9.38,8.6,9.69,9.83
HR,Palwal,Hodal,Hodal,28.0625,77.34166667,Bamnikhera,"Dug Well",W16174,1997,4.37,3.37,3.07,4.8
HR,Palwal,Hodal,Hodal,28.04583333,77.46666667,Achheja,"Dug Well",W16173,1997,6.21,4.95,5.29,6.59
HR,Palwal,Palwal,Palwal,28.1375,77.40416667,Lalwa,"Dug Well",W16187,1997,3.06,3.8,'0,4.39
HR,Palwal,Palwal,Palwal,28.22083333,77.30833333,Baghaula,"Dug Well",W16185,1997,4.48,4.68,4.98,5.02
HR,Palwal,Palwal,Palwal,28.20416667,77.23888889,Jaindapur,"Dug Well",W16186,1997,3.78,3.73,3.48,'0
HR,Palwal,Hathin,Hathin,27.95833333,77.22916667,Kot,"Dug Well",W16168,1997,.7,2.51,'0,1.08
HR,Palwal,Hodal,Hodal,27.96666667,77.49027778,Hassanpur,"Dug Well",W16178,1997,13.98,14.26,13.74,14.57
HR,Palwal,Hathin,Hathin,27.95833333,77.22916667,Kot,"Dug Well",W16168,1996,.38,2.44,2.05,1.33
HR,Palwal,Palwal,Palwal,28.22083333,77.30833333,Baghaula,"Dug Well",W16185,1996,3.11,3.61,1.89,4.39
HR,Palwal,Hodal,Hodal,27.88333333,77.35,Hodel,"Dug Well",W16179,1996,11.14,12.69,'0,12.64
HR,Palwal,Hodal,Hodal,28.0625,77.34166667,Bamnikhera,"Dug Well",W16174,1996,3.27,3.62,2.42,4.4
HR,Palwal,Palwal,Palwal,28.20416667,77.23888889,Jaindapur,"Dug Well",W16186,1996,2.64,'0,3.36,3.68
HR,Palwal,Hodal,Hodal,28.00833333,77.34166667,Tumsara,"Dug Well",W16183,1996,4.1,4.29,3.03,5.04
HR,Palwal,Hodal,Hodal,28.04583333,77.46666667,Achheja,"Dug Well",W16173,1996,'0,6.41,6.34,'0
HR,Palwal,Hathin,Hathin,28.01666667,77.13472222,Thekarka,"Dug Well",W16172,1996,.18,'0,1.26,.24
HR,Palwal,Palwal,Palwal,28.15,77.325,Palwal,"Dug Well",W16188,1996,2.61,2.39,2.22,3.53
HR,Palwal,Hodal,Hodal,27.91666667,77.31666667,Saundabad,"Dug Well",W16182,1996,'0,'0,2.3,'0
HR,Palwal,Hodal,Hodal,27.96666667,77.49027778,Hassanpur,"Dug Well",W16178,1996,14.39,11.6,14.25,'0
HR,Palwal,Palwal,Palwal,28.1375,77.40416667,Lalwa,"Dug Well",W16187,1996,4.14,4.85,4.1,5.3
