STATE,DISTRICT,TEH_NAME,BLOCK_NAME,LAT,LON,SITE_NAME,SITE_TYPE,WLCODE,YEAR_OBS,MONSOON,POMRB,POMKH,PREMON
TR,"West Tripura",Melaghar,Kathalia,23.38333333,91.31666667,"Kathalia bazar","Dug Well",W01430,2018,'0,2.83,'0,'0
TR,"West Tripura",Mohanpur,Mohanpur,23.87194444,91.34472222,"Bodhjungnagar STW PZ","Tube Well",W28725,2018,'0,'0,'0,19.9
TR,"West Tripura",Melaghar,Melaghar,23.49722222,91.29166667,Sonamura,"Dug Well",W01432,2018,'0,1.02,'0,'0
TR,"West Tripura",Melaghar,Melaghar,23.49722222,91.29166667,Sonamura,"Dug Well",W01432,2018,'0,'0,'0,1.16
TR,"West Tripura",Teliamura,Kalyanpur,23.91666667,91.61111111,Kalyanpur,"Dug Well",W01436,2018,'0,3.87,'0,'0
TR,"West Tripura",Teliamura,Kalyanpur,23.91666667,91.61111111,Kalyanpur,"Dug Well",W01436,2018,'0,'0,'0,4.22
TR,"West Tripura",Mohanpur,Mohanpur,24.03333333,91.40833333,Simna,"Dug Well",W01435,2018,'0,5.13,'0,'0
TR,"West Tripura",Mohanpur,Mohanpur,24.03333333,91.40833333,Simna,"Dug Well",W01435,2018,'0,'0,'0,4.81
TR,"West Tripura",Mohanpur,Mohanpur,23.87194444,91.34472222,"Bodhjungnagar DTW PZ","Tube Well",W21016,2018,'0,'0,'0,16.6
TR,"West Tripura",Mohanpur,Mohanpur,23.90333333,91.25305556,"Narsinghgarh DTW","Tube Well",W21190,2018,'0,'0,'0,9.88
TR,"West Tripura",Khowai,Khowai,24.08194444,91.61611111,Khowai,"Dug Well",W01429,2018,'0,1.84,'0,'0
TR,"West Tripura",Khowai,Khowai,24.08194444,91.61611111,Khowai,"Dug Well",W01429,2018,'0,'0,'0,1.91
TR,"West Tripura",Bishalgarh,Bishalgarh,23.73333333,91.18333333,Kenania,"Dug Well",W01423,2018,'0,4.53,'0,'0
TR,"West Tripura",Bishalgarh,Bishalgarh,23.73333333,91.18333333,Kenania,"Dug Well",W01423,2018,'0,'0,'0,4.65
TR,"West Tripura",Jirania,Jirania,23.80833333,91.34166667,Mohanpur,"Dug Well",W01426,2018,'0,2.9,'0,'0
TR,"West Tripura",Jirania,Jirania,23.80833333,91.34166667,Mohanpur,"Dug Well",W01426,2018,'0,'0,'0,.63
TR,"West Tripura",Mohanpur,"Agartala (non Block)",23.875,91.2875,"Lichubagan STW PZ","Tube Well",W28728,2018,'0,'0,'0,6.39
TR,"West Tripura",Melaghar,Kathalia,23.38333333,91.31666667,"Kathalia bazar","Dug Well",W01430,2018,'0,'0,'0,2.89
TR,"West Tripura",Melaghar,Kathalia,23.38333333,91.31666667,"Kathalia bazar","Dug Well",W01430,2017,'0,'0,2.66,'0
TR,"West Tripura",Mohanpur,Mohanpur,23.87194444,91.34472222,"Bodhjungnagar STW PZ","Tube Well",W28725,2017,'0,'0,16.17,'0
TR,"West Tripura",Melaghar,Melaghar,23.49722222,91.29166667,Sonamura,"Dug Well",W01432,2017,.22,'0,'0,1.18
TR,"West Tripura",Melaghar,Melaghar,23.49722222,91.29166667,Sonamura,"Dug Well",W01432,2017,'0,'0,.88,'0
TR,"West Tripura",Khowai,Boxanagar,23.58333333,91.20416667,"Dakshin Kalamcherrra","Dug Well",W21036,2017,.82,'0,'0,5.27
TR,"West Tripura",Khowai,Boxanagar,23.58333333,91.20416667,"Dakshin Kalamcherrra","Dug Well",W21036,2017,'0,'0,1.15,'0
TR,"West Tripura",Teliamura,Kalyanpur,23.91666667,91.61111111,Kalyanpur,"Dug Well",W01436,2017,3.45,'0,'0,4.28
TR,"West Tripura",Teliamura,Kalyanpur,23.91666667,91.61111111,Kalyanpur,"Dug Well",W01436,2017,'0,'0,3.85,'0
TR,"West Tripura",Mohanpur,Mohanpur,24.03333333,91.40833333,Simna,"Dug Well",W01435,2017,5.14,'0,'0,5.95
TR,"West Tripura",Mohanpur,Mohanpur,24.03333333,91.40833333,Simna,"Dug Well",W01435,2017,'0,'0,4.82,'0
TR,"West Tripura",Mohanpur,Mohanpur,23.87194444,91.34472222,"Bodhjungnagar DTW PZ","Tube Well",W21016,2017,16.38,'0,'0,'0
TR,"West Tripura",Mohanpur,Mohanpur,23.90333333,91.25305556,"Narsinghgarh DTW","Tube Well",W21190,2017,7.47,'0,'0,6
TR,"West Tripura",Khowai,Khowai,24.08194444,91.61611111,Khowai,"Dug Well",W01429,2017,.57,'0,'0,1.99
TR,"West Tripura",Khowai,Khowai,24.08194444,91.61611111,Khowai,"Dug Well",W01429,2017,'0,'0,1.68,'0
TR,"West Tripura",Bishalgarh,Bishalgarh,23.73333333,91.18333333,Kenania,"Dug Well",W01423,2017,5.53,'0,'0,6.37
TR,"West Tripura",Bishalgarh,Bishalgarh,23.73333333,91.18333333,Kenania,"Dug Well",W01423,2017,'0,'0,5.28,'0
TR,"West Tripura",Jirania,Jirania,23.80833333,91.34166667,Mohanpur,"Dug Well",W01426,2017,2.48,'0,'0,2.93
TR,"West Tripura",Jirania,Jirania,23.80833333,91.34166667,Mohanpur,"Dug Well",W01426,2017,'0,'0,2.57,'0
TR,"West Tripura",Mohanpur,"Agartala (non Block)",23.80777778,91.26722222,"Badharghat DTW PZ","Tube Well",W21005,2017,2.63,'0,'0,'0
TR,"West Tripura",Jirania,Mandai,23.80833333,91.49166667,Champaknagar,"Dug Well",W01425,2017,.41,'0,'0,1.63
TR,"West Tripura",Mohanpur,"Agartala (non Block)",23.875,91.2875,"Lichubagan STW PZ","Tube Well",W28728,2017,3.94,'0,'0,5.29
TR,"West Tripura",Mohanpur,"Agartala (non Block)",23.875,91.2875,"Lichubagan STW PZ","Tube Well",W28728,2017,'0,'0,2.67,'0
TR,"West Tripura",Melaghar,Kathalia,23.46666667,91.275,Sonamura1,"Dug Well",W01433,2017,'0,'0,'0,3.76
TR,"West Tripura",Melaghar,Kathalia,23.38333333,91.31666667,"Kathalia bazar","Dug Well",W01430,2016,'0,'0,2.67,3.78
TR,"West Tripura",Mohanpur,Mohanpur,23.87194444,91.34472222,"Bodhjungnagar STW PZ","Tube Well",W28725,2016,16.05,17.6,'0,18.33
TR,"West Tripura",Melaghar,Melaghar,23.49722222,91.29166667,Sonamura,"Dug Well",W01432,2016,'0,3.03,1.54,1.96
TR,"West Tripura",Khowai,Boxanagar,23.58333333,91.20416667,"Dakshin Kalamcherrra","Dug Well",W21036,2016,'0,'0,1.39,1.96
TR,"West Tripura",Mohanpur,Dukli,23.775,91.26666667,"Suryamaninagar DTW PZ","Tube Well",W21029,2016,4.82,'0,5.17,7.75
TR,"West Tripura",Teliamura,Kalyanpur,23.91666667,91.61111111,Kalyanpur,"Dug Well",W01436,2016,3.9,'0,3.96,4.28
TR,"West Tripura",Mohanpur,Mohanpur,24.03333333,91.40833333,Simna,"Dug Well",W01435,2016,4.35,'0,3.92,5.42
TR,"West Tripura",Mohanpur,Mohanpur,23.87194444,91.34472222,"Bodhjungnagar DTW PZ","Tube Well",W21016,2016,16.82,'0,18.23,20.87
TR,"West Tripura",Mohanpur,Mohanpur,23.90333333,91.25305556,"Narsinghgarh DTW","Tube Well",W21190,2016,8.32,'0,'0,10.81
TR,"West Tripura",Khowai,Khowai,24.08194444,91.61611111,Khowai,"Dug Well",W01429,2016,1.37,'0,'0,2.02
TR,"West Tripura",Bishalgarh,Bishalgarh,23.68333333,91.28333333,Bishalgarh,"Dug Well",W01422,2016,'0,'0,'0,4.07
TR,"West Tripura",Bishalgarh,Bishalgarh,23.73333333,91.18333333,Kenania,"Dug Well",W01423,2016,5.88,'0,5.31,5.94
TR,"West Tripura",Bishalgarh,Dukli,23.80361111,91.33027778,"Nagicherra Ew","Bore Well",W21852,2016,'0,'0,'0,29.78
TR,"West Tripura",Bishalgarh,Dukli,23.80388889,91.33111111,"Nagicherra Ow","Bore Well",W21853,2016,'0,'0,'0,28.63
TR,"West Tripura",Jirania,Jirania,23.80833333,91.34166667,Mohanpur,"Dug Well",W01426,2016,'0,'0,.38,2.79
TR,"West Tripura",Mohanpur,"Agartala (non Block)",23.80777778,91.26722222,"Badharghat DTW PZ","Tube Well",W21005,2016,'0,'0,2.1,4.95
TR,"West Tripura",Jirania,Mandai,23.80833333,91.49166667,Champaknagar,"Dug Well",W01425,2016,.75,'0,1.42,1.92
TR,"West Tripura",Teliamura,Teliamura,23.8,91.625,Teliamura,"Dug Well",W01437,2016,4.26,'0,'0,'0
TR,"West Tripura",MOHANPUR,"Agartala (non Block)",23.80777778,91.26722222,"Badharghat STW PZ","Tube Well",W33216,2016,2.87,'0,'0,'0
TR,"West Tripura",Mohanpur,"Agartala (non Block)",23.875,91.2875,"Lichubagan STW PZ","Tube Well",W28728,2016,4.15,'0,2.69,5.64
TR,"West Tripura",Melaghar,Kathalia,23.46666667,91.275,Sonamura1,"Dug Well",W01433,2016,.79,'0,'0,'0
TR,"West Tripura",Melaghar,Kathalia,23.38333333,91.31666667,"Kathalia bazar","Dug Well",W01430,2015,1.86,3.16,1.86,1.86
TR,"West Tripura",Mohanpur,Mohanpur,23.87194444,91.34472222,"Bodhjungnagar STW PZ","Tube Well",W28725,2015,16.08,18.7,16.08,19.45
TR,"West Tripura",Khowai,Boxanagar,23.58333333,91.20416667,"Dakshin Kalamcherrra","Dug Well",W21036,2015,1.64,2.93,1.64,1.75
TR,"West Tripura",Mohanpur,Dukli,23.775,91.26666667,"Suryamaninagar DTW PZ","Tube Well",W21029,2015,4.83,6.39,4.83,7.26
TR,"West Tripura",Mohanpur,"Agartala (non Block)",23.875,91.2875,"Lichubagan DTW PZ","Tube Well",W21027,2015,'0,'0,'0,6.11
TR,"West Tripura",Teliamura,Kalyanpur,23.91666667,91.61111111,Kalyanpur,"Dug Well",W01436,2015,3.64,4.53,3.64,4.47
TR,"West Tripura",Mohanpur,Mohanpur,24.03333333,91.40833333,Simna,"Dug Well",W01435,2015,4.58,5.39,4.58,6.15
TR,"West Tripura",Mohanpur,Mohanpur,23.87194444,91.34472222,"Bodhjungnagar DTW PZ","Tube Well",W21016,2015,16.84,20.75,16.84,21.46
TR,"West Tripura",Mohanpur,Mohanpur,23.90333333,91.25305556,"Narsinghgarh DTW","Tube Well",W21190,2015,8.35,9.28,8.35,8.55
TR,"West Tripura",Khowai,Khowai,24.08194444,91.61611111,Khowai,"Dug Well",W01429,2015,1.38,1.88,1.38,2.17
TR,"West Tripura",Bishalgarh,Bishalgarh,23.68333333,91.28333333,Bishalgarh,"Dug Well",W01422,2015,2.87,1.96,2.87,4.65
TR,"West Tripura",Bishalgarh,Bishalgarh,23.73333333,91.18333333,Kenania,"Dug Well",W01423,2015,4.03,4.78,4.03,5.93
TR,"West Tripura",Bishalgarh,Dukli,23.80361111,91.33027778,"Nagicherra Ew","Bore Well",W21852,2015,25.9,25.59,25.9,29.45
TR,"West Tripura",Bishalgarh,Dukli,23.80388889,91.33111111,"Nagicherra Ow","Bore Well",W21853,2015,24.75,29.26,24.75,25.55
TR,"West Tripura",Jirania,Jirania,23.80833333,91.34166667,Mohanpur,"Dug Well",W01426,2015,.61,3.11,.61,2.49
TR,"West Tripura",Mohanpur,"Agartala (non Block)",23.80777778,91.26722222,"Badharghat DTW PZ","Tube Well",W21005,2015,5.17,'0,5.17,5.22
TR,"West Tripura",Jirania,Mandai,23.80833333,91.49166667,Champaknagar,"Dug Well",W01425,2015,.78,1.98,.78,2.53
TR,"West Tripura",Teliamura,Teliamura,23.8,91.625,Teliamura,"Dug Well",W01437,2015,'0,'0,'0,4.15
TR,"West Tripura",Mohanpur,Dukli,23.775,91.26666667,"Suryamaninagar STW PZ","Tube Well",W28676,2015,4.71,6.22,4.71,7.15
TR,"West Tripura",Mohanpur,"Agartala (non Block)",23.875,91.2875,"Lichubagan STW PZ","Tube Well",W28728,2015,4.17,6.55,4.17,6.11
TR,"West Tripura",Melaghar,Melaghar,23.49722222,91.29166667,Sonamura,"Dug Well",W01432,2015,.59,2.65,.59,3.52
TR,"West Tripura",Melaghar,Kathalia,23.38333333,91.31666667,"Kathalia bazar","Dug Well",W01430,2014,1.64,3.02,'0,'0
TR,"West Tripura",Mohanpur,Mohanpur,23.90333333,91.25305556,"Narsinghgarh STW ow","Tube Well",W31671,2014,28.58,'0,'0,'0
TR,"West Tripura",Khowai,Boxanagar,23.58333333,91.20416667,"Dakshin Kalamcherrra","Dug Well",W21036,2014,1.39,2.31,'0,'0
TR,"West Tripura",Mohanpur,Dukli,23.775,91.26666667,"Suryamaninagar DTW PZ","Tube Well",W21029,2014,5.76,6.47,'0,'0
TR,"West Tripura",Teliamura,Kalyanpur,23.91666667,91.61111111,Kalyanpur,"Dug Well",W01436,2014,3.8,4.16,'0,'0
TR,"West Tripura",Mohanpur,Mohanpur,24.03333333,91.40833333,Simna,"Dug Well",W01435,2014,4.65,5.31,'0,'0
TR,"West Tripura",Mohanpur,Mohanpur,23.87194444,91.34472222,"Bodhjungnagar DTW PZ","Tube Well",W21016,2014,20.81,'0,'0,'0
TR,"West Tripura",Mohanpur,Mohanpur,23.90333333,91.25305556,"Narsinghgarh DTW","Tube Well",W21190,2014,7.48,8.53,'0,'0
TR,"West Tripura",Khowai,Khowai,24.08194444,91.61611111,Khowai,"Dug Well",W01429,2014,1.52,'0,'0,'0
TR,"West Tripura",Bishalgarh,Bishalgarh,23.68333333,91.28333333,Bishalgarh,"Dug Well",W01422,2014,2.59,3.07,'0,'0
TR,"West Tripura",Bishalgarh,Bishalgarh,23.69166667,91.3375,Sipoyjala,"Dug Well",W01424,2014,1.97,2.31,'0,'0
TR,"West Tripura",Bishalgarh,Bishalgarh,23.73333333,91.18333333,Kenania,"Dug Well",W01423,2014,6.21,6.09,'0,'0
TR,"West Tripura",Bishalgarh,Dukli,23.80361111,91.33027778,"Nagicherra Ew","Bore Well",W21852,2014,'0,28.7,'0,27.75
TR,"West Tripura",Bishalgarh,Dukli,23.80388889,91.33111111,"Nagicherra Ow","Bore Well",W21853,2014,'0,24.83,'0,21.95
TR,"West Tripura",Jirania,Jirania,23.80833333,91.34166667,Mohanpur,"Dug Well",W01426,2014,.86,2.35,'0,'0
TR,"West Tripura",Mohanpur,"Agartala (non Block)",23.80777778,91.26722222,"Badharghat DTW PZ","Tube Well",W21005,2014,'0,3.18,'0,'0
TR,"West Tripura",Jirania,Mandai,23.80833333,91.49166667,Champaknagar,"Dug Well",W01425,2014,1.11,2.42,'0,'0
TR,"West Tripura",Mohanpur,Dukli,23.775,91.26666667,"Suryamaninagar STW PZ","Tube Well",W28676,2014,5.39,6.22,6.01,'0
TR,"West Tripura",Mohanpur,"Agartala (non Block)",23.875,91.2875,"Lichubagan STW PZ","Tube Well",W28728,2014,5.09,4.95,6.27,'0
TR,"West Tripura",Mohanpur,Mohanpur,23.87194444,91.34472222,"Bodhjungnagar STW PZ","Tube Well",W28725,2014,18.81,18.67,18.04,'0
TR,"West Tripura",Melaghar,Melaghar,23.49722222,91.29166667,Sonamura,"Dug Well",W01432,2014,.34,2.64,'0,'0
TR,"West Tripura",Melaghar,Kathalia,23.38333333,91.31666667,"Kathalia bazar","Dug Well",W01430,2013,1.5,3.13,2.27,3.04
TR,"West Tripura",Mohanpur,Mohanpur,23.87194444,91.34472222,"Bodhjungnagar STW PZ","Tube Well",W28725,2013,18.99,'0,18.65,19.97
TR,"West Tripura",Khowai,Boxanagar,23.58333333,91.20416667,"Dakshin Kalamcherrra","Dug Well",W21036,2013,1.38,1.71,1.77,1.79
TR,"West Tripura",Mohanpur,Dukli,23.775,91.26666667,"Suryamaninagar DTW PZ","Tube Well",W21029,2013,5.39,6.56,'0,'0
TR,"West Tripura",Teliamura,Kalyanpur,23.91666667,91.61111111,Kalyanpur,"Dug Well",W01436,2013,3.86,4.26,4.18,4.47
TR,"West Tripura",Khowai,Padmabi,24.00833333,91.525,Chaitantilla,"Dug Well",W01428,2013,'0,'0,'0,'0
TR,"West Tripura",Mohanpur,Mohanpur,24.03333333,91.40833333,Simna,"Dug Well",W01435,2013,4.71,5.08,5.28,5.49
TR,"West Tripura",Mohanpur,Mohanpur,23.87194444,91.34472222,"Bodhjungnagar DTW PZ","Tube Well",W21016,2013,21.77,'0,20.55,21.91
TR,"West Tripura",Jirania,Mohanpur,23.9,91.25833333,Ananganagar,"Dug Well",W21035,2013,'0,'0,'0,5.6
TR,"West Tripura",Mohanpur,Mohanpur,23.90333333,91.25305556,"Narsinghgarh DTW","Tube Well",W21190,2013,8.16,5.11,'0,10.79
TR,"West Tripura",Khowai,Khowai,24.08194444,91.61611111,Khowai,"Dug Well",W01429,2013,1.05,1.86,1.69,1.96
TR,"West Tripura",Bishalgarh,Bishalgarh,23.68333333,91.28333333,Bishalgarh,"Dug Well",W01422,2013,2.34,6.27,3.52,3.25
TR,"West Tripura",Bishalgarh,Bishalgarh,23.69166667,91.3375,Sipoyjala,"Dug Well",W01424,2013,2.03,2.38,2.15,2.49
TR,"West Tripura",Bishalgarh,Bishalgarh,23.73333333,91.18333333,Kenania,"Dug Well",W01423,2013,6.37,6.36,4.61,6.49
TR,"West Tripura",Bishalgarh,Dukli,23.80361111,91.33027778,"Nagicherra Ew","Bore Well",W21852,2013,28.95,28.35,28.45,'0
TR,"West Tripura",Bishalgarh,Dukli,23.80388889,91.33111111,"Nagicherra Ow","Bore Well",W21853,2013,25.51,25.55,25.47,'0
TR,"West Tripura",Jirania,Jirania,23.80833333,91.34166667,Mohanpur,"Dug Well",W01426,2013,'0,2.84,2.21,2.88
TR,"West Tripura",Mohanpur,"Agartala (non Block)",23.80777778,91.26722222,"Badharghat DTW PZ","Tube Well",W21005,2013,3.29,1.85,3.44,4.92
TR,"West Tripura",Jirania,Mandai,23.80833333,91.49166667,Champaknagar,"Dug Well",W01425,2013,1.71,'0,3.75,2.73
TR,"West Tripura",Mohanpur,Dukli,23.775,91.26666667,"Suryamaninagar STW PZ","Tube Well",W28676,2013,5.01,6.27,'0,'0
TR,"West Tripura",Mohanpur,"Agartala (non Block)",23.875,91.2875,"Lichubagan STW PZ","Tube Well",W28728,2013,4.54,4.39,4.44,'0
TR,"West Tripura",Melaghar,Kathalia,23.46666667,91.275,Sonamura1,"Dug Well",W01433,2013,.49,2.34,1.58,3.7
TR,"West Tripura",Melaghar,Kathalia,23.38333333,91.31666667,"Kathalia bazar","Dug Well",W01430,2012,'0,3.05,2.69,'0
TR,"West Tripura",Mohanpur,Mohanpur,23.87194444,91.34472222,"Bodhjungnagar STW PZ","Tube Well",W28725,2012,'0,'0,19.5,'0
TR,"West Tripura",Melaghar,Melaghar,23.49722222,91.29166667,Sonamura,"Dug Well",W01432,2012,'0,'0,.87,'0
TR,"West Tripura",Khowai,Boxanagar,23.58333333,91.20416667,"Dakshin Kalamcherrra","Dug Well",W21036,2012,'0,1.72,1.62,'0
TR,"West Tripura",Mohanpur,Dukli,23.775,91.26666667,"Suryamaninagar DTW PZ","Tube Well",W21029,2012,'0,7.06,6.02,'0
TR,"West Tripura",Mohanpur,"Agartala (non Block)",23.875,91.2875,"Lichubagan DTW PZ","Tube Well",W21027,2012,'0,6.49,4.96,'0
TR,"West Tripura",Teliamura,Kalyanpur,23.91666667,91.61111111,Kalyanpur,"Dug Well",W01436,2012,'0,4.68,4.28,'0
TR,"West Tripura",Mohanpur,Mohanpur,24.03333333,91.40833333,Simna,"Dug Well",W01435,2012,'0,5.24,4.73,'0
TR,"West Tripura",Mohanpur,Mohanpur,23.87194444,91.34472222,"Bodhjungnagar DTW PZ","Tube Well",W21016,2012,'0,19.35,20.95,'0
TR,"West Tripura",Mohanpur,Mohanpur,23.90333333,91.25305556,"Narsinghgarh DTW","Tube Well",W21190,2012,'0,10.9,8.95,'0
TR,"West Tripura",Khowai,Khowai,24.08194444,91.61611111,Khowai,"Dug Well",W01429,2012,'0,1.86,1.68,'0
TR,"West Tripura",Melaghar,Melaghar,23.55277778,91.35833333,Nalchar,"Dug Well",W01431,2012,'0,7.44,'0,'0
TR,"West Tripura",Bishalgarh,Bishalgarh,23.68333333,91.28333333,Bishalgarh,"Dug Well",W01422,2012,'0,2.67,.48,'0
TR,"West Tripura",Bishalgarh,Bishalgarh,23.69166667,91.3375,Sipoyjala,"Dug Well",W01424,2012,'0,2.42,2.11,'0
TR,"West Tripura",Bishalgarh,Bishalgarh,23.73333333,91.18333333,Kenania,"Dug Well",W01423,2012,'0,6.06,6.01,'0
TR,"West Tripura",Bishalgarh,Dukli,23.80361111,91.33027778,"Nagicherra Ew","Bore Well",W21852,2012,'0,24.59,28.83,'0
TR,"West Tripura",Bishalgarh,Dukli,23.80388889,91.33111111,"Nagicherra Ow","Bore Well",W21853,2012,'0,29.63,25.15,'0
TR,"West Tripura",Jirania,Jirania,23.80833333,91.34166667,Mohanpur,"Dug Well",W01426,2012,'0,3.35,2.48,'0
TR,"West Tripura",Mohanpur,"Agartala (non Block)",23.80777778,91.26722222,"Badharghat DTW PZ","Tube Well",W21005,2012,'0,4.8,3.79,'0
TR,"West Tripura",Jirania,Mandai,23.80833333,91.49166667,Champaknagar,"Dug Well",W01425,2012,'0,4.68,3.7,'0
TR,"West Tripura",Teliamura,Teliamura,23.8,91.625,Teliamura,"Dug Well",W01437,2012,'0,2.7,'0,'0
TR,"West Tripura",Mohanpur,Dukli,23.775,91.26666667,"Suryamaninagar STW PZ","Tube Well",W28676,2012,'0,'0,6.03,'0
TR,"West Tripura",Mohanpur,"Agartala (non Block)",23.875,91.2875,"Lichubagan STW PZ","Tube Well",W28728,2012,'0,'0,4.94,'0
TR,"West Tripura",Melaghar,Kathalia,23.46666667,91.275,Sonamura1,"Dug Well",W01433,2012,'0,4.12,'0,'0
TR,"West Tripura",Melaghar,Kathalia,23.38333333,91.31666667,"Kathalia bazar","Dug Well",W01430,2011,1.16,3.11,2.29,'0
TR,"West Tripura",Teliamura,Teliamura,23.8,91.625,Teliamura,"Dug Well",W01437,2011,1.9,2.63,2.4,'0
TR,"West Tripura",Melaghar,Melaghar,23.49722222,91.29166667,Sonamura,"Dug Well",W01432,2011,.23,3.83,'0,'0
TR,"West Tripura",Khowai,Boxanagar,23.58333333,91.20416667,"Dakshin Kalamcherrra","Dug Well",W21036,2011,1.18,1.57,1.62,'0
TR,"West Tripura",Mohanpur,Dukli,23.775,91.26666667,"Suryamaninagar DTW PZ","Tube Well",W21029,2011,'0,6.68,'0,'0
TR,"West Tripura",Mohanpur,"Agartala (non Block)",23.875,91.2875,"Lichubagan DTW PZ","Tube Well",W21027,2011,4.72,5.76,5.17,'0
TR,"West Tripura",Teliamura,Kalyanpur,23.91666667,91.61111111,Kalyanpur,"Dug Well",W01436,2011,3.7,5.27,4.3,'0
TR,"West Tripura",Mohanpur,Mohanpur,24.03333333,91.40833333,Simna,"Dug Well",W01435,2011,4.75,5,4.62,'0
TR,"West Tripura",Mohanpur,Mohanpur,23.87194444,91.34472222,"Bodhjungnagar DTW PZ","Tube Well",W21016,2011,17.96,20.43,17.69,'0
TR,"West Tripura",Mohanpur,Mohanpur,23.90333333,91.25305556,"Narsinghgarh DTW","Tube Well",W21190,2011,7.68,10.34,9,'0
TR,"West Tripura",Khowai,Khowai,24.08194444,91.61611111,Khowai,"Dug Well",W01429,2011,.73,2.02,1.7,'0
TR,"West Tripura",Melaghar,Melaghar,23.55277778,91.35833333,Nalchar,"Dug Well",W01431,2011,2.68,3.46,3.18,'0
TR,"West Tripura",Bishalgarh,Bishalgarh,23.68333333,91.28333333,Bishalgarh,"Dug Well",W01422,2011,1.85,2.55,2.73,'0
TR,"West Tripura",Bishalgarh,Bishalgarh,23.69166667,91.3375,Sipoyjala,"Dug Well",W01424,2011,1.87,2.53,2.22,'0
TR,"West Tripura",Bishalgarh,Bishalgarh,23.73333333,91.18333333,Kenania,"Dug Well",W01423,2011,5.67,5.93,5.35,'0
TR,"West Tripura",Bishalgarh,Dukli,23.80361111,91.33027778,"Nagicherra Ew","Bore Well",W21852,2011,23.99,24.04,23.61,'0
TR,"West Tripura",Bishalgarh,Dukli,23.80388889,91.33111111,"Nagicherra Ow","Bore Well",W21853,2011,27.77,27.51,27.73,'0
TR,"West Tripura",Jirania,Jirania,23.80833333,91.34166667,Mohanpur,"Dug Well",W01426,2011,.1,3.02,2.45,'0
TR,"West Tripura",Mohanpur,"Agartala (non Block)",23.80777778,91.26722222,"Badharghat DTW PZ","Tube Well",W21005,2011,1.93,3.89,2.73,'0
TR,"West Tripura",Jirania,Mandai,23.80833333,91.49166667,Champaknagar,"Dug Well",W01425,2011,1.62,4.29,3.49,'0
TR,"West Tripura",Melaghar,Kathalia,23.46666667,91.275,Sonamura1,"Dug Well",W01433,2011,'0,'0,2.48,'0
TR,"West Tripura",Melaghar,Kathalia,23.38333333,91.31666667,"Kathalia bazar","Dug Well",W01430,2010,2.09,3.04,3.19,'0
TR,"West Tripura",Melaghar,Melaghar,23.49722222,91.29166667,Sonamura,"Dug Well",W01432,2010,1.49,3.86,1.51,'0
TR,"West Tripura",Khowai,Boxanagar,23.58333333,91.20416667,"Dakshin Kalamcherrra","Dug Well",W21036,2010,1.39,1.6,1.53,'0
TR,"West Tripura",Mohanpur,Dukli,23.775,91.26666667,"Suryamaninagar DTW PZ","Tube Well",W21029,2010,5.62,6.89,5.81,'0
TR,"West Tripura",Mohanpur,"Agartala (non Block)",23.875,91.2875,"Lichubagan DTW PZ","Tube Well",W21027,2010,4.77,5.97,4.68,'0
TR,"West Tripura",Mohanpur,"Agartala (non Block)",23.875,91.29166667,Agartala,"Dug Well",W01434,2010,'0,7.07,'0,'0
TR,"West Tripura",Teliamura,Kalyanpur,23.91666667,91.61111111,Kalyanpur,"Dug Well",W01436,2010,3.92,4.73,4.03,'0
TR,"West Tripura",Mohanpur,Mohanpur,24.03333333,91.40833333,Simna,"Dug Well",W01435,2010,4.47,5.56,4.69,'0
TR,"West Tripura",Mohanpur,Mohanpur,23.87194444,91.34472222,"Bodhjungnagar DTW PZ","Tube Well",W21016,2010,'0,20.77,17.01,'0
TR,"West Tripura",Mohanpur,Mohanpur,23.90333333,91.25305556,"Narsinghgarh DTW","Tube Well",W21190,2010,8.13,10.55,8.4,'0
TR,"West Tripura",Khowai,Khowai,24.08194444,91.61611111,Khowai,"Dug Well",W01429,2010,1.67,2.17,1.88,'0
TR,"West Tripura",Melaghar,Melaghar,23.55277778,91.35833333,Nalchar,"Dug Well",W01431,2010,3.57,4.05,3.19,'0
TR,"West Tripura",Bishalgarh,Bishalgarh,23.68333333,91.28333333,Bishalgarh,"Dug Well",W01422,2010,3.12,3.43,3.29,'0
TR,"West Tripura",Bishalgarh,Bishalgarh,23.69166667,91.3375,Sipoyjala,"Dug Well",W01424,2010,2.1,2.68,2.16,'0
TR,"West Tripura",Bishalgarh,Bishalgarh,23.73333333,91.18333333,Kenania,"Dug Well",W01423,2010,5.43,6.06,5.11,'0
TR,"West Tripura",Bishalgarh,Dukli,23.80361111,91.33027778,"Nagicherra Ew","Bore Well",W21852,2010,26.61,27.51,22.1,'0
TR,"West Tripura",Bishalgarh,Dukli,23.80388889,91.33111111,"Nagicherra Ow","Bore Well",W21853,2010,22.38,22.95,26.5,'0
TR,"West Tripura",Jirania,Jirania,23.80833333,91.34166667,Mohanpur,"Dug Well",W01426,2010,.44,4.86,2.01,'0
TR,"West Tripura",Mohanpur,"Agartala (non Block)",23.80777778,91.26722222,"Badharghat DTW PZ","Tube Well",W21005,2010,3.01,4.11,2.72,'0
TR,"West Tripura",Jirania,Mandai,23.80833333,91.49166667,Champaknagar,"Dug Well",W01425,2010,3.4,4.5,3.4,'0
TR,"West Tripura",Teliamura,Teliamura,23.8,91.625,Teliamura,"Dug Well",W01437,2010,2.1,2.65,2.26,'0
TR,"West Tripura",Melaghar,Melaghar,23.55277778,91.35833333,Nalchar,"Dug Well",W01431,2009,3.19,3.68,2.57,'0
TR,"West Tripura",Jirania,Mohanpur,23.9,91.25833333,Ananganagar,"Dug Well",W21035,2009,'0,'0,10.99,'0
TR,"West Tripura",Bishalgarh,Bishalgarh,23.68333333,91.28333333,Bishalgarh,"Dug Well",W01422,2009,1.62,3.33,3.17,'0
TR,"West Tripura",Khowai,Khowai,24.08194444,91.61611111,Khowai,"Dug Well",W01429,2009,1.63,2.19,2.01,'0
TR,"West Tripura",Teliamura,Kalyanpur,23.91666667,91.61111111,Kalyanpur,"Dug Well",W01436,2009,4.07,4.53,4.13,'0
TR,"West Tripura",Bishalgarh,Bishalgarh,23.69166667,91.3375,Sipoyjala,"Dug Well",W01424,2009,2.02,2.47,2.25,'0
TR,"West Tripura",Mohanpur,Mohanpur,23.90333333,91.25305556,"Narsinghgarh DTW","Tube Well",W21190,2009,8.24,9.65,'0,'0
TR,"West Tripura",Khowai,Boxanagar,23.58333333,91.20416667,"Dakshin Kalamcherrra","Dug Well",W21036,2009,1.2,1.89,1.31,'0
TR,"West Tripura",Bishalgarh,Bishalgarh,23.73333333,91.18333333,Kenania,"Dug Well",W01423,2009,5.54,6.27,5.21,'0
TR,"West Tripura",Melaghar,Melaghar,23.49722222,91.29166667,Sonamura,"Dug Well",W01432,2009,.27,3.45,1.99,'0
TR,"West Tripura",Jirania,Jirania,23.80833333,91.34166667,Mohanpur,"Dug Well",W01426,2009,.76,3.29,2.3,'0
TR,"West Tripura",Teliamura,Teliamura,23.8,91.625,Teliamura,"Dug Well",W01437,2009,1.52,3.39,2.46,'0
TR,"West Tripura",Melaghar,Kathalia,23.38333333,91.31666667,"Kathalia bazar","Dug Well",W01430,2009,1.1,3.11,2.05,'0
TR,"West Tripura",Mohanpur,Dukli,23.775,91.26666667,"Suryamaninagar DTW PZ","Tube Well",W21029,2009,5.4,6.26,5.71,'0
TR,"West Tripura",Mohanpur,Mohanpur,24.03333333,91.40833333,Simna,"Dug Well",W01435,2009,4.92,5.61,4.56,'0
TR,"West Tripura",Bishalgarh,Dukli,23.80388889,91.33111111,"Nagicherra Ow","Bore Well",W21853,2009,'0,'0,22.1,'0
TR,"West Tripura",Mohanpur,"Agartala (non Block)",23.875,91.2875,"Lichubagan DTW PZ","Tube Well",W21027,2009,4.83,5.69,4.47,'0
TR,"West Tripura",Mohanpur,Mohanpur,23.87194444,91.34472222,"Bodhjungnagar DTW PZ","Tube Well",W21016,2009,18,21,19.52,'0
TR,"West Tripura",Bishalgarh,Dukli,23.80361111,91.33027778,"Nagicherra Ew","Bore Well",W21852,2009,'0,'0,26.4,'0
TR,"West Tripura",Mohanpur,"Agartala (non Block)",23.80777778,91.26722222,"Badharghat DTW PZ","Tube Well",W21005,2009,1.98,3.14,2.74,'0
TR,"West Tripura",Jirania,Mandai,23.80833333,91.49166667,Champaknagar,"Dug Well",W01425,2009,3.32,4.79,3.05,'0
TR,"West Tripura",Melaghar,Melaghar,23.55277778,91.35833333,Nalchar,"Dug Well",W01431,2008,3.26,3.58,2.82,'0
TR,"West Tripura",Khowai,Khowai,24.08194444,91.61611111,Khowai,"Dug Well",W01429,2008,1.8,2.23,1.88,'0
TR,"West Tripura",Mohanpur,Mohanpur,23.90333333,91.25305556,"Narsinghgarh DTW","Tube Well",W21190,2008,8.4,9.75,8.55,'0
TR,"West Tripura",Jirania,Mohanpur,23.9,91.25833333,Ananganagar,"Dug Well",W21035,2008,5.99,'0,'0,'0
TR,"West Tripura",Mohanpur,Mohanpur,23.87194444,91.34472222,"Bodhjungnagar DTW PZ","Tube Well",W21016,2008,20.8,19.8,20.66,'0
TR,"West Tripura",Mohanpur,Mohanpur,24.03333333,91.40833333,Simna,"Dug Well",W01435,2008,4.68,5.11,4.67,'0
TR,"West Tripura",Teliamura,Teliamura,23.8,91.625,Teliamura,"Dug Well",W01437,2008,2.22,2.72,2.28,'0
TR,"West Tripura",Jirania,Mandai,23.80833333,91.49166667,Champaknagar,"Dug Well",W01425,2008,4.07,3.6,3.77,'0
TR,"West Tripura",Mohanpur,"Agartala (non Block)",23.80777778,91.26722222,"Badharghat DTW PZ","Tube Well",W21005,2008,3.01,3.55,2.84,'0
TR,"West Tripura",Jirania,Jirania,23.80833333,91.34166667,Mohanpur,"Dug Well",W01426,2008,1,3.68,1.4,'0
TR,"West Tripura",Teliamura,Kalyanpur,23.91666667,91.61111111,Kalyanpur,"Dug Well",W01436,2008,4.08,4.53,4.04,'0
TR,"West Tripura",Mohanpur,"Agartala (non Block)",23.875,91.29166667,Agartala,"Dug Well",W01434,2008,6.9,7.25,'0,'0
TR,"West Tripura",Mohanpur,"Agartala (non Block)",23.875,91.2875,"Lichubagan DTW PZ","Tube Well",W21027,2008,5.04,5.03,5.08,'0
TR,"West Tripura",Mohanpur,Dukli,23.775,91.26666667,"Suryamaninagar DTW PZ","Tube Well",W21029,2008,5.48,6.41,5.78,'0
TR,"West Tripura",Khowai,Boxanagar,23.58333333,91.20416667,"Dakshin Kalamcherrra","Dug Well",W21036,2008,1.52,2.19,1.32,'0
TR,"West Tripura",Melaghar,Melaghar,23.49722222,91.29166667,Sonamura,"Dug Well",W01432,2008,.31,2.93,1.03,'0
TR,"West Tripura",Melaghar,Kathalia,23.38333333,91.31666667,"Kathalia bazar","Dug Well",W01430,2008,1.8,2.75,1.63,'0
TR,"West Tripura",Bishalgarh,Bishalgarh,23.73333333,91.18333333,Kenania,"Dug Well",W01423,2008,5.81,5.76,5.63,'0
TR,"West Tripura",Bishalgarh,Bishalgarh,23.69166667,91.3375,Sipoyjala,"Dug Well",W01424,2008,2.1,2.38,2.14,'0
TR,"West Tripura",Bishalgarh,Bishalgarh,23.68333333,91.28333333,Bishalgarh,"Dug Well",W01422,2008,2.28,3.07,2.22,'0
TR,"West Tripura",Melaghar,Kathalia,23.38333333,91.31666667,"Kathalia bazar","Dug Well",W01430,2007,.8,3.65,1.15,2.6
TR,"West Tripura",Bishalgarh,Bishalgarh,23.68333333,91.28333333,Bishalgarh,"Dug Well",W01422,2007,2.37,2.79,2.68,.99
TR,"West Tripura",Mohanpur,Mohanpur,24.03333333,91.40833333,Simna,"Dug Well",W01435,2007,4.88,4.77,4.86,4.86
TR,"West Tripura",Melaghar,Kathalia,23.46666667,91.275,Sonamura1,"Dug Well",W01433,2007,'0,2.37,'0,'0
TR,"West Tripura",Melaghar,Melaghar,23.49722222,91.29166667,Sonamura,"Dug Well",W01432,2007,.79,'0,1.19,'0
TR,"West Tripura",Teliamura,Kalyanpur,23.91666667,91.61111111,Kalyanpur,"Dug Well",W01436,2007,3.81,4.42,'0,4.31
TR,"West Tripura",Teliamura,Teliamura,23.8,91.625,Teliamura,"Dug Well",W01437,2007,1.55,2.82,1.96,1.88
TR,"West Tripura",Jirania,Mandai,23.80833333,91.49166667,Champaknagar,"Dug Well",W01425,2007,1.92,3.64,2.02,3.63
TR,"West Tripura",Khowai,Boxanagar,23.58333333,91.20416667,"Dakshin Kalamcherrra","Dug Well",W21036,2007,1.51,3.24,1.7,1.67
TR,"West Tripura",Jirania,Jirania,23.80833333,91.34166667,Mohanpur,"Dug Well",W01426,2007,.25,2.23,1.55,'0
TR,"West Tripura",Mohanpur,Mohanpur,23.87194444,91.34472222,"Bodhjungnagar DTW PZ","Tube Well",W21016,2007,'0,20.04,'0,'0
TR,"West Tripura",Jirania,Mohanpur,23.9,91.25833333,Ananganagar,"Dug Well",W21035,2007,4.73,8.15,5.65,9.11
TR,"West Tripura",Mohanpur,Mohanpur,23.90333333,91.25305556,"Narsinghgarh DTW","Tube Well",W21190,2007,'0,10.17,'0,'0
TR,"West Tripura",Mohanpur,"Agartala (non Block)",23.80777778,91.26722222,"Badharghat DTW PZ","Tube Well",W21005,2007,'0,2.68,'0,'0
TR,"West Tripura",Bishalgarh,Bishalgarh,23.73333333,91.18333333,Kenania,"Dug Well",W01423,2007,4.39,5.75,4.93,6.36
TR,"West Tripura",Khowai,Khowai,24.08194444,91.61611111,Khowai,"Dug Well",W01429,2007,1.73,2.75,1.96,1.48
TR,"West Tripura",Mohanpur,"Agartala (non Block)",23.875,91.29166667,Agartala,"Dug Well",W01434,2007,4.6,7.85,5.15,6.66
TR,"West Tripura",Bishalgarh,Bishalgarh,23.69166667,91.3375,Sipoyjala,"Dug Well",W01424,2007,2.04,2.48,2.21,2.17
TR,"West Tripura",Melaghar,Melaghar,23.55277778,91.35833333,Nalchar,"Dug Well",W01431,2007,1.75,3.49,2,4.44
TR,"West Tripura",Mohanpur,Dukli,23.775,91.26666667,"Suryamaninagar DTW PZ","Tube Well",W21029,2007,'0,5.59,'0,'0
TR,"West Tripura",Mohanpur,"Agartala (non Block)",23.875,91.2875,"Lichubagan DTW PZ","Tube Well",W21027,2007,'0,5.11,'0,'0
TR,"West Tripura",Jirania,Jirania,23.80833333,91.34166667,Mohanpur,"Dug Well",W01426,2006,.6,3.28,1.85,2.16
TR,"West Tripura",Mohanpur,"Agartala (non Block)",23.80777778,91.26722222,"Badharghat DTW PZ","Tube Well",W21005,2006,2.69,'0,'0,'0
TR,"West Tripura",Jirania,Mandai,23.80833333,91.49166667,Champaknagar,"Dug Well",W01425,2006,2.63,3.2,3.1,4.69
TR,"West Tripura",Teliamura,Teliamura,23.8,91.625,Teliamura,"Dug Well",W01437,2006,2.08,3.04,2.52,3.23
TR,"West Tripura",Mohanpur,Mohanpur,23.87194444,91.34472222,"Bodhjungnagar DTW PZ","Tube Well",W21016,2006,19.74,'0,'0,'0
TR,"West Tripura",Jirania,Mohanpur,23.9,91.25833333,Ananganagar,"Dug Well",W21035,2006,5.57,'0,6.78,'0
TR,"West Tripura",Khowai,Khowai,24.08194444,91.61611111,Khowai,"Dug Well",W01429,2006,1.98,2.69,2.04,2.33
TR,"West Tripura",Melaghar,Melaghar,23.55277778,91.35833333,Nalchar,"Dug Well",W01431,2006,3.06,3.57,2.02,4.57
TR,"West Tripura",Bishalgarh,Bishalgarh,23.68333333,91.28333333,Bishalgarh,"Dug Well",W01422,2006,1.9,2.72,1.96,3.55
TR,"West Tripura",Bishalgarh,Bishalgarh,23.69166667,91.3375,Sipoyjala,"Dug Well",W01424,2006,2.23,2.37,2.17,2.5
TR,"West Tripura",Bishalgarh,Bishalgarh,23.73333333,91.18333333,Kenania,"Dug Well",W01423,2006,3.76,5.71,3.01,6.53
TR,"West Tripura",Melaghar,Kathalia,23.38333333,91.31666667,"Kathalia bazar","Dug Well",W01430,2006,2.41,3.65,3.25,2.67
TR,"West Tripura",Melaghar,Kathalia,23.46666667,91.275,Sonamura1,"Dug Well",W01433,2006,.66,2.06,1.56,3.47
TR,"West Tripura",Khowai,Boxanagar,23.58333333,91.20416667,"Dakshin Kalamcherrra","Dug Well",W21036,2006,1.18,'0,.98,'0
TR,"West Tripura",Mohanpur,Dukli,23.775,91.26666667,"Suryamaninagar DTW PZ","Tube Well",W21029,2006,5.44,'0,'0,'0
TR,"West Tripura",Mohanpur,"Agartala (non Block)",23.875,91.2875,"Lichubagan DTW PZ","Tube Well",W21027,2006,4.47,'0,'0,'0
TR,"West Tripura",Mohanpur,"Agartala (non Block)",23.875,91.29166667,Agartala,"Dug Well",W01434,2006,5.21,7.25,5.76,8.47
TR,"West Tripura",Teliamura,Kalyanpur,23.91666667,91.61111111,Kalyanpur,"Dug Well",W01436,2006,3.98,4.01,4.08,4.48
TR,"West Tripura",Khowai,Padmabi,24.00833333,91.525,Chaitantilla,"Dug Well",W01428,2006,'0,1.95,'0,2.35
TR,"West Tripura",Mohanpur,Mohanpur,24.03333333,91.40833333,Simna,"Dug Well",W01435,2006,4.57,4.81,4.76,5.53
TR,"West Tripura",Jirania,Jirania,23.80833333,91.34166667,Mohanpur,"Dug Well",W01426,2005,.49,'0,1.49,1.09
TR,"West Tripura",Mohanpur,Mohanpur,24.03333333,91.40833333,Simna,"Dug Well",W01435,2005,4.66,4.76,4.73,4.66
TR,"West Tripura",Teliamura,Teliamura,23.8,91.625,Teliamura,"Dug Well",W01437,2005,2.26,2.78,2.22,1.71
TR,"West Tripura",Khowai,Khowai,24.08194444,91.61611111,Khowai,"Dug Well",W01429,2005,1.67,2.6,2.47,1.83
TR,"West Tripura",Melaghar,Melaghar,23.55277778,91.35833333,Nalchar,"Dug Well",W01431,2005,2.53,3.61,2.02,4.37
TR,"West Tripura",Bishalgarh,Bishalgarh,23.68333333,91.28333333,Bishalgarh,"Dug Well",W01422,2005,1.93,2.96,1.37,2.95
TR,"West Tripura",Bishalgarh,Bishalgarh,23.69166667,91.3375,Sipoyjala,"Dug Well",W01424,2005,2.21,2.31,2.05,2.34
TR,"West Tripura",Bishalgarh,Bishalgarh,23.73333333,91.18333333,Kenania,"Dug Well",W01423,2005,4.48,5.73,2.83,2.45
TR,"West Tripura",Melaghar,Kathalia,23.38333333,91.31666667,"Kathalia bazar","Dug Well",W01430,2005,2.31,3.71,2.64,2.8
TR,"West Tripura",Melaghar,Kathalia,23.46666667,91.275,Sonamura1,"Dug Well",W01433,2005,.83,2.09,1.62,2.65
TR,"West Tripura",Melaghar,Melaghar,23.49722222,91.29166667,Sonamura,"Dug Well",W01432,2005,'0,'0,'0,2.65
TR,"West Tripura",Mohanpur,"Agartala (non Block)",23.875,91.29166667,Agartala,"Dug Well",W01434,2005,5.08,6.28,5.45,6.6
TR,"West Tripura",Teliamura,Kalyanpur,23.91666667,91.61111111,Kalyanpur,"Dug Well",W01436,2005,3.87,4,3.9,4.25
TR,"West Tripura",Khowai,Padmabi,24.00833333,91.525,Chaitantilla,"Dug Well",W01428,2005,.48,1.62,.68,1.89
TR,"West Tripura",Jirania,Mandai,23.80833333,91.49166667,Champaknagar,"Dug Well",W01425,2005,2.57,3.53,1.74,1.19
TR,"West Tripura",Jirania,Jirania,23.80833333,91.34166667,Mohanpur,"Dug Well",W01426,2004,1.07,'0,'0,1.65
TR,"West Tripura",Mohanpur,Mohanpur,24.03333333,91.40833333,Simna,"Dug Well",W01435,2004,4.76,'0,4.31,4.85
TR,"West Tripura",Teliamura,Teliamura,23.8,91.625,Teliamura,"Dug Well",W01437,2004,2.43,2.91,2.55,2.53
TR,"West Tripura",Khowai,Khowai,24.08194444,91.61611111,Khowai,"Dug Well",W01429,2004,2.17,2.19,2.27,2.21
TR,"West Tripura",Melaghar,Melaghar,23.55277778,91.35833333,Nalchar,"Dug Well",W01431,2004,2.37,3.81,1.97,4.6
TR,"West Tripura",Bishalgarh,Bishalgarh,23.68333333,91.28333333,Bishalgarh,"Dug Well",W01422,2004,2.63,2.49,1.34,2.42
TR,"West Tripura",Bishalgarh,Bishalgarh,23.69166667,91.3375,Sipoyjala,"Dug Well",W01424,2004,1.85,2.22,2.23,2.28
TR,"West Tripura",Bishalgarh,Bishalgarh,23.73333333,91.18333333,Kenania,"Dug Well",W01423,2004,4.14,6.02,2.75,3.14
TR,"West Tripura",Melaghar,Kathalia,23.38333333,91.31666667,"Kathalia bazar","Dug Well",W01430,2004,2.74,4.1,2.82,2.95
TR,"West Tripura",Melaghar,Kathalia,23.46666667,91.275,Sonamura1,"Dug Well",W01433,2004,1.41,2.01,'0,'0
TR,"West Tripura",Melaghar,Melaghar,23.49722222,91.29166667,Sonamura,"Dug Well",W01432,2004,'0,'0,1.52,2.66
TR,"West Tripura",Mohanpur,"Agartala (non Block)",23.875,91.29166667,Agartala,"Dug Well",W01434,2004,5.5,'0,5.41,6.51
TR,"West Tripura",Teliamura,Kalyanpur,23.91666667,91.61111111,Kalyanpur,"Dug Well",W01436,2004,3.77,4.43,3.83,4.31
TR,"West Tripura",Khowai,Padmabi,24.00833333,91.525,Chaitantilla,"Dug Well",W01428,2004,.49,1.46,.72,1.42
TR,"West Tripura",Jirania,Mandai,23.80833333,91.49166667,Champaknagar,"Dug Well",W01425,2004,2.01,3.31,1.84,4.12
TR,"West Tripura",Jirania,Jirania,23.80833333,91.34166667,Mohanpur,"Dug Well",W01426,2003,.83,1.73,'0,1.06
TR,"West Tripura",Mohanpur,Mohanpur,24.03333333,91.40833333,Simna,"Dug Well",W01435,2003,'0,4.86,'0,'0
TR,"West Tripura",Teliamura,Teliamura,23.8,91.625,Teliamura,"Dug Well",W01437,2003,2.58,3.03,2.55,2.93
TR,"West Tripura",Khowai,Khowai,24.08194444,91.61611111,Khowai,"Dug Well",W01429,2003,2.2,2.02,2.65,2.24
TR,"West Tripura",Melaghar,Melaghar,23.55277778,91.35833333,Nalchar,"Dug Well",W01431,2003,2.67,3.64,3.06,4.71
TR,"West Tripura",Bishalgarh,Bishalgarh,23.68333333,91.28333333,Bishalgarh,"Dug Well",W01422,2003,2.22,3.35,2.51,1.45
TR,"West Tripura",Bishalgarh,Bishalgarh,23.69166667,91.3375,Sipoyjala,"Dug Well",W01424,2003,3.22,2.26,2.09,2.34
TR,"West Tripura",Bishalgarh,Bishalgarh,23.73333333,91.18333333,Kenania,"Dug Well",W01423,2003,2.05,5.63,5.59,2.2
TR,"West Tripura",Melaghar,Kathalia,23.38333333,91.31666667,"Kathalia bazar","Dug Well",W01430,2003,2.8,3.7,2.71,3.62
TR,"West Tripura",Melaghar,Kathalia,23.46666667,91.275,Sonamura1,"Dug Well",W01433,2003,1.09,'0,1.59,'0
TR,"West Tripura",Melaghar,Melaghar,23.49722222,91.29166667,Sonamura,"Dug Well",W01432,2003,'0,1.65,2.09,2.17
TR,"West Tripura",Mohanpur,"Agartala (non Block)",23.875,91.29166667,Agartala,"Dug Well",W01434,2003,3.96,6.33,'0,8.03
TR,"West Tripura",Teliamura,Kalyanpur,23.91666667,91.61111111,Kalyanpur,"Dug Well",W01436,2003,4.01,4.33,4.41,2.36
TR,"West Tripura",Khowai,Padmabi,24.00833333,91.525,Chaitantilla,"Dug Well",W01428,2003,6.84,1.74,.78,1.46
TR,"West Tripura",Jirania,Mandai,23.80833333,91.49166667,Champaknagar,"Dug Well",W01425,2003,2.79,3.32,2.57,3.94
TR,"West Tripura",Jirania,Jirania,23.80833333,91.34166667,Mohanpur,"Dug Well",W01426,2002,.05,3.15,1.48,2.3
TR,"West Tripura",Jirania,Mandai,23.80833333,91.49166667,Champaknagar,"Dug Well",W01425,2002,1.47,3.28,3.41,4.43
TR,"West Tripura",Teliamura,Teliamura,23.8,91.625,Teliamura,"Dug Well",W01437,2002,1.96,3.24,2.66,2.86
TR,"West Tripura",Khowai,Khowai,24.08194444,91.61611111,Khowai,"Dug Well",W01429,2002,'0,2.39,2.07,2.25
TR,"West Tripura",Melaghar,Melaghar,23.55277778,91.35833333,Nalchar,"Dug Well",W01431,2002,1.97,3.16,2.56,4.72
TR,"West Tripura",Bishalgarh,Bishalgarh,23.68333333,91.28333333,Bishalgarh,"Dug Well",W01422,2002,1.42,3.62,3.36,4.12
TR,"West Tripura",Khowai,Padmabi,24.00833333,91.525,Chaitantilla,"Dug Well",W01428,2002,.31,1.08,1.25,2.23
TR,"West Tripura",Bishalgarh,Bishalgarh,23.73333333,91.18333333,Kenania,"Dug Well",W01423,2002,4.51,3.91,5.11,7.28
TR,"West Tripura",Melaghar,Kathalia,23.38333333,91.31666667,"Kathalia bazar","Dug Well",W01430,2002,2.57,3.69,1.72,3.05
TR,"West Tripura",Melaghar,Melaghar,23.49722222,91.29166667,Sonamura,"Dug Well",W01432,2002,.74,1.57,1.11,1.61
TR,"West Tripura",Mohanpur,"Agartala (non Block)",23.875,91.29166667,Agartala,"Dug Well",W01434,2002,4.46,6.1,4.65,6.95
TR,"West Tripura",Teliamura,Kalyanpur,23.91666667,91.61111111,Kalyanpur,"Dug Well",W01436,2002,'0,4.49,4.31,4.4
TR,"West Tripura",Bishalgarh,Bishalgarh,23.69166667,91.3375,Sipoyjala,"Dug Well",W01424,2002,'0,2.52,2.26,2.5
TR,"West Tripura",Jirania,Jirania,23.80833333,91.34166667,Mohanpur,"Dug Well",W01426,2001,.61,3.63,1.15,2.28
TR,"West Tripura",Jirania,Mandai,23.80833333,91.49166667,Champaknagar,"Dug Well",W01425,2001,3.43,2.99,2.57,4.4
TR,"West Tripura",Teliamura,Teliamura,23.8,91.625,Teliamura,"Dug Well",W01437,2001,2,3.93,2.49,'0
TR,"West Tripura",Khowai,Khowai,24.08194444,91.61611111,Khowai,"Dug Well",W01429,2001,1.97,2.59,2.01,1.98
TR,"West Tripura",Melaghar,Melaghar,23.55277778,91.35833333,Nalchar,"Dug Well",W01431,2001,3.48,3.54,2.52,5.06
TR,"West Tripura",Bishalgarh,Bishalgarh,23.68333333,91.28333333,Bishalgarh,"Dug Well",W01422,2001,2.17,3.65,3.03,4.14
TR,"West Tripura",Khowai,Padmabi,24.00833333,91.525,Chaitantilla,"Dug Well",W01428,2001,1.43,1.82,.7,1.76
TR,"West Tripura",Bishalgarh,Bishalgarh,23.73333333,91.18333333,Kenania,"Dug Well",W01423,2001,4.65,4.54,3.4,'0
TR,"West Tripura",Melaghar,Kathalia,23.38333333,91.31666667,"Kathalia bazar","Dug Well",W01430,2001,2.89,3.92,2.81,3.57
TR,"West Tripura",Melaghar,Melaghar,23.49722222,91.29166667,Sonamura,"Dug Well",W01432,2001,1.27,2,1.21,2.46
TR,"West Tripura",Mohanpur,"Agartala (non Block)",23.875,91.29166667,Agartala,"Dug Well",W01434,2001,4.75,7.28,4.21,10.42
TR,"West Tripura",Teliamura,Kalyanpur,23.91666667,91.61111111,Kalyanpur,"Dug Well",W01436,2001,3.91,4.17,3.84,4.37
TR,"West Tripura",Bishalgarh,Bishalgarh,23.69166667,91.3375,Sipoyjala,"Dug Well",W01424,2001,2.42,2.54,2.37,2.99
TR,"West Tripura",Jirania,Jirania,23.80833333,91.34166667,Mohanpur,"Dug Well",W01426,2000,1.4,'0,1.58,'0
TR,"West Tripura",Jirania,Mandai,23.80833333,91.49166667,Champaknagar,"Dug Well",W01425,2000,'0,'0,2.63,'0
TR,"West Tripura",Teliamura,Teliamura,23.8,91.625,Teliamura,"Dug Well",W01437,2000,'0,6.06,3.03,'0
TR,"West Tripura",Melaghar,Melaghar,23.55277778,91.35833333,Nalchar,"Dug Well",W01431,2000,2.05,3.57,3.08,'0
TR,"West Tripura",Khowai,Padmabi,24.00833333,91.525,Chaitantilla,"Dug Well",W01428,2000,.96,1.43,1.6,'0
TR,"West Tripura",Bishalgarh,Bishalgarh,23.73333333,91.18333333,Kenania,"Dug Well",W01423,2000,3.86,4.63,4.01,'0
TR,"West Tripura",Melaghar,Melaghar,23.49722222,91.29166667,Sonamura,"Dug Well",W01432,2000,.96,2.16,1.78,'0
TR,"West Tripura",Mohanpur,"Agartala (non Block)",23.875,91.29166667,Agartala,"Dug Well",W01434,2000,'0,8.81,5.84,'0
TR,"West Tripura",Bishalgarh,Bishalgarh,23.68333333,91.28333333,Bishalgarh,"Dug Well",W01422,2000,2.85,3.08,3.9,'0
TR,"West Tripura",Bishalgarh,Bishalgarh,23.69166667,91.3375,Sipoyjala,"Dug Well",W01424,1999,2.37,'0,'0,'0
TR,"West Tripura",Khowai,Khowai,24.08194444,91.61611111,Khowai,"Dug Well",W01429,1999,2.13,'0,'0,'0
TR,"West Tripura",Melaghar,Kathalia,23.38333333,91.31666667,"Kathalia bazar","Dug Well",W01430,1999,2.62,'0,'0,'0
TR,"West Tripura",Jirania,Mandai,23.80833333,91.49166667,Champaknagar,"Dug Well",W01425,1999,3.5,3.77,3.99,4.87
TR,"West Tripura",Bishalgarh,Bishalgarh,23.73333333,91.18333333,Kenania,"Dug Well",W01423,1999,3.46,4.47,4.62,7.28
TR,"West Tripura",Mohanpur,Mohanpur,24.03333333,91.40833333,Simna,"Dug Well",W01435,1999,8.77,'0,9.6,'0
TR,"West Tripura",Jirania,Jirania,23.80833333,91.34166667,Mohanpur,"Dug Well",W01426,1999,.83,3.36,2.04,4.32
TR,"West Tripura",Melaghar,Melaghar,23.49722222,91.29166667,Sonamura,"Dug Well",W01432,1999,1.65,2.28,2.83,4.35
TR,"West Tripura",Mohanpur,"Agartala (non Block)",23.875,91.29166667,Agartala,"Dug Well",W01434,1999,8.91,8.55,7.14,10.44
TR,"West Tripura",Khowai,Padmabi,24.00833333,91.525,Chaitantilla,"Dug Well",W01428,1999,.88,2.44,1.99,4.88
TR,"West Tripura",Teliamura,Teliamura,23.8,91.625,Teliamura,"Dug Well",W01437,1999,1.86,5.16,2.92,6.8
TR,"West Tripura",Melaghar,Melaghar,23.55277778,91.35833333,Nalchar,"Dug Well",W01431,1999,2.18,3.75,3.38,5.22
TR,"West Tripura",Teliamura,Kalyanpur,23.91666667,91.61111111,Kalyanpur,"Dug Well",W01436,1999,3.99,'0,'0,'0
TR,"West Tripura",Bishalgarh,Bishalgarh,23.68333333,91.28333333,Bishalgarh,"Dug Well",W01422,1999,3.25,3.45,4.11,4.3
TR,"West Tripura",Bishalgarh,Bishalgarh,23.73333333,91.18333333,Kenania,"Dug Well",W01423,1998,3.18,4.58,3.62,5.55
TR,"West Tripura",Khowai,Khowai,24.08194444,91.61611111,Khowai,"Dug Well",W01429,1998,2.4,3.54,3.2,'0
TR,"West Tripura",Mohanpur,Mohanpur,24.03333333,91.40833333,Simna,"Dug Well",W01435,1998,'0,'0,3.1,'0
TR,"West Tripura",Jirania,Jirania,23.80833333,91.34166667,Mohanpur,"Dug Well",W01426,1998,1.04,2.88,3.34,1.35
TR,"West Tripura",Khowai,Padmabi,24.00833333,91.525,Chaitantilla,"Dug Well",W01428,1998,'0,2.67,'0,2.72
TR,"West Tripura",Melaghar,Melaghar,23.49722222,91.29166667,Sonamura,"Dug Well",W01432,1998,1.05,2.05,1.85,2.46
TR,"West Tripura",Teliamura,Kalyanpur,23.91666667,91.61111111,Kalyanpur,"Dug Well",W01436,1998,4.19,4.27,4.35,'0
TR,"West Tripura",Jirania,Mandai,23.80833333,91.49166667,Champaknagar,"Dug Well",W01425,1998,2.2,3.4,3.76,4.9
TR,"West Tripura",Melaghar,Melaghar,23.55277778,91.35833333,Nalchar,"Dug Well",W01431,1998,2.02,3.62,3.1,5.2
TR,"West Tripura",Teliamura,Teliamura,23.8,91.625,Teliamura,"Dug Well",W01437,1998,2.3,4.18,3.1,3.28
TR,"West Tripura",Bishalgarh,Bishalgarh,23.68333333,91.28333333,Bishalgarh,"Dug Well",W01422,1998,3.3,4.52,3.82,4.42
TR,"West Tripura",Mohanpur,"Agartala (non Block)",23.875,91.29166667,Agartala,"Dug Well",W01434,1998,5.41,8.81,5.9,6.52
TR,"West Tripura",Bishalgarh,Bishalgarh,23.69166667,91.3375,Sipoyjala,"Dug Well",W01424,1998,2.46,3.42,2.76,'0
TR,"West Tripura",Bishalgarh,Bishalgarh,23.69166667,91.3375,Sipoyjala,"Dug Well",W01424,1997,1.94,2.48,2.72,3.12
TR,"West Tripura",Bishalgarh,Bishalgarh,23.68333333,91.28333333,Bishalgarh,"Dug Well",W01422,1997,3.28,4.42,4.12,4.63
TR,"West Tripura",Khowai,Khowai,24.08194444,91.61611111,Khowai,"Dug Well",W01429,1997,2.18,2.68,2.78,2.48
TR,"West Tripura",Mohanpur,Mohanpur,24.03333333,91.40833333,Simna,"Dug Well",W01435,1997,'0,5.45,'0,'0
TR,"West Tripura",Khowai,Padmabi,24.00833333,91.525,Chaitantilla,"Dug Well",W01428,1997,.3,1.89,1.95,4.47
TR,"West Tripura",Teliamura,Kalyanpur,23.91666667,91.61111111,Kalyanpur,"Dug Well",W01436,1997,3.84,4.29,4.08,4.53
TR,"West Tripura",Mohanpur,"Agartala (non Block)",23.875,91.29166667,Agartala,"Dug Well",W01434,1997,5.55,9.13,6.98,9.95
TR,"West Tripura",Melaghar,Melaghar,23.49722222,91.29166667,Sonamura,"Dug Well",W01432,1997,1.1,2.18,2.05,2.33
TR,"West Tripura",Melaghar,Melaghar,23.55277778,91.35833333,Nalchar,"Dug Well",W01431,1997,1.01,3.07,2.77,4.7
TR,"West Tripura",Teliamura,Teliamura,23.8,91.625,Teliamura,"Dug Well",W01437,1997,2.64,3.78,3.2,6.54
TR,"West Tripura",Jirania,Mandai,23.80833333,91.49166667,Champaknagar,"Dug Well",W01425,1997,2.8,3.62,2.6,5.05
TR,"West Tripura",Jirania,Jirania,23.80833333,91.34166667,Mohanpur,"Dug Well",W01426,1997,.77,3.32,2.4,3.02
TR,"West Tripura",Bishalgarh,Bishalgarh,23.73333333,91.18333333,Kenania,"Dug Well",W01423,1997,3.33,4.72,3.96,5.4
TR,"West Tripura",Khowai,Khowai,24.08194444,91.61611111,Khowai,"Dug Well",W01429,1996,'0,2.43,2.31,2.76
TR,"West Tripura",Jirania,Jirania,23.80833333,91.34166667,Mohanpur,"Dug Well",W01426,1996,2.56,3.48,'0,.52
TR,"West Tripura",Teliamura,Teliamura,23.8,91.625,Teliamura,"Dug Well",W01437,1996,'0,3.15,2.76,2.28
TR,"West Tripura",Mohanpur,Mohanpur,24.03333333,91.40833333,Simna,"Dug Well",W01435,1996,'0,4.96,'0,4.81
TR,"West Tripura",Khowai,Padmabi,24.00833333,91.525,Chaitantilla,"Dug Well",W01428,1996,.93,2.6,1.35,1.13
TR,"West Tripura",Jirania,Mandai,23.80833333,91.49166667,Champaknagar,"Dug Well",W01425,1996,'0,3.99,3.12,4.5
TR,"West Tripura",Bishalgarh,Bishalgarh,23.69166667,91.3375,Sipoyjala,"Dug Well",W01424,1996,2.44,2.45,2.44,2.66
TR,"West Tripura",Teliamura,Kalyanpur,23.91666667,91.61111111,Kalyanpur,"Dug Well",W01436,1996,'0,4.26,4.08,4.47
TR,"West Tripura",Melaghar,Melaghar,23.55277778,91.35833333,Nalchar,"Dug Well",W01431,1996,2.32,3.45,3.74,4.22
TR,"West Tripura",Mohanpur,"Agartala (non Block)",23.875,91.29166667,Agartala,"Dug Well",W01434,1996,5.49,7.2,5.67,5.5
TR,"West Tripura",Bishalgarh,Bishalgarh,23.73333333,91.18333333,Kenania,"Dug Well",W01423,1996,4.26,4.81,4.2,5.16
TR,"West Tripura",Bishalgarh,Bishalgarh,23.68333333,91.28333333,Bishalgarh,"Dug Well",W01422,1996,3.48,3.83,3.66,3.22
TR,"West Tripura",Melaghar,Melaghar,23.49722222,91.29166667,Sonamura,"Dug Well",W01432,1996,1.53,2.02,1.39,2.13
