STATE,DISTRICT,TEH_NAME,BLOCK_NAME,LAT,LON,SITE_NAME,SITE_TYPE,WLCODE,YEAR_OBS,MONSOON,POMRB,POMKH,PREMON
OD,Rayagada,Gunupur,Gunupur,19.07944444,83.81166667,Gunupur1,"Dug Well",W09907,2018,'0,1.7,'0,'0
OD,Rayagada,Kolnara,Kolnara,19.27611111,83.61027778,Minajhola,"Dug Well",W32714,2018,'0,'0,'0,3.7
OD,Rayagada,Ramanguda,Ramanguda,19.22,83.77166667,Gumda,"Dug Well",W09917,2018,'0,1.23,'0,'0
OD,Rayagada,Ramanguda,Ramanguda,19.22,83.77166667,Gumda,"Dug Well",W09917,2018,'0,'0,'0,3.23
OD,Rayagada,Kolnara,Kolnara,19.32777778,83.44111111,Therabali,"Dug Well",W10092,2018,'0,5.32,'0,'0
OD,Rayagada,Kolnara,Kolnara,19.32777778,83.44111111,Therabali,"Dug Well",W10092,2018,'0,'0,'0,6.12
OD,Rayagada,Kolnara,Kolnara,19.22555556,83.55888889,Mukundpur,"Dug Well",W09912,2018,'0,4.26,'0,'0
OD,Rayagada,Kolnara,Kolnara,19.22555556,83.55888889,Mukundpur,"Dug Well",W09912,2018,'0,'0,'0,6.26
OD,Rayagada,Padmapur,Padmapur,19.24083333,83.82222222,Padampur2,"Dug Well",W09915,2018,'0,1.2,'0,'0
OD,Rayagada,Padmapur,Padmapur,19.24083333,83.82222222,Padampur2,"Dug Well",W09915,2018,'0,'0,'0,1.65
OD,Rayagada,Padmapur,Padmapur,19.36111111,83.96666667,Narainpur,"Dug Well",W09914,2018,'0,1.3,'0,'0
OD,Rayagada,Padmapur,Padmapur,19.36111111,83.96666667,Narainpur,"Dug Well",W09914,2018,'0,'0,'0,4.3
OD,Rayagada,Kashipur,Kashipur,19.24083333,83.11194444,Gorakhpur,"Dug Well",W09909,2018,'0,3.35,'0,'0
OD,Rayagada,Kashipur,Kashipur,19.24083333,83.11194444,Gorakhpur,"Dug Well",W09909,2018,'0,'0,'0,4.35
OD,Rayagada,Kashipur,Kashipur,19.35416667,83.11972222,Kashipur,"Dug Well",W09910,2018,'0,11.3,'0,'0
OD,Rayagada,Kashipur,Kashipur,19.35416667,83.11972222,Kashipur,"Dug Well",W09910,2018,'0,'0,'0,12.6
OD,Rayagada,Rayagada,Rayagada,19.17555556,83.37805556,Shirikona,"Dug Well",W09923,2018,'0,5.48,'0,'0
OD,Rayagada,Rayagada,Rayagada,19.17555556,83.37805556,Shirikona,"Dug Well",W09923,2018,'0,'0,'0,8.48
OD,Rayagada,Rayagada,Rayagada,19.19444444,83.28833333,Gumma,"Dug Well",W09919,2018,'0,2.4,'0,'0
OD,Rayagada,Rayagada,Rayagada,19.19444444,83.28833333,Gumma,"Dug Well",W09919,2018,'0,'0,'0,2.4
OD,Rayagada,Gunupur,Gunupur,19.16916667,83.84138889,Dambasara,"Dug Well",W26042,2018,'0,2.35,'0,'0
OD,Rayagada,Gunupur,Gunupur,19.16916667,83.84138889,Dambasara,"Dug Well",W26042,2018,'0,'0,'0,2.35
OD,Rayagada,Ramanguda,Rayagada,19.19333333,83.34527778,Kodapadu,"Dug Well",W26051,2018,'0,2.6,'0,'0
OD,Rayagada,Ramanguda,Rayagada,19.19333333,83.34527778,Kodapadu,"Dug Well",W26051,2018,'0,'0,'0,4.6
OD,Rayagada,Ramanguda,Ramanguda,19.20583333,83.70888889,"Bangi Chowk","Dug Well",W26054,2018,'0,2.2,'0,'0
OD,Rayagada,Ramanguda,Ramanguda,19.20583333,83.70888889,"Bangi Chowk","Dug Well",W26054,2018,'0,'0,'0,4.2
OD,Rayagada,Ramanguda,Ramanguda,19.27,83.63805556,Tandikana,"Dug Well",W26069,2018,'0,1.5,'0,'0
OD,Rayagada,Ramanguda,Ramanguda,19.27,83.63805556,Tandikana,"Dug Well",W26069,2018,'0,'0,'0,2.5
OD,Rayagada,Padmapur,Padmapur,19.20722222,83.83833333,"Nua Dakasikula","Dug Well",W26055,2018,'0,1,'0,'0
OD,Rayagada,Padmapur,Padmapur,19.20722222,83.83833333,"Nua Dakasikula","Dug Well",W26055,2018,'0,'0,'0,2.2
OD,Rayagada,Padmapur,Padmapur,19.27361111,83.85861111,Akhusingi,"Dug Well",W26071,2018,'0,4.7,'0,'0
OD,Rayagada,Padmapur,Padmapur,19.27361111,83.85861111,Akhusingi,"Dug Well",W26071,2018,'0,'0,'0,4.7
OD,Rayagada,Kashipur,Kashipur,19.18027778,83.13611111,Kaliapada,"Dug Well",W26048,2018,'0,4.4,'0,'0
OD,Rayagada,Kashipur,Kashipur,19.18027778,83.13611111,Kaliapada,"Dug Well",W26048,2018,'0,'0,'0,4.4
OD,Rayagada,Muniguda,Muniguda,19.83527778,83.45805556,Ambadola,"Dug Well",W26231,2018,'0,7.24,'0,'0
OD,Rayagada,Muniguda,Muniguda,19.83527778,83.45805556,Ambadola,"Dug Well",W26231,2018,'0,'0,'0,8.04
OD,Rayagada,Padmapur,Padmapur,19.3075,83.90055556,Kenduguda,"Dug Well",W26084,2018,'0,2.35,'0,'0
OD,Rayagada,Padmapur,Padmapur,19.3075,83.90055556,Kenduguda,"Dug Well",W26084,2018,'0,'0,'0,4.35
OD,Rayagada,Lakshmipur,Rayagada,19.09472222,83.19333333,Dhamanaganda,"Dug Well",W32701,2018,'0,1.3,'0,'0
OD,Rayagada,Lakshmipur,Rayagada,19.09472222,83.19333333,Dhamanaganda,"Dug Well",W32701,2018,'0,'0,'0,2.7
OD,Rayagada,Ramanguda,Ramanguda,19.22138889,83.69305556,Chakunda,"Dug Well",W32711,2018,'0,2.3,'0,'0
OD,Rayagada,Ramanguda,Ramanguda,19.22138889,83.69305556,Chakunda,"Dug Well",W32711,2018,'0,'0,'0,3.6
OD,Rayagada,Ramanguda,Ramanguda,19.2225,83.67611111,Ramnaguda2,"Dug Well",W32712,2018,'0,1.1,'0,'0
OD,Rayagada,Ramanguda,Ramanguda,19.2225,83.67611111,Ramnaguda2,"Dug Well",W32712,2018,'0,'0,'0,3.1
OD,Rayagada,Kolnara,Kolnara,19.27611111,83.61027778,Minajhola,"Dug Well",W32714,2018,'0,3.25,'0,'0
OD,Rayagada,Gunupur,Gunupur,19.07944444,83.81166667,Gunupur1,"Dug Well",W09907,2018,'0,'0,'0,3.7
OD,Rayagada,Gunupur,Gunupur,19.07944444,83.81166667,Gunupur1,"Dug Well",W09907,2017,1.5,4.1,'0,5.6
OD,Rayagada,Kolnara,Kolnara,19.27611111,83.61027778,Minajhola,"Dug Well",W32714,2017,'0,'0,2.25,'0
OD,Rayagada,Ramanguda,Ramanguda,19.22,83.77166667,Gumda,"Dug Well",W09917,2017,1,2.35,'0,2.85
OD,Rayagada,Ramanguda,Ramanguda,19.22,83.77166667,Gumda,"Dug Well",W09917,2017,'0,'0,.63,'0
OD,Rayagada,Kolnara,Kolnara,19.32777778,83.44111111,Therabali,"Dug Well",W10092,2017,8.2,11.05,'0,12.3
OD,Rayagada,Kolnara,Kolnara,19.32777778,83.44111111,Therabali,"Dug Well",W10092,2017,'0,'0,7.22,'0
OD,Rayagada,Kolnara,Kolnara,19.22555556,83.55888889,Mukundpur,"Dug Well",W09912,2017,1.4,5.9,'0,6.8
OD,Rayagada,Kolnara,Kolnara,19.22555556,83.55888889,Mukundpur,"Dug Well",W09912,2017,'0,'0,2.36,'0
OD,Rayagada,Padmapur,Padmapur,19.24083333,83.82222222,Padampur2,"Dug Well",W09915,2017,1.1,1.95,'0,2.25
OD,Rayagada,Padmapur,Padmapur,19.24083333,83.82222222,Padampur2,"Dug Well",W09915,2017,'0,'0,.4,'0
OD,Rayagada,Padmapur,Padmapur,19.36111111,83.96666667,Narainpur,"Dug Well",W09914,2017,1.25,3.6,'0,4.3
OD,Rayagada,Padmapur,Padmapur,19.36111111,83.96666667,Narainpur,"Dug Well",W09914,2017,'0,'0,.5,'0
OD,Rayagada,Kashipur,Kashipur,19.24083333,83.11194444,Gorakhpur,"Dug Well",W09909,2017,2.5,4.25,'0,4.35
OD,Rayagada,Kashipur,Kashipur,19.24083333,83.11194444,Gorakhpur,"Dug Well",W09909,2017,'0,'0,3.4,'0
OD,Rayagada,Kashipur,Kashipur,19.35416667,83.11972222,Kashipur,"Dug Well",W09910,2017,8.2,9.9,'0,12.6
OD,Rayagada,Kashipur,Kashipur,19.35416667,83.11972222,Kashipur,"Dug Well",W09910,2017,'0,'0,7.8,'0
OD,Rayagada,Rayagada,Rayagada,19.17555556,83.37805556,Shirikona,"Dug Well",W09923,2017,6,6.75,'0,7.3
OD,Rayagada,Rayagada,Rayagada,19.17555556,83.37805556,Shirikona,"Dug Well",W09923,2017,'0,'0,5.08,'0
OD,Rayagada,Rayagada,Rayagada,19.19444444,83.28833333,Gumma,"Dug Well",W09919,2017,2,1.95,'0,2.3
OD,Rayagada,Rayagada,Rayagada,19.19444444,83.28833333,Gumma,"Dug Well",W09919,2017,'0,'0,1.75,'0
OD,Rayagada,Gunupur,Gunupur,19.16916667,83.84138889,Dambasara,"Dug Well",W26042,2017,1.5,2.15,'0,2.6
OD,Rayagada,Gunupur,Gunupur,19.16916667,83.84138889,Dambasara,"Dug Well",W26042,2017,'0,'0,1.15,'0
OD,Rayagada,Ramanguda,Rayagada,19.19333333,83.34527778,Kodapadu,"Dug Well",W26051,2017,3.5,6.8,'0,7.6
OD,Rayagada,Ramanguda,Rayagada,19.19333333,83.34527778,Kodapadu,"Dug Well",W26051,2017,'0,'0,3.2,'0
OD,Rayagada,Ramanguda,Ramanguda,19.20583333,83.70888889,"Bangi Chowk","Dug Well",W26054,2017,1.1,4.4,'0,5.95
OD,Rayagada,Ramanguda,Ramanguda,19.20583333,83.70888889,"Bangi Chowk","Dug Well",W26054,2017,'0,'0,1.2,'0
OD,Rayagada,Ramanguda,Ramanguda,19.27,83.63805556,Tandikana,"Dug Well",W26069,2017,1,3,'0,3.7
OD,Rayagada,Ramanguda,Ramanguda,19.27,83.63805556,Tandikana,"Dug Well",W26069,2017,'0,'0,.3,'0
OD,Rayagada,Padmapur,Padmapur,19.20722222,83.83833333,"Nua Dakasikula","Dug Well",W26055,2017,1.2,1.65,'0,3.1
OD,Rayagada,Padmapur,Padmapur,19.20722222,83.83833333,"Nua Dakasikula","Dug Well",W26055,2017,'0,'0,.35,'0
OD,Rayagada,Padmapur,Padmapur,19.27361111,83.85861111,Akhusingi,"Dug Well",W26071,2017,.7,1.85,'0,2
OD,Rayagada,Padmapur,Padmapur,19.27361111,83.85861111,Akhusingi,"Dug Well",W26071,2017,'0,'0,.7,'0
OD,Rayagada,Kashipur,Kashipur,19.18027778,83.13611111,Kaliapada,"Dug Well",W26048,2017,3,4.6,'0,4.7
OD,Rayagada,Kashipur,Kashipur,19.18027778,83.13611111,Kaliapada,"Dug Well",W26048,2017,'0,'0,3.2,'0
OD,Rayagada,Muniguda,Muniguda,19.83527778,83.45805556,Ambadola,"Dug Well",W26231,2017,4.5,6.9,'0,10.5
OD,Rayagada,Muniguda,Muniguda,19.83527778,83.45805556,Ambadola,"Dug Well",W26231,2017,'0,'0,5.74,'0
OD,Rayagada,Padmapur,Padmapur,19.3075,83.90055556,Kenduguda,"Dug Well",W26084,2017,1.6,3.35,'0,4.35
OD,Rayagada,Padmapur,Padmapur,19.3075,83.90055556,Kenduguda,"Dug Well",W26084,2017,'0,'0,.95,'0
OD,Rayagada,Lakshmipur,Rayagada,19.09472222,83.19333333,Dhamanaganda,"Dug Well",W32701,2017,1,.06,'0,2.95
OD,Rayagada,Lakshmipur,Rayagada,19.09472222,83.19333333,Dhamanaganda,"Dug Well",W32701,2017,'0,'0,1.2,'0
OD,Rayagada,Ramanguda,Ramanguda,19.22138889,83.69305556,Chakunda,"Dug Well",W32711,2017,1.3,4.3,'0,5.3
OD,Rayagada,Ramanguda,Ramanguda,19.22138889,83.69305556,Chakunda,"Dug Well",W32711,2017,'0,'0,.9,'0
OD,Rayagada,Ramanguda,Ramanguda,19.2225,83.67611111,Ramnaguda2,"Dug Well",W32712,2017,1.25,3,'0,3.7
OD,Rayagada,Ramanguda,Ramanguda,19.2225,83.67611111,Ramnaguda2,"Dug Well",W32712,2017,'0,'0,.6,'0
OD,Rayagada,Kolnara,Kolnara,19.27611111,83.61027778,Minajhola,"Dug Well",W32714,2017,2.5,2.65,'0,3.05
OD,Rayagada,Gunupur,Gunupur,19.07944444,83.81166667,Gunupur1,"Dug Well",W09907,2017,'0,'0,.7,'0
OD,Rayagada,Gunupur,Gunupur,19.07944444,83.81166667,Gunupur1,"Dug Well",W09907,2016,2.35,'0,2.6,5.2
OD,Rayagada,Kolnara,Kolnara,19.27611111,83.61027778,Minajhola,"Dug Well",W32714,2016,2.45,'0,2.55,2.85
OD,Rayagada,Kolnara,Kolnara,19.32777778,83.44111111,Therabali,"Dug Well",W10092,2016,10.4,'0,9.4,11.7
OD,Rayagada,Kolnara,Kolnara,19.22555556,83.55888889,Mukundpur,"Dug Well",W09912,2016,4.3,'0,4,6.6
OD,Rayagada,Padmapur,Padmapur,19.24083333,83.82222222,Padampur2,"Dug Well",W09915,2016,1.35,'0,1.55,2.15
OD,Rayagada,Padmapur,Padmapur,19.36111111,83.96666667,Narainpur,"Dug Well",W09914,2016,1.75,'0,1.3,4.5
OD,Rayagada,Kashipur,Kashipur,19.24083333,83.11194444,Gorakhpur,"Dug Well",W09909,2016,3.55,'0,4.25,4.25
OD,Rayagada,Kashipur,Kashipur,19.35416667,83.11972222,Kashipur,"Dug Well",W09910,2016,8.85,'0,9.05,12.6
OD,Rayagada,Rayagada,Rayagada,19.17555556,83.37805556,Shirikona,"Dug Well",W09923,2016,6,'0,6.05,7.1
OD,Rayagada,Rayagada,Rayagada,19.19444444,83.28833333,Gumma,"Dug Well",W09919,2016,1.8,'0,1.85,2.35
OD,Rayagada,Gunupur,Gunupur,19.16916667,83.84138889,Dambasara,"Dug Well",W26042,2016,1.35,2.05,1.55,2.55
OD,Rayagada,Ramanguda,Rayagada,19.19333333,83.34527778,Kodapadu,"Dug Well",W26051,2016,6.3,6.6,6.3,7.1
OD,Rayagada,Ramanguda,Ramanguda,19.20583333,83.70888889,"Bangi Chowk","Dug Well",W26054,2016,2,4.3,2.9,6.1
OD,Rayagada,Ramanguda,Ramanguda,19.27,83.63805556,Tandikana,"Dug Well",W26069,2016,1.6,2.8,1.7,3.5
OD,Rayagada,Padmapur,Padmapur,19.20722222,83.83833333,"Nua Dakasikula","Dug Well",W26055,2016,.8,1.65,1.1,2.6
OD,Rayagada,Padmapur,Padmapur,19.27361111,83.85861111,Akhusingi,"Dug Well",W26071,2016,.85,1.85,1.35,3.4
OD,Rayagada,Kashipur,Kashipur,19.18027778,83.13611111,Kaliapada,"Dug Well",W26048,2016,1.5,3.6,4.7,3.6
OD,Rayagada,Muniguda,Muniguda,19.83527778,83.45805556,Ambadola,"Dug Well",W26231,2016,5,7.76,5.7,8.5
OD,Rayagada,Padmapur,Padmapur,19.3075,83.90055556,Kenduguda,"Dug Well",W26084,2016,2.75,3.8,3.05,5.45
OD,Rayagada,Lakshmipur,Rayagada,19.09472222,83.19333333,Dhamanaganda,"Dug Well",W32701,2016,.1,'0,.05,3
OD,Rayagada,Ramanguda,Ramanguda,19.22138889,83.69305556,Chakunda,"Dug Well",W32711,2016,3.7,'0,3.5,5.6
OD,Rayagada,Ramanguda,Ramanguda,19.2225,83.67611111,Ramnaguda2,"Dug Well",W32712,2016,1.7,'0,1.95,6.3
OD,Rayagada,Ramanguda,Ramanguda,19.22,83.77166667,Gumda,"Dug Well",W09917,2016,1.7,'0,1.9,2.8
OD,Rayagada,Gunupur,Gunupur,19.07944444,83.81166667,Gunupur1,"Dug Well",W09907,2015,2,2.65,2.6,4.4
OD,Rayagada,Padmapur,Padmapur,19.3075,83.90055556,Kenduguda,"Dug Well",W26084,2015,2.55,3.25,3.45,4.3
OD,Rayagada,Kolnara,Kolnara,19.32777778,83.44111111,Therabali,"Dug Well",W10092,2015,9.5,6.2,9.4,2.1
OD,Rayagada,Kolnara,Kolnara,19.22555556,83.55888889,Mukundpur,"Dug Well",W09912,2015,4.25,4.15,4.6,4.95
OD,Rayagada,Padmapur,Padmapur,19.24083333,83.82222222,Padampur2,"Dug Well",W09915,2015,1.25,1.85,1.55,1.65
OD,Rayagada,Padmapur,Padmapur,19.36111111,83.96666667,Narainpur,"Dug Well",W09914,2015,3.1,3.15,2.05,4.2
OD,Rayagada,Kashipur,Kashipur,19.24083333,83.11194444,Gorakhpur,"Dug Well",W09909,2015,4.05,4.15,4.15,3.15
OD,Rayagada,Kashipur,Kashipur,19.35416667,83.11972222,Kashipur,"Dug Well",W09910,2015,8.45,9.8,9.35,11.65
OD,Rayagada,Rayagada,Rayagada,19.17555556,83.37805556,Shirikona,"Dug Well",W09923,2015,6.3,5.5,6.3,6.6
OD,Rayagada,Rayagada,Rayagada,19.19444444,83.28833333,Gumma,"Dug Well",W09919,2015,1.9,1.85,1.85,1.9
OD,Rayagada,Gunupur,Gunupur,19.16916667,83.84138889,Dambasara,"Dug Well",W26042,2015,1.35,1.75,1.85,1.75
OD,Rayagada,Ramanguda,Rayagada,19.19333333,83.34527778,Kodapadu,"Dug Well",W26051,2015,6.5,5.9,6.3,6.45
OD,Rayagada,Ramanguda,Ramanguda,19.20583333,83.70888889,"Bangi Chowk","Dug Well",W26054,2015,2.1,2.7,2.9,5.4
OD,Rayagada,Ramanguda,Ramanguda,19.27,83.63805556,Tandikana,"Dug Well",W26069,2015,1.25,2.2,2,3
OD,Rayagada,Padmapur,Padmapur,19.20722222,83.83833333,"Nua Dakasikula","Dug Well",W26055,2015,.7,1.5,.8,2.5
OD,Rayagada,Padmapur,Padmapur,19.27361111,83.85861111,Akhusingi,"Dug Well",W26071,2015,.76,1.7,1.4,1.55
OD,Rayagada,Kashipur,Kashipur,19.18027778,83.13611111,Kaliapada,"Dug Well",W26048,2015,3.15,3.5,3.5,3.35
OD,Rayagada,Muniguda,Muniguda,19.83527778,83.45805556,Ambadola,"Dug Well",W26231,2015,4.8,7.65,6.45,8.2
OD,Rayagada,Ramanguda,Ramanguda,19.22,83.77166667,Gumda,"Dug Well",W09917,2015,1.8,2.3,1.85,2.7
OD,Rayagada,Gunupur,Gunupur,19.07944444,83.81166667,Gunupur1,"Dug Well",W09907,2014,1,2.3,1.2,4.25
OD,Rayagada,Padmapur,Padmapur,19.3075,83.90055556,Kenduguda,"Dug Well",W26084,2014,2.7,3.35,1.3,3.95
OD,Rayagada,Kolnara,Kolnara,19.32777778,83.44111111,Therabali,"Dug Well",W10092,2014,4.7,6.35,4.6,8.6
OD,Rayagada,Kolnara,Kolnara,19.22555556,83.55888889,Mukundpur,"Dug Well",W09912,2014,1.8,4.3,2.75,6.2
OD,Rayagada,Padmapur,Padmapur,19.24083333,83.82222222,Padampur2,"Dug Well",W09915,2014,1.45,1.95,'0,2.15
OD,Rayagada,Padmapur,Padmapur,19.36111111,83.96666667,Narainpur,"Dug Well",W09914,2014,1.2,1.8,1.25,4.2
OD,Rayagada,Kashipur,Kashipur,19.24083333,83.11194444,Gorakhpur,"Dug Well",W09909,2014,2.95,4.25,4.05,4.25
OD,Rayagada,Kashipur,Kashipur,19.35416667,83.11972222,Kashipur,"Dug Well",W09910,2014,7.85,9.7,9.3,12.2
OD,Rayagada,Rayagada,Rayagada,19.17555556,83.37805556,Shirikona,"Dug Well",W09923,2014,4.8,5.75,4.7,6.7
OD,Rayagada,Rayagada,Rayagada,19.19444444,83.28833333,Gumma,"Dug Well",W09919,2014,1.8,1.85,1.75,2.15
OD,Rayagada,Ramanguda,Ramanguda,19.2125,83.6675,Ramnaguda1,"Dug Well",W09918,2014,1.2,2.45,'0,3.65
OD,Rayagada,Gunupur,Gunupur,19.16916667,83.84138889,Dambasara,"Dug Well",W26042,2014,1.25,1.9,1.5,2.25
OD,Rayagada,Ramanguda,Rayagada,19.19333333,83.34527778,Kodapadu,"Dug Well",W26051,2014,5.55,5.7,5.2,6.3
OD,Rayagada,Ramanguda,Ramanguda,19.20583333,83.70888889,"Bangi Chowk","Dug Well",W26054,2014,1.9,2.8,2,4.6
OD,Rayagada,Ramanguda,Ramanguda,19.27,83.63805556,Tandikana,"Dug Well",W26069,2014,.9,2.2,1.3,3.2
OD,Rayagada,Padmapur,Padmapur,19.20722222,83.83833333,"Nua Dakasikula","Dug Well",W26055,2014,.6,1.9,.8,2.7
OD,Rayagada,Padmapur,Padmapur,19.27361111,83.85861111,Akhusingi,"Dug Well",W26071,2014,.75,1.85,2.65,2.2
OD,Rayagada,Kashipur,Kashipur,19.18027778,83.13611111,Kaliapada,"Dug Well",W26048,2014,2.2,3.4,3.2,3.7
OD,Rayagada,Muniguda,Muniguda,19.83527778,83.45805556,Ambadola,"Dug Well",W26231,2014,5.8,6.85,6.8,9.7
OD,Rayagada,Ramanguda,Ramanguda,19.22,83.77166667,Gumda,"Dug Well",W09917,2014,1.75,2.25,1.7,2.6
OD,Rayagada,Gunupur,Gunupur,19.07944444,83.81166667,Gunupur1,"Dug Well",W09907,2013,2.03,2.25,1.05,4.3
OD,Rayagada,Padmapur,Padmapur,19.3075,83.90055556,Kenduguda,"Dug Well",W26084,2013,2.39,4.2,2.7,4.45
OD,Rayagada,Ramanguda,Ramanguda,19.34277778,83.59666667,Durgi,"Dug Well",W09916,2013,2.62,'0,'0,'0
OD,Rayagada,Kolnara,Kolnara,19.32777778,83.44111111,Therabali,"Dug Well",W10092,2013,6.15,7.5,5.1,9.2
OD,Rayagada,Kolnara,Kolnara,19.22555556,83.55888889,Mukundpur,"Dug Well",W09912,2013,2.99,5,2.1,6.8
OD,Rayagada,Padmapur,Padmapur,19.24083333,83.82222222,Padampur2,"Dug Well",W09915,2013,1.34,1.85,1.5,2.35
OD,Rayagada,Padmapur,Padmapur,19.36111111,83.96666667,Narainpur,"Dug Well",W09914,2013,1.11,2.55,.95,4.2
OD,Rayagada,Kashipur,Kashipur,19.24083333,83.11194444,Gorakhpur,"Dug Well",W09909,2013,'0,4.15,4.05,4.3
OD,Rayagada,Kashipur,Kashipur,19.35416667,83.11972222,Kashipur,"Dug Well",W09910,2013,8.15,11.75,9.4,12.25
OD,Rayagada,Rayagada,Rayagada,19.17555556,83.37805556,Shirikona,"Dug Well",W09923,2013,5.53,6.95,4.65,7.25
OD,Rayagada,Rayagada,Rayagada,19.19444444,83.28833333,Gumma,"Dug Well",W09919,2013,1.78,1.61,1.7,2.05
OD,Rayagada,Ramanguda,Ramanguda,19.2125,83.6675,Ramnaguda1,"Dug Well",W09918,2013,2.17,2.6,.25,3.4
OD,Rayagada,Gunupur,Gunupur,19.16916667,83.84138889,Dambasara,"Dug Well",W26042,2013,'0,2.75,1.4,2.05
OD,Rayagada,Padmapur,Padmapur,19.27361111,83.85861111,Akhusingi,"Dug Well",W26071,2013,.9,'0,1,3.5
OD,Rayagada,Kashipur,Kashipur,19.18027778,83.13611111,Kaliapada,"Dug Well",W26048,2013,2.7,3.6,3.2,3.7
OD,Rayagada,Muniguda,Muniguda,19.83527778,83.45805556,Ambadola,"Dug Well",W26231,2013,4.8,7.9,6.35,8.6
OD,Rayagada,Ramanguda,Ramanguda,19.22,83.77166667,Gumda,"Dug Well",W09917,2013,'0,2.1,1.75,2.3
OD,Rayagada,Gunupur,Gunupur,19.07944444,83.81166667,Gunupur1,"Dug Well",W09907,2012,'0,3.4,1.5,4.7
OD,Rayagada,Ramanguda,Ramanguda,19.22,83.77166667,Gumda,"Dug Well",W09917,2012,'0,2.33,1.6,1.33
OD,Rayagada,Kolnara,Kolnara,19.32777778,83.44111111,Therabali,"Dug Well",W10092,2012,'0,6.52,6.6,8.32
OD,Rayagada,Kolnara,Kolnara,19.22555556,83.55888889,Mukundpur,"Dug Well",W09912,2012,'0,6.06,4.2,7.16
OD,Rayagada,Padmapur,Padmapur,19.24083333,83.82222222,Padampur2,"Dug Well",W09915,2012,'0,1.75,1.55,2.3
OD,Rayagada,Muniguda,Muniguda,19.83527778,83.45805556,Ambadola,"Dug Well",W26231,2012,'0,'0,6.4,'0
OD,Rayagada,Kashipur,Kashipur,19.24083333,83.11194444,Gorakhpur,"Dug Well",W09909,2012,'0,3.8,3.85,'0
OD,Rayagada,Kashipur,Kashipur,19.35416667,83.11972222,Kashipur,"Dug Well",W09910,2012,'0,11.5,9.35,12.1
OD,Rayagada,Rayagada,Rayagada,19.17555556,83.37805556,Shirikona,"Dug Well",W09923,2012,'0,6.98,6.45,7.28
OD,Rayagada,Rayagada,Rayagada,19.19444444,83.28833333,Gumma,"Dug Well",W09919,2012,'0,1.5,1.55,2
OD,Rayagada,Ramanguda,Ramanguda,19.2125,83.6675,Ramnaguda1,"Dug Well",W09918,2012,'0,'0,1.6,5.67
OD,Rayagada,Padmapur,Padmapur,19.36111111,83.96666667,Narainpur,"Dug Well",W09914,2012,'0,4.1,1.1,4.3
OD,Rayagada,Gunupur,Gunupur,19.07944444,83.81166667,Gunupur1,"Dug Well",W09907,2011,2.55,1.9,2.2,3.4
OD,Rayagada,Ramanguda,Ramanguda,19.22,83.77166667,Gumda,"Dug Well",W09917,2011,4.73,5.63,2.03,7.43
OD,Rayagada,Ramanguda,Ramanguda,19.34277778,83.59666667,Durgi,"Dug Well",W09916,2011,-.25,1.5,1.8,2.7
OD,Rayagada,Kolnara,Kolnara,19.32777778,83.44111111,Therabali,"Dug Well",W10092,2011,6.32,5.72,5.27,7.72
OD,Rayagada,Kolnara,Kolnara,19.22555556,83.55888889,Mukundpur,"Dug Well",W09912,2011,4.66,4.26,4.56,5.66
OD,Rayagada,Ramanguda,Ramanguda,19.2125,83.6675,Ramnaguda1,"Dug Well",W09918,2011,1.77,2.67,2.57,2.57
OD,Rayagada,Padmapur,Padmapur,19.36111111,83.96666667,Narainpur,"Dug Well",W09914,2011,2.25,2.3,1.6,4.1
OD,Rayagada,Kashipur,Kashipur,19.24083333,83.11194444,Gorakhpur,"Dug Well",W09909,2011,3.9,4.1,4.1,4.1
OD,Rayagada,Kashipur,Kashipur,19.35416667,83.11972222,Kashipur,"Dug Well",W09910,2011,9.5,9.6,9.6,11.8
OD,Rayagada,Rayagada,Rayagada,19.17555556,83.37805556,Shirikona,"Dug Well",W09923,2011,6.68,6.28,6.53,6.88
OD,Rayagada,Rayagada,Rayagada,19.19444444,83.28833333,Gumma,"Dug Well",W09919,2011,1.5,1.6,1.6,1.75
OD,Rayagada,Padmapur,Padmapur,19.24083333,83.82222222,Padampur2,"Dug Well",W09915,2011,1,1.4,1.45,1.3
OD,Rayagada,Gunupur,Gunupur,19.07944444,83.81166667,Gunupur1,"Dug Well",W09907,2010,1.1,2.95,.95,4.6
OD,Rayagada,Ramanguda,Ramanguda,19.22,83.77166667,Gumda,"Dug Well",W09917,2010,4.43,6.68,4.58,7.48
OD,Rayagada,Ramanguda,Ramanguda,19.34277778,83.59666667,Durgi,"Dug Well",W09916,2010,-.3,4,-.35,'0
OD,Rayagada,Kolnara,Kolnara,19.32777778,83.44111111,Therabali,"Dug Well",W10092,2010,6.62,6.82,4.32,8.42
OD,Rayagada,Kolnara,Kolnara,19.22555556,83.55888889,Mukundpur,"Dug Well",W09912,2010,3.26,5.46,2.91,6.76
OD,Rayagada,Ramanguda,Ramanguda,19.2125,83.6675,Ramnaguda1,"Dug Well",W09918,2010,2.67,'0,2.72,'0
OD,Rayagada,Padmapur,Padmapur,19.36111111,83.96666667,Narainpur,"Dug Well",W09914,2010,1,3.7,1,4.2
OD,Rayagada,Kashipur,Kashipur,19.24083333,83.11194444,Gorakhpur,"Dug Well",W09909,2010,4,4,4,4.2
OD,Rayagada,Kashipur,Kashipur,19.35416667,83.11972222,Kashipur,"Dug Well",W09910,2010,9.3,11.3,9.5,12
OD,Rayagada,Rayagada,Rayagada,19.17555556,83.37805556,Shirikona,"Dug Well",W09923,2010,6.08,6.58,5.68,6.98
OD,Rayagada,Rayagada,Rayagada,19.19444444,83.28833333,Gumma,"Dug Well",W09919,2010,1.3,1.65,1.4,1.9
OD,Rayagada,Padmapur,Padmapur,19.24083333,83.82222222,Padampur2,"Dug Well",W09915,2010,1,1.55,1.05,1.9
OD,Rayagada,Gunupur,Gunupur,19.07944444,83.81166667,Gunupur1,"Dug Well",W09907,2009,'0,2.9,2.15,4.8
OD,Rayagada,Ramanguda,Ramanguda,19.22,83.77166667,Gumda,"Dug Well",W09917,2009,4.13,6.43,4.63,7.13
OD,Rayagada,Ramanguda,Ramanguda,19.34277778,83.59666667,Durgi,"Dug Well",W09916,2009,.75,3.2,1.7,4.69
OD,Rayagada,Kolnara,Kolnara,19.32777778,83.44111111,Therabali,"Dug Well",W10092,2009,6.52,6.62,6.67,8.57
OD,Rayagada,Kolnara,Kolnara,19.22555556,83.55888889,Mukundpur,"Dug Well",W09912,2009,3.27,5.66,4.36,6.76
OD,Rayagada,Ramanguda,Ramanguda,19.2125,83.6675,Ramnaguda1,"Dug Well",W09918,2009,2.57,2.72,2.77,2.77
OD,Rayagada,Padmapur,Padmapur,19.36111111,83.96666667,Narainpur,"Dug Well",W09914,2009,.8,4,1.05,4.7
OD,Rayagada,Kashipur,Kashipur,19.24083333,83.11194444,Gorakhpur,"Dug Well",W09909,2009,2.6,3.9,4.1,4
OD,Rayagada,Kashipur,Kashipur,19.35416667,83.11972222,Kashipur,"Dug Well",W09910,2009,8.6,10.3,9.96,11.9
OD,Rayagada,Rayagada,Rayagada,19.17555556,83.37805556,Shirikona,"Dug Well",W09923,2009,5.73,5.98,6.08,6.68
OD,Rayagada,Rayagada,Rayagada,19.19444444,83.28833333,Gumma,"Dug Well",W09919,2009,1.3,1.5,1.45,1.9
OD,Rayagada,Padmapur,Padmapur,19.24083333,83.82222222,Padampur2,"Dug Well",W09915,2009,1,1.65,1.3,2.1
OD,Rayagada,Gunupur,Gunupur,19.07944444,83.81166667,Gunupur1,"Dug Well",W09907,2008,'0,3.1,1.4,4.3
OD,Rayagada,Chandrapur,Chandrapur,19.60333333,83.73944444,Dongasoroda,"Dug Well",W09906,2008,'0,5.05,'0,4.4
OD,Rayagada,Ramanguda,Ramanguda,19.34277778,83.59666667,Durgi,"Dug Well",W09916,2008,'0,4.7,2,2.9
OD,Rayagada,Kolnara,Kolnara,19.32777778,83.44111111,Therabali,"Dug Well",W10092,2008,'0,6.42,5.42,8.37
OD,Rayagada,Kolnara,Kolnara,19.22555556,83.55888889,Mukundpur,"Dug Well",W09912,2008,'0,4.26,4.41,5.56
OD,Rayagada,Padmapur,Padmapur,19.24083333,83.82222222,Padampur2,"Dug Well",W09915,2008,'0,1.85,1.5,1.6
OD,Rayagada,Padmapur,Padmapur,19.36111111,83.96666667,Narainpur,"Dug Well",W09914,2008,'0,2.7,1.35,4.18
OD,Rayagada,Kashipur,Kashipur,19.24083333,83.11194444,Gorakhpur,"Dug Well",W09909,2008,'0,4,.75,.95
OD,Rayagada,Kashipur,Kashipur,19.35416667,83.11972222,Kashipur,"Dug Well",W09910,2008,'0,9.5,8.3,11.9
OD,Rayagada,"Bishama Katak","Bishama Katak",19.5125,83.50972222,"Bissum Cuttack","Dug Well",W09902,2008,'0,4.8,'0,3.5
OD,Rayagada,Rayagada,Rayagada,19.17555556,83.37805556,Shirikona,"Dug Well",W09923,2008,'0,5.78,5.18,6.48
OD,Rayagada,Rayagada,Rayagada,19.19444444,83.28833333,Gumma,"Dug Well",W09919,2008,'0,1.6,1.45,1.85
OD,Rayagada,Ramanguda,Ramanguda,19.2125,83.6675,Ramnaguda1,"Dug Well",W09918,2008,'0,2.81,2.77,2.77
OD,Rayagada,"Bishama Katak","Bishama Katak",19.61,83.54527778,Kutragada,"Dug Well",W09903,2008,'0,3.65,'0,5.05
OD,Rayagada,"Bishama Katak","Bishama Katak",19.62222222,83.49777778,Muniguda1,"Dug Well",W09905,2008,'0,4.5,'0,5.56
OD,Rayagada,Ramanguda,Ramanguda,19.22,83.77166667,Gumda,"Dug Well",W09917,2008,'0,'0,5.13,6.88
OD,Rayagada,Gunupur,Gunupur,19.07944444,83.81166667,Gunupur1,"Dug Well",W09907,2007,3.5,2.22,1.82,4.7
OD,Rayagada,Chandrapur,Chandrapur,19.60333333,83.73944444,Dongasoroda,"Dug Well",W09906,2007,4.12,3.23,4.5,'0
OD,Rayagada,Ramanguda,Ramanguda,19.34277778,83.59666667,Durgi,"Dug Well",W09916,2007,.9,1.93,1.45,3.3
OD,Rayagada,Kolnara,Kolnara,19.32777778,83.44111111,Therabali,"Dug Well",W10092,2007,4.77,4.53,5.62,7.82
OD,Rayagada,Kolnara,Kolnara,19.22555556,83.55888889,Mukundpur,"Dug Well",W09912,2007,2.61,4.44,3.51,5.01
OD,Rayagada,Padmapur,Padmapur,19.24083333,83.82222222,Padampur2,"Dug Well",W09915,2007,1.2,1.77,1.32,2
OD,Rayagada,Padmapur,Padmapur,19.36111111,83.96666667,Narainpur,"Dug Well",W09914,2007,.95,2.82,.8,4.2
OD,Rayagada,Kashipur,Kashipur,19.24083333,83.11194444,Gorakhpur,"Dug Well",W09909,2007,2.4,3.67,3.7,2.75
OD,Rayagada,Kashipur,Kashipur,19.35416667,83.11972222,Kashipur,"Dug Well",W09910,2007,'0,10.19,8.2,11.64
OD,Rayagada,"Bishama Katak","Bishama Katak",19.5125,83.50972222,"Bissum Cuttack","Dug Well",W09902,2007,2.92,.9,3.5,5.32
OD,Rayagada,Rayagada,Rayagada,19.17555556,83.37805556,Shirikona,"Dug Well",W09923,2007,4.58,5.14,4.98,6.18
OD,Rayagada,Rayagada,Rayagada,19.19444444,83.28833333,Gumma,"Dug Well",W09919,2007,1.5,1.87,1.6,1.75
OD,Rayagada,Ramanguda,Ramanguda,19.2125,83.6675,Ramnaguda1,"Dug Well",W09918,2007,2.42,'0,1.92,'0
OD,Rayagada,"Bishama Katak","Bishama Katak",19.61,83.54527778,Kutragada,"Dug Well",W09903,2007,1.97,2.35,2.95,4.98
OD,Rayagada,"Bishama Katak","Bishama Katak",19.62222222,83.49777778,Muniguda1,"Dug Well",W09905,2007,3.36,1.84,2.6,'0
OD,Rayagada,Ramanguda,Ramanguda,19.22,83.77166667,Gumda,"Dug Well",W09917,2007,'0,'0,'0,8.63
OD,Rayagada,Gunupur,Gunupur,19.07944444,83.81166667,Gunupur1,"Dug Well",W09907,2006,.5,4.11,1.14,4.12
OD,Rayagada,Ramanguda,Ramanguda,19.22,83.77166667,Gumda,"Dug Well",W09917,2006,4.51,5.8,6.36,7.71
OD,Rayagada,Ramanguda,Ramanguda,19.34277778,83.59666667,Durgi,"Dug Well",W09916,2006,-.27,3.2,'0,3.93
OD,Rayagada,Kolnara,Kolnara,19.32777778,83.44111111,Therabali,"Dug Well",W10092,2006,'0,8.87,7.03,'0
OD,Rayagada,Rayagada,Rayagada,19.11888889,83.25055556,Kombhikot,"Dug Well",W09920,2006,'0,6.52,'0,'0
OD,Rayagada,Kolnara,Kolnara,19.22555556,83.55888889,Mukundpur,"Dug Well",W09912,2006,1.92,6.04,4.13,6.38
OD,Rayagada,Padmapur,Padmapur,19.24083333,83.82222222,Padampur2,"Dug Well",W09915,2006,.6,1.64,1.27,1.05
OD,Rayagada,Padmapur,Padmapur,19.36111111,83.96666667,Narainpur,"Dug Well",W09914,2006,.55,3.9,.43,3.9
OD,Rayagada,Kashipur,Kashipur,19.24083333,83.11194444,Gorakhpur,"Dug Well",W09909,2006,.32,'0,2.09,3.92
OD,Rayagada,Kashipur,Kashipur,19.35416667,83.11972222,Kashipur,"Dug Well",W09910,2006,6,'0,7.47,12.99
OD,Rayagada,"Bishama Katak","Bishama Katak",19.5125,83.50972222,"Bissum Cuttack","Dug Well",W09902,2006,-.52,1,3.11,4.97
OD,Rayagada,Rayagada,Rayagada,19.16666667,83.4,Rayagada,"Bore Well",W09921,2006,28.15,'0,'0,31.61
OD,Rayagada,Rayagada,Rayagada,19.17555556,83.37805556,Shirikona,"Dug Well",W09923,2006,2.98,7.18,3.5,7.48
OD,Rayagada,Rayagada,Rayagada,19.19444444,83.28833333,Gumma,"Dug Well",W09919,2006,'0,1.8,1.42,1.8
OD,Rayagada,Ramanguda,Ramanguda,19.2125,83.6675,Ramnaguda1,"Dug Well",W09918,2006,'0,'0,2.29,'0
OD,Rayagada,"Bishama Katak","Bishama Katak",19.61,83.54527778,Kutragada,"Dug Well",W09903,2006,.66,2.42,2.46,6.12
OD,Rayagada,"Bishama Katak","Bishama Katak",19.62222222,83.49777778,Muniguda1,"Dug Well",W09905,2006,.81,2.37,2.94,5.25
OD,Rayagada,"Bishama Katak","Bishama Katak",19.625,83.49305556,Muniguda,"Bore Well",W09904,2006,2.33,'0,'0,5.09
OD,Rayagada,Chandrapur,Chandrapur,19.60333333,83.73944444,Dongasoroda,"Dug Well",W09906,2006,1.8,3.18,4.1,'0
OD,Rayagada,"Bishama Katak","Bishama Katak",19.5125,83.50972222,"Bissum Cuttack","Dug Well",W09902,2005,2.58,3.73,.81,5.22
OD,Rayagada,Kalyanasinghpur,Kalyanasinghpur,19.52166667,83.32222222,Kalyansinghpur,"Dug Well",W09908,2005,'0,'0,'0,6.72
OD,Rayagada,Rayagada,Rayagada,19.19444444,83.28833333,Gumma,"Dug Well",W09919,2005,1.57,1.4,1.35,1.85
OD,Rayagada,Ramanguda,Ramanguda,19.2125,83.6675,Ramnaguda1,"Dug Well",W09918,2005,'0,'0,2.55,'0
OD,Rayagada,"Bishama Katak","Bishama Katak",19.61,83.54527778,Kutragada,"Dug Well",W09903,2005,.8,4.78,2.06,5.97
OD,Rayagada,"Bishama Katak","Bishama Katak",19.62222222,83.49777778,Muniguda1,"Dug Well",W09905,2005,2.85,5.32,1.78,6.78
OD,Rayagada,Chandrapur,Chandrapur,19.60333333,83.73944444,Dongasoroda,"Dug Well",W09906,2005,'0,4.88,2.26,'0
OD,Rayagada,Gunupur,Gunupur,19.07944444,83.81166667,Gunupur1,"Dug Well",W09907,2005,2.28,4.3,1.5,2.99
OD,Rayagada,Rayagada,Rayagada,19.11888889,83.25055556,Kombhikot,"Dug Well",W09920,2005,4.52,6.29,'0,'0
OD,Rayagada,Ramanguda,Ramanguda,19.22,83.77166667,Gumda,"Dug Well",W09917,2005,'0,7.91,4.13,7.78
OD,Rayagada,Ramanguda,Ramanguda,19.34277778,83.59666667,Durgi,"Dug Well",W09916,2005,-.01,2.16,.68,4.82
OD,Rayagada,Kolnara,Kolnara,19.32777778,83.44111111,Therabali,"Dug Well",W10092,2005,6.15,'0,'0,10.84
OD,Rayagada,Kolnara,Kolnara,19.22555556,83.55888889,Mukundpur,"Dug Well",W09912,2005,5.56,5.51,3.36,7.16
OD,Rayagada,Padmapur,Padmapur,19.24083333,83.82222222,Padampur2,"Dug Well",W09915,2005,1.52,1.55,1.15,2.11
OD,Rayagada,Padmapur,Padmapur,19.36111111,83.96666667,Narainpur,"Dug Well",W09914,2005,.8,2.76,.95,3.68
OD,Rayagada,Kashipur,Kashipur,19.24083333,83.11194444,Gorakhpur,"Dug Well",W09909,2005,'0,3.68,3.8,4.18
OD,Rayagada,Kashipur,Kashipur,19.35416667,83.11972222,Kashipur,"Dug Well",W09910,2005,'0,11.2,9.75,12.52
OD,Rayagada,Rayagada,Rayagada,19.17555556,83.37805556,Shirikona,"Dug Well",W09923,2005,6.17,6.13,6.62,6.98
OD,Rayagada,"Bishama Katak","Bishama Katak",19.5125,83.50972222,"Bissum Cuttack","Dug Well",W09902,2004,2.24,3.25,2.47,'0
OD,Rayagada,Kalyanasinghpur,Kalyanasinghpur,19.52166667,83.32222222,Kalyansinghpur,"Dug Well",W09908,2004,'0,5.25,'0,'0
OD,Rayagada,Rayagada,Rayagada,19.19444444,83.28833333,Gumma,"Dug Well",W09919,2004,1.25,'0,1.3,1.8
OD,Rayagada,Ramanguda,Ramanguda,19.2125,83.6675,Ramnaguda1,"Dug Well",W09918,2004,1.92,'0,3.33,'0
OD,Rayagada,"Bishama Katak","Bishama Katak",19.61,83.54527778,Kutragada,"Dug Well",W09903,2004,3.02,4.41,3.68,4.55
OD,Rayagada,"Bishama Katak","Bishama Katak",19.62222222,83.49777778,Muniguda1,"Dug Well",W09905,2004,2.88,4.55,3.6,6.4
OD,Rayagada,Chandrapur,Chandrapur,19.60333333,83.73944444,Dongasoroda,"Dug Well",W09906,2004,3.91,3.65,4.08,5.6
OD,Rayagada,Gunupur,Gunupur,19.07944444,83.81166667,Gunupur1,"Dug Well",W09907,2004,1.85,2.45,2.68,4.65
OD,Rayagada,Rayagada,Rayagada,19.11888889,83.25055556,Kombhikot,"Dug Well",W09920,2004,4.15,6,5.8,6.2
OD,Rayagada,Ramanguda,Ramanguda,19.22,83.77166667,Gumda,"Dug Well",W09917,2004,5.88,7.23,6.54,7.49
OD,Rayagada,Ramanguda,Ramanguda,19.34277778,83.59666667,Durgi,"Dug Well",W09916,2004,-.25,2.2,.95,2.85
OD,Rayagada,Kolnara,Kolnara,19.32777778,83.44111111,Therabali,"Dug Well",W10092,2004,5.47,8.77,'0,9.52
OD,Rayagada,Kolnara,Kolnara,19.22555556,83.55888889,Mukundpur,"Dug Well",W09912,2004,2.96,5.46,4.17,7.01
OD,Rayagada,Padmapur,Padmapur,19.24083333,83.82222222,Padampur2,"Dug Well",W09915,2004,1,1.45,1.2,1.5
OD,Rayagada,Padmapur,Padmapur,19.36111111,83.96666667,Narainpur,"Dug Well",W09914,2004,.3,1.95,.45,3
OD,Rayagada,Kashipur,Kashipur,19.24083333,83.11194444,Gorakhpur,"Dug Well",W09909,2004,1.5,3.9,2.85,3.82
OD,Rayagada,Kashipur,Kashipur,19.35416667,83.11972222,Kashipur,"Dug Well",W09910,2004,10.19,10.09,9.11,12.39
OD,Rayagada,Rayagada,Rayagada,19.17555556,83.37805556,Shirikona,"Dug Well",W09923,2004,5.08,6.53,5.38,7.36
OD,Rayagada,"Bishama Katak","Bishama Katak",19.5125,83.50972222,"Bissum Cuttack","Dug Well",W09902,2003,2.38,4.13,'0,4.66
OD,Rayagada,Kalyanasinghpur,Kalyanasinghpur,19.52166667,83.32222222,Kalyansinghpur,"Dug Well",W09908,2003,'0,'0,3.11,5.31
OD,Rayagada,Rayagada,Rayagada,19.19444444,83.28833333,Gumma,"Dug Well",W09919,2003,1.3,2.42,1.36,2.41
OD,Rayagada,Ramanguda,Ramanguda,19.2125,83.6675,Ramnaguda1,"Dug Well",W09918,2003,3.37,'0,2.03,'0
OD,Rayagada,"Bishama Katak","Bishama Katak",19.61,83.54527778,Kutragada,"Dug Well",W09903,2003,.67,4.85,3.82,4.72
OD,Rayagada,"Bishama Katak","Bishama Katak",19.62222222,83.49777778,Muniguda1,"Dug Well",W09905,2003,1.33,5.51,2.03,6.01
OD,Rayagada,Chandrapur,Chandrapur,19.60333333,83.73944444,Dongasoroda,"Dug Well",W09906,2003,2.62,6.62,4.83,5.83
OD,Rayagada,Gunupur,Gunupur,19.07944444,83.81166667,Gunupur1,"Dug Well",W09907,2003,2.94,2.82,1.04,6.59
OD,Rayagada,Rayagada,Rayagada,19.11888889,83.25055556,Kombhikot,"Dug Well",W09920,2003,'0,6.65,'0,'0
OD,Rayagada,Ramanguda,Ramanguda,19.22,83.77166667,Gumda,"Dug Well",W09917,2003,6.63,7.5,6.15,7.91
OD,Rayagada,Ramanguda,Ramanguda,19.34277778,83.59666667,Durgi,"Dug Well",W09916,2003,.3,3.3,'0,3.91
OD,Rayagada,Kolnara,Kolnara,19.32777778,83.44111111,Therabali,"Dug Well",W10092,2003,8.3,10.09,6.5,11.23
OD,Rayagada,Kolnara,Kolnara,19.22555556,83.55888889,Mukundpur,"Dug Well",W09912,2003,4.02,7.04,3.01,7.67
OD,Rayagada,Padmapur,Padmapur,19.24083333,83.82222222,Padampur2,"Dug Well",W09915,2003,1.1,1.75,1.12,2.28
OD,Rayagada,Padmapur,Padmapur,19.36111111,83.96666667,Narainpur,"Dug Well",W09914,2003,.55,3.63,.34,3.41
OD,Rayagada,Kashipur,Kashipur,19.24083333,83.11194444,Gorakhpur,"Dug Well",W09909,2003,2.34,3.97,2.62,3.94
OD,Rayagada,Kashipur,Kashipur,19.35416667,83.11972222,Kashipur,"Dug Well",W09910,2003,8.88,12.48,8.84,12.76
OD,Rayagada,Rayagada,Rayagada,19.17555556,83.37805556,Shirikona,"Dug Well",W09923,2003,6.9,7.01,5.69,7.4
OD,Rayagada,"Bishama Katak","Bishama Katak",19.5125,83.50972222,"Bissum Cuttack","Dug Well",W09902,2002,1.54,'0,5.22,'0
OD,Rayagada,Kashipur,Kashipur,19.35416667,83.11972222,Kashipur,"Dug Well",W09910,2002,'0,11.9,10.91,12.58
OD,Rayagada,Rayagada,Rayagada,19.17555556,83.37805556,Shirikona,"Dug Well",W09923,2002,6.65,6.29,6.39,6.93
OD,Rayagada,Rayagada,Rayagada,19.19444444,83.28833333,Gumma,"Dug Well",W09919,2002,1.43,1.41,1.83,4.09
OD,Rayagada,Ramanguda,Ramanguda,19.2125,83.6675,Ramnaguda1,"Dug Well",W09918,2002,3.99,2.9,4.43,3.99
OD,Rayagada,"Bishama Katak","Bishama Katak",19.61,83.54527778,Kutragada,"Dug Well",W09903,2002,1.08,4.3,5.34,4.95
OD,Rayagada,"Bishama Katak","Bishama Katak",19.62222222,83.49777778,Muniguda1,"Dug Well",W09905,2002,.58,4.41,5.16,6.01
OD,Rayagada,"Bishama Katak","Bishama Katak",19.625,83.49305556,Muniguda,"Bore Well",W09904,2002,1.3,'0,'0,'0
OD,Rayagada,Chandrapur,Chandrapur,19.60333333,83.73944444,Dongasoroda,"Dug Well",W09906,2002,3.5,5.37,'0,5.17
OD,Rayagada,Gunupur,Gunupur,19.07944444,83.81166667,Gunupur1,"Dug Well",W09907,2002,'0,4.61,4.98,3.77
OD,Rayagada,Rayagada,Rayagada,19.11888889,83.25055556,Kombhikot,"Dug Well",W09920,2002,5.1,6.35,6.22,'0
OD,Rayagada,Ramanguda,Ramanguda,19.22,83.77166667,Gumda,"Dug Well",W09917,2002,2.53,2.2,6.78,2.53
OD,Rayagada,Ramanguda,Ramanguda,19.34277778,83.59666667,Durgi,"Dug Well",W09916,2002,.55,2.48,1.68,3.78
OD,Rayagada,Kolnara,Kolnara,19.32777778,83.44111111,Therabali,"Dug Well",W10092,2002,9.4,8.82,8.54,10.92
OD,Rayagada,Kolnara,Kolnara,19.22555556,83.55888889,Mukundpur,"Dug Well",W09912,2002,5.83,3.28,5.67,7.06
OD,Rayagada,Padmapur,Padmapur,19.24083333,83.82222222,Padampur2,"Dug Well",W09915,2002,1.3,1.5,1.43,1.9
OD,Rayagada,Padmapur,Padmapur,19.36111111,83.96666667,Narainpur,"Dug Well",W09914,2002,1.2,3.37,1.81,4.53
OD,Rayagada,Kashipur,Kashipur,19.24083333,83.11194444,Gorakhpur,"Dug Well",W09909,2002,'0,3.87,3.91,3.65
OD,Rayagada,Rayagada,Rayagada,19.16666667,83.4,Rayagada,"Bore Well",W09921,2002,'0,'0,30,'0
OD,Rayagada,"Bishama Katak","Bishama Katak",19.5125,83.50972222,"Bissum Cuttack","Dug Well",W09902,2001,'0,5.92,'0,'0
OD,Rayagada,Rayagada,Rayagada,19.17555556,83.37805556,Shirikona,"Dug Well",W09923,2001,5.09,6.88,5.68,7.3
OD,Rayagada,Rayagada,Rayagada,19.19444444,83.28833333,Gumma,"Dug Well",W09919,2001,1.27,1.8,1.33,2.32
OD,Rayagada,Ramanguda,Ramanguda,19.2125,83.6675,Ramnaguda1,"Dug Well",W09918,2001,.87,3.2,1.84,4.12
OD,Rayagada,"Bishama Katak","Bishama Katak",19.61,83.54527778,Kutragada,"Dug Well",W09903,2001,2.55,4.16,3.65,4.95
OD,Rayagada,"Bishama Katak","Bishama Katak",19.62222222,83.49777778,Muniguda1,"Dug Well",W09905,2001,1.01,5.61,3.26,6.57
OD,Rayagada,Chandrapur,Chandrapur,19.60333333,83.73944444,Dongasoroda,"Dug Well",W09906,2001,3.81,4.44,4.27,'0
OD,Rayagada,Gunupur,Gunupur,19.07944444,83.81166667,Gunupur1,"Dug Well",W09907,2001,2.28,4.11,3.47,5.27
OD,Rayagada,Rayagada,Rayagada,19.11888889,83.25055556,Kombhikot,"Dug Well",W09920,2001,4.43,6.52,5.8,6.81
OD,Rayagada,Ramanguda,Ramanguda,19.22,83.77166667,Gumda,"Dug Well",W09917,2001,5.61,7.68,6.82,8.13
OD,Rayagada,Ramanguda,Ramanguda,19.34277778,83.59666667,Durgi,"Dug Well",W09916,2001,'0,3.2,.85,4.62
OD,Rayagada,Kolnara,Kolnara,19.32777778,83.44111111,Therabali,"Dug Well",W10092,2001,5.15,8.87,6.55,'0
OD,Rayagada,Kolnara,Kolnara,19.22555556,83.55888889,Mukundpur,"Dug Well",W09912,2001,3.76,6.04,4.92,7.08
OD,Rayagada,Padmapur,Padmapur,19.24083333,83.82222222,Padampur2,"Dug Well",W09915,2001,1,1.64,1.36,1.66
OD,Rayagada,Padmapur,Padmapur,19.36111111,83.96666667,Narainpur,"Dug Well",W09914,2001,.41,3.57,.94,3.27
OD,Rayagada,Kashipur,Kashipur,19.24083333,83.11194444,Gorakhpur,"Dug Well",W09909,2001,1.48,'0,3.75,3.9
OD,Rayagada,Kashipur,Kashipur,19.35416667,83.11972222,Kashipur,"Dug Well",W09910,2001,8.79,'0,9.73,12.74
OD,Rayagada,Rayagada,Rayagada,19.17555556,83.37805556,Shirikona,"Dug Well",W09923,2000,5.98,6.48,6.48,7.28
OD,Rayagada,"Bishama Katak","Bishama Katak",19.5125,83.50972222,"Bissum Cuttack","Dug Well",W09902,2000,1.43,'0,3.39,4.85
OD,Rayagada,Ramanguda,Ramanguda,19.2125,83.6675,Ramnaguda1,"Dug Well",W09918,2000,1.07,3.17,2.13,3.92
OD,Rayagada,"Bishama Katak","Bishama Katak",19.61,83.54527778,Kutragada,"Dug Well",W09903,2000,2.33,3.73,4.1,4.88
OD,Rayagada,"Bishama Katak","Bishama Katak",19.62222222,83.49777778,Muniguda1,"Dug Well",W09905,2000,2.23,4.47,4.57,6.88
OD,Rayagada,Chandrapur,Chandrapur,19.60333333,83.73944444,Dongasoroda,"Dug Well",W09906,2000,.27,4.45,4.37,6.99
OD,Rayagada,Gunupur,Gunupur,19.07944444,83.81166667,Gunupur1,"Dug Well",W09907,2000,.95,3.6,2.9,4.97
OD,Rayagada,Rayagada,Rayagada,19.11888889,83.25055556,Kombhikot,"Dug Well",W09920,2000,5.4,7.6,6.09,6.82
OD,Rayagada,Ramanguda,Ramanguda,19.22,83.77166667,Gumda,"Dug Well",W09917,2000,5.83,2.13,6.89,8.05
OD,Rayagada,Ramanguda,Ramanguda,19.34277778,83.59666667,Durgi,"Dug Well",W09916,2000,.7,3.2,1.92,3.84
OD,Rayagada,Kolnara,Kolnara,19.32777778,83.44111111,Therabali,"Dug Well",W10092,2000,6.32,8.62,7.91,10.39
OD,Rayagada,Kolnara,Kolnara,19.22555556,83.55888889,Mukundpur,"Dug Well",W09912,2000,4.06,6.26,4.8,6.78
OD,Rayagada,Padmapur,Padmapur,19.24083333,83.82222222,Padampur2,"Dug Well",W09915,2000,1.1,1.8,1.44,1.63
OD,Rayagada,Padmapur,Padmapur,19.36111111,83.96666667,Narainpur,"Dug Well",W09914,2000,1.8,3.2,1.55,3.73
OD,Rayagada,Kashipur,Kashipur,19.24083333,83.11194444,Gorakhpur,"Dug Well",W09909,2000,1.36,3.6,3.28,3.88
OD,Rayagada,Kashipur,Kashipur,19.35416667,83.11972222,Kashipur,"Dug Well",W09910,2000,4.06,11.44,9.82,12.66
OD,Rayagada,Rayagada,Rayagada,19.19444444,83.28833333,Gumma,"Dug Well",W09919,2000,1.2,1.6,1.48,2.02
OD,Rayagada,Rayagada,Rayagada,19.19444444,83.28833333,Gumma,"Dug Well",W09919,1999,1.68,1.11,'0,3
OD,Rayagada,Rayagada,Rayagada,19.17555556,83.37805556,Shirikona,"Dug Well",W09923,1999,6.72,6.69,'0,7.17
OD,Rayagada,"Bishama Katak","Bishama Katak",19.61,83.54527778,Kutragada,"Dug Well",W09903,1999,2.41,5.05,'0,5.15
OD,Rayagada,"Bishama Katak","Bishama Katak",19.62222222,83.49777778,Muniguda1,"Dug Well",W09905,1999,2.99,4.64,'0,6.07
OD,Rayagada,Chandrapur,Chandrapur,19.60333333,83.73944444,Dongasoroda,"Dug Well",W09906,1999,3.15,4.4,'0,5.37
OD,Rayagada,Gunupur,Gunupur,19.07944444,83.81166667,Gunupur1,"Dug Well",W09907,1999,2.32,3.3,'0,5.5
OD,Rayagada,Rayagada,Rayagada,19.11888889,83.25055556,Kombhikot,"Dug Well",W09920,1999,3.32,5.85,'0,5.85
OD,Rayagada,Ramanguda,Ramanguda,19.22,83.77166667,Gumda,"Dug Well",W09917,1999,.75,1.9,'0,5.04
OD,Rayagada,Ramanguda,Ramanguda,19.34277778,83.59666667,Durgi,"Dug Well",W09916,1999,.32,2.91,'0,3.33
OD,Rayagada,Kolnara,Kolnara,19.32777778,83.44111111,Therabali,"Dug Well",W10092,1999,3.94,8.39,'0,9.5
OD,Rayagada,Kolnara,Kolnara,19.22555556,83.55888889,Mukundpur,"Dug Well",W09912,1999,2.45,4.67,'0,6.54
OD,Rayagada,Kolnara,Kolnara,19.25083333,83.45972222,Kulnara,"Dug Well",W09911,1999,7,'0,'0,'0
OD,Rayagada,Padmapur,Padmapur,19.24083333,83.82222222,Padampur2,"Dug Well",W09915,1999,2.16,2.46,'0,4.23
OD,Rayagada,Padmapur,Padmapur,19.36111111,83.96666667,Narainpur,"Dug Well",W09914,1999,1.85,1.31,'0,4.46
OD,Rayagada,Kashipur,Kashipur,19.24083333,83.11194444,Gorakhpur,"Dug Well",W09909,1999,2.46,3.59,'0,3.94
OD,Rayagada,Kashipur,Kashipur,19.35416667,83.11972222,Kashipur,"Dug Well",W09910,1999,3.65,12.15,'0,12.66
OD,Rayagada,"Bishama Katak","Bishama Katak",19.5125,83.50972222,"Bissum Cuttack","Dug Well",W09902,1999,5.71,'0,'0,4.85
OD,Rayagada,Ramanguda,Ramanguda,19.2125,83.6675,Ramnaguda1,"Dug Well",W09918,1999,2.15,1.79,'0,3.75
OD,Rayagada,Rayagada,Rayagada,19.19444444,83.28833333,Gumma,"Dug Well",W09919,1998,.47,3.21,1.6,5.17
OD,Rayagada,Rayagada,Rayagada,19.17555556,83.37805556,Shirikona,"Dug Well",W09923,1998,6.13,6.92,6.16,7.22
OD,Rayagada,"Bishama Katak","Bishama Katak",19.61,83.54527778,Kutragada,"Dug Well",W09903,1998,4.05,4.02,3.55,5.05
OD,Rayagada,"Bishama Katak","Bishama Katak",19.62222222,83.49777778,Muniguda1,"Dug Well",W09905,1998,4.21,4.55,3.48,6.7
OD,Rayagada,Chandrapur,Chandrapur,19.60333333,83.73944444,Dongasoroda,"Dug Well",W09906,1998,.91,3.67,3.79,5.4
OD,Rayagada,Gunupur,Gunupur,19.07944444,83.81166667,Gunupur1,"Dug Well",W09907,1998,2.25,3.8,1.07,4.88
OD,Rayagada,Rayagada,Rayagada,19.11888889,83.25055556,Kombhikot,"Dug Well",W09920,1998,5.51,6.23,5.74,6.46
OD,Rayagada,Ramanguda,Ramanguda,19.22,83.77166667,Gumda,"Dug Well",W09917,1998,.91,1.94,1.23,2.64
OD,Rayagada,Ramanguda,Ramanguda,19.34277778,83.59666667,Durgi,"Dug Well",W09916,1998,.08,3.42,.82,4.65
OD,Rayagada,Kolnara,Kolnara,19.32777778,83.44111111,Therabali,"Dug Well",W10092,1998,8.42,9.19,6.47,10.95
OD,Rayagada,Kolnara,Kolnara,19.22555556,83.55888889,Mukundpur,"Dug Well",W09912,1998,3.22,5.63,3.86,6.3
OD,Rayagada,Padmapur,Padmapur,19.24083333,83.82222222,Padampur2,"Dug Well",W09915,1998,1.15,1.34,2.37,1.47
OD,Rayagada,Padmapur,Padmapur,19.36111111,83.96666667,Narainpur,"Dug Well",W09914,1998,.54,3.6,.3,6.08
OD,Rayagada,Kashipur,Kashipur,19.24083333,83.11194444,Gorakhpur,"Dug Well",W09909,1998,1.8,3.7,3.82,3.67
OD,Rayagada,Kashipur,Kashipur,19.35416667,83.11972222,Kashipur,"Dug Well",W09910,1998,10.58,11.13,10.21,12.8
OD,Rayagada,"Bishama Katak","Bishama Katak",19.5125,83.50972222,"Bissum Cuttack","Dug Well",W09902,1998,2.26,6.3,5.55,'0
OD,Rayagada,Ramanguda,Ramanguda,19.2125,83.6675,Ramnaguda1,"Dug Well",W09918,1998,.76,2.55,1.54,3.12
OD,Rayagada,Rayagada,Rayagada,19.19444444,83.28833333,Gumma,"Dug Well",W09919,1997,.9,3.2,.9,4.7
OD,Rayagada,Rayagada,Rayagada,19.17555556,83.37805556,Shirikona,"Dug Well",W09923,1997,6.76,6.28,6.78,6.74
OD,Rayagada,"Bishama Katak","Bishama Katak",19.61,83.54527778,Kutragada,"Dug Well",W09903,1997,2.12,4.11,3.85,4.57
OD,Rayagada,"Bishama Katak","Bishama Katak",19.62222222,83.49777778,Muniguda1,"Dug Well",W09905,1997,.99,5.42,3.84,6.98
OD,Rayagada,Chandrapur,Chandrapur,19.60333333,83.73944444,Dongasoroda,"Dug Well",W09906,1997,1.81,4.68,4.05,5.12
OD,Rayagada,Gunupur,Gunupur,19.07944444,83.81166667,Gunupur1,"Dug Well",W09907,1997,2.82,4.35,2.58,4.56
OD,Rayagada,Rayagada,Rayagada,19.11888889,83.25055556,Kombhikot,"Dug Well",W09920,1997,5.66,6.17,5.88,6.49
OD,Rayagada,Ramanguda,Ramanguda,19.22,83.77166667,Gumda,"Dug Well",W09917,1997,.84,2.25,1.33,2.21
OD,Rayagada,Ramanguda,Ramanguda,19.34277778,83.59666667,Durgi,"Dug Well",W09916,1997,1,3.81,2.4,4.63
OD,Rayagada,Kolnara,Kolnara,19.32777778,83.44111111,Therabali,"Dug Well",W10092,1997,8.3,9.12,8.07,10.82
OD,Rayagada,Kolnara,Kolnara,19.22555556,83.55888889,Mukundpur,"Dug Well",W09912,1997,4.84,5.68,3.95,6.48
OD,Rayagada,Padmapur,Padmapur,19.24083333,83.82222222,Padampur2,"Dug Well",W09915,1997,.87,1.73,1.36,1.73
OD,Rayagada,Padmapur,Padmapur,19.36111111,83.96666667,Narainpur,"Dug Well",W09914,1997,.7,3.45,1.65,5
OD,Rayagada,Kashipur,Kashipur,19.24083333,83.11194444,Gorakhpur,"Dug Well",W09909,1997,.69,3.9,3.67,3.86
OD,Rayagada,Kashipur,Kashipur,19.35416667,83.11972222,Kashipur,"Dug Well",W09910,1997,7.04,11.89,8.18,13.3
OD,Rayagada,"Bishama Katak","Bishama Katak",19.5125,83.50972222,"Bissum Cuttack","Dug Well",W09902,1997,1.83,5.05,4.24,'0
OD,Rayagada,Ramanguda,Ramanguda,19.2125,83.6675,Ramnaguda1,"Dug Well",W09918,1997,1.57,3.17,2.07,3.57
OD,Rayagada,Rayagada,Rayagada,19.19444444,83.28833333,Gumma,"Dug Well",W09919,1996,.25,1.89,.77,3.9
OD,Rayagada,Rayagada,Rayagada,19.17555556,83.37805556,Shirikona,"Dug Well",W09923,1996,5.51,5.73,5.78,6.54
OD,Rayagada,"Bishama Katak","Bishama Katak",19.61,83.54527778,Kutragada,"Dug Well",W09903,1996,1.93,3.72,3.57,4.63
OD,Rayagada,"Bishama Katak","Bishama Katak",19.62222222,83.49777778,Muniguda1,"Dug Well",W09905,1996,.96,3.63,3.47,7.36
OD,Rayagada,Chandrapur,Chandrapur,19.60333333,83.73944444,Dongasoroda,"Dug Well",W09906,1996,2.75,4.07,4.02,5.1
OD,Rayagada,Gunupur,Gunupur,19.07944444,83.81166667,Gunupur1,"Dug Well",W09907,1996,2.93,2.25,3.4,4.43
OD,Rayagada,Rayagada,Rayagada,19.11888889,83.25055556,Kombhikot,"Dug Well",W09920,1996,5.19,5.89,5.7,6.37
OD,Rayagada,Ramanguda,Ramanguda,19.22,83.77166667,Gumda,"Dug Well",W09917,1996,.9,1.7,1.83,2.44
OD,Rayagada,Ramanguda,Ramanguda,19.34277778,83.59666667,Durgi,"Dug Well",W09916,1996,1.22,2.97,2.46,4.93
OD,Rayagada,Kolnara,Kolnara,19.32777778,83.44111111,Therabali,"Dug Well",W10092,1996,7.52,7.96,7.92,9.95
OD,Rayagada,Kolnara,Kolnara,19.22555556,83.55888889,Mukundpur,"Dug Well",W09912,1996,4.08,4.41,4.63,5.91
OD,Rayagada,Kolnara,Kolnara,19.25083333,83.45972222,Kulnara,"Dug Well",W09911,1996,4.32,5,'0,5.44
OD,Rayagada,Padmapur,Padmapur,19.24083333,83.82222222,Padampur2,"Dug Well",W09915,1996,.8,1.5,1.56,1.63
OD,Rayagada,Padmapur,Padmapur,19.36111111,83.96666667,Narainpur,"Dug Well",W09914,1996,1.73,1.07,.83,4
OD,Rayagada,Kashipur,Kashipur,19.24083333,83.11194444,Gorakhpur,"Dug Well",W09909,1996,.42,4.75,3.6,3.85
OD,Rayagada,Kashipur,Kashipur,19.35416667,83.11972222,Kashipur,"Dug Well",W09910,1996,9.54,12.18,10.67,12.97
OD,Rayagada,"Bishama Katak","Bishama Katak",19.5125,83.50972222,"Bissum Cuttack","Dug Well",W09902,1996,2.33,5.03,4.61,6.55
OD,Rayagada,Ramanguda,Ramanguda,19.2125,83.6675,Ramnaguda1,"Dug Well",W09918,1996,2.15,2.16,2.57,3.47
OD,Rayagada,Ramanguda,Ramanguda,19.2125,83.6675,Ramnaguda1,"Dug Well",W09918,1995,1.73,2.48,1.18,3.27
OD,Rayagada,"Bishama Katak","Bishama Katak",19.61,83.54527778,Kutragada,"Dug Well",W09903,1995,3.05,3.98,2.65,4.57
OD,Rayagada,"Bishama Katak","Bishama Katak",19.62222222,83.49777778,Muniguda1,"Dug Well",W09905,1995,1.52,5.01,1.81,6.62
OD,Rayagada,Chandrapur,Chandrapur,19.60333333,83.73944444,Dongasoroda,"Dug Well",W09906,1995,1.13,4.33,3.57,4.95
OD,Rayagada,Gunupur,Gunupur,19.07944444,83.81166667,Gunupur1,"Dug Well",W09907,1995,2.6,2.77,1.25,4.3
OD,Rayagada,Rayagada,Rayagada,19.11888889,83.25055556,Kombhikot,"Dug Well",W09920,1995,6.26,5.91,4.9,6.36
OD,Rayagada,Ramanguda,Ramanguda,19.22,83.77166667,Gumda,"Dug Well",W09917,1995,1.73,1.96,.94,2.55
OD,Rayagada,Ramanguda,Ramanguda,19.34277778,83.59666667,Durgi,"Dug Well",W09916,1995,1.77,2.51,2.67,3.89
OD,Rayagada,Kolnara,Kolnara,19.32777778,83.44111111,Therabali,"Dug Well",W10092,1995,7.58,7.24,6.59,8.97
OD,Rayagada,Kolnara,Kolnara,19.22555556,83.55888889,Mukundpur,"Dug Well",W09912,1995,3.64,4.52,2.91,5.91
OD,Rayagada,Kolnara,Kolnara,19.25083333,83.45972222,Kulnara,"Dug Well",W09911,1995,5.21,4.57,4.26,5.3
OD,Rayagada,Padmapur,Padmapur,19.24083333,83.82222222,Padampur2,"Dug Well",W09915,1995,2.06,1.29,1.32,1.7
OD,Rayagada,Padmapur,Padmapur,19.36111111,83.96666667,Narainpur,"Dug Well",W09914,1995,1.16,2.77,.13,3.7
OD,Rayagada,Kashipur,Kashipur,19.24083333,83.11194444,Gorakhpur,"Dug Well",W09909,1995,4.18,3.86,3.61,3.81
OD,Rayagada,Kashipur,Kashipur,19.35416667,83.11972222,Kashipur,"Dug Well",W09910,1995,9.96,12.1,9.83,12.22
OD,Rayagada,"Bishama Katak","Bishama Katak",19.5125,83.50972222,"Bissum Cuttack","Dug Well",W09902,1995,3.49,5.02,'0,6.45
OD,Rayagada,Rayagada,Rayagada,19.17555556,83.37805556,Shirikona,"Dug Well",W09923,1995,6.5,5.62,5.05,6.38
OD,Rayagada,Rayagada,Rayagada,19.19444444,83.28833333,Gumma,"Dug Well",W09919,1995,1.55,2.29,1.02,4.55
