STATE,DISTRICT,TEH_NAME,BLOCK_NAME,LAT,LON,SITE_NAME,SITE_TYPE,WLCODE,YEAR_OBS,MONSOON,POMRB,POMKH,PREMON
UP,Ballia,Hanumanganj,Hanumanganj,25.74444444,84.01027778,Chitbargaon,"Dug Well",W14712,2018,'0,2.94,'0,'0
UP,Ballia,Revati,Revati,25.84555556,84.37888889,Rewati,"Dug Well",W32938,2018,'0,'0,'0,4.83
UP,Ballia,Hanumanganj,Hanumanganj,25.8125,84.16805556,Manihar,"Dug Well",W15513,2018,'0,6.75,'0,'0
UP,Ballia,Hanumanganj,Hanumanganj,25.8125,84.16805556,Manihar,"Dug Well",W15513,2018,'0,'0,'0,7.26
UP,Ballia,Chilkahar,Chilkahar,25.81388889,83.88888889,Jahangrapur,"Dug Well",W14709,2018,'0,3.78,'0,'0
UP,Ballia,Belhari,Belhari,25.73333333,84.29305556,Haldi,"Dug Well",W14708,2018,'0,6.26,'0,'0
UP,Ballia,Belhari,Belhari,25.73333333,84.29305556,Haldi,"Dug Well",W14708,2018,'0,'0,'0,8.4
UP,Ballia,Dubhad,Dubhad,25.75,84.16666667,Ballia,"Dug Well",W14710,2018,'0,6.06,'0,'0
UP,Ballia,Dubhad,Dubhad,25.75,84.16666667,Ballia,"Dug Well",W14710,2018,'0,'0,'0,5.67
UP,Ballia,Hanumanganj,Hanumanganj,25.75277778,84.10555556,Nasirabad,"Dug Well",W15514,2018,'0,10.04,'0,'0
UP,Ballia,Hanumanganj,Hanumanganj,25.75277778,84.10555556,Nasirabad,"Dug Well",W15514,2018,'0,'0,'0,10.59
UP,Ballia,Bairiya,Bairiya,25.78333333,84.45416667,Bairia,"Dug Well",W14705,2018,'0,5.13,'0,'0
UP,Ballia,"Murli Chhapra","Murli Chhapra",25.75,84.6,Jaiprakashnagar,"Dug Well",W14717,2018,'0,8.37,'0,'0
UP,Ballia,"Murli Chhapra","Murli Chhapra",25.75,84.6,Jaiprakashnagar,"Dug Well",W14717,2018,'0,'0,'0,8.01
UP,Ballia,"Murli Chhapra","Murli Chhapra",25.73333333,84.51666667,"Dalan chapra","Dug Well",W14716,2018,'0,6.65,'0,'0
UP,Ballia,"Murli Chhapra","Murli Chhapra",25.73333333,84.51666667,"Dalan chapra","Dug Well",W14716,2018,'0,'0,'0,8.64
UP,Ballia,Rasra,Rasra,25.85,83.86166667,Rasra,"Dug Well",W15518,2018,'0,7.96,'0,'0
UP,Ballia,Rasra,Rasra,25.85,83.86166667,Rasra,"Dug Well",W15518,2018,'0,'0,'0,8.6
UP,Ballia,Bansdih,Bansdih,25.825,84.21388889,Babhnauli,"Dug Well",W14706,2018,'0,5.3,'0,'0
UP,Ballia,Bansdih,Bansdih,25.825,84.21388889,Babhnauli,"Dug Well",W14706,2018,'0,'0,'0,5.84
UP,Ballia,Siar,Siar,26.12333333,83.87166667,Ubhavan-2,"Dug Well",W15523,2018,'0,4.2,'0,'0
UP,Ballia,Siar,Siar,26.12333333,83.87166667,Ubhavan-2,"Dug Well",W15523,2018,'0,'0,'0,6.67
UP,Ballia,Hanumanganj,Hanumanganj,25.83333333,84.03333333,Garwar,"Dug Well",W14713,2018,'0,1.39,'0,'0
UP,Ballia,Hanumanganj,Hanumanganj,25.83333333,84.03333333,Garwar,"Dug Well",W14713,2018,'0,'0,'0,5.81
UP,Ballia,Pandah,Pandah,25.95138889,84.00833333,Narla-1,"Dug Well",W15516,2018,'0,3.92,'0,'0
UP,Ballia,Pandah,Pandah,25.95138889,84.00833333,Narla-1,"Dug Well",W15516,2018,'0,'0,'0,5.23
UP,Ballia,Maniyar,Maniyar,25.93555556,84.08333333,Kharsanda,"Dug Well",W14715,2018,'0,3.29,'0,'0
UP,Ballia,Maniyar,Maniyar,25.93555556,84.08333333,Kharsanda,"Dug Well",W14715,2018,'0,'0,'0,5.4
UP,Ballia,Revati,Revati,25.84555556,84.37888889,Rewati,"Dug Well",W32938,2018,'0,3.72,'0,'0
UP,Ballia,Hanumanganj,Hanumanganj,25.74444444,84.01027778,Chitbargaon,"Dug Well",W14712,2018,'0,'0,'0,4.16
UP,Ballia,Hanumanganj,Hanumanganj,25.74444444,84.01027778,Chitbargaon,"Dug Well",W14712,2017,1.27,1.85,'0,4.45
UP,Ballia,Revati,Revati,25.84555556,84.37888889,Rewati,"Dug Well",W32938,2017,'0,'0,2.8,'0
UP,Ballia,Hanumanganj,Hanumanganj,25.8125,84.16805556,Manihar,"Dug Well",W15513,2017,2.66,6.14,'0,6.7
UP,Ballia,Hanumanganj,Hanumanganj,25.8125,84.16805556,Manihar,"Dug Well",W15513,2017,'0,'0,6.2,'0
UP,Ballia,Chilkahar,Chilkahar,25.81388889,83.88888889,Jahangrapur,"Dug Well",W14709,2017,2.11,3.13,'0,4.21
UP,Ballia,Chilkahar,Chilkahar,25.81388889,83.88888889,Jahangrapur,"Dug Well",W14709,2017,'0,'0,2.61,'0
UP,Ballia,Sohaon,Sohaon,25.575,83.94027778,Sikandarpur-2,"Dug Well",W15524,2017,2.17,'0,'0,'0
UP,Ballia,Belhari,Belhari,25.73333333,84.29305556,Haldi,"Dug Well",W14708,2017,5.67,3.5,'0,8.03
UP,Ballia,Belhari,Belhari,25.73333333,84.29305556,Haldi,"Dug Well",W14708,2017,'0,'0,5.93,'0
UP,Ballia,Dubhad,Dubhad,25.75,84.16666667,Ballia,"Dug Well",W14710,2017,5.32,4.47,'0,6.25
UP,Ballia,Dubhad,Dubhad,25.75,84.16666667,Ballia,"Dug Well",W14710,2017,'0,'0,5.48,'0
UP,Ballia,Hanumanganj,Hanumanganj,25.75277778,84.10555556,Nasirabad,"Dug Well",W15514,2017,6.7,8.75,'0,9.9
UP,Ballia,Hanumanganj,Hanumanganj,25.75277778,84.10555556,Nasirabad,"Dug Well",W15514,2017,'0,'0,9.55,'0
UP,Ballia,Bairiya,Bairiya,25.78333333,84.45416667,Bairia,"Dug Well",W14705,2017,3.62,5.13,'0,6.5
UP,Ballia,Bairiya,Bairiya,25.78333333,84.45416667,Bairia,"Dug Well",W14705,2017,'0,'0,4.42,'0
UP,Ballia,"Murli Chhapra","Murli Chhapra",25.75,84.6,Jaiprakashnagar,"Dug Well",W14717,2017,7.52,4.29,'0,7.52
UP,Ballia,"Murli Chhapra","Murli Chhapra",25.75,84.6,Jaiprakashnagar,"Dug Well",W14717,2017,'0,'0,7.72,'0
UP,Ballia,"Murli Chhapra","Murli Chhapra",25.73333333,84.51666667,"Dalan chapra","Dug Well",W14716,2017,5.99,4.48,'0,8.15
UP,Ballia,"Murli Chhapra","Murli Chhapra",25.73333333,84.51666667,"Dalan chapra","Dug Well",W14716,2017,'0,'0,6.35,'0
UP,Ballia,Rasra,Rasra,25.85,83.86166667,Rasra,"Dug Well",W15518,2017,7,7.3,'0,8.38
UP,Ballia,Rasra,Rasra,25.85,83.86166667,Rasra,"Dug Well",W15518,2017,'0,'0,7.63,'0
UP,Ballia,Bansdih,Bansdih,25.825,84.21388889,Babhnauli,"Dug Well",W14706,2017,3.32,3.84,'0,6.05
UP,Ballia,Bansdih,Bansdih,25.825,84.21388889,Babhnauli,"Dug Well",W14706,2017,'0,'0,4.47,'0
UP,Ballia,Siar,Siar,26.12333333,83.87166667,Ubhavan-2,"Dug Well",W15523,2017,3.12,5.05,'0,4.75
UP,Ballia,Siar,Siar,26.12333333,83.87166667,Ubhavan-2,"Dug Well",W15523,2017,'0,'0,3.3,'0
UP,Ballia,Hanumanganj,Hanumanganj,25.83333333,84.03333333,Garwar,"Dug Well",W14713,2017,.3,1.82,'0,4
UP,Ballia,Hanumanganj,Hanumanganj,25.83333333,84.03333333,Garwar,"Dug Well",W14713,2017,'0,'0,.7,'0
UP,Ballia,Pandah,Pandah,25.95138889,84.00833333,Narla-1,"Dug Well",W15516,2017,2.42,3.05,'0,3.95
UP,Ballia,Pandah,Pandah,25.95138889,84.00833333,Narla-1,"Dug Well",W15516,2017,'0,'0,2.72,'0
UP,Ballia,Maniyar,Maniyar,25.93555556,84.08333333,Kharsanda,"Dug Well",W14715,2017,2.55,2.7,'0,6.25
UP,Ballia,Maniyar,Maniyar,25.93555556,84.08333333,Kharsanda,"Dug Well",W14715,2017,'0,'0,3.22,'0
UP,Ballia,Revati,Revati,25.84555556,84.37888889,Rewati,"Dug Well",W32938,2017,2.04,2.89,'0,5.94
UP,Ballia,Hanumanganj,Hanumanganj,25.74444444,84.01027778,Chitbargaon,"Dug Well",W14712,2017,'0,'0,2,'0
UP,Ballia,Hanumanganj,Hanumanganj,25.74444444,84.01027778,Chitbargaon,"Dug Well",W14712,2016,.45,'0,.48,3.73
UP,Ballia,Revati,Revati,25.84555556,84.37888889,Rewati,"Dug Well",W32938,2016,1.9,'0,1.86,4.79
UP,Ballia,Chilkahar,Chilkahar,25.81388889,83.88888889,Jahangrapur,"Dug Well",W14709,2016,1.29,'0,1.27,4.82
UP,Ballia,Belhari,Belhari,25.73333333,84.29305556,Haldi,"Dug Well",W14708,2016,1.99,'0,1.97,8.78
UP,Ballia,Dubhad,Dubhad,25.75,84.16666667,Ballia,"Dug Well",W14710,2016,3.82,'0,3.77,6.9
UP,Ballia,Hanumanganj,Hanumanganj,25.75277778,84.10555556,Nasirabad,"Dug Well",W15514,2016,4.25,'0,4.23,10.35
UP,Ballia,Bairiya,Bairiya,25.78333333,84.45416667,Bairia,"Dug Well",W14705,2016,4.12,'0,4.09,7.02
UP,Ballia,"Murli Chhapra","Murli Chhapra",25.75,84.6,Jaiprakashnagar,"Dug Well",W14717,2016,1.96,'0,1.92,8.5
UP,Ballia,"Murli Chhapra","Murli Chhapra",25.73333333,84.51666667,"Dalan chapra","Dug Well",W14716,2016,4.22,'0,4.15,8.72
UP,Ballia,Garwar,Garwar,25.81888889,83.975,Chilkhar,"Dug Well",W14711,2016,.37,'0,.34,7.56
UP,Ballia,Rasra,Rasra,25.85,83.86166667,Rasra,"Dug Well",W15518,2016,1.77,'0,1.75,10.45
UP,Ballia,Pandah,Pandah,25.91944444,84,Kureji,"Dug Well",W14721,2016,'0,'0,'0,4.76
UP,Ballia,Bansdih,Bansdih,25.825,84.21388889,Babhnauli,"Dug Well",W14706,2016,1.88,'0,1.85,7.1
UP,Ballia,Siar,Siar,26.12333333,83.87166667,Ubhavan-2,"Dug Well",W15523,2016,1.15,'0,1.1,'0
UP,Ballia,Hanumanganj,Hanumanganj,25.83333333,84.03333333,Garwar,"Dug Well",W14713,2016,.39,'0,.55,4.87
UP,Ballia,Pandah,Pandah,25.95138889,84.00833333,Narla-1,"Dug Well",W15516,2016,1.58,'0,1.7,5.45
UP,Ballia,Maniyar,Maniyar,25.93555556,84.08333333,Kharsanda,"Dug Well",W14715,2016,1.3,'0,1.28,'0
UP,Ballia,Hanumanganj,Hanumanganj,25.8125,84.16805556,Manihar,"Dug Well",W15513,2016,3.6,'0,3.62,7.62
UP,Ballia,Hanumanganj,Hanumanganj,25.74444444,84.01027778,Chitbargaon,"Dug Well",W14712,2015,1.15,2.29,1.56,3.72
UP,Ballia,Maniyar,Maniyar,25.93555556,84.08333333,Kharsanda,"Dug Well",W14715,2015,3.32,2.24,3.4,4.73
UP,Ballia,Chilkahar,Chilkahar,25.81388889,83.88888889,Jahangrapur,"Dug Well",W14709,2015,3.03,4.15,3.75,4.35
UP,Ballia,Belhari,Belhari,25.73333333,84.29305556,Haldi,"Dug Well",W14708,2015,6.33,6.35,6.82,7.8
UP,Ballia,Dubhad,Dubhad,25.75,84.16666667,Ballia,"Dug Well",W14710,2015,5.8,6.37,5.57,6.69
UP,Ballia,Hanumanganj,Hanumanganj,25.75277778,84.10555556,Nasirabad,"Dug Well",W15514,2015,5.78,9.82,8.97,10.05
UP,Ballia,Bairiya,Bairiya,25.78333333,84.45416667,Bairia,"Dug Well",W14705,2015,4.25,5.35,5.5,6.41
UP,Ballia,"Murli Chhapra","Murli Chhapra",25.75,84.6,Jaiprakashnagar,"Dug Well",W14717,2015,5.35,6.02,6.42,6.84
UP,Ballia,"Murli Chhapra","Murli Chhapra",25.73333333,84.51666667,"Dalan chapra","Dug Well",W14716,2015,6.03,6.8,6.88,7.76
UP,Ballia,Garwar,Garwar,25.81888889,83.975,Chilkhar,"Dug Well",W14711,2015,4.49,5.23,3.95,5.68
UP,Ballia,Rasra,Rasra,25.85,83.86166667,Rasra,"Dug Well",W15518,2015,7.59,8.8,8.2,8.95
UP,Ballia,Pandah,Pandah,25.91944444,84,Kureji,"Dug Well",W14721,2015,2.28,2.55,2,3.54
UP,Ballia,Bansdih,Bansdih,25.825,84.21388889,Babhnauli,"Dug Well",W14706,2015,2.8,5.22,5.03,5.64
UP,Ballia,Siar,Siar,26.12333333,83.87166667,Ubhavan-2,"Dug Well",W15523,2015,4,4.51,4.41,5.17
UP,Ballia,Hanumanganj,Hanumanganj,25.83333333,84.03333333,Garwar,"Dug Well",W14713,2015,2.65,2.45,2.06,4.15
UP,Ballia,Pandah,Pandah,25.95138889,84.00833333,Narla-1,"Dug Well",W15516,2015,2.08,1.92,2.53,3.53
UP,Ballia,Hanumanganj,Hanumanganj,25.8125,84.16805556,Manihar,"Dug Well",W15513,2015,4.67,5.32,6.37,6.8
UP,Ballia,Hanumanganj,Hanumanganj,25.74444444,84.01027778,Chitbargaon,"Dug Well",W14712,2014,1.05,1.87,'0,3.65
UP,Ballia,Maniyar,Maniyar,25.93555556,84.08333333,Kharsanda,"Dug Well",W14715,2014,4.76,3.55,'0,5.29
UP,Ballia,Chilkahar,Chilkahar,25.81388889,83.88888889,Jahangrapur,"Dug Well",W14709,2014,3.13,2.18,'0,3.82
UP,Ballia,Belhari,Belhari,25.73333333,84.29305556,Haldi,"Dug Well",W14708,2014,9.3,3.35,'0,'0
UP,Ballia,Dubhad,Dubhad,25.75,84.16666667,Ballia,"Dug Well",W14710,2014,5.92,4.72,'0,5.84
UP,Ballia,Hanumanganj,Hanumanganj,25.75277778,84.10555556,Nasirabad,"Dug Well",W15514,2014,7.68,8.35,'0,9.23
UP,Ballia,Bairiya,Bairiya,25.78333333,84.45416667,Bairia,"Dug Well",W14705,2014,5.26,3.85,'0,5.15
UP,Ballia,"Murli Chhapra","Murli Chhapra",25.75,84.6,Jaiprakashnagar,"Dug Well",W14717,2014,5.23,6.25,'0,7
UP,Ballia,"Murli Chhapra","Murli Chhapra",25.73333333,84.51666667,"Dalan chapra","Dug Well",W14716,2014,5.87,6.1,'0,7.35
UP,Ballia,Garwar,Garwar,25.81888889,83.975,Chilkhar,"Dug Well",W14711,2014,3.69,2.7,'0,4.33
UP,Ballia,Rasra,Rasra,25.85,83.86166667,Rasra,"Dug Well",W15518,2014,7.46,7.3,'0,8.6
UP,Ballia,Pandah,Pandah,25.91944444,84,Kureji,"Dug Well",W14721,2014,1.3,2,'0,3.47
UP,Ballia,Bansdih,Bansdih,25.825,84.21388889,Babhnauli,"Dug Well",W14706,2014,3.47,3.67,'0,5.03
UP,Ballia,Siar,Siar,26.12333333,83.87166667,Ubhavan-2,"Dug Well",W15523,2014,3.4,3.2,'0,3.78
UP,Ballia,Hanumanganj,Hanumanganj,25.83333333,84.03333333,Garwar,"Dug Well",W14713,2014,1.15,1.4,'0,3.68
UP,Ballia,Pandah,Pandah,25.95138889,84.00833333,Narla-1,"Dug Well",W15516,2014,2.05,3.15,'0,3.27
UP,Ballia,Hanumanganj,Hanumanganj,25.8125,84.16805556,Manihar,"Dug Well",W15513,2014,6.95,4.84,'0,6.75
UP,Ballia,Hanumanganj,Hanumanganj,25.74444444,84.01027778,Chitbargaon,"Dug Well",W14712,2013,1.9,3.15,1.78,4.6
UP,Ballia,Maniyar,Maniyar,25.93555556,84.08333333,Kharsanda,"Dug Well",W14715,2013,.12,5.03,3.68,4.98
UP,Ballia,Chilkahar,Chilkahar,25.81388889,83.88888889,Jahangrapur,"Dug Well",W14709,2013,2.05,3.39,1.93,4.25
UP,Ballia,Belhari,Belhari,25.73333333,84.29305556,Haldi,"Dug Well",W14708,2013,2.01,7.61,2.44,8.42
UP,Ballia,Dubhad,Dubhad,25.75,84.16666667,Ballia,"Dug Well",W14710,2013,5.65,6.1,4.72,6.49
UP,Ballia,Hanumanganj,Hanumanganj,25.75277778,84.10555556,Nasirabad,"Dug Well",W15514,2013,2.16,9.57,7.99,10.09
UP,Ballia,Bairiya,Bairiya,25.78333333,84.45416667,Bairia,"Dug Well",W14705,2013,4.26,6.2,2.39,6.67
UP,Ballia,"Murli Chhapra","Murli Chhapra",25.75,84.6,Jaiprakashnagar,"Dug Well",W14717,2013,.45,6.97,3.45,7.66
UP,Ballia,"Murli Chhapra","Murli Chhapra",25.73333333,84.51666667,"Dalan chapra","Dug Well",W14716,2013,3.33,7.34,2.95,8.12
UP,Ballia,Garwar,Garwar,25.81888889,83.975,Chilkhar,"Dug Well",W14711,2013,2.28,4.8,2.54,5.84
UP,Ballia,Rasra,Rasra,25.85,83.86166667,Rasra,"Dug Well",W15518,2013,3.76,'0,7.19,8.09
UP,Ballia,Pandah,Pandah,25.91944444,84,Kureji,"Dug Well",W14721,2013,1.25,'0,'0,3.6
UP,Ballia,Bansdih,Bansdih,25.825,84.21388889,Babhnauli,"Dug Well",W14706,2013,4.92,5.05,3.45,5.77
UP,Ballia,Siar,Siar,26.12333333,83.87166667,Ubhavan-2,"Dug Well",W15523,2013,.94,4.24,3.28,5.28
UP,Ballia,Hanumanganj,Hanumanganj,25.83333333,84.03333333,Garwar,"Dug Well",W14713,2013,.58,3.43,1.34,4.8
UP,Ballia,Pandah,Pandah,25.95138889,84.00833333,Narla-1,"Dug Well",W15516,2013,.63,3.96,3.35,4.5
UP,Ballia,Hanumanganj,Hanumanganj,25.8125,84.16805556,Manihar,"Dug Well",W15513,2013,1.58,6.04,4.93,7.02
UP,Ballia,Hanumanganj,Hanumanganj,25.74444444,84.01027778,Chitbargaon,"Dug Well",W14712,2012,'0,1.73,2.74,4.43
UP,Ballia,Maniyar,Maniyar,25.93555556,84.08333333,Kharsanda,"Dug Well",W14715,2012,'0,1.9,4.32,'0
UP,Ballia,Chilkahar,Chilkahar,25.81388889,83.88888889,Jahangrapur,"Dug Well",W14709,2012,'0,'0,3.13,4.6
UP,Ballia,Belhari,Belhari,25.73333333,84.29305556,Haldi,"Dug Well",W14708,2012,'0,7.6,7.27,8.55
UP,Ballia,Dubhad,Dubhad,25.75,84.16666667,Ballia,"Dug Well",W14710,2012,'0,'0,5.59,5.92
UP,Ballia,Hanumanganj,Hanumanganj,25.75277778,84.10555556,Nasirabad,"Dug Well",W15514,2012,'0,8.51,9.2,10.35
UP,Ballia,Bairiya,Bairiya,25.78333333,84.45416667,Bairia,"Dug Well",W14705,2012,'0,5.42,5.88,6.45
UP,Ballia,"Murli Chhapra","Murli Chhapra",25.75,84.6,Jaiprakashnagar,"Dug Well",W14717,2012,'0,6.72,5.39,7.46
UP,Ballia,"Murli Chhapra","Murli Chhapra",25.73333333,84.51666667,"Dalan chapra","Dug Well",W14716,2012,'0,7.72,6.95,8.04
UP,Ballia,Garwar,Garwar,25.81888889,83.975,Chilkhar,"Dug Well",W14711,2012,'0,3.67,6.11,6.96
UP,Ballia,Rasra,Rasra,25.85,83.86166667,Rasra,"Dug Well",W15518,2012,'0,6.78,3.09,8
UP,Ballia,Pandah,Pandah,25.91944444,84,Kureji,"Dug Well",W14721,2012,'0,2.25,5.85,5.85
UP,Ballia,Bansdih,Bansdih,25.825,84.21388889,Babhnauli,"Dug Well",W14706,2012,'0,'0,4.27,5.07
UP,Ballia,Siar,Siar,26.12333333,83.87166667,Ubhavan-2,"Dug Well",W15523,2012,'0,4.15,2.95,5.05
UP,Ballia,Hanumanganj,Hanumanganj,25.83333333,84.03333333,Garwar,"Dug Well",W14713,2012,'0,2.07,2.06,5.3
UP,Ballia,Pandah,Pandah,25.95138889,84.00833333,Narla-1,"Dug Well",W15516,2012,'0,1.7,1.96,3.4
UP,Ballia,Hanumanganj,Hanumanganj,25.8125,84.16805556,Manihar,"Dug Well",W15513,2012,'0,6.16,5.12,7.9
UP,Ballia,Hanumanganj,Hanumanganj,25.74444444,84.01027778,Chitbargaon,"Dug Well",W14712,2011,.92,1.88,1.7,3.87
UP,Ballia,Maniyar,Maniyar,25.93555556,84.08333333,Kharsanda,"Dug Well",W14715,2011,.03,5.07,3.68,7.2
UP,Ballia,Chilkahar,Chilkahar,25.81388889,83.88888889,Jahangrapur,"Dug Well",W14709,2011,2.22,'0,'0,4.97
UP,Ballia,Siar,Siar,26.10833333,83.93333333,Narla-2,"Dug Well",W15522,2011,'0,3.85,3.56,'0
UP,Ballia,Sohaon,Sohaon,25.575,83.94027778,Sikandarpur-2,"Dug Well",W15524,2011,3.96,'0,'0,6.89
UP,Ballia,Belhari,Belhari,25.73333333,84.29305556,Haldi,"Dug Well",W14708,2011,3.48,8,7.27,8.61
UP,Ballia,Dubhad,Dubhad,25.75,84.16666667,Ballia,"Dug Well",W14710,2011,3.89,6.65,'0,6.82
UP,Ballia,Hanumanganj,Hanumanganj,25.75277778,84.10555556,Nasirabad,"Dug Well",W15514,2011,3.78,9.75,8.15,10.89
UP,Ballia,Bairiya,Bairiya,25.78333333,84.45416667,Bairia,"Dug Well",W14705,2011,4.2,6.5,5.18,6.84
UP,Ballia,"Murli Chhapra","Murli Chhapra",25.75,84.6,Jaiprakashnagar,"Dug Well",W14717,2011,.97,7.33,6.05,7.57
UP,Ballia,"Murli Chhapra","Murli Chhapra",25.73333333,84.51666667,"Dalan chapra","Dug Well",W14716,2011,3.57,7.95,6.88,9.2
UP,Ballia,Garwar,Garwar,25.81888889,83.975,Chilkhar,"Dug Well",W14711,2011,1.55,4.79,3.34,5.89
UP,Ballia,Rasra,Rasra,25.85,83.86166667,Rasra,"Dug Well",W15518,2011,'0,7.6,6.08,8.05
UP,Ballia,Pandah,Pandah,25.91944444,84,Kureji,"Dug Well",W14721,2011,.3,3.29,1.85,4
UP,Ballia,Bansdih,Bansdih,25.88333333,84.22055556,Bansdih,"Dug Well",W14707,2011,'0,'0,'0,6.78
UP,Ballia,Bansdih,Bansdih,25.825,84.21388889,Babhnauli,"Dug Well",W14706,2011,4.65,6.12,5.59,6.62
UP,Ballia,Siar,Siar,26.12333333,83.87166667,Ubhavan-2,"Dug Well",W15523,2011,1.15,4.5,2.35,5.15
UP,Ballia,Hanumanganj,Hanumanganj,25.83333333,84.03333333,Garwar,"Dug Well",W14713,2011,.48,2.08,1.75,4.5
UP,Ballia,Pandah,Pandah,25.95138889,84.00833333,Narla-1,"Dug Well",W15516,2011,.87,2.36,1.55,3.9
UP,Ballia,Hanumanganj,Hanumanganj,25.8125,84.16805556,Manihar,"Dug Well",W15513,2011,3.09,7.2,5.67,7.2
UP,Ballia,Hanumanganj,Hanumanganj,25.74444444,84.01027778,Chitbargaon,"Dug Well",W14712,2010,1.47,2.8,1.4,5
UP,Ballia,Maniyar,Maniyar,25.93555556,84.08333333,Kharsanda,"Dug Well",W14715,2010,6.38,6.25,3.6,'0
UP,Ballia,Chilkahar,Chilkahar,25.81388889,83.88888889,Jahangrapur,"Dug Well",W14709,2010,4.24,5.1,'0,'0
UP,Ballia,Siar,Siar,26.10833333,83.93333333,Narla-2,"Dug Well",W15522,2010,5.5,5.35,3.7,5.1
UP,Ballia,Sohaon,Sohaon,25.575,83.94027778,Sikandarpur-2,"Dug Well",W15524,2010,4.05,6.49,'0,'0
UP,Ballia,Belhari,Belhari,25.73333333,84.29305556,Haldi,"Dug Well",W14708,2010,6.46,8.1,6.89,8.95
UP,Ballia,Dubhad,Dubhad,25.75,84.16666667,Ballia,"Dug Well",W14710,2010,6.6,6.49,'0,6.82
UP,Ballia,Hanumanganj,Hanumanganj,25.75277778,84.10555556,Nasirabad,"Dug Well",W15514,2010,7.81,10.18,9,3.75
UP,Ballia,Bairiya,Bairiya,25.78333333,84.45416667,Bairia,"Dug Well",W14705,2010,6.6,5.84,5.4,6.8
UP,Ballia,"Murli Chhapra","Murli Chhapra",25.75,84.6,Jaiprakashnagar,"Dug Well",W14717,2010,2.82,6.7,5.6,7.7
UP,Ballia,"Murli Chhapra","Murli Chhapra",25.73333333,84.51666667,"Dalan chapra","Dug Well",W14716,2010,7.76,7.5,6.7,8.4
UP,Ballia,Garwar,Garwar,25.81888889,83.975,Chilkhar,"Dug Well",W14711,2010,4.23,5.21,4.35,'0
UP,Ballia,Rasra,Rasra,25.9,83.8,"Pakka inar","Dug Well",W15517,2010,'0,'0,3.9,'0
UP,Ballia,Rasra,Rasra,25.85,83.86166667,Rasra,"Dug Well",W15518,2010,7.71,7,6.7,'0
UP,Ballia,Pandah,Pandah,25.91944444,84,Kureji,"Dug Well",W14721,2010,1.78,3.1,2,'0
UP,Ballia,Bansdih,Bansdih,25.88333333,84.22055556,Bansdih,"Dug Well",W14707,2010,5.73,'0,'0,7.1
UP,Ballia,Bansdih,Bansdih,25.825,84.21388889,Babhnauli,"Dug Well",W14706,2010,5.03,5.82,5.47,6.57
UP,Ballia,Siar,Siar,26.12333333,83.87166667,Ubhavan-2,"Dug Well",W15523,2010,1.63,4.5,2.3,5.9
UP,Ballia,Hanumanganj,Hanumanganj,25.83333333,84.03333333,Garwar,"Dug Well",W14713,2010,2.1,2.52,1.82,5.1
UP,Ballia,Pandah,Pandah,25.95138889,84.00833333,Narla-1,"Dug Well",W15516,2010,1.31,2,1.68,3.9
UP,Ballia,Hanumanganj,Hanumanganj,25.8125,84.16805556,Manihar,"Dug Well",W15513,2010,3,6.6,5.35,7.8
UP,Ballia,Hanumanganj,Hanumanganj,25.74444444,84.01027778,Chitbargaon,"Dug Well",W14712,2009,1.81,1.7,2.39,3.2
UP,Ballia,Maniyar,Maniyar,25.93555556,84.08333333,Kharsanda,"Dug Well",W14715,2009,4.86,3.9,5.2,6.35
UP,Ballia,Chilkahar,Chilkahar,25.81388889,83.88888889,Jahangrapur,"Dug Well",W14709,2009,4.4,3.15,4.83,4.42
UP,Ballia,Siar,Siar,26.10833333,83.93333333,Narla-2,"Dug Well",W15522,2009,4.32,4.9,5.15,5.64
UP,Ballia,Sohaon,Sohaon,25.575,83.94027778,Sikandarpur-2,"Dug Well",W15524,2009,3.26,4.95,5.65,6.83
UP,Ballia,Belhari,Belhari,25.73333333,84.29305556,Haldi,"Dug Well",W14708,2009,6.9,3.75,7.05,8.04
UP,Ballia,Dubhad,Dubhad,25.75,84.16666667,Ballia,"Dug Well",W14710,2009,6.06,3.22,6.22,4.72
UP,Ballia,Hanumanganj,Hanumanganj,25.75277778,84.10555556,Nasirabad,"Dug Well",W15514,2009,8.8,8.75,9.75,10.25
UP,Ballia,Bairiya,Bairiya,25.78333333,84.45416667,Bairia,"Dug Well",W14705,2009,5.67,3.65,5.55,5.62
UP,Ballia,"Murli Chhapra","Murli Chhapra",25.75,84.6,Jaiprakashnagar,"Dug Well",W14717,2009,.01,5.75,5.25,'0
UP,Ballia,"Murli Chhapra","Murli Chhapra",25.73333333,84.51666667,"Dalan chapra","Dug Well",W14716,2009,7.45,5.95,6.7,7.69
UP,Ballia,Garwar,Garwar,25.81888889,83.975,Chilkhar,"Dug Well",W14711,2009,4.01,3.42,5.89,6.42
UP,Ballia,Rasra,Rasra,25.85,83.86166667,Rasra,"Dug Well",W15518,2009,5.45,2.4,2.9,6.38
UP,Ballia,Pandah,Pandah,25.91944444,84,Kureji,"Dug Well",W14721,2009,2.3,2.5,2.7,3.8
UP,Ballia,Bansdih,Bansdih,25.88333333,84.22055556,Bansdih,"Dug Well",W14707,2009,4.84,3.4,'0,4.75
UP,Ballia,Bansdih,Bansdih,25.825,84.21388889,Babhnauli,"Dug Well",W14706,2009,4.92,3.27,5.43,4.84
UP,Ballia,Siar,Siar,26.12333333,83.87166667,Ubhavan-2,"Dug Well",W15523,2009,1.76,3.7,4.58,5.45
UP,Ballia,Hanumanganj,Hanumanganj,25.83333333,84.03333333,Garwar,"Dug Well",W14713,2009,1.41,2.1,1.78,3.58
UP,Ballia,Pandah,Pandah,25.95138889,84.00833333,Narla-1,"Dug Well",W15516,2009,1.23,2.2,1.67,2.85
UP,Ballia,Hanumanganj,Hanumanganj,25.8125,84.16805556,Manihar,"Dug Well",W15513,2009,5.45,5.7,5.92,7.1
UP,Ballia,Hanumanganj,Hanumanganj,25.74444444,84.01027778,Chitbargaon,"Dug Well",W14712,2008,.74,1.4,1.4,2.23
UP,Ballia,Maniyar,Maniyar,25.93555556,84.08333333,Kharsanda,"Dug Well",W14715,2008,2.33,3.3,2.63,5.95
UP,Ballia,Chilkahar,Chilkahar,25.81388889,83.88888889,Jahangrapur,"Dug Well",W14709,2008,1.04,3.25,2.12,4.3
UP,Ballia,Siar,Siar,26.10833333,83.93333333,Narla-2,"Dug Well",W15522,2008,1.1,4.1,1.85,5.6
UP,Ballia,Sohaon,Sohaon,25.575,83.94027778,Sikandarpur-2,"Dug Well",W15524,2008,1.3,4,3.25,6.75
UP,Ballia,Belhari,Belhari,25.73333333,84.29305556,Haldi,"Dug Well",W14708,2008,.05,6.75,2.25,8.3
UP,Ballia,Dubhad,Dubhad,25.75,84.16666667,Ballia,"Dug Well",W14710,2008,'0,3.12,1.29,4.22
UP,Ballia,Hanumanganj,Hanumanganj,25.75277778,84.10555556,Nasirabad,"Dug Well",W15514,2008,3.7,8.75,7.44,9.35
UP,Ballia,Bairiya,Bairiya,25.78333333,84.45416667,Bairia,"Dug Well",W14705,2008,.59,4,2.06,5.95
UP,Ballia,"Murli Chhapra","Murli Chhapra",25.75,84.6,Jaiprakashnagar,"Dug Well",W14717,2008,'0,5.5,3.94,7.6
UP,Ballia,"Murli Chhapra","Murli Chhapra",25.73333333,84.51666667,"Dalan chapra","Dug Well",W14716,2008,2.2,5.8,4.08,7.98
UP,Ballia,Garwar,Garwar,25.81888889,83.975,Chilkhar,"Dug Well",W14711,2008,1.12,3.05,1.74,5.5
UP,Ballia,Rasra,Rasra,25.9,83.8,"Pakka inar","Dug Well",W15517,2008,'0,10.8,'0,'0
UP,Ballia,Rasra,Rasra,25.85,83.86166667,Rasra,"Dug Well",W15518,2008,'0,2,1.48,6.03
UP,Ballia,Pandah,Pandah,25.91944444,84,Kureji,"Dug Well",W14721,2008,.89,1.7,1.89,4.7
UP,Ballia,Bansdih,Bansdih,25.88333333,84.22055556,Bansdih,"Dug Well",W14707,2008,'0,2.7,1.77,4.56
UP,Ballia,Bansdih,Bansdih,25.825,84.21388889,Babhnauli,"Dug Well",W14706,2008,1.2,2.87,2.14,4.94
UP,Ballia,Siar,Siar,26.12333333,83.87166667,Ubhavan-2,"Dug Well",W15523,2008,.85,3.25,1.86,5.61
UP,Ballia,Hanumanganj,Hanumanganj,25.83333333,84.03333333,Garwar,"Dug Well",W14713,2008,.7,1.9,1.35,4.93
UP,Ballia,Pandah,Pandah,25.95138889,84.00833333,Narla-1,"Dug Well",W15516,2008,.75,3.8,1.69,3.99
UP,Ballia,Hanumanganj,Hanumanganj,25.8125,84.16805556,Manihar,"Dug Well",W15513,2008,2.75,5.5,4.7,7.1
UP,Ballia,Hanumanganj,Hanumanganj,25.74444444,84.01027778,Chitbargaon,"Dug Well",W14712,2007,.7,2.15,1.4,2.88
UP,Ballia,Maniyar,Maniyar,25.93555556,84.08333333,Kharsanda,"Dug Well",W14715,2007,.7,4.45,3.3,6.78
UP,Ballia,Chilkahar,Chilkahar,25.81388889,83.88888889,Jahangrapur,"Dug Well",W14709,2007,.8,4.15,3.25,4.72
UP,Ballia,Siar,Siar,26.10833333,83.93333333,Narla-2,"Dug Well",W15522,2007,1.3,5.7,2.2,5.9
UP,Ballia,Sohaon,Sohaon,25.575,83.94027778,Sikandarpur-2,"Dug Well",W15524,2007,1.3,5,4,6.56
UP,Ballia,Belhari,Belhari,25.73333333,84.29305556,Haldi,"Dug Well",W14708,2007,4.25,7.7,6.75,8.41
UP,Ballia,Dubhad,Dubhad,25.75,84.16666667,Ballia,"Dug Well",W14710,2007,4.12,2.87,3.12,2.26
UP,Ballia,Hanumanganj,Hanumanganj,25.75277778,84.10555556,Nasirabad,"Dug Well",W15514,2007,6.35,9,8.75,9.7
UP,Ballia,Bairiya,Bairiya,25.78333333,84.45416667,Bairia,"Dug Well",W14705,2007,2.7,6.95,4,6.03
UP,Ballia,"Murli Chhapra","Murli Chhapra",25.75,84.6,Jaiprakashnagar,"Dug Well",W14717,2007,2.4,6.55,5.5,7.48
UP,Ballia,"Murli Chhapra","Murli Chhapra",25.73333333,84.51666667,"Dalan chapra","Dug Well",W14716,2007,3.95,7.05,5.8,10.17
UP,Ballia,Garwar,Garwar,25.81888889,83.975,Chilkhar,"Dug Well",W14711,2007,1.02,5.27,3.05,5.31
UP,Ballia,Rasra,Rasra,25.9,83.8,"Pakka inar","Dug Well",W15517,2007,'0,5.35,'0,7.02
UP,Ballia,Rasra,Rasra,25.85,83.86166667,Rasra,"Dug Well",W15518,2007,'0,6.4,'0,7.02
UP,Ballia,Pandah,Pandah,25.91944444,84,Kureji,"Dug Well",W14721,2007,1.1,3,1.7,4.6
UP,Ballia,Bansdih,Bansdih,25.88333333,84.22055556,Bansdih,"Dug Well",W14707,2007,.5,4.55,2.2,5.69
UP,Ballia,Bansdih,Bansdih,25.825,84.21388889,Babhnauli,"Dug Well",W14706,2007,1.87,'0,2.87,5.79
UP,Ballia,Nagra,Nagra,26.03333333,83.73333333,Auraikalan,"Dug Well",W14719,2007,'0,3.15,'0,5.25
UP,Ballia,Siar,Siar,26.12333333,83.87166667,Ubhavan-2,"Dug Well",W15523,2007,1.05,4.45,3.25,5.74
UP,Ballia,Hanumanganj,Hanumanganj,25.83333333,84.03333333,Garwar,"Dug Well",W14713,2007,.9,2.4,1.9,5.1
UP,Ballia,Pandah,Pandah,25.95138889,84.00833333,Narla-1,"Dug Well",W15516,2007,1.1,2.1,3.8,3.5
UP,Ballia,Hanumanganj,Hanumanganj,25.8125,84.16805556,Manihar,"Dug Well",W15513,2007,3,6.25,5.5,7.49
UP,Ballia,Hanumanganj,Hanumanganj,25.74444444,84.01027778,Chitbargaon,"Dug Well",W14712,2006,1.2,1.85,1.65,3
UP,Ballia,Maniyar,Maniyar,25.93555556,84.08333333,Kharsanda,"Dug Well",W14715,2006,3.8,4.9,3.65,6.7
UP,Ballia,Chilkahar,Chilkahar,25.81388889,83.88888889,Jahangrapur,"Dug Well",W14709,2006,4.25,3.95,3.5,4.8
UP,Ballia,Siar,Siar,26.10833333,83.93333333,Narla-2,"Dug Well",W15522,2006,4.9,5.2,4.2,5.84
UP,Ballia,Sohaon,Sohaon,25.575,83.94027778,Sikandarpur-2,"Dug Well",W15524,2006,4,5.35,3.8,6.5
UP,Ballia,Belhari,Belhari,25.73333333,84.29305556,Haldi,"Dug Well",W14708,2006,5.5,7.45,6.6,8.5
UP,Ballia,Dubhad,Dubhad,25.75,84.16666667,Ballia,"Dug Well",W14710,2006,3.57,3.12,3.67,2.42
UP,Ballia,Hanumanganj,Hanumanganj,25.75277778,84.10555556,Nasirabad,"Dug Well",W15514,2006,7,8.95,8.35,9.65
UP,Ballia,Bairiya,Bairiya,25.78333333,84.45416667,Bairia,"Dug Well",W14705,2006,5.85,5.4,5.35,6.2
UP,Ballia,"Murli Chhapra","Murli Chhapra",25.75,84.6,Jaiprakashnagar,"Dug Well",W14717,2006,3.75,6.4,5.25,7.5
UP,Ballia,"Murli Chhapra","Murli Chhapra",25.73333333,84.51666667,"Dalan chapra","Dug Well",W14716,2006,6.8,6.65,6.25,9.9
UP,Ballia,Garwar,Garwar,25.81888889,83.975,Chilkhar,"Dug Well",W14711,2006,4.57,4.52,4.47,5.42
UP,Ballia,Rasra,Rasra,25.9,83.8,"Pakka inar","Dug Well",W15517,2006,3.75,5.35,'0,7.05
UP,Ballia,Rasra,Rasra,25.85,83.86166667,Rasra,"Dug Well",W15518,2006,4.9,5.75,'0,7.1
UP,Ballia,Pandah,Pandah,25.91944444,84,Kureji,"Dug Well",W14721,2006,1.95,2.7,2.35,4.6
UP,Ballia,Bansdih,Bansdih,25.88333333,84.22055556,Bansdih,"Dug Well",W14707,2006,3.35,4.6,3.55,5.65
UP,Ballia,Bansdih,Bansdih,25.825,84.21388889,Babhnauli,"Dug Well",W14706,2006,5.47,5.17,4.92,5.87
UP,Ballia,Nagra,Nagra,26.03333333,83.73333333,Auraikalan,"Dug Well",W14719,2006,1,2.4,1.85,5.1
UP,Ballia,Darauli,Navanagar,26.09611111,84.06666667,Bhagawanpur-1,"Dug Well",W12585,2006,'0,5.45,5.45,5.45
UP,Ballia,Siar,Siar,26.12333333,83.87166667,Ubhavan-2,"Dug Well",W15523,2006,2.15,4.55,2.85,5.75
UP,Ballia,Hanumanganj,Hanumanganj,25.83333333,84.03333333,Garwar,"Dug Well",W14713,2006,1.3,2.5,1.75,5
UP,Ballia,Pandah,Pandah,25.95138889,84.00833333,Narla-1,"Dug Well",W15516,2006,'0,2.4,1.55,3.5
UP,Ballia,Hanumanganj,Hanumanganj,25.8125,84.16805556,Manihar,"Dug Well",W15513,2006,6,6.3,'0,7.2
UP,Ballia,Hanumanganj,Hanumanganj,25.74444444,84.01027778,Chitbargaon,"Dug Well",W14712,2005,.8,2.46,1.7,4.2
UP,Ballia,Maniyar,Maniyar,25.93555556,84.08333333,Kharsanda,"Dug Well",W14715,2005,3.6,4.02,4.1,6.85
UP,Ballia,Chilkahar,Chilkahar,25.81388889,83.88888889,Jahangrapur,"Dug Well",W14709,2005,4.6,2.74,4.5,4.85
UP,Ballia,Siar,Siar,26.10833333,83.93333333,Narla-2,"Dug Well",W15522,2005,1.8,5.28,4.6,6
UP,Ballia,Sohaon,Sohaon,25.575,83.94027778,Sikandarpur-2,"Dug Well",W15524,2005,1.2,4.54,3.95,6.65
UP,Ballia,Belhari,Belhari,25.73333333,84.29305556,Haldi,"Dug Well",W14708,2005,4.95,7.47,6.45,8.55
UP,Ballia,Dubhad,Dubhad,25.75,84.16666667,Ballia,"Dug Well",W14710,2005,3.12,'0,3.02,4.02
UP,Ballia,Hanumanganj,Hanumanganj,25.75277778,84.10555556,Nasirabad,"Dug Well",W15514,2005,5.2,9.48,8.05,9.75
UP,Ballia,Bairiya,Bairiya,25.78333333,84.45416667,Bairia,"Dug Well",W14705,2005,5.3,5.76,4.8,6.7
UP,Ballia,"Murli Chhapra","Murli Chhapra",25.75,84.6,Jaiprakashnagar,"Dug Well",W14717,2005,2.15,6.52,5.2,7.4
UP,Ballia,"Murli Chhapra","Murli Chhapra",25.73333333,84.51666667,"Dalan chapra","Dug Well",W14716,2005,6.35,7.34,5.75,8.4
UP,Ballia,Garwar,Garwar,25.81888889,83.975,Chilkhar,"Dug Well",W14711,2005,2.32,4.14,3.57,6.02
UP,Ballia,Rasra,Rasra,25.9,83.8,"Pakka inar","Dug Well",W15517,2005,2.2,5.58,3.8,6.85
UP,Ballia,Rasra,Rasra,25.85,83.86166667,Rasra,"Dug Well",W15518,2005,3.9,3.88,4.85,6.7
UP,Ballia,Revati,Revati,25.89722222,84.325,"Nayabasti chand","Dug Well",W15520,2005,'0,4.82,'0,'0
UP,Ballia,Pandah,Pandah,25.91944444,84,Kureji,"Dug Well",W14721,2005,'0,3.28,2.3,4.9
UP,Ballia,Bansdih,Bansdih,25.88333333,84.22055556,Bansdih,"Dug Well",W14707,2005,1.7,4.24,4,5.5
UP,Ballia,Bansdih,Bansdih,25.825,84.21388889,Babhnauli,"Dug Well",W14706,2005,4.07,5.18,4.37,6.07
UP,Ballia,Nagra,Nagra,26.03333333,83.73333333,Auraikalan,"Dug Well",W14719,2005,'0,'0,1.8,6.02
UP,Ballia,Darauli,Navanagar,26.09611111,84.06666667,Bhagawanpur-1,"Dug Well",W12585,2005,'0,'0,5.45,'0
UP,Ballia,Siar,Siar,26.12333333,83.87166667,Ubhavan-2,"Dug Well",W15523,2005,1.05,5.56,3.25,5.75
UP,Ballia,Hanumanganj,Hanumanganj,25.83333333,84.03333333,Garwar,"Dug Well",W14713,2005,.5,2.59,2,4.6
UP,Ballia,Rasra,Rasra,25.8375,83.76944444,Silhata,"Dug Well",W15519,2005,'0,5.56,'0,'0
UP,Ballia,Pandah,Pandah,25.95138889,84.00833333,Narla-1,"Dug Well",W15516,2005,'0,2.25,2,3.4
UP,Ballia,Hanumanganj,Hanumanganj,25.8125,84.16805556,Manihar,"Dug Well",W15513,2005,3.7,6.93,5.6,7.5
UP,Ballia,Hanumanganj,Hanumanganj,25.74444444,84.01027778,Chitbargaon,"Dug Well",W14712,2004,1.49,1.89,2.2,2.9
UP,Ballia,Maniyar,Maniyar,25.93555556,84.08333333,Kharsanda,"Dug Well",W14715,2004,2.32,3.13,3.62,5.19
UP,Ballia,Chilkahar,Chilkahar,25.81388889,83.88888889,Jahangrapur,"Dug Well",W14709,2004,2.35,3.76,2.46,3.42
UP,Ballia,Siar,Siar,26.10833333,83.93333333,Narla-2,"Dug Well",W15522,2004,2.94,3.88,4.87,7.22
UP,Ballia,Sohaon,Sohaon,25.575,83.94027778,Sikandarpur-2,"Dug Well",W15524,2004,2.42,4,4.88,5.59
UP,Ballia,Belhari,Belhari,25.73333333,84.29305556,Haldi,"Dug Well",W14708,2004,3.19,4.09,7.78,3.02
UP,Ballia,Hanumanganj,Hanumanganj,25.75277778,84.10555556,Nasirabad,"Dug Well",W15514,2004,6.05,6.64,9.72,5.23
UP,Ballia,Bairiya,Bairiya,25.78333333,84.45416667,Bairia,"Dug Well",W14705,2004,2.87,3.93,7.95,5.56
UP,Ballia,"Murli Chhapra","Murli Chhapra",25.75,84.6,Jaiprakashnagar,"Dug Well",W14717,2004,2.87,6.54,9.2,7.84
UP,Ballia,"Murli Chhapra","Murli Chhapra",25.73333333,84.51666667,"Dalan chapra","Dug Well",W14716,2004,2.82,7.67,7.86,5.43
UP,Ballia,Garwar,Garwar,25.81888889,83.975,Chilkhar,"Dug Well",W14711,2004,2.17,3.59,4.58,4.57
UP,Ballia,Rasra,Rasra,25.9,83.8,"Pakka inar","Dug Well",W15517,2004,'0,3.88,5.52,10.8
UP,Ballia,Rasra,Rasra,25.85,83.86166667,Rasra,"Dug Well",W15518,2004,1.07,1.4,2.6,5.54
UP,Ballia,Revati,Revati,25.89722222,84.325,"Nayabasti chand","Dug Well",W15520,2004,1.63,3.61,4.52,4.94
UP,Ballia,Pandah,Pandah,25.91944444,84,Kureji,"Dug Well",W14721,2004,1.87,3.38,2.86,3.7
UP,Ballia,Bansdih,Bansdih,25.88333333,84.22055556,Bansdih,"Dug Well",W14707,2004,2.98,2.17,2.95,4.15
UP,Ballia,Bansdih,Bansdih,25.825,84.21388889,Babhnauli,"Dug Well",W14706,2004,1.64,3.71,4.25,5.62
UP,Ballia,Nagra,Nagra,26.03333333,83.73333333,Auraikalan,"Dug Well",W14719,2004,1.9,2.1,5.02,4.47
UP,Ballia,Darauli,Navanagar,26.09611111,84.06666667,Bhagawanpur-1,"Dug Well",W12585,2004,'0,3.8,'0,7.08
UP,Ballia,Siar,Siar,26.12333333,83.87166667,Ubhavan-2,"Dug Well",W15523,2004,1.45,4.8,3.11,4.7
UP,Ballia,Hanumanganj,Hanumanganj,25.83333333,84.03333333,Garwar,"Dug Well",W14713,2004,2.12,2.71,2.13,3.61
UP,Ballia,Rasra,Rasra,25.8375,83.76944444,Silhata,"Dug Well",W15519,2004,2.2,4.1,5.27,6.17
UP,Ballia,Pandah,Pandah,25.95138889,84.00833333,Narla-1,"Dug Well",W15516,2004,2.06,2.48,2.53,5.12
UP,Ballia,Hanumanganj,Hanumanganj,25.8125,84.16805556,Manihar,"Dug Well",W15513,2004,2.92,3.74,6,6.32
UP,Ballia,Hanumanganj,Hanumanganj,25.74444444,84.01027778,Chitbargaon,"Dug Well",W14712,2003,2.26,2.43,1.09,3.73
UP,Ballia,Maniyar,Maniyar,25.93555556,84.08333333,Kharsanda,"Dug Well",W14715,2003,'0,'0,2.57,5.06
UP,Ballia,Chilkahar,Chilkahar,25.81388889,83.88888889,Jahangrapur,"Dug Well",W14709,2003,2.03,1.78,2.77,5.25
UP,Ballia,Siar,Siar,26.10833333,83.93333333,Narla-2,"Dug Well",W15522,2003,2.7,4.85,3.63,5.59
UP,Ballia,Sohaon,Sohaon,25.575,83.94027778,Sikandarpur-2,"Dug Well",W15524,2003,'0,4.23,3.73,5.59
UP,Ballia,Belhari,Belhari,25.73333333,84.29305556,Haldi,"Dug Well",W14708,2003,3.33,7.27,3.23,8.59
UP,Ballia,Dubhad,Dubhad,25.75,84.16666667,Ballia,"Dug Well",W14710,2003,'0,'0,'0,4.55
UP,Ballia,Hanumanganj,Hanumanganj,25.75277778,84.10555556,Nasirabad,"Dug Well",W15514,2003,3.24,9.2,6.02,9.66
UP,Ballia,Bairiya,Bairiya,25.78333333,84.45416667,Bairia,"Dug Well",W14705,2003,'0,6.38,2.75,6.25
UP,Ballia,"Murli Chhapra","Murli Chhapra",25.75,84.6,Jaiprakashnagar,"Dug Well",W14717,2003,'0,6.38,6.17,7.49
UP,Ballia,"Murli Chhapra","Murli Chhapra",25.73333333,84.51666667,"Dalan chapra","Dug Well",W14716,2003,'0,8.05,6.69,8.37
UP,Ballia,Garwar,Garwar,25.81888889,83.975,Chilkhar,"Dug Well",W14711,2003,2.29,3.89,2.28,4.84
UP,Ballia,Rasra,Rasra,25.9,83.8,"Pakka inar","Dug Well",W15517,2003,2.42,3.17,3.42,'0
UP,Ballia,Rasra,Rasra,25.85,83.86166667,Rasra,"Dug Well",W15518,2003,4.67,2.36,2.72,5.56
UP,Ballia,Revati,Revati,25.89722222,84.325,"Nayabasti chand","Dug Well",W15520,2003,'0,3.25,3.07,5.09
UP,Ballia,Pandah,Pandah,25.91944444,84,Kureji,"Dug Well",W14721,2003,1.76,2.68,1.87,'0
UP,Ballia,Bansdih,Bansdih,25.88333333,84.22055556,Bansdih,"Dug Well",W14707,2003,1.98,2.96,1.33,5.04
UP,Ballia,Bansdih,Bansdih,25.825,84.21388889,Babhnauli,"Dug Well",W14706,2003,1.89,4.24,2.94,5.23
UP,Ballia,Nagra,Nagra,26.03333333,83.73333333,Auraikalan,"Dug Well",W14719,2003,'0,3.59,1.86,'0
UP,Ballia,Darauli,Navanagar,26.09611111,84.06666667,Bhagawanpur-1,"Dug Well",W12585,2003,'0,'0,1.85,'0
UP,Ballia,Siar,Siar,26.12333333,83.87166667,Ubhavan-2,"Dug Well",W15523,2003,1.21,3.42,2.1,5.45
UP,Ballia,Hanumanganj,Hanumanganj,25.83333333,84.03333333,Garwar,"Dug Well",W14713,2003,1.96,2.69,2.37,5.06
UP,Ballia,Rasra,Rasra,25.8375,83.76944444,Silhata,"Dug Well",W15519,2003,'0,3.19,3.32,5.43
UP,Ballia,Pandah,Pandah,25.95138889,84.00833333,Narla-1,"Dug Well",W15516,2003,1.76,2.48,1.55,5.02
UP,Ballia,Hanumanganj,Hanumanganj,25.8125,84.16805556,Manihar,"Dug Well",W15513,2003,2.67,5.75,3.09,7.03
UP,Ballia,Hanumanganj,Hanumanganj,25.74444444,84.01027778,Chitbargaon,"Dug Well",W14712,2002,2.79,2.38,1.69,3.51
UP,Ballia,Hanumanganj,Hanumanganj,25.8125,84.16805556,Manihar,"Dug Well",W15513,2002,2.99,3.88,4.34,6.66
UP,Ballia,Chilkahar,Chilkahar,25.81388889,83.88888889,Jahangrapur,"Dug Well",W14709,2002,2.47,3.36,.63,4.18
UP,Ballia,Siar,Siar,26.10833333,83.93333333,Narla-2,"Dug Well",W15522,2002,2.57,5.02,1.98,5.29
UP,Ballia,Sohaon,Sohaon,25.575,83.94027778,Sikandarpur-2,"Dug Well",W15524,2002,3.63,4.73,.94,6.58
UP,Ballia,Belhari,Belhari,25.73333333,84.29305556,Haldi,"Dug Well",W14708,2002,3.84,5.63,6.15,7.67
UP,Ballia,Dubhad,Dubhad,25.75,84.16666667,Ballia,"Dug Well",W14710,2002,3.8,'0,'0,3.48
UP,Ballia,Hanumanganj,Hanumanganj,25.75277778,84.10555556,Nasirabad,"Dug Well",W15514,2002,4.12,8.21,7.95,9.21
UP,Ballia,Bairiya,Bairiya,25.78333333,84.45416667,Bairia,"Dug Well",W14705,2002,4.42,3.86,5.33,5.64
UP,Ballia,"Murli Chhapra","Murli Chhapra",25.75,84.6,Jaiprakashnagar,"Dug Well",W14717,2002,4.48,4.97,3.22,6.81
UP,Ballia,"Murli Chhapra","Murli Chhapra",25.73333333,84.51666667,"Dalan chapra","Dug Well",W14716,2002,4.36,6.67,3.08,7.66
UP,Ballia,Garwar,Garwar,25.81888889,83.975,Chilkhar,"Dug Well",W14711,2002,2.88,3.92,1.39,4.67
UP,Ballia,Rasra,Rasra,25.9,83.8,"Pakka inar","Dug Well",W15517,2002,3.19,2.45,1.95,'0
UP,Ballia,Rasra,Rasra,25.85,83.86166667,Rasra,"Dug Well",W15518,2002,4.46,1.45,1.4,4.75
UP,Ballia,Revati,Revati,25.89722222,84.325,"Nayabasti chand","Dug Well",W15520,2002,1.92,3.01,1.33,4.18
UP,Ballia,Pandah,Pandah,25.91944444,84,Kureji,"Dug Well",W14721,2002,2.01,3.38,1.75,5
UP,Ballia,Bansdih,Bansdih,25.88333333,84.22055556,Bansdih,"Dug Well",W14707,2002,2.58,2.36,1.74,3.93
UP,Ballia,Bansdih,Bansdih,25.825,84.21388889,Babhnauli,"Dug Well",W14706,2002,2.12,4.3,2.05,4.41
UP,Ballia,Nagra,Nagra,26.03333333,83.73333333,Auraikalan,"Dug Well",W14719,2002,'0,2.42,.86,'0
UP,Ballia,Darauli,Navanagar,26.09611111,84.06666667,Bhagawanpur-1,"Dug Well",W12585,2002,'0,2.39,8.31,3.91
UP,Ballia,Siar,Siar,26.12333333,83.87166667,Ubhavan-2,"Dug Well",W15523,2002,1.46,4.04,1.95,4.42
UP,Ballia,Hanumanganj,Hanumanganj,25.83333333,84.03333333,Garwar,"Dug Well",W14713,2002,2.44,2.32,1.66,3.88
UP,Ballia,Rasra,Rasra,25.8375,83.76944444,Silhata,"Dug Well",W15519,2002,3.55,4.53,1.85,5.13
UP,Ballia,Pandah,Pandah,25.95138889,84.00833333,Narla-1,"Dug Well",W15516,2002,2.13,3.76,1.02,3.79
UP,Ballia,Hanumanganj,Hanumanganj,25.74444444,84.01027778,Chitbargaon,"Dug Well",W14712,2001,.6,'0,1.7,3.67
UP,Ballia,Pandah,Pandah,25.95138889,84.00833333,Narla-1,"Dug Well",W15516,2001,.58,'0,1.21,'0
UP,Ballia,Rasra,Rasra,25.8375,83.76944444,Silhata,"Dug Well",W15519,2001,4.4,'0,2.03,6.23
UP,Ballia,Hanumanganj,Hanumanganj,25.83333333,84.03333333,Garwar,"Dug Well",W14713,2001,.6,'0,1.55,3.6
UP,Ballia,Siar,Siar,26.12333333,83.87166667,Ubhavan-2,"Dug Well",W15523,2001,.93,'0,1.85,5.05
UP,Ballia,Darauli,Navanagar,26.09611111,84.06666667,Bhagawanpur-1,"Dug Well",W12585,2001,2.24,'0,2.08,'0
UP,Ballia,Nagra,Nagra,26.03333333,83.73333333,Auraikalan,"Dug Well",W14719,2001,'0,'0,.78,'0
UP,Ballia,Bansdih,Bansdih,25.825,84.21388889,Babhnauli,"Dug Well",W14706,2001,2.2,'0,1.91,5.89
UP,Ballia,Bansdih,Bansdih,25.88333333,84.22055556,Bansdih,"Dug Well",W14707,2001,.18,'0,1.06,4.5
UP,Ballia,Pandah,Pandah,25.91944444,84,Kureji,"Dug Well",W14721,2001,.85,'0,1.6,4.2
UP,Ballia,Revati,Revati,25.89722222,84.325,"Nayabasti chand","Dug Well",W15520,2001,3.23,'0,1.46,4.41
UP,Ballia,Rasra,Rasra,25.85,83.86166667,Rasra,"Dug Well",W15518,2001,.08,'0,1.86,5.7
UP,Ballia,Rasra,Rasra,25.9,83.8,"Pakka inar","Dug Well",W15517,2001,1.35,'0,1.55,6.85
UP,Ballia,Garwar,Garwar,25.81888889,83.975,Chilkhar,"Dug Well",W14711,2001,1.2,'0,1.4,5.8
UP,Ballia,"Murli Chhapra","Murli Chhapra",25.73333333,84.51666667,"Dalan chapra","Dug Well",W14716,2001,5.28,'0,2.98,7.93
UP,Ballia,"Murli Chhapra","Murli Chhapra",25.75,84.6,Jaiprakashnagar,"Dug Well",W14717,2001,1.25,'0,2.97,7.1
UP,Ballia,Bairiya,Bairiya,25.78333333,84.45416667,Bairia,"Dug Well",W14705,2001,4.8,'0,1.88,5.91
UP,Ballia,Hanumanganj,Hanumanganj,25.75277778,84.10555556,Nasirabad,"Dug Well",W15514,2001,3.85,'0,2,9.45
UP,Ballia,Dubhad,Dubhad,25.75,84.16666667,Ballia,"Dug Well",W14710,2001,2.71,'0,'0,3.49
UP,Ballia,Belhari,Belhari,25.73333333,84.29305556,Haldi,"Dug Well",W14708,2001,3.5,'0,2.31,7.96
UP,Ballia,Sohaon,Sohaon,25.575,83.94027778,Sikandarpur-2,"Dug Well",W15524,2001,4.15,'0,1.09,6.59
UP,Ballia,Siar,Siar,26.10833333,83.93333333,Narla-2,"Dug Well",W15522,2001,1.03,'0,2.04,5.9
UP,Ballia,Chilkahar,Chilkahar,25.81388889,83.88888889,Jahangrapur,"Dug Well",W14709,2001,3.17,'0,.45,5.9
UP,Ballia,Hanumanganj,Hanumanganj,25.8125,84.16805556,Manihar,"Dug Well",W15513,2001,2.92,'0,3.06,6.98
UP,Ballia,Rasra,Rasra,25.9,83.8,"Pakka inar","Dug Well",W15517,2000,1.2,2.64,2.25,'0
UP,Ballia,Hanumanganj,Hanumanganj,25.74444444,84.01027778,Chitbargaon,"Dug Well",W14712,2000,.79,1.87,1.75,3.26
UP,Ballia,Garwar,Garwar,25.81888889,83.975,Chilkhar,"Dug Well",W14711,2000,1.45,3.23,2.78,5.65
UP,Ballia,Bansdih,Bansdih,25.825,84.21388889,Babhnauli,"Dug Well",W14706,2000,3.63,3.13,3.67,4.6
UP,Ballia,"Murli Chhapra","Murli Chhapra",25.73333333,84.51666667,"Dalan chapra","Dug Well",W14716,2000,3.61,6.03,5.27,7.48
UP,Ballia,Siar,Siar,26.12333333,83.87166667,Ubhavan-2,"Dug Well",W15523,2000,.91,4,3.65,5.33
UP,Ballia,"Murli Chhapra","Murli Chhapra",25.75,84.6,Jaiprakashnagar,"Dug Well",W14717,2000,'0,5.7,4.8,6.6
UP,Ballia,Bansdih,Bansdih,25.88333333,84.22055556,Bansdih,"Dug Well",W14707,2000,3.16,2.07,1.86,4.08
UP,Ballia,Bairiya,Bairiya,25.78333333,84.45416667,Bairia,"Dug Well",W14705,2000,2.19,4.3,3.52,5.68
UP,Ballia,Pandah,Pandah,25.95138889,84.00833333,Narla-1,"Dug Well",W15516,2000,.64,'0,1.83,3.69
UP,Ballia,Hanumanganj,Hanumanganj,25.75277778,84.10555556,Nasirabad,"Dug Well",W15514,2000,3.75,7.97,7.85,8.98
UP,Ballia,Pandah,Pandah,25.91944444,84,Kureji,"Dug Well",W14721,2000,1.63,2.41,2.23,4.26
UP,Ballia,Dubhad,Dubhad,25.75,84.16666667,Ballia,"Dug Well",W14710,2000,3.73,3.18,3.76,4.72
UP,Ballia,Darauli,Navanagar,26.09611111,84.06666667,Bhagawanpur-1,"Dug Well",W12585,2000,2.44,'0,2.24,2.85
UP,Ballia,Belhari,Belhari,25.73333333,84.29305556,Haldi,"Dug Well",W14708,2000,6.26,5.93,5.8,7.48
UP,Ballia,Revati,Revati,25.89722222,84.325,"Nayabasti chand","Dug Well",W15520,2000,1.99,2.78,2.88,3.78
UP,Ballia,Sohaon,Sohaon,25.575,83.94027778,Sikandarpur-2,"Dug Well",W15524,2000,2.36,3.9,6.98,'0
UP,Ballia,Hanumanganj,Hanumanganj,25.83333333,84.03333333,Garwar,"Dug Well",W14713,2000,1.6,1.9,1.68,'0
UP,Ballia,Siar,Siar,26.10833333,83.93333333,Narla-2,"Dug Well",W15522,2000,3.66,4.49,'0,5.03
UP,Ballia,Rasra,Rasra,25.85,83.86166667,Rasra,"Dug Well",W15518,2000,3.49,1.6,1.55,5.11
UP,Ballia,Chilkahar,Chilkahar,25.81388889,83.88888889,Jahangrapur,"Dug Well",W14709,2000,.69,2.78,3.05,4.21
UP,Ballia,Nagra,Nagra,26.03333333,83.73333333,Auraikalan,"Dug Well",W14719,2000,1.01,1.87,'0,3.35
UP,Ballia,Hanumanganj,Hanumanganj,25.8125,84.16805556,Manihar,"Dug Well",W15513,2000,1.91,5.59,'0,6.7
UP,Ballia,Maniyar,Maniyar,25.93555556,84.08333333,Kharsanda,"Dug Well",W14715,2000,3.07,3.68,3.35,5.73
UP,Ballia,Rasra,Rasra,25.8375,83.76944444,Silhata,"Dug Well",W15519,2000,'0,4.97,3.3,5.92
UP,Ballia,Pandah,Pandah,25.91944444,84,Kureji,"Dug Well",W14721,1999,1.03,2.68,1.93,2.13
UP,Ballia,Revati,Revati,25.89722222,84.325,"Nayabasti chand","Dug Well",W15520,1999,1.78,2.6,1.92,3.71
UP,Ballia,Bansdih,Bansdih,25.825,84.21388889,Babhnauli,"Dug Well",W14706,1999,1.97,3.42,2.37,4.84
UP,Ballia,Nagra,Nagra,26.03333333,83.73333333,Auraikalan,"Dug Well",W14719,1999,.72,2.1,1.38,3.03
UP,Ballia,Siar,Siar,26.12333333,83.87166667,Ubhavan-2,"Dug Well",W15523,1999,1.12,4.27,2.11,4.07
UP,Ballia,Hanumanganj,Hanumanganj,25.83333333,84.03333333,Garwar,"Dug Well",W14713,1999,.96,2.1,1.51,2.22
UP,Ballia,Rasra,Rasra,25.8375,83.76944444,Silhata,"Dug Well",W15519,1999,2.29,5.35,3.88,6.03
UP,Ballia,Pandah,Pandah,25.95138889,84.00833333,Narla-1,"Dug Well",W15516,1999,.96,1.77,'0,1.81
UP,Ballia,Maniyar,Maniyar,25.93555556,84.08333333,Kharsanda,"Dug Well",W14715,1999,.6,2.8,2.8,3.94
UP,Ballia,Navanagar,Navanagar,26.00277778,83.96666667,"Ekil Tarwa","Dug Well",W14720,1999,'0,1.2,'0,'0
UP,Ballia,Hanumanganj,Hanumanganj,25.74444444,84.01027778,Chitbargaon,"Dug Well",W14712,1999,.98,1.78,1.57,2.86
UP,Ballia,Hanumanganj,Hanumanganj,25.8125,84.16805556,Manihar,"Dug Well",W15513,1999,2.95,5.55,4.32,6.2
UP,Ballia,Chilkahar,Chilkahar,25.81388889,83.88888889,Jahangrapur,"Dug Well",W14709,1999,1.27,3.08,1.88,4.13
UP,Ballia,Siar,Siar,26.10833333,83.93333333,Narla-2,"Dug Well",W15522,1999,1.27,4.45,2.55,4.88
UP,Ballia,Sohaon,Sohaon,25.575,83.94027778,Sikandarpur-2,"Dug Well",W15524,1999,.6,4.27,1.49,6.29
UP,Ballia,Belhari,Belhari,25.73333333,84.29305556,Haldi,"Dug Well",W14708,1999,2.48,6.2,3.33,7.78
UP,Ballia,Dubhad,Dubhad,25.75,84.16666667,Ballia,"Dug Well",W14710,1999,2.86,3.57,2.57,5.16
UP,Ballia,Hanumanganj,Hanumanganj,25.75277778,84.10555556,Nasirabad,"Dug Well",W15514,1999,3.43,8.53,6.01,9.21
UP,Ballia,Bairiya,Bairiya,25.78333333,84.45416667,Bairia,"Dug Well",W14705,1999,3.73,4.6,3.36,5.7
UP,Ballia,"Murli Chhapra","Murli Chhapra",25.75,84.6,Jaiprakashnagar,"Dug Well",W14717,1999,1.44,6.7,3.58,6.87
UP,Ballia,"Murli Chhapra","Murli Chhapra",25.73333333,84.51666667,"Dalan chapra","Dug Well",W14716,1999,4.56,6.4,4.32,7.66
UP,Ballia,Garwar,Garwar,25.81888889,83.975,Chilkhar,"Dug Well",W14711,1999,1.41,3.97,1.94,4.91
UP,Ballia,Rasra,Rasra,25.9,83.8,"Pakka inar","Dug Well",W15517,1999,1.11,2.7,1.77,5.88
UP,Ballia,Rasra,Rasra,25.85,83.86166667,Rasra,"Dug Well",W15518,1999,.23,3.94,.92,6.06
UP,Ballia,Bansdih,Bansdih,25.88333333,84.22055556,Bansdih,"Dug Well",W14707,1999,.5,1.95,1.32,3.84
UP,Ballia,Pandah,Pandah,25.91944444,84,Kureji,"Dug Well",W14721,1998,'0,2.64,2.73,3.95
UP,Ballia,Revati,Revati,25.84555556,84.37888889,Ubhavan-1,"Dug Well",W15521,1998,'0,4.37,'0,'0
UP,Ballia,Bansdih,Bansdih,25.825,84.21388889,Babhnauli,"Dug Well",W14706,1998,'0,2.61,2.69,4.5
UP,Ballia,Maniyar,Bansdih,25.9,84.13333333,Karambhar,"Dug Well",W14714,1998,'0,1.91,'0,'0
UP,Ballia,Nagra,Nagra,26.01805556,83.81888889,Abbaspur,"Dug Well",W14718,1998,'0,2.63,'0,4.25
UP,Ballia,Nagra,Nagra,26.03333333,83.73333333,Auraikalan,"Dug Well",W14719,1998,'0,1.91,1.7,'0
UP,Ballia,Darauli,Navanagar,26.09611111,84.06666667,Bhagawanpur-1,"Dug Well",W12585,1998,'0,3.08,'0,4.77
UP,Ballia,Siar,Siar,26.12333333,83.87166667,Ubhavan-2,"Dug Well",W15523,1998,'0,3.65,2.27,3.95
UP,Ballia,Hanumanganj,Hanumanganj,25.83333333,84.03333333,Garwar,"Dug Well",W14713,1998,'0,2.58,1.84,2.81
UP,Ballia,Rasra,Rasra,25.8375,83.76944444,Silhata,"Dug Well",W15519,1998,'0,'0,4.5,6.78
UP,Ballia,Pandah,Pandah,25.95138889,84.00833333,Narla-1,"Dug Well",W15516,1998,'0,1.32,1.48,8.15
UP,Ballia,Maniyar,Maniyar,25.93555556,84.08333333,Kharsanda,"Dug Well",W14715,1998,'0,3.12,'0,'0
UP,Ballia,Navanagar,Navanagar,26.00277778,83.96666667,"Ekil Tarwa","Dug Well",W14720,1998,'0,1.03,1.05,3.8
UP,Ballia,Hanumanganj,Hanumanganj,25.74444444,84.01027778,Chitbargaon,"Dug Well",W14712,1998,'0,2.01,1.35,3.12
UP,Ballia,Hanumanganj,Hanumanganj,25.8125,84.16805556,Manihar,"Dug Well",W15513,1998,'0,2.69,4.47,6.85
UP,Ballia,Chilkahar,Chilkahar,25.81388889,83.88888889,Jahangrapur,"Dug Well",W14709,1998,'0,3.23,2.23,4.17
UP,Ballia,Siar,Siar,26.10833333,83.93333333,Narla-2,"Dug Well",W15522,1998,'0,1.87,2.4,5.45
UP,Ballia,Sohaon,Sohaon,25.575,83.94027778,Sikandarpur-2,"Dug Well",W15524,1998,'0,4.41,2.35,9.86
UP,Ballia,Belhari,Belhari,25.73333333,84.29305556,Haldi,"Dug Well",W14708,1998,'0,6.44,3.8,7.64
UP,Ballia,Dubhad,Dubhad,25.75,84.16666667,Ballia,"Dug Well",W14710,1998,'0,3.24,2.59,3.95
UP,Ballia,Hanumanganj,Hanumanganj,25.75277778,84.10555556,Nasirabad,"Dug Well",W15514,1998,'0,7.81,7.2,8.85
UP,Ballia,Bairiya,Bairiya,25.78333333,84.45416667,Bairia,"Dug Well",W14705,1998,'0,4.83,3.29,'0
UP,Ballia,"Murli Chhapra","Murli Chhapra",25.75,84.6,Jaiprakashnagar,"Dug Well",W14717,1998,'0,5.7,4.58,6.76
UP,Ballia,"Murli Chhapra","Murli Chhapra",25.73333333,84.51666667,"Dalan chapra","Dug Well",W14716,1998,'0,5.09,4.77,7.76
UP,Ballia,Garwar,Garwar,25.81888889,83.975,Chilkhar,"Dug Well",W14711,1998,'0,2.83,2.92,6.61
UP,Ballia,Rasra,Rasra,25.9,83.8,"Pakka inar","Dug Well",W15517,1998,'0,2.56,1.83,6.65
UP,Ballia,Rasra,Rasra,25.85,83.86166667,Rasra,"Dug Well",W15518,1998,'0,5.16,2.9,7.39
UP,Ballia,Revati,Revati,25.89722222,84.325,"Nayabasti chand","Dug Well",W15520,1998,'0,2.11,1.65,3.65
UP,Ballia,Bansdih,Bansdih,25.88333333,84.22055556,Bansdih,"Dug Well",W14707,1998,'0,3.4,1.2,3.89
UP,Ballia,Pandah,Pandah,25.91944444,84,Kureji,"Dug Well",W14721,1997,1.74,3.59,2.74,4.63
UP,Ballia,Revati,Revati,25.84555556,84.37888889,Ubhavan-1,"Dug Well",W15521,1997,2.25,4.74,3.92,5.51
UP,Ballia,Bansdih,Bansdih,25.825,84.21388889,Babhnauli,"Dug Well",W14706,1997,2.31,4.58,2.19,6.58
UP,Ballia,Maniyar,Bansdih,25.9,84.13333333,Karambhar,"Dug Well",W14714,1997,.73,2.38,1.7,4.56
UP,Ballia,Nagra,Nagra,26.01805556,83.81888889,Abbaspur,"Dug Well",W14718,1997,2.74,4.12,3.32,6.21
UP,Ballia,Nagra,Nagra,26.03333333,83.73333333,Auraikalan,"Dug Well",W14719,1997,1.09,2.22,1.56,3.72
UP,Ballia,Navanagar,Navanagar,26.03333333,84.05833333,Sikandarpur-3,"Dug Well",W15515,1997,5.62,3.52,'0,11.6
UP,Ballia,Darauli,Navanagar,26.09611111,84.06666667,Bhagawanpur-1,"Dug Well",W12585,1997,'0,'0,3,5.34
UP,Ballia,Siar,Siar,26.12333333,83.87166667,Ubhavan-2,"Dug Well",W15523,1997,.9,2.97,1.91,5.8
UP,Ballia,Hanumanganj,Hanumanganj,25.83333333,84.03333333,Garwar,"Dug Well",W14713,1997,1.6,2.38,1.76,4.1
UP,Ballia,Pandah,Pandah,25.95138889,84.00833333,Narla-1,"Dug Well",W15516,1997,.65,1.52,1.06,3.52
UP,Ballia,Maniyar,Maniyar,25.93555556,84.08333333,Kharsanda,"Dug Well",W14715,1997,3.01,3.13,2.66,6.01
UP,Ballia,Navanagar,Navanagar,26.00277778,83.96666667,"Ekil Tarwa","Dug Well",W14720,1997,.42,1.32,.92,2.1
UP,Ballia,Hanumanganj,Hanumanganj,25.74444444,84.01027778,Chitbargaon,"Dug Well",W14712,1997,1.08,2.21,1.52,4.12
UP,Ballia,Hanumanganj,Hanumanganj,25.8125,84.16805556,Manihar,"Dug Well",W15513,1997,1.94,3.62,4.57,4.57
UP,Ballia,Chilkahar,Chilkahar,25.81388889,83.88888889,Jahangrapur,"Dug Well",W14709,1997,.68,3.81,2.48,5.55
UP,Ballia,Siar,Siar,26.10833333,83.93333333,Narla-2,"Dug Well",W15522,1997,3.66,3.71,3.59,5.82
UP,Ballia,Sohaon,Sohaon,25.575,83.94027778,Sikandarpur-2,"Dug Well",W15524,1997,2.41,3.97,3.39,5.98
UP,Ballia,Belhari,Belhari,25.73333333,84.29305556,Haldi,"Dug Well",W14708,1997,6.25,8.14,6.05,9.28
UP,Ballia,Dubhad,Dubhad,25.75,84.16666667,Ballia,"Dug Well",W14710,1997,3.42,2.74,1.59,3.84
UP,Ballia,Hanumanganj,Hanumanganj,25.75277778,84.10555556,Nasirabad,"Dug Well",W15514,1997,3.48,7.37,7.4,9.17
UP,Ballia,Bairiya,Bairiya,25.78333333,84.45416667,Bairia,"Dug Well",W14705,1997,3.14,6.23,4.44,7.77
UP,Ballia,"Murli Chhapra","Murli Chhapra",25.75,84.6,Jaiprakashnagar,"Dug Well",W14717,1997,4.73,5.72,5.29,7.71
UP,Ballia,"Murli Chhapra","Murli Chhapra",25.73333333,84.51666667,"Dalan chapra","Dug Well",W14716,1997,3.82,6.36,4.53,7.47
UP,Ballia,Garwar,Garwar,25.81888889,83.975,Chilkhar,"Dug Well",W14711,1997,2.21,3.03,1.18,6.41
UP,Ballia,Rasra,Rasra,25.9,83.8,"Pakka inar","Dug Well",W15517,1997,2.23,2.87,2.36,7.32
UP,Ballia,Rasra,Rasra,25.85,83.86166667,Rasra,"Dug Well",W15518,1997,3.42,6.29,6.4,7.84
UP,Ballia,Revati,Revati,25.89722222,84.325,"Nayabasti chand","Dug Well",W15520,1997,2.04,1.97,1.89,4.04
UP,Ballia,Bansdih,Bansdih,25.88333333,84.22055556,Bansdih,"Dug Well",W14707,1997,3.16,2.92,3.34,5.3
UP,Ballia,Bansdih,Bansdih,25.88333333,84.22055556,Bansdih,"Dug Well",W14707,1996,2.22,4.21,2.66,4.63
UP,Ballia,Bansdih,Bansdih,25.825,84.21388889,Babhnauli,"Dug Well",W14706,1996,3.49,4.25,4.46,6.1
UP,Ballia,Maniyar,Bansdih,25.9,84.13333333,Karambhar,"Dug Well",W14714,1996,1.62,4.09,1.84,4.62
UP,Ballia,Nagra,Nagra,26.01805556,83.81888889,Abbaspur,"Dug Well",W14718,1996,2.86,2.97,3.47,4.51
UP,Ballia,Nagra,Nagra,26.03333333,83.73333333,Auraikalan,"Dug Well",W14719,1996,.21,1.48,1.74,1.09
UP,Ballia,Navanagar,Navanagar,26.03333333,84.05833333,Sikandarpur-3,"Dug Well",W15515,1996,2.99,2.93,2.9,4.77
UP,Ballia,Darauli,Navanagar,26.09611111,84.06666667,Bhagawanpur-1,"Dug Well",W12585,1996,'0,3.7,2.94,'0
UP,Ballia,Siar,Siar,26.12333333,83.87166667,Ubhavan-2,"Dug Well",W15523,1996,1.18,3.87,2.39,4.68
UP,Ballia,Hanumanganj,Hanumanganj,25.83333333,84.03333333,Garwar,"Dug Well",W14713,1996,1.72,2.09,1.52,3.92
UP,Ballia,Pandah,Pandah,25.95138889,84.00833333,Narla-1,"Dug Well",W15516,1996,1.29,2.09,1.16,3.32
UP,Ballia,Maniyar,Maniyar,25.93555556,84.08333333,Kharsanda,"Dug Well",W14715,1996,2.93,2.99,2.82,4.88
UP,Ballia,Navanagar,Navanagar,26.00277778,83.96666667,"Ekil Tarwa","Dug Well",W14720,1996,.82,1.89,1.01,2.36
UP,Ballia,Hanumanganj,Hanumanganj,25.74444444,84.01027778,Chitbargaon,"Dug Well",W14712,1996,.95,1.73,1.66,3.63
UP,Ballia,Hanumanganj,Hanumanganj,25.8125,84.16805556,Manihar,"Dug Well",W15513,1996,2.76,5.32,3.12,6.77
UP,Ballia,Chilkahar,Chilkahar,25.81388889,83.88888889,Jahangrapur,"Dug Well",W14709,1996,2.54,3.31,3.39,4.86
UP,Ballia,Siar,Siar,26.10833333,83.93333333,Narla-2,"Dug Well",W15522,1996,3.72,4.24,3.26,5.44
UP,Ballia,Sohaon,Sohaon,25.575,83.94027778,Sikandarpur-2,"Dug Well",W15524,1996,2.93,'0,3.42,5.77
UP,Ballia,Belhari,Belhari,25.73333333,84.29305556,Haldi,"Dug Well",W14708,1996,6.17,7.58,7.11,8.77
UP,Ballia,Dubhad,Dubhad,25.75,84.16666667,Ballia,"Dug Well",W14710,1996,3.24,2.76,2.24,4.29
UP,Ballia,Hanumanganj,Hanumanganj,25.75277778,84.10555556,Nasirabad,"Dug Well",W15514,1996,2.67,8.09,6.88,9.56
UP,Ballia,Bairiya,Bairiya,25.78333333,84.45416667,Bairia,"Dug Well",W14705,1996,4.58,6.27,5.98,6.93
UP,Ballia,"Murli Chhapra","Murli Chhapra",25.75,84.6,Jaiprakashnagar,"Dug Well",W14717,1996,4.28,6.63,5.52,7.12
UP,Ballia,"Murli Chhapra","Murli Chhapra",25.73333333,84.51666667,"Dalan chapra","Dug Well",W14716,1996,5.46,6.82,5.79,7.71
UP,Ballia,Garwar,Garwar,25.81888889,83.975,Chilkhar,"Dug Well",W14711,1996,2.5,3.35,2.46,6.13
UP,Ballia,Rasra,Rasra,25.9,83.8,"Pakka inar","Dug Well",W15517,1996,2.06,4.3,2.34,6.89
UP,Ballia,Rasra,Rasra,25.85,83.86166667,Rasra,"Dug Well",W15518,1996,6.72,7.13,5.69,7.94
UP,Ballia,Revati,Revati,25.89722222,84.325,"Nayabasti chand","Dug Well",W15520,1996,1.74,3.26,1.36,5.29
UP,Ballia,Revati,Revati,25.84555556,84.37888889,Ubhavan-1,"Dug Well",W15521,1996,3.21,3.91,4.04,5.97
UP,Ballia,Pandah,Pandah,25.91944444,84,Kureji,"Dug Well",W14721,1996,2.5,2.49,2.84,4.56
