STATE,DISTRICT,TEH_NAME,BLOCK_NAME,LAT,LON,SITE_NAME,SITE_TYPE,WLCODE,YEAR_OBS,MONSOON,POMRB,POMKH,PREMON
UP,"Kanpur Dehat",Maheva,Malasa,26.13333333,79.75,Kalpi,"Dug Well",W15022,2018,'0,26.38,'0,'0
UP,"Kanpur Dehat",Maheva,Malasa,26.13333333,79.75,Kalpi,"Dug Well",W15022,2018,'0,'0,'0,25.95
UP,"Kanpur Dehat",Malasa,Malasa,26.29583333,79.9125,Muhammadpur,"Dug Well",W15788,2018,'0,18.51,'0,'0
UP,"Kanpur Dehat",AMRODHA,Amrodha,26.225,79.84166667,Pukhrayan1,"Dug Well",W33262,2018,'0,7.42,'0,'0
UP,"Kanpur Dehat",Rasulabad,Rasulabad,26.60888889,79.8875,Kainjari,"Dug Well",W15082,2018,'0,5.09,'0,'0
UP,"Kanpur Dehat",Akbarpur,Akbarpur,26.48055556,79.90333333,Roura,"Dug Well",W15785,2018,'0,6.92,'0,'0
UP,"Kanpur Dehat",Maitha,Malasa,26.22861111,79.97861111,Kadari,"Dug Well",W32947,2018,'0,7.36,'0,'0
UP,"Kanpur Dehat",Maitha,Maitha,26.51888889,80.12916667,Baghpur,"Dug Well",W15080,2018,'0,5.76,'0,'0
UP,"Kanpur Dehat",Maheva,Malasa,26.13333333,79.75,Kalpi,"Dug Well",W15022,2017,26.2,'0,'0,22.75
UP,"Kanpur Dehat",AMRODHA,Amrodha,26.225,79.84166667,Pukhrayan1,"Dug Well",W33262,2017,'0,'0,8.03,'0
UP,"Kanpur Dehat",Malasa,Malasa,26.29583333,79.9125,Muhammadpur,"Dug Well",W15788,2017,18.26,17.67,'0,18.13
UP,"Kanpur Dehat",Malasa,Malasa,26.29583333,79.9125,Muhammadpur,"Dug Well",W15788,2017,'0,'0,18.86,'0
UP,"Kanpur Dehat",Rajpur,Rajpur,26.26944444,79.73333333,Shahjahanpur,"Dug Well",W15790,2017,17.07,'0,'0,'0
UP,"Kanpur Dehat",Maitha,Maitha,26.51888889,80.12916667,Baghpur,"Dug Well",W15080,2017,4.75,5.76,'0,6.06
UP,"Kanpur Dehat",Maitha,Maitha,26.51888889,80.12916667,Baghpur,"Dug Well",W15080,2017,'0,'0,5.76,'0
UP,"Kanpur Dehat",Shivrajpur,Maitha,26.60555556,80.05833333,Sheoli,"Dug Well",W15805,2017,2.3,'0,'0,'0
UP,"Kanpur Dehat",Shivrajpur,Maitha,26.60555556,80.05833333,Sheoli,"Dug Well",W15805,2017,'0,'0,3.82,'0
UP,"Kanpur Dehat",Rasulabad,Rasulabad,26.60888889,79.8875,Kainjari,"Dug Well",W15082,2017,4.69,5.39,'0,6.33
UP,"Kanpur Dehat",Rasulabad,Rasulabad,26.60888889,79.8875,Kainjari,"Dug Well",W15082,2017,'0,'0,4.99,'0
UP,"Kanpur Dehat",Akbarpur,Akbarpur,26.48055556,79.90333333,Roura,"Dug Well",W15785,2017,5.83,7.73,'0,'0
UP,"Kanpur Dehat",Akbarpur,Akbarpur,26.48055556,79.90333333,Roura,"Dug Well",W15785,2017,'0,'0,6.11,'0
UP,"Kanpur Dehat",Maitha,Malasa,26.22861111,79.97861111,Kadari,"Dug Well",W32947,2017,5.39,5.46,'0,5.82
UP,"Kanpur Dehat",Maitha,Malasa,26.22861111,79.97861111,Kadari,"Dug Well",W32947,2017,'0,'0,5.25,'0
UP,"Kanpur Dehat",AMRODHA,Amrodha,26.225,79.84166667,Pukhrayan1,"Dug Well",W33262,2017,6.73,'0,'0,7.24
UP,"Kanpur Dehat",Maheva,Malasa,26.13333333,79.75,Kalpi,"Dug Well",W15022,2017,'0,'0,26.29,'0
UP,"Kanpur Dehat",Maheva,Malasa,26.13333333,79.75,Kalpi,"Dug Well",W15022,2016,21.35,'0,25.25,25.61
UP,"Kanpur Dehat",Malasa,Malasa,26.29583333,79.9125,Muhammadpur,"Dug Well",W15788,2016,17.08,'0,17.3,17.57
UP,"Kanpur Dehat",Rajpur,Rajpur,26.26944444,79.73333333,Shahjahanpur,"Dug Well",W15790,2016,14.3,'0,17.27,'0
UP,"Kanpur Dehat",AMRODHA,Amrodha,26.225,79.84166667,Pukhrayan1,"Dug Well",W33262,2016,11.75,'0,12.18,'0
UP,"Kanpur Dehat",Rasulabad,Rasulabad,26.60888889,79.8875,Kainjari,"Dug Well",W15082,2016,5.26,'0,4.92,6.7
UP,"Kanpur Dehat",Akbarpur,Akbarpur,26.48055556,79.90333333,Roura,"Dug Well",W15785,2016,6.89,'0,6,'0
UP,"Kanpur Dehat",Maitha,Malasa,26.22861111,79.97861111,Kadari,"Dug Well",W32947,2016,4.79,'0,5.86,7.2
UP,"Kanpur Dehat",Maitha,Maitha,26.51888889,80.12916667,Baghpur,"Dug Well",W15080,2016,'0,'0,6.15,6.82
UP,"Kanpur Dehat",Maheva,Malasa,26.13333333,79.75,Kalpi,"Dug Well",W15022,2015,21.95,23.39,27.36,23.45
UP,"Kanpur Dehat",Malasa,Malasa,26.29583333,79.9125,Muhammadpur,"Dug Well",W15788,2015,16.62,15.97,16.82,16.32
UP,"Kanpur Dehat",Rajpur,Rajpur,26.26944444,79.73333333,Shahjahanpur,"Dug Well",W15790,2015,'0,17.5,'0,'0
UP,"Kanpur Dehat",Akbarpur,Akbarpur,26.48055556,79.90333333,Roura,"Dug Well",W15785,2015,6.24,5.83,5.33,6.63
UP,"Kanpur Dehat",Rasulabad,Rasulabad,26.60888889,79.8875,Kainjari,"Dug Well",W15082,2015,5.57,5.21,5.75,5.89
UP,"Kanpur Dehat",Sandalpur,Sandalpur,26.48194444,79.68555556,Jaunra,"Dug Well",W15083,2015,'0,6.33,'0,'0
UP,"Kanpur Dehat",Akbarpur,Akbarpur,26.36666667,79.95,Akbarpur,"Dug Well",W15076,2015,8.88,'0,8.54,9.72
UP,"Kanpur Dehat",Maitha,Maitha,26.51888889,80.12916667,Baghpur,"Dug Well",W15080,2015,5.54,4.26,5.64,5.06
UP,"Kanpur Dehat",Maheva,Malasa,26.13333333,79.75,Kalpi,"Dug Well",W15022,2014,21.68,21.9,'0,23.25
UP,"Kanpur Dehat",Malasa,Malasa,26.29583333,79.9125,Muhammadpur,"Dug Well",W15788,2014,14.99,14.17,'0,14.82
UP,"Kanpur Dehat",Rajpur,Rajpur,26.26944444,79.73333333,Shahjahanpur,"Dug Well",W15790,2014,'0,14.8,'0,16.72
UP,"Kanpur Dehat",Akbarpur,Akbarpur,26.48055556,79.90333333,Roura,"Dug Well",W15785,2014,4.95,4.05,'0,5.77
UP,"Kanpur Dehat",Rasulabad,Rasulabad,26.60888889,79.8875,Kainjari,"Dug Well",W15082,2014,'0,4.04,'0,5.08
UP,"Kanpur Dehat",Sandalpur,Sandalpur,26.48194444,79.68555556,Jaunra,"Dug Well",W15083,2014,4.83,4.83,'0,'0
UP,"Kanpur Dehat",Akbarpur,Akbarpur,26.36666667,79.95,Akbarpur,"Dug Well",W15076,2014,8.21,6.5,'0,8.34
UP,"Kanpur Dehat",Maitha,Maitha,26.51888889,80.12916667,Baghpur,"Dug Well",W15080,2014,3.08,1.86,'0,3.83
UP,"Kanpur Dehat",Maheva,Malasa,26.13333333,79.75,Kalpi,"Dug Well",W15022,2013,18.85,24.65,20.63,24.15
UP,"Kanpur Dehat",Malasa,Malasa,26.29583333,79.9125,Muhammadpur,"Dug Well",W15788,2013,'0,15.41,14.15,15.78
UP,"Kanpur Dehat",Rajpur,Rajpur,26.26944444,79.73333333,Shahjahanpur,"Dug Well",W15790,2013,'0,16.86,14.1,'0
UP,"Kanpur Dehat",Akbarpur,Akbarpur,26.48055556,79.90333333,Roura,"Dug Well",W15785,2013,3.55,4.28,3.45,6.4
UP,"Kanpur Dehat",Rasulabad,Rasulabad,26.60888889,79.8875,Kainjari,"Dug Well",W15082,2013,3.2,3.64,3.93,4.56
UP,"Kanpur Dehat",Sandalpur,Sandalpur,26.48194444,79.68555556,Jaunra,"Dug Well",W15083,2013,5.01,5.88,5.48,6.93
UP,"Kanpur Dehat",Akbarpur,Akbarpur,26.36666667,79.95,Akbarpur,"Dug Well",W15076,2013,7.15,7.08,5.52,8.75
UP,"Kanpur Dehat",Maitha,Maitha,26.51888889,80.12916667,Baghpur,"Dug Well",W15080,2013,1.69,4.31,2.34,5.41
UP,"Kanpur Dehat",Maheva,Malasa,26.13333333,79.75,Kalpi,"Dug Well",W15022,2012,'0,22.75,23.15,23.73
UP,"Kanpur Dehat",Malasa,Malasa,26.29583333,79.9125,Muhammadpur,"Dug Well",W15788,2012,'0,'0,15.47,15.67
UP,"Kanpur Dehat",Rajpur,Rajpur,26.26944444,79.73333333,Shahjahanpur,"Dug Well",W15790,2012,'0,15.98,15.7,16.7
UP,"Kanpur Dehat",Maitha,Maitha,26.51888889,80.12916667,Baghpur,"Dug Well",W15080,2012,'0,3.5,3.56,4.86
UP,"Kanpur Dehat",Akbarpur,Akbarpur,26.48055556,79.90333333,Roura,"Dug Well",W15785,2012,'0,3.95,3.55,5.85
UP,"Kanpur Dehat",Rasulabad,Rasulabad,26.60888889,79.8875,Kainjari,"Dug Well",W15082,2012,'0,4.02,3.19,4.79
UP,"Kanpur Dehat",Sandalpur,Sandalpur,26.48194444,79.68555556,Jaunra,"Dug Well",W15083,2012,'0,6.12,5.23,6.73
UP,"Kanpur Dehat",Akbarpur,Akbarpur,26.36666667,79.95,Akbarpur,"Dug Well",W15076,2012,'0,7.2,6.3,8.64
UP,"Kanpur Dehat",Shivrajpur,Maitha,26.60555556,80.05833333,Sheoli,"Dug Well",W15805,2012,'0,3.54,'0,'0
UP,"Kanpur Dehat",Maheva,Malasa,26.13333333,79.75,Kalpi,"Dug Well",W15022,2011,21.5,23.83,22.43,24.35
UP,"Kanpur Dehat",Malasa,Malasa,26.29583333,79.9125,Muhammadpur,"Dug Well",W15788,2011,13.81,13.97,'0,'0
UP,"Kanpur Dehat",Rajpur,Rajpur,26.26944444,79.73333333,Shahjahanpur,"Dug Well",W15790,2011,14.8,16.6,15.15,17.67
UP,"Kanpur Dehat",Maitha,Maitha,26.51888889,80.12916667,Baghpur,"Dug Well",W15080,2011,1.99,3.31,2.85,4.16
UP,"Kanpur Dehat",Akbarpur,Akbarpur,26.48055556,79.90333333,Roura,"Dug Well",W15785,2011,1.79,3.95,'0,5.39
UP,"Kanpur Dehat",Rasulabad,Rasulabad,26.60888889,79.8875,Kainjari,"Dug Well",W15082,2011,2.79,4.29,3.54,4.65
UP,"Kanpur Dehat",Sandalpur,Sandalpur,26.48194444,79.68555556,Jaunra,"Dug Well",W15083,2011,5.19,'0,5.53,6.84
UP,"Kanpur Dehat",Akbarpur,Akbarpur,26.36666667,79.95,Akbarpur,"Dug Well",W15076,2011,'0,6.25,5.5,6.91
UP,"Kanpur Dehat",Shivrajpur,Maitha,26.60555556,80.05833333,Sheoli,"Dug Well",W15805,2011,.99,3.62,2.47,5.08
UP,"Kanpur Dehat",Maheva,Malasa,26.13333333,79.75,Kalpi,"Dug Well",W15022,2010,23.27,23.46,23.15,'0
UP,"Kanpur Dehat",Malasa,Malasa,26.29583333,79.9125,Muhammadpur,"Dug Well",W15788,2010,13.49,12.17,13.77,13.47
UP,"Kanpur Dehat",Rajpur,Rajpur,26.26944444,79.73333333,Shahjahanpur,"Dug Well",W15790,2010,16.32,16.6,15.5,19.5
UP,"Kanpur Dehat",Maitha,Maitha,26.51888889,80.12916667,Baghpur,"Dug Well",W15080,2010,3.31,4.06,3.86,5.56
UP,"Kanpur Dehat",Akbarpur,Akbarpur,26.48055556,79.90333333,Roura,"Dug Well",W15785,2010,3.87,4.55,2.95,6.45
UP,"Kanpur Dehat",Rasulabad,Rasulabad,26.60888889,79.8875,Kainjari,"Dug Well",W15082,2010,4.13,4.29,3.69,5.29
UP,"Kanpur Dehat",Sandalpur,Sandalpur,26.48194444,79.68555556,Jaunra,"Dug Well",W15083,2010,5.94,5.83,5.23,6.63
UP,"Kanpur Dehat",Akbarpur,Akbarpur,26.36666667,79.95,Akbarpur,"Dug Well",W15076,2010,7.16,5.3,5.75,7.55
UP,"Kanpur Dehat",Shivrajpur,Maitha,26.60555556,80.05833333,Sheoli,"Dug Well",W15805,2010,2.74,4.32,3.02,5.42
UP,"Kanpur Dehat",Maheva,Malasa,26.13333333,79.75,Kalpi,"Dug Well",W15022,2009,23.45,23.46,23.46,'0
UP,"Kanpur Dehat",Malasa,Malasa,26.29583333,79.9125,Muhammadpur,"Dug Well",W15788,2009,12.87,11.51,11.57,12.17
UP,"Kanpur Dehat",Rajpur,Rajpur,26.26944444,79.73333333,Shahjahanpur,"Dug Well",W15790,2009,16.15,4.28,14.1,16.1
UP,"Kanpur Dehat",Maitha,Maitha,26.51888889,80.12916667,Baghpur,"Dug Well",W15080,2009,'0,2.71,3.36,4.76
UP,"Kanpur Dehat",Akbarpur,Akbarpur,26.48055556,79.90333333,Roura,"Dug Well",W15785,2009,4.55,3.36,3.25,5.05
UP,"Kanpur Dehat",Rasulabad,Rasulabad,26.60888889,79.8875,Kainjari,"Dug Well",W15082,2009,4.59,3.52,4.09,4.69
UP,"Kanpur Dehat",Sandalpur,Sandalpur,26.48194444,79.68555556,Jaunra,"Dug Well",W15083,2009,5.53,4.91,5.43,5.73
UP,"Kanpur Dehat",Akbarpur,Akbarpur,26.36666667,79.95,Akbarpur,"Dug Well",W15076,2009,7.3,5.82,4.35,6.65
UP,"Kanpur Dehat",Shivrajpur,Maitha,26.60555556,80.05833333,Sheoli,"Dug Well",W15805,2009,4.62,3.45,3.82,5.07
UP,"Kanpur Dehat",Maheva,Malasa,26.13333333,79.75,Kalpi,"Dug Well",W15022,2008,19,23.46,23.4,23.46
UP,"Kanpur Dehat",Malasa,Malasa,26.29583333,79.9125,Muhammadpur,"Dug Well",W15788,2008,11.52,13.37,'0,13.97
UP,"Kanpur Dehat",Rajpur,Rajpur,26.26944444,79.73333333,Shahjahanpur,"Dug Well",W15790,2008,14.15,16.33,13.6,17.7
UP,"Kanpur Dehat",Maitha,Maitha,26.51888889,80.12916667,Baghpur,"Dug Well",W15080,2008,1.36,5.26,1.92,5.56
UP,"Kanpur Dehat",Akbarpur,Akbarpur,26.48055556,79.90333333,Roura,"Dug Well",W15785,2008,1.05,4.15,2.32,5.95
UP,"Kanpur Dehat",Rasulabad,Rasulabad,26.60888889,79.8875,Kainjari,"Dug Well",W15082,2008,2.89,5.48,3.07,6.44
UP,"Kanpur Dehat",Sandalpur,Sandalpur,26.48194444,79.68555556,Jaunra,"Dug Well",W15083,2008,2.53,6.93,4.11,'0
UP,"Kanpur Dehat",Akbarpur,Akbarpur,26.36666667,79.95,Akbarpur,"Dug Well",W15076,2008,4.14,8.19,4.31,8.49
UP,"Kanpur Dehat",Shivrajpur,Maitha,26.60555556,80.05833333,Sheoli,"Dug Well",W15805,2008,.82,5.57,2.32,5.82
UP,"Kanpur Dehat",Maheva,Malasa,26.13333333,79.75,Kalpi,"Dug Well",W15022,2007,19.09,'0,23.46,23.46
UP,"Kanpur Dehat",Malasa,Malasa,26.29583333,79.9125,Muhammadpur,"Dug Well",W15788,2007,'0,11.57,13.27,12.7
UP,"Kanpur Dehat",Amrodha,Amrodha,26.225,79.84166667,Pukhrayan-1,"Dug Well",W15786,2007,'0,25.4,'0,'0
UP,"Kanpur Dehat",Rajpur,Rajpur,26.26944444,79.73333333,Shahjahanpur,"Dug Well",W15790,2007,'0,15.75,11.76,16.7
UP,"Kanpur Dehat",Sarbankhera,Sarbankhera,26.29027778,80.06527778,Gajner,"Dug Well",W15084,2007,'0,11.65,'0,11.65
UP,"Kanpur Dehat",Akbarpur,Akbarpur,26.48055556,79.90333333,Roura,"Dug Well",W15785,2007,'0,4.15,3.45,5.35
UP,"Kanpur Dehat",Shivrajpur,Maitha,26.60555556,80.05833333,Sheoli,"Dug Well",W15805,2007,'0,5.24,5,5.62
UP,"Kanpur Dehat",Rasulabad,Rasulabad,26.60888889,79.8875,Kainjari,"Dug Well",W15082,2007,5.23,5.13,5.33,5.69
UP,"Kanpur Dehat",Sandalpur,Sandalpur,26.48194444,79.68555556,Jaunra,"Dug Well",W15083,2007,'0,6.31,6.26,6.41
UP,"Kanpur Dehat",Akbarpur,Akbarpur,26.36666667,79.95,Akbarpur,"Dug Well",W15076,2007,5.57,5.94,5.63,8.2
UP,"Kanpur Dehat",Maitha,Maitha,26.51888889,80.12916667,Baghpur,"Dug Well",W15080,2007,'0,5.83,4.91,6.36
UP,"Kanpur Dehat",Maheva,Malasa,26.13333333,79.75,Kalpi,"Dug Well",W15022,2006,17.4,19.67,19.75,20.05
UP,"Kanpur Dehat",Malasa,Malasa,26.29583333,79.9125,Muhammadpur,"Dug Well",W15788,2006,10.2,9.15,11.23,10.72
UP,"Kanpur Dehat",Amrodha,Amrodha,26.225,79.84166667,Pukhrayan-1,"Dug Well",W15786,2006,25.4,25.4,25.4,25.4
UP,"Kanpur Dehat",Rajpur,Rajpur,26.26944444,79.73333333,Shahjahanpur,"Dug Well",W15790,2006,15.13,12.8,15.16,15.67
UP,"Kanpur Dehat",Sarbankhera,Sarbankhera,26.29027778,80.06527778,Gajner,"Dug Well",W15084,2006,8.13,7.91,9.2,8.67
UP,"Kanpur Dehat",Akbarpur,Akbarpur,26.48055556,79.90333333,Roura,"Dug Well",W15785,2006,2.47,2.89,'0,3.93
UP,"Kanpur Dehat",Shivrajpur,Maitha,26.60555556,80.05833333,Sheoli,"Dug Well",W15805,2006,'0,4.02,4.74,'0
UP,"Kanpur Dehat",Rasulabad,Rasulabad,26.60888889,79.8875,Kainjari,"Dug Well",W15082,2006,4.22,4.69,4.44,5.18
UP,"Kanpur Dehat",Derapur,Derapur,26.36111111,79.78888889,Mugrishpur,"Dug Well",W15787,2006,16.65,'0,16.65,16.65
UP,"Kanpur Dehat",Sandalpur,Sandalpur,26.48194444,79.68555556,Jaunra,"Dug Well",W15083,2006,5.36,5.11,5.44,5.71
UP,"Kanpur Dehat",Akbarpur,Akbarpur,26.36666667,79.95,Akbarpur,"Dug Well",W15076,2006,5.72,5.03,5.17,7.24
UP,"Kanpur Dehat",Maitha,Maitha,26.51888889,80.12916667,Baghpur,"Dug Well",W15080,2006,4.39,2.99,5.43,4.24
UP,"Kanpur Dehat",Maheva,Malasa,26.13333333,79.75,Kalpi,"Dug Well",W15022,2005,18.3,19.55,19.15,19.85
UP,"Kanpur Dehat",Malasa,Malasa,26.29583333,79.9125,Muhammadpur,"Dug Well",W15788,2005,9.25,8.77,8.63,10.31
UP,"Kanpur Dehat",Amrodha,Amrodha,26.225,79.84166667,Pukhrayan-1,"Dug Well",W15786,2005,20.8,22.26,21.31,25.4
UP,"Kanpur Dehat",Rajpur,Rajpur,26.26944444,79.73333333,Shahjahanpur,"Dug Well",W15790,2005,14.49,14.35,13.64,15.9
UP,"Kanpur Dehat",Sarbankhera,Sarbankhera,26.29027778,80.06527778,Gajner,"Dug Well",W15084,2005,6.19,6.33,7.13,7.82
UP,"Kanpur Dehat",Sarbankhera,Sarbankhera,26.41666667,80.12833333,Pukhrayan-3,"Dug Well",W15792,2005,'0,'0,'0,12.28
UP,"Kanpur Dehat",Akbarpur,Akbarpur,26.48055556,79.90333333,Roura,"Dug Well",W15785,2005,1.25,2.9,1.46,4.34
UP,"Kanpur Dehat",Shivrajpur,Maitha,26.60555556,80.05833333,Sheoli,"Dug Well",W15805,2005,2.24,4.89,2.47,5.37
UP,"Kanpur Dehat",Rasulabad,Rasulabad,26.60888889,79.8875,Kainjari,"Dug Well",W15082,2005,3.34,4.17,3.44,5.09
UP,"Kanpur Dehat",Kakwan,Kakwan,26.74166667,79.975,Kakwan,"Dug Well",W15079,2005,'0,3.84,'0,'0
UP,"Kanpur Dehat",Derapur,Derapur,26.36111111,79.78888889,Mugrishpur,"Dug Well",W15787,2005,11.62,10.7,10.25,13.35
UP,"Kanpur Dehat",Sandalpur,Sandalpur,26.48194444,79.68555556,Jaunra,"Dug Well",W15083,2005,5.1,5.3,4.4,5.82
UP,"Kanpur Dehat",Akbarpur,Akbarpur,26.36666667,79.95,Akbarpur,"Dug Well",W15076,2005,4.36,4.72,4.21,6.87
UP,"Kanpur Dehat",Maitha,Maitha,26.51888889,80.12916667,Baghpur,"Dug Well",W15080,2005,1.43,2.91,1.79,4.27
UP,"Kanpur Dehat",Maheva,Malasa,26.13333333,79.75,Kalpi,"Dug Well",W15022,2004,17.05,19.07,18.95,19.7
UP,"Kanpur Dehat",Malasa,Malasa,26.29583333,79.9125,Muhammadpur,"Dug Well",W15788,2004,9.12,8.12,8.17,9.33
UP,"Kanpur Dehat",Amrodha,Amrodha,26.225,79.84166667,Pukhrayan-1,"Dug Well",W15786,2004,25.4,19.93,21.53,21.7
UP,"Kanpur Dehat",Rajpur,Rajpur,26.26944444,79.73333333,Shahjahanpur,"Dug Well",W15790,2004,15,'0,14.1,16
UP,"Kanpur Dehat",Sarbankhera,Sarbankhera,26.29027778,80.06527778,Gajner,"Dug Well",W15084,2004,5.67,3.52,5.27,6.11
UP,"Kanpur Dehat",Sarbankhera,Sarbankhera,26.41666667,80.12833333,Pukhrayan-3,"Dug Well",W15792,2004,'0,'0,6.1,12.28
UP,"Kanpur Dehat",Akbarpur,Akbarpur,26.48055556,79.90333333,Roura,"Dug Well",W15785,2004,2.3,2.2,1.87,3.84
UP,"Kanpur Dehat",Shivrajpur,Maitha,26.60555556,80.05833333,Sheoli,"Dug Well",W15805,2004,4.52,3.55,4.02,4.91
UP,"Kanpur Dehat",Rasulabad,Rasulabad,26.60888889,79.8875,Kainjari,"Dug Well",W15082,2004,5.54,3.34,3.61,4.88
UP,"Kanpur Dehat",Derapur,Derapur,26.36111111,79.78888889,Mugrishpur,"Dug Well",W15787,2004,6.55,'0,9.45,11.84
UP,"Kanpur Dehat",Sandalpur,Sandalpur,26.48194444,79.68555556,Jaunra,"Dug Well",W15083,2004,5.03,'0,4.68,5.2
UP,"Kanpur Dehat",Akbarpur,Akbarpur,26.36666667,79.95,Akbarpur,"Dug Well",W15076,2004,9.1,4.4,4.65,7.12
UP,"Kanpur Dehat",Maitha,Maitha,26.51888889,80.12916667,Baghpur,"Dug Well",W15080,2004,3.01,2.36,2.36,3.84
UP,"Kanpur Dehat",Maheva,Malasa,26.13333333,79.75,Kalpi,"Dug Well",W15022,2003,18.85,20.09,18.75,20.55
UP,"Kanpur Dehat",Akbarpur,Akbarpur,26.48055556,79.90333333,Roura,"Dug Well",W15785,2003,1.88,3.4,1.8,4.71
UP,"Kanpur Dehat",Amrodha,Amrodha,26.225,79.84166667,Pukhrayan-1,"Dug Well",W15786,2003,17.13,23.45,20.26,'0
UP,"Kanpur Dehat",Rajpur,Rajpur,26.26944444,79.73333333,Shahjahanpur,"Dug Well",W15790,2003,16.03,14.9,14,18
UP,"Kanpur Dehat",Sarbankhera,Sarbankhera,26.29027778,80.06527778,Gajner,"Dug Well",W15084,2003,4.95,6.75,3.75,8.36
UP,"Kanpur Dehat",Sarbankhera,Sarbankhera,26.41666667,80.12833333,Pukhrayan-3,"Dug Well",W15792,2003,6.48,'0,12.28,'0
UP,"Kanpur Dehat",Maitha,Maitha,26.51888889,80.12916667,Baghpur,"Dug Well",W15080,2003,2.36,4.48,2.41,5.56
UP,"Kanpur Dehat",Shivrajpur,Maitha,26.60555556,80.05833333,Sheoli,"Dug Well",W15805,2003,'0,5.5,3.37,5.9
UP,"Kanpur Dehat",Rasulabad,Rasulabad,26.675,79.77833333,Rasulabad,"Dug Well",W15791,2003,'0,1.75,1.4,'0
UP,"Kanpur Dehat",Rasulabad,Rasulabad,26.60888889,79.8875,Kainjari,"Dug Well",W15082,2003,4.51,5.17,3.69,5.84
UP,"Kanpur Dehat",Kakwan,Kakwan,26.74166667,79.975,Kakwan,"Dug Well",W15079,2003,4.48,'0,3.71,6.48
UP,"Kanpur Dehat",Derapur,Derapur,26.36111111,79.78888889,Mugrishpur,"Dug Well",W15787,2003,10.8,9.29,8.75,13.4
UP,"Kanpur Dehat",Sandalpur,Sandalpur,26.48194444,79.68555556,Jaunra,"Dug Well",W15083,2003,5.71,6.15,'0,6.63
UP,"Kanpur Dehat",Akbarpur,Akbarpur,26.36666667,79.95,Akbarpur,"Dug Well",W15076,2003,4.75,5.56,4.15,7.6
UP,"Kanpur Dehat",Malasa,Malasa,26.29583333,79.9125,Muhammadpur,"Dug Well",W15788,2003,11.87,11.59,7.91,'0
UP,"Kanpur Dehat",Maheva,Malasa,26.13333333,79.75,Kalpi,"Dug Well",W15022,2002,18.75,19.72,19.55,20.12
UP,"Kanpur Dehat",Akbarpur,Akbarpur,26.48055556,79.90333333,Roura,"Dug Well",W15785,2002,'0,3.41,'0,3.92
UP,"Kanpur Dehat",Amrodha,Amrodha,26.225,79.84166667,Pukhrayan-1,"Dug Well",W15786,2002,21.03,21.83,22.43,22.13
UP,"Kanpur Dehat",Rajpur,Rajpur,26.26944444,79.73333333,Shahjahanpur,"Dug Well",W15790,2002,13.23,13.85,15.1,13.53
UP,"Kanpur Dehat",Sarbankhera,Sarbankhera,26.29027778,80.06527778,Gajner,"Dug Well",W15084,2002,6.35,5.77,'0,4.87
UP,"Kanpur Dehat",Sarbankhera,Sarbankhera,26.41666667,80.12833333,Pukhrayan-3,"Dug Well",W15792,2002,'0,7.06,'0,'0
UP,"Kanpur Dehat",Akbarpur,Akbarpur,26.37083333,79.98333333,"Nagin jassi","Dug Well",W15784,2002,1.77,2.02,'0,2.89
UP,"Kanpur Dehat",Maitha,Maitha,26.51888889,80.12916667,Baghpur,"Dug Well",W15080,2002,7.3,5.36,4.36,7.47
UP,"Kanpur Dehat",Shivrajpur,Maitha,26.60555556,80.05833333,Sheoli,"Dug Well",W15805,2002,5.61,5.42,5.52,5.73
UP,"Kanpur Dehat",Rasulabad,Rasulabad,26.675,79.77833333,Rasulabad,"Dug Well",W15791,2002,1.81,1.85,1.4,3.1
UP,"Kanpur Dehat",Rasulabad,Rasulabad,26.60888889,79.8875,Kainjari,"Dug Well",W15082,2002,5.45,6.09,4.94,5.56
UP,"Kanpur Dehat",Rajpur,Rajpur,26.36388889,79.6125,Pukhrayan-2,"Dug Well",W15789,2002,9.03,5.6,'0,8.95
UP,"Kanpur Dehat",Derapur,Derapur,26.36111111,79.78888889,Mugrishpur,"Dug Well",W15787,2002,11.75,9.14,9.05,13.85
UP,"Kanpur Dehat",Sandalpur,Sandalpur,26.48194444,79.68555556,Jaunra,"Dug Well",W15083,2002,5.37,5.33,'0,5.95
UP,"Kanpur Dehat",Akbarpur,Akbarpur,26.36666667,79.95,Akbarpur,"Dug Well",W15076,2002,5.88,5.8,5.4,3.65
UP,"Kanpur Dehat",Malasa,Malasa,26.29583333,79.9125,Muhammadpur,"Dug Well",W15788,2002,11.35,9.47,11.47,10.77
UP,"Kanpur Dehat",Maheva,Malasa,26.13333333,79.75,Kalpi,"Dug Well",W15022,2001,17.1,'0,22.25,20.15
UP,"Kanpur Dehat",Malasa,Malasa,26.29583333,79.9125,Muhammadpur,"Dug Well",W15788,2001,8.8,'0,9.47,10.27
UP,"Kanpur Dehat",Amrodha,Amrodha,26.225,79.84166667,Pukhrayan-1,"Dug Well",W15786,2001,'0,'0,21.65,21.46
UP,"Kanpur Dehat",Rajpur,Rajpur,26.26944444,79.73333333,Shahjahanpur,"Dug Well",W15790,2001,13.4,'0,13.3,14.06
UP,"Kanpur Dehat",Sarbankhera,Sarbankhera,26.29027778,80.06527778,Gajner,"Dug Well",W15084,2001,4.8,'0,5.2,6.8
UP,"Kanpur Dehat",Sarbankhera,Sarbankhera,26.41666667,80.12833333,Pukhrayan-3,"Dug Well",W15792,2001,6.5,'0,6.65,7.65
UP,"Kanpur Dehat",Akbarpur,Akbarpur,26.37083333,79.98333333,"Nagin jassi","Dug Well",W15784,2001,.91,'0,.97,3.91
UP,"Kanpur Dehat",Maitha,Maitha,26.51888889,80.12916667,Baghpur,"Dug Well",W15080,2001,'0,'0,5.16,5.71
UP,"Kanpur Dehat",Shivrajpur,Maitha,26.60555556,80.05833333,Sheoli,"Dug Well",W15805,2001,3.99,'0,'0,5.75
UP,"Kanpur Dehat",Rasulabad,Rasulabad,26.675,79.77833333,Rasulabad,"Dug Well",W15791,2001,'0,'0,1.05,3.2
UP,"Kanpur Dehat",Rasulabad,Rasulabad,26.60888889,79.8875,Kainjari,"Dug Well",W15082,2001,4.7,'0,5.54,5.43
UP,"Kanpur Dehat",Kakwan,Kakwan,26.74166667,79.975,Kakwan,"Dug Well",W15079,2001,1.3,'0,'0,'0
UP,"Kanpur Dehat",Rajpur,Rajpur,26.36388889,79.6125,Pukhrayan-2,"Dug Well",W15789,2001,4.85,'0,4.6,10.35
UP,"Kanpur Dehat",Derapur,Derapur,26.36111111,79.78888889,Mugrishpur,"Dug Well",W15787,2001,8.01,'0,8.05,11.15
UP,"Kanpur Dehat",Sandalpur,Sandalpur,26.48194444,79.68555556,Jaunra,"Dug Well",W15083,2001,4.58,'0,4.93,5.23
UP,"Kanpur Dehat",Akbarpur,Akbarpur,26.36666667,79.95,Akbarpur,"Dug Well",W15076,2001,3.59,'0,5.45,6.6
UP,"Kanpur Dehat",Akbarpur,Akbarpur,26.48055556,79.90333333,Roura,"Dug Well",W15785,2001,1.55,'0,4.15,4.25
UP,"Kanpur Dehat",Maheva,Malasa,26.13333333,79.75,Kalpi,"Dug Well",W15022,2000,17.67,18.56,18.25,20.45
UP,"Kanpur Dehat",Akbarpur,Akbarpur,26.48055556,79.90333333,Roura,"Dug Well",W15785,2000,1.21,2.29,2.12,3.85
UP,"Kanpur Dehat",Amrodha,Amrodha,26.225,79.84166667,Pukhrayan-1,"Dug Well",W15786,2000,18.08,17.94,16.7,19.33
UP,"Kanpur Dehat",Rajpur,Rajpur,26.26944444,79.73333333,Shahjahanpur,"Dug Well",W15790,2000,'0,14.33,13.57,13.25
UP,"Kanpur Dehat",Sarbankhera,Sarbankhera,26.29027778,80.06527778,Gajner,"Dug Well",W15084,2000,'0,2.86,2.51,5.23
UP,"Kanpur Dehat",Sarbankhera,Sarbankhera,26.41666667,80.12833333,Pukhrayan-3,"Dug Well",W15792,2000,6.25,5.97,5.32,7
UP,"Kanpur Dehat",Akbarpur,Akbarpur,26.37083333,79.98333333,"Nagin jassi","Dug Well",W15784,2000,2.09,1.42,1.57,'0
UP,"Kanpur Dehat",Jhinjhak,Jhinjhak,26.55416667,79.74166667,Jhinjak1,"Dug Well",W15078,2000,'0,2.46,'0,'0
UP,"Kanpur Dehat",Maitha,Maitha,26.51888889,80.12916667,Baghpur,"Dug Well",W15080,2000,2.5,2.74,3.81,'0
UP,"Kanpur Dehat",Shivrajpur,Maitha,26.60555556,80.05833333,Sheoli,"Dug Well",W15805,2000,'0,3.11,4.26,4.66
UP,"Kanpur Dehat",Rasulabad,Rasulabad,26.675,79.77833333,Rasulabad,"Dug Well",W15791,2000,.3,.81,.69,2.2
UP,"Kanpur Dehat",Rasulabad,Rasulabad,26.60888889,79.8875,Kainjari,"Dug Well",W15082,2000,'0,2.55,4.37,5.89
UP,"Kanpur Dehat",Kakwan,Kakwan,26.74166667,79.975,Kakwan,"Dug Well",W15079,2000,1.26,1.44,.95,'0
UP,"Kanpur Dehat",Rajpur,Rajpur,26.36388889,79.6125,Pukhrayan-2,"Dug Well",W15789,2000,'0,4.96,5.23,8.55
UP,"Kanpur Dehat",Derapur,Derapur,26.36111111,79.78888889,Mugrishpur,"Dug Well",W15787,2000,'0,8.21,7.57,8.9
UP,"Kanpur Dehat",Sandalpur,Sandalpur,26.48194444,79.68555556,Jaunra,"Dug Well",W15083,2000,2.1,4.07,2.2,4.33
UP,"Kanpur Dehat",Akbarpur,Akbarpur,26.36666667,79.95,Akbarpur,"Dug Well",W15076,2000,7.02,4.03,4.38,6.35
UP,"Kanpur Dehat",Malasa,Malasa,26.29583333,79.9125,Muhammadpur,"Dug Well",W15788,2000,9.62,8.08,9.21,9.17
UP,"Kanpur Dehat",Rajpur,Rajpur,26.36388889,79.6125,Pukhrayan-2,"Dug Well",W15789,1999,4.85,5.34,4.68,8.95
UP,"Kanpur Dehat",Jhinjhak,Jhinjhak,26.55416667,79.74166667,Jhinjak1,"Dug Well",W15078,1999,'0,3.04,2.22,'0
UP,"Kanpur Dehat",Akbarpur,Akbarpur,26.37083333,79.98333333,"Nagin jassi","Dug Well",W15784,1999,.37,2.09,.95,3.37
UP,"Kanpur Dehat",Sandalpur,Sandalpur,26.48194444,79.68555556,Jaunra,"Dug Well",W15083,1999,3.33,4.65,3.84,4.6
UP,"Kanpur Dehat",Derapur,Derapur,26.41666667,79.78333333,Derapur,"Dug Well",W15077,1999,'0,'0,'0,10.3
UP,"Kanpur Dehat",Akbarpur,Akbarpur,26.48055556,79.90333333,Roura,"Dug Well",W15785,1999,1.15,2.94,2.52,3.85
UP,"Kanpur Dehat",Sarbankhera,Sarbankhera,26.41666667,80.12833333,Pukhrayan-3,"Dug Well",W15792,1999,5.62,6.12,5.22,7.3
UP,"Kanpur Dehat",Sarbankhera,Sarbankhera,26.29027778,80.06527778,Gajner,"Dug Well",W15084,1999,'0,3.14,2.42,5.32
UP,"Kanpur Dehat",Rajpur,Rajpur,26.26944444,79.73333333,Shahjahanpur,"Dug Well",W15790,1999,13.72,13.07,13.53,19.5
UP,"Kanpur Dehat",Akbarpur,Akbarpur,26.36666667,79.95,Akbarpur,"Dug Well",W15076,1999,'0,4.26,3.72,5.7
UP,"Kanpur Dehat",Amrodha,Amrodha,26.225,79.84166667,Pukhrayan-1,"Dug Well",W15786,1999,17.38,24.18,17.73,21.63
UP,"Kanpur Dehat",Maitha,Maitha,26.51888889,80.12916667,Baghpur,"Dug Well",W15080,1999,2.36,6.24,2.15,4.41
UP,"Kanpur Dehat",Derapur,Derapur,26.36111111,79.78888889,Mugrishpur,"Dug Well",W15787,1999,5.65,8.21,7.27,10.55
UP,"Kanpur Dehat",Shivrajpur,Maitha,26.60555556,80.05833333,Sheoli,"Dug Well",W15805,1999,2.81,3.41,1.75,5.08
UP,"Kanpur Dehat",Rasulabad,Rasulabad,26.675,79.77833333,Rasulabad,"Dug Well",W15791,1999,.1,1.31,.5,2.9
UP,"Kanpur Dehat",Malasa,Malasa,26.29583333,79.9125,Muhammadpur,"Dug Well",W15788,1999,9.07,9.72,8.35,10.47
UP,"Kanpur Dehat",Rasulabad,Rasulabad,26.60888889,79.8875,Kainjari,"Dug Well",W15082,1999,4.76,3.67,2.3,'0
UP,"Kanpur Dehat",Kakwan,Kakwan,26.74166667,79.975,Kakwan,"Dug Well",W15079,1999,.62,2.17,1.14,3.36
UP,"Kanpur Dehat",Maheva,Malasa,26.13333333,79.75,Kalpi,"Dug Well",W15022,1999,17.32,19.05,18.42,19.5
UP,"Kanpur Dehat",Maheva,Malasa,26.13333333,79.75,Kalpi,"Dug Well",W15022,1998,17.52,'0,18.42,19.45
UP,"Kanpur Dehat",Derapur,Derapur,26.36111111,79.78888889,Mugrishpur,"Dug Well",W15787,1998,.51,8.76,7.36,10.82
UP,"Kanpur Dehat",Sarbankhera,Sarbankhera,26.41666667,80.12833333,Pukhrayan-3,"Dug Well",W15792,1998,5.03,5.9,5.26,8.21
UP,"Kanpur Dehat",Akbarpur,Akbarpur,26.48055556,79.90333333,Roura,"Dug Well",W15785,1998,1.93,3.05,2.74,5.09
UP,"Kanpur Dehat",Shivrajpur,Maitha,26.60555556,80.05833333,Sheoli,"Dug Well",W15805,1998,1.88,2.87,1.73,4.76
UP,"Kanpur Dehat",Jhinjhak,Jhinjhak,26.55416667,79.74166667,Jhinjak1,"Dug Well",W15078,1998,1.19,2.83,2.18,5.17
UP,"Kanpur Dehat",Malasa,Malasa,26.29583333,79.9125,Muhammadpur,"Dug Well",W15788,1998,8.29,10.51,8.74,12.17
UP,"Kanpur Dehat",Rasulabad,Rasulabad,26.675,79.77833333,Rasulabad,"Dug Well",W15791,1998,.88,.67,1.91,2.06
UP,"Kanpur Dehat",Sarbankhera,Sarbankhera,26.29027778,80.06527778,Gajner,"Dug Well",W15084,1998,2.83,3.04,2.58,6.77
UP,"Kanpur Dehat",Sandalpur,Sandalpur,26.48194444,79.68555556,Jaunra,"Dug Well",W15083,1998,2.32,3.57,3.97,6.34
UP,"Kanpur Dehat",Rasulabad,Rasulabad,26.60888889,79.8875,Kainjari,"Dug Well",W15082,1998,3.4,'0,3.85,5.42
UP,"Kanpur Dehat",Derapur,Derapur,26.41666667,79.78333333,Derapur,"Dug Well",W15077,1998,'0,9.8,8.8,'0
UP,"Kanpur Dehat",Akbarpur,Akbarpur,26.36666667,79.95,Akbarpur,"Dug Well",W15076,1998,4.01,3.99,3.81,6.22
UP,"Kanpur Dehat",Kakwan,Kakwan,26.74166667,79.975,Kakwan,"Dug Well",W15079,1998,.9,1.24,1.37,3.19
UP,"Kanpur Dehat",Rajpur,Rajpur,26.26944444,79.73333333,Shahjahanpur,"Dug Well",W15790,1998,19.64,12.8,14.67,16.8
UP,"Kanpur Dehat",Amrodha,Amrodha,26.225,79.84166667,Pukhrayan-1,"Dug Well",W15786,1998,19.03,19.13,18.13,23.32
UP,"Kanpur Dehat",Rajpur,Rajpur,26.36388889,79.6125,Pukhrayan-2,"Dug Well",W15789,1998,4.48,6.7,4.59,8.82
UP,"Kanpur Dehat",Akbarpur,Akbarpur,26.37083333,79.98333333,"Nagin jassi","Dug Well",W15784,1998,.3,1.49,.73,2.59
UP,"Kanpur Dehat",Maitha,Maitha,26.51888889,80.12916667,Baghpur,"Dug Well",W15080,1998,4.89,2.67,5.34,6.55
UP,"Kanpur Dehat",Rajpur,Rajpur,26.36388889,79.6125,Pukhrayan-2,"Dug Well",W15789,1997,5.73,6.74,6.15,10.95
UP,"Kanpur Dehat",Kakwan,Kakwan,26.74166667,79.975,Kakwan,"Dug Well",W15079,1997,.56,2.06,1.31,3.48
UP,"Kanpur Dehat",Rasulabad,Rasulabad,26.60888889,79.8875,Kainjari,"Dug Well",W15082,1997,3.9,4.06,3.73,4.95
UP,"Kanpur Dehat",Rasulabad,Rasulabad,26.675,79.77833333,Rasulabad,"Dug Well",W15791,1997,'0,1.92,.76,3.65
UP,"Kanpur Dehat",Shivrajpur,Maitha,26.60555556,80.05833333,Sheoli,"Dug Well",W15805,1997,3.92,3.94,3.16,5.47
UP,"Kanpur Dehat",Maitha,Maitha,26.51888889,80.12916667,Baghpur,"Dug Well",W15080,1997,1.87,2.14,1.34,4.39
UP,"Kanpur Dehat",Jhinjhak,Jhinjhak,26.55416667,79.74166667,Jhinjak1,"Dug Well",W15078,1997,'0,1.87,2.74,4.5
UP,"Kanpur Dehat",Akbarpur,Akbarpur,26.37083333,79.98333333,"Nagin jassi","Dug Well",W15784,1997,5.75,2.3,1.31,4.13
UP,"Kanpur Dehat",Derapur,Derapur,26.41666667,79.78333333,Derapur,"Dug Well",W15077,1997,'0,10.37,10.5,11.85
UP,"Kanpur Dehat",Sarbankhera,Sarbankhera,26.41666667,80.12833333,Pukhrayan-3,"Dug Well",W15792,1997,5.75,6.33,5.94,7.47
UP,"Kanpur Dehat",Sarbankhera,Sarbankhera,26.29027778,80.06527778,Gajner,"Dug Well",W15084,1997,4.09,4.22,3.75,5.96
UP,"Kanpur Dehat",Rajpur,Rajpur,26.26944444,79.73333333,Shahjahanpur,"Dug Well",W15790,1997,12.51,13.6,13.24,15.64
UP,"Kanpur Dehat",Amrodha,Amrodha,26.225,79.84166667,Pukhrayan-1,"Dug Well",W15786,1997,17.3,21.17,20.33,21.15
UP,"Kanpur Dehat",Malasa,Malasa,26.29583333,79.9125,Muhammadpur,"Dug Well",W15788,1997,11.11,10.25,10.32,10.92
UP,"Kanpur Dehat",Maheva,Malasa,26.13333333,79.75,Kalpi,"Dug Well",W15022,1997,17.45,18.95,18.34,19.65
UP,"Kanpur Dehat",Akbarpur,Akbarpur,26.48055556,79.90333333,Roura,"Dug Well",W15785,1997,6.91,2.57,2.21,5.56
UP,"Kanpur Dehat",Akbarpur,Akbarpur,26.36666667,79.95,Akbarpur,"Dug Well",W15076,1997,4.61,4.6,4.71,6.64
UP,"Kanpur Dehat",Derapur,Derapur,26.36111111,79.78888889,Mugrishpur,"Dug Well",W15787,1997,2.37,9.47,8.71,11.55
UP,"Kanpur Dehat",Sandalpur,Sandalpur,26.48194444,79.68555556,Jaunra,"Dug Well",W15083,1997,3.3,4.57,4.18,5.5
UP,"Kanpur Dehat",Sandalpur,Sandalpur,26.48194444,79.68555556,Jaunra,"Dug Well",W15083,1996,4.59,5.86,4.11,5.59
UP,"Kanpur Dehat",Akbarpur,Akbarpur,26.36666667,79.95,Akbarpur,"Dug Well",W15076,1996,4.75,6.03,4.14,7.6
UP,"Kanpur Dehat",Akbarpur,Akbarpur,26.48055556,79.90333333,Roura,"Dug Well",W15785,1996,2.16,5.34,2.35,5.67
UP,"Kanpur Dehat",Maheva,Malasa,26.13333333,79.75,Kalpi,"Dug Well",W15022,1996,15.83,19.16,18.1,19.9
UP,"Kanpur Dehat",Malasa,Malasa,26.29583333,79.9125,Muhammadpur,"Dug Well",W15788,1996,11.13,11.36,10.4,11.43
UP,"Kanpur Dehat",Malasa,Malasa,26.16805556,79.78611111,Chaunra,"Dug Well",W15081,1996,'0,27.29,'0,30
UP,"Kanpur Dehat",Amrodha,Amrodha,26.225,79.84166667,Pukhrayan-1,"Dug Well",W15786,1996,20.72,20.85,17.25,21.33
UP,"Kanpur Dehat",Rajpur,Rajpur,26.26944444,79.73333333,Shahjahanpur,"Dug Well",W15790,1996,14.31,13.83,13.55,14.46
UP,"Kanpur Dehat",Sarbankhera,Sarbankhera,26.29027778,80.06527778,Gajner,"Dug Well",W15084,1996,4.59,6.58,3.59,6.49
UP,"Kanpur Dehat",Sarbankhera,Sarbankhera,26.41666667,80.12833333,Pukhrayan-3,"Dug Well",W15792,1996,5.26,7.6,5.75,7.77
UP,"Kanpur Dehat",Derapur,Derapur,26.41666667,79.78333333,Derapur,"Dug Well",W15077,1996,11.13,12.1,9.32,11.88
UP,"Kanpur Dehat",Akbarpur,Akbarpur,26.37083333,79.98333333,"Nagin jassi","Dug Well",W15784,1996,.65,2.42,1.52,3.86
UP,"Kanpur Dehat",Jhinjhak,Jhinjhak,26.55416667,79.74166667,Jhinjak1,"Dug Well",W15078,1996,1.57,4.12,1.62,4.63
UP,"Kanpur Dehat",Maitha,Maitha,26.51888889,80.12916667,Baghpur,"Dug Well",W15080,1996,1.91,2.83,1.57,4.08
UP,"Kanpur Dehat",Shivrajpur,Maitha,26.60555556,80.05833333,Sheoli,"Dug Well",W15805,1996,'0,6.74,2.83,6.09
UP,"Kanpur Dehat",Rasulabad,Rasulabad,26.675,79.77833333,Rasulabad,"Dug Well",W15791,1996,.42,3.03,.68,3.48
UP,"Kanpur Dehat",Rasulabad,Rasulabad,26.60888889,79.8875,Kainjari,"Dug Well",W15082,1996,3.57,5.39,2.95,5.54
UP,"Kanpur Dehat",Kakwan,Kakwan,26.74166667,79.975,Kakwan,"Dug Well",W15079,1996,.91,'0,1.39,3.81
UP,"Kanpur Dehat",Rajpur,Rajpur,26.36388889,79.6125,Pukhrayan-2,"Dug Well",W15789,1996,6.4,9.91,6.19,11.15
UP,"Kanpur Dehat",Derapur,Derapur,26.36111111,79.78888889,Mugrishpur,"Dug Well",W15787,1996,9.74,10.13,9.25,11.62
