STATE,DISTRICT,TEH_NAME,BLOCK_NAME,LAT,LON,SITE_NAME,SITE_TYPE,WLCODE,YEAR_OBS,MONSOON,POMRB,POMKH,PREMON
MP,Vidisha,Vidisha,Vidisha,23.57555556,77.78055556,Imaliya1,"Dug Well",W00569,2018,'0,.87,'0,'0
MP,Vidisha,Gyaraspur,Gyaraspur,23.61527778,78.02833333,"Atari Khejda","Dug Well",W28576,2018,'0,'0,'0,10.48
MP,Vidisha,Vidisha,Vidisha,23.57833333,77.69805556,Bilari,"Dug Well",W00568,2018,'0,10.7,'0,'0
MP,Vidisha,Vidisha,Vidisha,23.57833333,77.69805556,Bilari,"Dug Well",W00568,2018,'0,'0,'0,18.97
MP,Vidisha,Vidisha,Vidisha,23.52555556,77.82361111,Vidisha1,"Dug Well",W01320,2018,'0,4.76,'0,'0
MP,Vidisha,Vidisha,Vidisha,23.52555556,77.82361111,Vidisha1,"Dug Well",W01320,2018,'0,'0,'0,13.54
MP,Vidisha,Basoda,Basoda,23.86305556,77.92444444,Ganjbasoda1,"Dug Well",W00561,2018,'0,7,'0,'0
MP,Vidisha,Basoda,Basoda,23.86305556,77.92444444,Ganjbasoda1,"Dug Well",W00561,2018,'0,'0,'0,7.98
MP,Vidisha,Basoda,Basoda,23.90083333,78.055,Udaipur,"Dug Well",W01305,2018,'0,7.66,'0,'0
MP,Vidisha,Basoda,Basoda,23.90083333,78.055,Udaipur,"Dug Well",W01305,2018,'0,'0,'0,11.77
MP,Vidisha,Neteran,Neteran,23.97888889,77.85083333,Malakapur,"Dug Well",W01312,2018,'0,1.52,'0,'0
MP,Vidisha,Neteran,Neteran,23.97888889,77.85083333,Malakapur,"Dug Well",W01312,2018,'0,'0,'0,4.81
MP,Vidisha,Neteran,Neteran,23.77166667,77.60916667,Tinsiyai,"Dug Well",W01315,2018,'0,10.55,'0,'0
MP,Vidisha,Neteran,Neteran,23.77166667,77.60916667,Tinsiyai,"Dug Well",W01315,2018,'0,'0,'0,9.82
MP,Vidisha,Kurwai,Kurwai,24.125,78.04333333,Kurwai1,"Dug Well",W01307,2018,'0,7.17,'0,'0
MP,Vidisha,Kurwai,Kurwai,24.125,78.04333333,Kurwai1,"Dug Well",W01307,2018,'0,'0,'0,11.06
MP,Vidisha,Kurwai,Kurwai,24.12611111,78.03888889,Kurwai,"Bore Well",W01306,2018,'0,8.83,'0,'0
MP,Vidisha,Kurwai,Kurwai,24.12611111,78.03888889,Kurwai,"Bore Well",W01306,2018,'0,'0,'0,11.11
MP,Vidisha,Sironj,Sironj,24.095,77.67555556,Sironj,"Bore Well",W01317,2018,'0,9.05,'0,'0
MP,Vidisha,Sironj,Sironj,24.095,77.67555556,Sironj,"Bore Well",W01317,2018,'0,'0,'0,9.52
MP,Vidisha,Sironj,Sironj,24.09861111,77.68861111,Sironj1,"Dug Well",W01318,2018,'0,5.2,'0,'0
MP,Vidisha,Sironj,Sironj,24.09861111,77.68861111,Sironj1,"Dug Well",W01318,2018,'0,'0,'0,8.74
MP,Vidisha,Sironj,Sironj,24.11472222,77.81916667,Patharia1,"Dug Well",W01316,2018,'0,4.18,'0,'0
MP,Vidisha,Sironj,Sironj,24.11472222,77.81916667,Patharia1,"Dug Well",W01316,2018,'0,'0,'0,5.2
MP,Vidisha,Lateri,Lateri,24.0575,77.40722222,Lateri,"Bore Well",W01309,2018,'0,10.15,'0,'0
MP,Vidisha,Lateri,Lateri,24.0575,77.40722222,Lateri,"Bore Well",W01309,2018,'0,'0,'0,11.45
MP,Vidisha,Lateri,Lateri,24.06194444,77.29305556,Tajpur,"Dug Well",W01311,2018,'0,7.64,'0,'0
MP,Vidisha,Lateri,Lateri,24.06194444,77.29305556,Tajpur,"Dug Well",W01311,2018,'0,'0,'0,7.8
MP,Vidisha,Gyaraspur,Gyaraspur,23.66666667,78.11388889,Gyaraspur,"Bore Well",W00563,2018,'0,11.56,'0,'0
MP,Vidisha,Gyaraspur,Gyaraspur,23.66666667,78.11388889,Gyaraspur,"Bore Well",W00563,2018,'0,'0,'0,19.4
MP,Vidisha,Gyaraspur,Gyaraspur,23.66666667,78.11444444,Gyaraspur1,"Dug Well",W00564,2018,'0,10.65,'0,'0
MP,Vidisha,Gyaraspur,Gyaraspur,23.66666667,78.11444444,Gyaraspur1,"Dug Well",W00564,2018,'0,'0,'0,10.4
MP,Vidisha,Basoda,Basoda,23.84861111,77.94222222,Ganjbasoda,"Bore Well",W00560,2018,'0,10.33,'0,'0
MP,Vidisha,Basoda,Basoda,23.84861111,77.94222222,Ganjbasoda,"Bore Well",W00560,2018,'0,'0,'0,19.65
MP,Vidisha,Basoda,Basoda,23.80666667,78.12361111,Ghatera,"Dug Well",W00562,2018,'0,8.75,'0,'0
MP,Vidisha,Basoda,Basoda,23.80666667,78.12361111,Ghatera,"Dug Well",W00562,2018,'0,'0,'0,11.98
MP,Vidisha,Basoda,Basoda,23.73277778,78.17638889,Bagrodcrossing,"Dug Well",W00559,2018,'0,15.5,'0,'0
MP,Vidisha,Neteran,Neteran,23.79583333,77.53055556,Mohanpura,"Dug Well",W20613,2018,'0,6,'0,'0
MP,Vidisha,Neteran,Neteran,23.79583333,77.53055556,Mohanpura,"Dug Well",W20613,2018,'0,'0,'0,9.1
MP,Vidisha,Neteran,Neteran,23.76166667,77.775,Nateran,"Dug Well",W01313,2018,'0,3.94,'0,'0
MP,Vidisha,Neteran,Neteran,23.76166667,77.775,Nateran,"Dug Well",W01313,2018,'0,'0,'0,5.39
MP,Vidisha,Lateri,Lateri,24.16666667,77.4425,Anandpur,"Dug Well",W00565,2018,'0,6.55,'0,'0
MP,Vidisha,Lateri,Lateri,24.16666667,77.4425,Anandpur,"Dug Well",W00565,2018,'0,'0,'0,9.03
MP,Vidisha,Sironj,Sironj,24.15527778,77.62138889,Deopur,"Dug Well",W00567,2018,'0,1.98,'0,'0
MP,Vidisha,Sironj,Sironj,24.15527778,77.62138889,Deopur,"Dug Well",W00567,2018,'0,'0,'0,2.41
MP,Vidisha,Basoda,Basoda,23.91333333,77.99972222,Bareth,"Dug Well",W28754,2018,'0,6.27,'0,'0
MP,Vidisha,Basoda,Basoda,23.91333333,77.99972222,Bareth,"Dug Well",W28754,2018,'0,'0,'0,9.84
MP,Vidisha,Sironj,Sironj,24.04083333,77.78555556,"Dehri Jagir","Dug Well",W28817,2018,'0,3.48,'0,'0
MP,Vidisha,Sironj,Sironj,24.04083333,77.78555556,"Dehri Jagir","Dug Well",W28817,2018,'0,'0,'0,8.87
MP,Vidisha,Lateri,Lateri,24.07,77.51722222,"Islam Nagar","Dug Well",W28834,2018,'0,20.35,'0,'0
MP,Vidisha,Lateri,Lateri,24.07,77.51722222,"Islam Nagar","Dug Well",W28834,2018,'0,'0,'0,19.72
MP,Vidisha,Vidisha,Vidisha,23.61333333,77.7625,Bamuriya,"Dug Well",W31642,2018,'0,1.36,'0,'0
MP,Vidisha,Vidisha,Vidisha,23.61333333,77.7625,Bamuriya,"Dug Well",W31642,2018,'0,'0,'0,5.14
MP,Vidisha,Vidisha,Vidisha,23.56805556,77.765,Bagri,"Dug Well",W28551,2018,'0,1.97,'0,'0
MP,Vidisha,Vidisha,Vidisha,23.56805556,77.765,Bagri,"Dug Well",W28551,2018,'0,'0,'0,6.7
MP,Vidisha,Vidisha,Vidisha,23.60777778,77.57611111,Salaiya,"Dug Well",W28572,2018,'0,8.65,'0,'0
MP,Vidisha,Vidisha,Vidisha,23.60777778,77.57611111,Salaiya,"Dug Well",W28572,2018,'0,'0,'0,8.73
MP,Vidisha,Vidisha,Gyaraspur,23.5675,77.95,Hirnai,"Dug Well",W28550,2018,'0,6,'0,'0
MP,Vidisha,Vidisha,Gyaraspur,23.5675,77.95,Hirnai,"Dug Well",W28550,2018,'0,'0,'0,6.51
MP,Vidisha,Gyaraspur,Gyaraspur,23.61527778,78.02833333,"Atari Khejda","Dug Well",W28576,2018,'0,7.99,'0,'0
MP,Vidisha,Vidisha,Vidisha,23.57555556,77.78055556,Imaliya1,"Dug Well",W00569,2018,'0,'0,'0,8.14
MP,Vidisha,Vidisha,Vidisha,23.57555556,77.78055556,Imaliya1,"Dug Well",W00569,2017,2.01,2.32,'0,5.91
MP,Vidisha,Gyaraspur,Gyaraspur,23.61527778,78.02833333,"Atari Khejda","Dug Well",W28576,2017,'0,'0,4.82,'0
MP,Vidisha,Vidisha,Vidisha,23.57833333,77.69805556,Bilari,"Dug Well",W00568,2017,2.28,8.66,'0,14.42
MP,Vidisha,Vidisha,Vidisha,23.57833333,77.69805556,Bilari,"Dug Well",W00568,2017,'0,'0,12.22,'0
MP,Vidisha,Vidisha,Vidisha,23.52555556,77.82361111,Vidisha1,"Dug Well",W01320,2017,3.16,5.13,'0,8.41
MP,Vidisha,Vidisha,Vidisha,23.52555556,77.82361111,Vidisha1,"Dug Well",W01320,2017,'0,'0,3.69,'0
MP,Vidisha,Basoda,Basoda,23.86305556,77.92444444,Ganjbasoda1,"Dug Well",W00561,2017,4.88,6.4,'0,7.7
MP,Vidisha,Basoda,Basoda,23.86305556,77.92444444,Ganjbasoda1,"Dug Well",W00561,2017,'0,'0,7,'0
MP,Vidisha,Basoda,Basoda,23.90083333,78.055,Udaipur,"Dug Well",W01305,2017,4.81,9.52,'0,11.98
MP,Vidisha,Basoda,Basoda,23.90083333,78.055,Udaipur,"Dug Well",W01305,2017,'0,'0,6.18,'0
MP,Vidisha,Neteran,Neteran,23.97888889,77.85083333,Malakapur,"Dug Well",W01312,2017,1.36,.79,'0,3.26
MP,Vidisha,Neteran,Neteran,23.97888889,77.85083333,Malakapur,"Dug Well",W01312,2017,'0,'0,3.72,'0
MP,Vidisha,Neteran,Neteran,23.77166667,77.60916667,Tinsiyai,"Dug Well",W01315,2017,4.54,10.57,'0,11.37
MP,Vidisha,Neteran,Neteran,23.77166667,77.60916667,Tinsiyai,"Dug Well",W01315,2017,'0,'0,7.7,'0
MP,Vidisha,Kurwai,Kurwai,24.125,78.04333333,Kurwai1,"Dug Well",W01307,2017,2.74,8.1,'0,10.79
MP,Vidisha,Kurwai,Kurwai,24.125,78.04333333,Kurwai1,"Dug Well",W01307,2017,'0,'0,4.37,'0
MP,Vidisha,Kurwai,Kurwai,24.12611111,78.03888889,Kurwai,"Bore Well",W01306,2017,2.99,12.13,'0,13.68
MP,Vidisha,Kurwai,Kurwai,24.12611111,78.03888889,Kurwai,"Bore Well",W01306,2017,'0,'0,8.22,'0
MP,Vidisha,Sironj,Sironj,24.095,77.67555556,Sironj,"Bore Well",W01317,2017,8.82,8.41,'0,9.2
MP,Vidisha,Sironj,Sironj,24.095,77.67555556,Sironj,"Bore Well",W01317,2017,'0,'0,9.27,'0
MP,Vidisha,Sironj,Sironj,24.09861111,77.68861111,Sironj1,"Dug Well",W01318,2017,6.15,8.68,'0,8.85
MP,Vidisha,Sironj,Sironj,24.09861111,77.68861111,Sironj1,"Dug Well",W01318,2017,'0,'0,7.37,'0
MP,Vidisha,Sironj,Sironj,24.11472222,77.81916667,Patharia1,"Dug Well",W01316,2017,1.11,4.45,'0,6.46
MP,Vidisha,Sironj,Sironj,24.11472222,77.81916667,Patharia1,"Dug Well",W01316,2017,'0,'0,2.9,'0
MP,Vidisha,Lateri,Lateri,24.0575,77.40722222,Lateri,"Bore Well",W01309,2017,7.32,9.02,'0,10.99
MP,Vidisha,Lateri,Lateri,24.0575,77.40722222,Lateri,"Bore Well",W01309,2017,'0,'0,12.2,'0
MP,Vidisha,Lateri,Lateri,24.06194444,77.29305556,Tajpur,"Dug Well",W01311,2017,4.99,7.22,'0,7.53
MP,Vidisha,Lateri,Lateri,24.06194444,77.29305556,Tajpur,"Dug Well",W01311,2017,'0,'0,9.2,'0
MP,Vidisha,Gyaraspur,Gyaraspur,23.66666667,78.11388889,Gyaraspur,"Bore Well",W00563,2017,8.6,9.33,'0,15.88
MP,Vidisha,Gyaraspur,Gyaraspur,23.66666667,78.11388889,Gyaraspur,"Bore Well",W00563,2017,'0,'0,9.32,'0
MP,Vidisha,Gyaraspur,Gyaraspur,23.66666667,78.11444444,Gyaraspur1,"Dug Well",W00564,2017,5.78,9.86,'0,13.44
MP,Vidisha,Gyaraspur,Gyaraspur,23.66666667,78.11444444,Gyaraspur1,"Dug Well",W00564,2017,'0,'0,9.2,'0
MP,Vidisha,Basoda,Basoda,23.84861111,77.94222222,Ganjbasoda,"Bore Well",W00560,2017,12.2,10.85,'0,28.13
MP,Vidisha,Basoda,Basoda,23.84861111,77.94222222,Ganjbasoda,"Bore Well",W00560,2017,'0,'0,10.55,'0
MP,Vidisha,Basoda,Basoda,23.80666667,78.12361111,Ghatera,"Dug Well",W00562,2017,4.66,7.41,'0,10.51
MP,Vidisha,Basoda,Basoda,23.80666667,78.12361111,Ghatera,"Dug Well",W00562,2017,'0,'0,6.6,'0
MP,Vidisha,Basoda,Basoda,23.73277778,78.17638889,Bagrodcrossing,"Dug Well",W00559,2017,7.72,12.7,'0,13.52
MP,Vidisha,Basoda,Basoda,23.73277778,78.17638889,Bagrodcrossing,"Dug Well",W00559,2017,'0,'0,12,'0
MP,Vidisha,Neteran,Neteran,23.79583333,77.53055556,Mohanpura,"Dug Well",W20613,2017,.74,9.48,'0,8.47
MP,Vidisha,Neteran,Neteran,23.79583333,77.53055556,Mohanpura,"Dug Well",W20613,2017,'0,'0,9.3,'0
MP,Vidisha,Neteran,Neteran,23.76166667,77.775,Nateran,"Dug Well",W01313,2017,2.81,4.05,'0,5.33
MP,Vidisha,Neteran,Neteran,23.76166667,77.775,Nateran,"Dug Well",W01313,2017,'0,'0,4.05,'0
MP,Vidisha,Lateri,Lateri,24.16666667,77.4425,Anandpur,"Dug Well",W00565,2017,2.19,6.21,'0,7.32
MP,Vidisha,Lateri,Lateri,24.16666667,77.4425,Anandpur,"Dug Well",W00565,2017,'0,'0,3.82,'0
MP,Vidisha,Sironj,Sironj,24.15527778,77.62138889,Deopur,"Dug Well",W00567,2017,1.91,1.8,'0,2.9
MP,Vidisha,Sironj,Sironj,24.15527778,77.62138889,Deopur,"Dug Well",W00567,2017,'0,'0,1.92,'0
MP,Vidisha,Basoda,Basoda,23.91333333,77.99972222,Bareth,"Dug Well",W28754,2017,3.89,5.62,'0,10.7
MP,Vidisha,Basoda,Basoda,23.91333333,77.99972222,Bareth,"Dug Well",W28754,2017,'0,'0,5.47,'0
MP,Vidisha,Sironj,Sironj,24.04083333,77.78555556,"Dehri Jagir","Dug Well",W28817,2017,2.58,2.78,'0,7.25
MP,Vidisha,Sironj,Sironj,24.04083333,77.78555556,"Dehri Jagir","Dug Well",W28817,2017,'0,'0,2.77,'0
MP,Vidisha,Lateri,Lateri,24.07,77.51722222,"Islam Nagar","Dug Well",W28834,2017,17.95,19.15,'0,19.7
MP,Vidisha,Lateri,Lateri,24.07,77.51722222,"Islam Nagar","Dug Well",W28834,2017,'0,'0,20.64,'0
MP,Vidisha,Vidisha,Vidisha,23.61333333,77.7625,Bamuriya,"Dug Well",W31642,2017,1.1,1.17,'0,3.89
MP,Vidisha,Vidisha,Vidisha,23.61333333,77.7625,Bamuriya,"Dug Well",W31642,2017,'0,'0,1.36,'0
MP,Vidisha,Vidisha,Vidisha,23.56805556,77.765,Bagri,"Dug Well",W28551,2017,.92,1.83,'0,5.22
MP,Vidisha,Vidisha,Vidisha,23.56805556,77.765,Bagri,"Dug Well",W28551,2017,'0,'0,1.35,'0
MP,Vidisha,Vidisha,Vidisha,23.60777778,77.57611111,Salaiya,"Dug Well",W28572,2017,4.33,5.62,'0,9.8
MP,Vidisha,Vidisha,Vidisha,23.60777778,77.57611111,Salaiya,"Dug Well",W28572,2017,'0,'0,5.34,'0
MP,Vidisha,Vidisha,Gyaraspur,23.5675,77.95,Hirnai,"Dug Well",W28550,2017,3.12,6.07,'0,6.28
MP,Vidisha,Vidisha,Gyaraspur,23.5675,77.95,Hirnai,"Dug Well",W28550,2017,'0,'0,2.67,'0
MP,Vidisha,Gyaraspur,Gyaraspur,23.61527778,78.02833333,"Atari Khejda","Dug Well",W28576,2017,2.02,11.1,'0,11
MP,Vidisha,Vidisha,Vidisha,23.57555556,77.78055556,Imaliya1,"Dug Well",W00569,2017,'0,'0,3,'0
MP,Vidisha,Vidisha,Vidisha,23.57555556,77.78055556,Imaliya1,"Dug Well",W00569,2016,1,2.36,1.66,'0
MP,Vidisha,Gyaraspur,Gyaraspur,23.61527778,78.02833333,"Atari Khejda","Dug Well",W28576,2016,1.25,9.6,3.6,10.7
MP,Vidisha,Vidisha,Vidisha,23.52555556,77.82361111,Vidisha1,"Dug Well",W01320,2016,1.86,6.67,2.3,'0
MP,Vidisha,Basoda,Basoda,23.86305556,77.92444444,Ganjbasoda1,"Dug Well",W00561,2016,1.33,7.13,4.81,'0
MP,Vidisha,Basoda,Basoda,23.90083333,78.055,Udaipur,"Dug Well",W01305,2016,.69,11.6,3.14,'0
MP,Vidisha,Neteran,Neteran,23.97888889,77.85083333,Malakapur,"Dug Well",W01312,2016,'0,1.35,1.12,'0
MP,Vidisha,Neteran,Neteran,23.77166667,77.60916667,Tinsiyai,"Dug Well",W01315,2016,3.04,10.95,6.92,'0
MP,Vidisha,Kurwai,Kurwai,24.125,78.04333333,Kurwai1,"Dug Well",W01307,2016,.73,9.4,3.88,'0
MP,Vidisha,Kurwai,Kurwai,24.12611111,78.03888889,Kurwai,"Bore Well",W01306,2016,.63,11.48,5.42,'0
MP,Vidisha,Sironj,Sironj,24.095,77.67555556,Sironj,"Bore Well",W01317,2016,8.38,9.47,10.51,'0
MP,Vidisha,Sironj,Sironj,24.09861111,77.68861111,Sironj1,"Dug Well",W01318,2016,5.53,6.75,5.45,8.25
MP,Vidisha,Sironj,Sironj,24.11472222,77.81916667,Patharia1,"Dug Well",W01316,2016,.4,4.6,2.77,'0
MP,Vidisha,Lateri,Lateri,24.0575,77.40722222,Lateri,"Bore Well",W01309,2016,1.37,10.6,6.35,'0
MP,Vidisha,Lateri,Lateri,24.06055556,77.40666667,Lateri1,"Dug Well",W01310,2016,'0,2.85,'0,'0
MP,Vidisha,Lateri,Lateri,24.06194444,77.29305556,Tajpur,"Dug Well",W01311,2016,2.4,6.65,5.85,'0
MP,Vidisha,Gyaraspur,Gyaraspur,23.66666667,78.11388889,Gyaraspur,"Bore Well",W00563,2016,4.48,14.07,7.04,'0
MP,Vidisha,Gyaraspur,Gyaraspur,23.66666667,78.11444444,Gyaraspur1,"Dug Well",W00564,2016,2.47,11.6,7.22,'0
MP,Vidisha,Basoda,Basoda,23.84861111,77.94222222,Ganjbasoda,"Bore Well",W00560,2016,2.02,13.02,7.72,'0
MP,Vidisha,Basoda,Basoda,23.80666667,78.12361111,Ghatera,"Dug Well",W00562,2016,1.33,9.7,3.38,'0
MP,Vidisha,Basoda,Basoda,23.73277778,78.17638889,Bagrodcrossing,"Dug Well",W00559,2016,3.02,12.6,10.43,'0
MP,Vidisha,Neteran,Neteran,23.79583333,77.53055556,Mohanpura,"Dug Well",W20613,2016,.67,'0,4.5,9.3
MP,Vidisha,Neteran,Neteran,23.76166667,77.775,Nateran,"Dug Well",W01313,2016,1.36,5.8,3.45,'0
MP,Vidisha,Lateri,Lateri,24.16666667,77.4425,Anandpur,"Dug Well",W00565,2016,.85,6.95,2.38,'0
MP,Vidisha,Sironj,Sironj,24.15527778,77.62138889,Deopur,"Dug Well",W00567,2016,.9,2.35,1.39,3.15
MP,Vidisha,Basoda,Basoda,23.91333333,77.99972222,Bareth,"Dug Well",W28754,2016,.46,7.2,2,9.8
MP,Vidisha,Sironj,Sironj,24.04083333,77.78555556,"Dehri Jagir","Dug Well",W28817,2016,.01,3.53,1.88,7.76
MP,Vidisha,Lateri,Lateri,24.07,77.51722222,"Islam Nagar","Dug Well",W28834,2016,5.29,19.8,10,17.95
MP,Vidisha,Vidisha,Vidisha,23.61333333,77.7625,Bamuriya,"Dug Well",W31642,2016,.4,1.15,1.19,3.84
MP,Vidisha,Vidisha,Vidisha,23.56805556,77.765,Bagri,"Dug Well",W28551,2016,.5,1.62,2.39,6.1
MP,Vidisha,Vidisha,Vidisha,23.60777778,77.57611111,Salaiya,"Dug Well",W28572,2016,.7,9.35,2.29,9.15
MP,Vidisha,Vidisha,Gyaraspur,23.5675,77.95,Hirnai,"Dug Well",W28550,2016,.75,6.55,1.4,6.6
MP,Vidisha,Vidisha,Vidisha,23.57833333,77.69805556,Bilari,"Dug Well",W00568,2016,.85,11.4,9.52,'0
MP,Vidisha,Vidisha,Vidisha,23.57555556,77.78055556,Imaliya1,"Dug Well",W00569,2015,2.1,1.9,1.95,4.65
MP,Vidisha,Gyaraspur,Gyaraspur,23.61527778,78.02833333,"Atari Khejda","Dug Well",W28576,2015,2.05,6,9.3,10.9
MP,Vidisha,Vidisha,Vidisha,23.51666667,77.79916667,Vidisha,"Bore Well",W01319,2015,7.4,10.72,'0,7.4
MP,Vidisha,Vidisha,Vidisha,23.52555556,77.82361111,Vidisha1,"Dug Well",W01320,2015,2.8,5.3,5.02,11.7
MP,Vidisha,Basoda,Basoda,23.86305556,77.92444444,Ganjbasoda1,"Dug Well",W00561,2015,1.93,6.55,5.77,7.13
MP,Vidisha,Basoda,Basoda,23.90083333,78.055,Udaipur,"Dug Well",W01305,2015,1.48,6.41,4.53,10.62
MP,Vidisha,Neteran,Neteran,23.97888889,77.85083333,Malakapur,"Dug Well",W01312,2015,.28,2.1,1.82,4.25
MP,Vidisha,Neteran,Neteran,23.77166667,77.60916667,Tinsiyai,"Dug Well",W01315,2015,4.9,10.55,8.14,10.54
MP,Vidisha,Kurwai,Kurwai,24.125,78.04333333,Kurwai1,"Dug Well",W01307,2015,1.73,7.2,5,10
MP,Vidisha,Kurwai,Kurwai,24.12611111,78.03888889,Kurwai,"Bore Well",W01306,2015,1.93,9.43,7.17,11.33
MP,Vidisha,Sironj,Sironj,24.095,77.67555556,Sironj,"Bore Well",W01317,2015,9.24,9.26,8.97,9.58
MP,Vidisha,Sironj,Sironj,24.09861111,77.68861111,Sironj1,"Dug Well",W01318,2015,5.45,5.8,2.92,8.88
MP,Vidisha,Sironj,Sironj,24.11472222,77.81916667,Patharia1,"Dug Well",W01316,2015,.65,2.92,2.75,6.5
MP,Vidisha,Lateri,Lateri,24.0575,77.40722222,Lateri,"Bore Well",W01309,2015,3.94,9.74,7.44,11.08
MP,Vidisha,Lateri,Lateri,24.06055556,77.40666667,Lateri1,"Dug Well",W01310,2015,1.4,2,2.36,4.4
MP,Vidisha,Lateri,Lateri,24.06194444,77.29305556,Tajpur,"Dug Well",W01311,2015,4,6.7,9.66,7.2
MP,Vidisha,Gyaraspur,Gyaraspur,23.66666667,78.11388889,Gyaraspur,"Bore Well",W00563,2015,6.33,9.96,9,15.9
MP,Vidisha,Gyaraspur,Gyaraspur,23.66666667,78.11444444,Gyaraspur1,"Dug Well",W00564,2015,6.1,10.35,10.1,10.6
MP,Vidisha,Basoda,Basoda,23.84861111,77.94222222,Ganjbasoda,"Bore Well",W00560,2015,5.67,10.32,8.78,21.62
MP,Vidisha,Basoda,Basoda,23.80666667,78.12361111,Ghatera,"Dug Well",W00562,2015,3.05,4.16,4.83,4.35
MP,Vidisha,Basoda,Basoda,23.73277778,78.17638889,Bagrodcrossing,"Dug Well",W00559,2015,5.55,11.1,12.22,11.72
MP,Vidisha,Neteran,Neteran,23.79583333,77.53055556,Mohanpura,"Dug Well",W20613,2015,1,5.5,8.9,8.4
MP,Vidisha,Neteran,Neteran,23.76166667,77.775,Nateran,"Dug Well",W01313,2015,2.8,6.1,4.31,6.25
MP,Vidisha,Lateri,Lateri,24.16666667,77.4425,Anandpur,"Dug Well",W00565,2015,.95,4.57,4.27,6.95
MP,Vidisha,Sironj,Sironj,24.15527778,77.62138889,Deopur,"Dug Well",W00567,2015,1.3,1.7,3.97,2.95
MP,Vidisha,Basoda,Basoda,23.91333333,77.99972222,Bareth,"Dug Well",W28754,2015,1.38,4.55,3.37,7.25
MP,Vidisha,Sironj,Sironj,24.04083333,77.78555556,"Dehri Jagir","Dug Well",W28817,2015,.45,'0,3.24,7.5
MP,Vidisha,Lateri,Lateri,24.07,77.51722222,"Islam Nagar","Dug Well",W28834,2015,8.15,16.3,4.48,20.15
MP,Vidisha,Vidisha,Vidisha,23.56805556,77.765,Bagri,"Dug Well",W28551,2015,2,1.58,1.65,4.7
MP,Vidisha,Vidisha,Vidisha,23.60777778,77.57611111,Salaiya,"Dug Well",W28572,2015,4.8,10,6.5,9.2
MP,Vidisha,Vidisha,Gyaraspur,23.5675,77.95,Hirnai,"Dug Well",W28550,2015,.9,2.61,2.11,5.4
MP,Vidisha,Vidisha,Vidisha,23.57833333,77.69805556,Bilari,"Dug Well",W00568,2015,4.5,7.7,9.37,12.6
MP,Vidisha,Vidisha,Vidisha,23.57555556,77.78055556,Imaliya1,"Dug Well",W00569,2014,1.93,2.48,3.09,4.6
MP,Vidisha,Gyaraspur,Gyaraspur,23.61527778,78.02833333,"Atari Khejda","Dug Well",W28576,2014,1.96,'0,4.1,10.2
MP,Vidisha,Vidisha,Vidisha,23.51666667,77.79916667,Vidisha,"Bore Well",W01319,2014,8.7,15.65,9.01,14.7
MP,Vidisha,Vidisha,Vidisha,23.52555556,77.82361111,Vidisha1,"Dug Well",W01320,2014,3.4,7.05,4.53,11.6
MP,Vidisha,Basoda,Basoda,23.86305556,77.92444444,Ganjbasoda1,"Dug Well",W00561,2014,4.04,5.75,5.53,6.55
MP,Vidisha,Basoda,Basoda,23.90083333,78.055,Udaipur,"Dug Well",W01305,2014,1.56,7.69,4.16,9.86
MP,Vidisha,Neteran,Neteran,23.97888889,77.85083333,Malakapur,"Dug Well",W01312,2014,.5,5.39,1.85,4.85
MP,Vidisha,Neteran,Neteran,23.77166667,77.60916667,Tinsiyai,"Dug Well",W01315,2014,5.5,10.7,9.09,10.7
MP,Vidisha,Kurwai,Kurwai,24.125,78.04333333,Kurwai1,"Dug Well",W01307,2014,3.24,7.44,4.3,9.2
MP,Vidisha,Kurwai,Kurwai,24.12611111,78.03888889,Kurwai,"Bore Well",W01306,2014,3.13,9.53,6.04,10.08
MP,Vidisha,Sironj,Sironj,24.095,77.67555556,Sironj,"Bore Well",W01317,2014,9.47,9.27,9.38,9.57
MP,Vidisha,Sironj,Sironj,24.09861111,77.68861111,Sironj1,"Dug Well",W01318,2014,9.55,6.2,6.4,10.2
MP,Vidisha,Sironj,Sironj,24.11472222,77.81916667,Patharia1,"Dug Well",W01316,2014,1.3,3.41,3.14,5.65
MP,Vidisha,Lateri,Lateri,24.0575,77.40722222,Lateri,"Bore Well",W01309,2014,5.92,9.52,7.3,10.87
MP,Vidisha,Lateri,Lateri,24.06055556,77.40666667,Lateri1,"Dug Well",W01310,2014,1.95,1.67,2.29,2.65
MP,Vidisha,Lateri,Lateri,24.06194444,77.29305556,Tajpur,"Dug Well",W01311,2014,4,7.03,6.3,8.1
MP,Vidisha,Gyaraspur,Gyaraspur,23.66666667,78.11388889,Gyaraspur,"Bore Well",W00563,2014,10.52,8.55,8.98,11.2
MP,Vidisha,Gyaraspur,Gyaraspur,23.66666667,78.11444444,Gyaraspur1,"Dug Well",W00564,2014,5.98,9.9,9.08,13.66
MP,Vidisha,Basoda,Basoda,23.84861111,77.94222222,Ganjbasoda,"Bore Well",W00560,2014,6.02,10.57,8.9,20.82
MP,Vidisha,Basoda,Basoda,23.80666667,78.12361111,Ghatera,"Dug Well",W00562,2014,3,7.15,3.54,8.75
MP,Vidisha,Basoda,Basoda,23.73277778,78.17638889,Bagrodcrossing,"Dug Well",W00559,2014,5.23,11.85,10.38,9.55
MP,Vidisha,Neteran,Neteran,23.79583333,77.53055556,Mohanpura,"Dug Well",W20613,2014,1.12,6.5,6.48,7.55
MP,Vidisha,Neteran,Neteran,23.76166667,77.775,Nateran,"Dug Well",W01313,2014,3.38,4.79,4.34,5.55
MP,Vidisha,Lateri,Lateri,24.16666667,77.4425,Anandpur,"Dug Well",W00565,2014,1.09,4.75,4.1,7.85
MP,Vidisha,Sironj,Sironj,24.15527778,77.62138889,Deopur,"Dug Well",W00567,2014,1.35,5.3,5.44,2.75
MP,Vidisha,Basoda,Basoda,23.91333333,77.99972222,Bareth,"Dug Well",W28754,2014,1.9,4.2,2.59,8.15
MP,Vidisha,Lateri,Lateri,24.07,77.51722222,"Islam Nagar","Dug Well",W28834,2014,10.35,13.45,13.35,16.25
MP,Vidisha,Vidisha,Vidisha,23.56805556,77.765,Bagri,"Dug Well",W28551,2014,1.55,1.38,2.46,4.55
MP,Vidisha,Vidisha,Vidisha,23.60777778,77.57611111,Salaiya,"Dug Well",W28572,2014,7.4,6.94,6.79,9
MP,Vidisha,Vidisha,Gyaraspur,23.5675,77.95,Hirnai,"Dug Well",W28550,2014,1.05,6.06,1.46,5.5
MP,Vidisha,Vidisha,Vidisha,23.57833333,77.69805556,Bilari,"Dug Well",W00568,2014,5.3,1.77,3.52,8.3
MP,Vidisha,Vidisha,Vidisha,23.57555556,77.78055556,Imaliya1,"Dug Well",W00569,2013,1,2.43,2.445,4.775
MP,Vidisha,Vidisha,Gyaraspur,23.5675,77.95,Hirnai,"Dug Well",W28550,2013,1,6.82,2.32,7.25
MP,Vidisha,Vidisha,Vidisha,23.51666667,77.79916667,Vidisha,"Bore Well",W01319,2013,7.2,16.13,9.37,26.7
MP,Vidisha,Vidisha,Vidisha,23.52555556,77.82361111,Vidisha1,"Dug Well",W01320,2013,1.8,7.68,5.05,10.65
MP,Vidisha,Basoda,Basoda,23.86305556,77.92444444,Ganjbasoda1,"Dug Well",W00561,2013,1.25,5.65,4.58,7.25
MP,Vidisha,Basoda,Basoda,23.90083333,78.055,Udaipur,"Dug Well",W01305,2013,.96,8.39,4,9.56
MP,Vidisha,Neteran,Neteran,23.97888889,77.85083333,Malakapur,"Dug Well",W01312,2013,.05,4.96,3.61,7.55
MP,Vidisha,Neteran,Neteran,23.77166667,77.60916667,Tinsiyai,"Dug Well",W01315,2013,4.9,10.26,7.29,11.26
MP,Vidisha,Kurwai,Kurwai,24.125,78.04333333,Kurwai1,"Dug Well",W01307,2013,.9,7.86,3.42,10.74
MP,Vidisha,Kurwai,Kurwai,24.12611111,78.03888889,Kurwai,"Bore Well",W01306,2013,.53,6.89,5.99,'0
MP,Vidisha,Sironj,Sironj,24.095,77.67555556,Sironj,"Bore Well",W01317,2013,9.27,10.18,9.33,10.39
MP,Vidisha,Sironj,Sironj,24.09861111,77.68861111,Sironj1,"Dug Well",W01318,2013,2.1,8.39,4.85,9.9
MP,Vidisha,Sironj,Sironj,24.11472222,77.81916667,Patharia1,"Dug Well",W01316,2013,.54,6.77,2.265,6.7
MP,Vidisha,Lateri,Lateri,24.0575,77.40722222,Lateri,"Bore Well",W01309,2013,2.12,8.17,6.23,11.19
MP,Vidisha,Lateri,Lateri,24.06055556,77.40666667,Lateri1,"Dug Well",W01310,2013,1.05,4.91,2.05,2.65
MP,Vidisha,Lateri,Lateri,24.06194444,77.29305556,Tajpur,"Dug Well",W01311,2013,3.6,'0,'0,'0
MP,Vidisha,Lateri,Lateri,24.06805556,77.52777778,Balrampur,"Dug Well",W00566,2013,'0,13.54,'0,'0
MP,Vidisha,Gyaraspur,Gyaraspur,23.66666667,78.11388889,Gyaraspur,"Bore Well",W00563,2013,2.6,10.21,7.24,15.82
MP,Vidisha,Gyaraspur,Gyaraspur,23.66666667,78.11444444,Gyaraspur1,"Dug Well",W00564,2013,2.925,10.205,7.23,13.66
MP,Vidisha,Basoda,Basoda,23.84861111,77.94222222,Ganjbasoda,"Bore Well",W00560,2013,2.62,14.41,7.78,46.12
MP,Vidisha,Basoda,Basoda,23.80666667,78.12361111,Ghatera,"Dug Well",W00562,2013,.95,8.215,2.85,11.35
MP,Vidisha,Basoda,Basoda,23.73277778,78.17638889,Bagrodcrossing,"Dug Well",W00559,2013,4.4,14,7.99,12.5
MP,Vidisha,Neteran,Neteran,23.79583333,77.53055556,Mohanpura,"Dug Well",W20613,2013,1,10.01,6.5,5.65
MP,Vidisha,Neteran,Neteran,23.76166667,77.775,Nateran,"Dug Well",W01313,2013,1.5,7,3.45,8.1
MP,Vidisha,Lateri,Lateri,24.16666667,77.4425,Anandpur,"Dug Well",W00565,2013,.25,5.23,3.23,7.82
MP,Vidisha,Sironj,Sironj,24.15527778,77.62138889,Deopur,"Dug Well",W00567,2013,1.9,7.18,4.12,3
MP,Vidisha,Basoda,Basoda,23.91333333,77.99972222,Bareth,"Dug Well",W28754,2013,.9,8.04,2.16,10.18
MP,Vidisha,Lateri,Lateri,24.07,77.51722222,"Islam Nagar","Dug Well",W28834,2013,8.55,14.32,4.72,19.3
MP,Vidisha,Vidisha,Vidisha,23.56805556,77.765,Bagri,"Dug Well",W28551,2013,.9,'0,.66,4.7
MP,Vidisha,Vidisha,Vidisha,23.60777778,77.57611111,Salaiya,"Dug Well",W28572,2013,2.1,7.42,3.98,10
MP,Vidisha,Vidisha,Vidisha,23.57833333,77.69805556,Bilari,"Dug Well",W00568,2013,.7,2.89,.94,8.22
MP,Vidisha,Vidisha,Vidisha,23.57555556,77.78055556,Imaliya1,"Dug Well",W00569,2012,'0,3.3,3.54,5.75
MP,Vidisha,Sironj,Sironj,24.15527778,77.62138889,Deopur,"Dug Well",W00567,2012,'0,2.8,2.01,2.8
MP,Vidisha,Vidisha,Vidisha,23.51666667,77.79916667,Vidisha,"Bore Well",W01319,2012,'0,'0,10,21
MP,Vidisha,Vidisha,Vidisha,23.52555556,77.82361111,Vidisha1,"Dug Well",W01320,2012,'0,5.7,5.01,12.7
MP,Vidisha,Basoda,Basoda,23.86305556,77.92444444,Ganjbasoda1,"Dug Well",W00561,2012,'0,'0,4.43,13.05
MP,Vidisha,Basoda,Basoda,23.90083333,78.055,Udaipur,"Dug Well",W01305,2012,'0,5.96,'0,7.66
MP,Vidisha,Neteran,Neteran,23.97888889,77.85083333,Malakapur,"Dug Well",W01312,2012,'0,4.45,4.2,6.35
MP,Vidisha,Neteran,Neteran,23.77166667,77.60916667,Tinsiyai,"Dug Well",W01315,2012,'0,9.05,7.01,10.8
MP,Vidisha,Kurwai,Kurwai,24.125,78.04333333,Kurwai1,"Dug Well",W01307,2012,'0,6.1,3.35,12.47
MP,Vidisha,Kurwai,Kurwai,24.12611111,78.03888889,Kurwai,"Bore Well",W01306,2012,'0,'0,2.68,11.93
MP,Vidisha,Sironj,Sironj,24.095,77.67555556,Sironj,"Bore Well",W01317,2012,'0,'0,6.39,10.87
MP,Vidisha,Sironj,Sironj,24.09861111,77.68861111,Sironj1,"Dug Well",W01318,2012,'0,11,5.32,10.55
MP,Vidisha,Sironj,Sironj,24.11472222,77.81916667,Patharia1,"Dug Well",W01316,2012,'0,3.4,2.07,7.55
MP,Vidisha,Lateri,Lateri,24.0575,77.40722222,Lateri,"Bore Well",W01309,2012,'0,'0,5.14,11.72
MP,Vidisha,Lateri,Lateri,24.06055556,77.40666667,Lateri1,"Dug Well",W01310,2012,'0,2,2.09,3.25
MP,Vidisha,Lateri,Lateri,24.06805556,77.52777778,Balrampur,"Dug Well",W00566,2012,'0,13.5,9.58,16.17
MP,Vidisha,Gyaraspur,Gyaraspur,23.66666667,78.11388889,Gyaraspur,"Bore Well",W00563,2012,'0,'0,7.52,14.2
MP,Vidisha,Gyaraspur,Gyaraspur,23.66666667,78.11444444,Gyaraspur1,"Dug Well",W00564,2012,'0,9.6,8.4,13.66
MP,Vidisha,Basoda,Basoda,23.84861111,77.94222222,Ganjbasoda,"Bore Well",W00560,2012,'0,'0,8.66,24.62
MP,Vidisha,Basoda,Basoda,23.80666667,78.12361111,Ghatera,"Dug Well",W00562,2012,'0,5.25,4.41,6.75
MP,Vidisha,Basoda,Basoda,23.73277778,78.17638889,Bagrodcrossing,"Dug Well",W00559,2012,'0,'0,9.58,13
MP,Vidisha,Neteran,Neteran,23.79583333,77.53055556,Mohanpura,"Dug Well",W20613,2012,'0,7.28,7.41,11.1
MP,Vidisha,Neteran,Neteran,23.76166667,77.775,Nateran,"Dug Well",W01313,2012,'0,5.8,4.49,7.8
MP,Vidisha,Lateri,Lateri,24.16666667,77.4425,Anandpur,"Dug Well",W00565,2012,'0,5.45,2.57,9.3
MP,Vidisha,Vidisha,Vidisha,23.57833333,77.69805556,Bilari,"Dug Well",W00568,2012,'0,2.9,2.83,21.8
MP,Vidisha,Vidisha,Vidisha,23.57555556,77.78055556,Imaliya1,"Dug Well",W00569,2011,.9,8.4,2.22,8.4
MP,Vidisha,Sironj,Sironj,24.15527778,77.62138889,Deopur,"Dug Well",W00567,2011,1.2,2.2,1.67,3.6
MP,Vidisha,Vidisha,Vidisha,23.51666667,77.79916667,Vidisha,"Bore Well",W01319,2011,8.04,16.2,'0,19
MP,Vidisha,Vidisha,Vidisha,23.52555556,77.82361111,Vidisha1,"Dug Well",W01320,2011,1.65,5.8,3.95,12.7
MP,Vidisha,Basoda,Basoda,23.86305556,77.92444444,Ganjbasoda1,"Dug Well",W00561,2011,1.1,6.45,'0,13.05
MP,Vidisha,Basoda,Basoda,23.90083333,78.055,Udaipur,"Dug Well",W01305,2011,.86,7.06,4.02,10.96
MP,Vidisha,Neteran,Neteran,23.97888889,77.85083333,Malakapur,"Dug Well",W01312,2011,'0,6.75,4.35,6.05
MP,Vidisha,Neteran,Neteran,23.77166667,77.60916667,Tinsiyai,"Dug Well",W01315,2011,2.8,10.3,7.32,11.8
MP,Vidisha,Kurwai,Kurwai,24.125,78.04333333,Kurwai1,"Dug Well",W01307,2011,.9,8.1,3.52,13.5
MP,Vidisha,Kurwai,Kurwai,24.12611111,78.03888889,Kurwai,"Bore Well",W01306,2011,-.17,10.83,4.49,12.5
MP,Vidisha,Sironj,Sironj,24.095,77.67555556,Sironj,"Bore Well",W01317,2011,9.77,11.07,6.79,13
MP,Vidisha,Sironj,Sironj,24.09861111,77.68861111,Sironj1,"Dug Well",W01318,2011,10.3,6.9,5.12,7.6
MP,Vidisha,Sironj,Sironj,24.11472222,77.81916667,Patharia1,"Dug Well",W01316,2011,.15,3.85,2.22,7.05
MP,Vidisha,Lateri,Lateri,24.0575,77.40722222,Lateri,"Bore Well",W01309,2011,2.42,10.52,5.58,12.1
MP,Vidisha,Lateri,Lateri,24.06055556,77.40666667,Lateri1,"Dug Well",W01310,2011,.25,2.1,1.53,2.25
MP,Vidisha,Lateri,Lateri,24.06805556,77.52777778,Balrampur,"Dug Well",W00566,2011,.6,16.82,11.43,16.17
MP,Vidisha,Gyaraspur,Gyaraspur,23.66666667,78.11388889,Gyaraspur,"Bore Well",W00563,2011,7.24,'0,7.92,10
MP,Vidisha,Gyaraspur,Gyaraspur,23.66666667,78.11444444,Gyaraspur1,"Dug Well",W00564,2011,5.8,13.66,8.39,13.66
MP,Vidisha,Basoda,Basoda,23.84861111,77.94222222,Ganjbasoda,"Bore Well",W00560,2011,4.5,10.12,6.34,13
MP,Vidisha,Basoda,Basoda,23.80666667,78.12361111,Ghatera,"Dug Well",W00562,2011,.75,8.35,4.81,10.55
MP,Vidisha,Basoda,Basoda,23.73277778,78.17638889,Bagrodcrossing,"Dug Well",W00559,2011,5.47,7.3,'0,13
MP,Vidisha,Neteran,Neteran,23.79583333,77.53055556,Mohanpura,"Dug Well",W20613,2011,.55,5.7,3.68,8.1
MP,Vidisha,Neteran,Neteran,23.76166667,77.775,Nateran,"Dug Well",W01313,2011,1.8,5.6,'0,7
MP,Vidisha,Lateri,Lateri,24.16666667,77.4425,Anandpur,"Dug Well",W00565,2011,-.15,5.05,2.68,7.35
MP,Vidisha,Vidisha,Vidisha,23.57833333,77.69805556,Bilari,"Dug Well",W00568,2011,.85,7.3,2.12,16.1
MP,Vidisha,Vidisha,Vidisha,23.57555556,77.78055556,Imaliya1,"Dug Well",W00569,2010,4.05,2.1,2.11,'0
MP,Vidisha,Sironj,Sironj,24.15527778,77.62138889,Deopur,"Dug Well",W00567,2010,1,2.5,1.09,'0
MP,Vidisha,Vidisha,Vidisha,23.51666667,77.79916667,Vidisha,"Bore Well",W01319,2010,'0,12.4,'0,'0
MP,Vidisha,Vidisha,Vidisha,23.52555556,77.82361111,Vidisha1,"Dug Well",W01320,2010,3.3,3.69,4.44,11.3
MP,Vidisha,Basoda,Basoda,23.86305556,77.92444444,Ganjbasoda1,"Dug Well",W00561,2010,5.85,1.95,6.03,'0
MP,Vidisha,Basoda,Basoda,23.90083333,78.055,Udaipur,"Dug Well",W01305,2010,'0,3.86,5.79,16.32
MP,Vidisha,Neteran,Neteran,23.97888889,77.85083333,Malakapur,"Dug Well",W01312,2010,2.25,1.05,5.33,5.49
MP,Vidisha,Neteran,Neteran,23.77166667,77.60916667,Tinsiyai,"Dug Well",W01315,2010,7.2,8.7,9.4,'0
MP,Vidisha,Kurwai,Kurwai,24.125,78.04333333,Kurwai1,"Dug Well",W01307,2010,4.05,3.9,5.26,9.11
MP,Vidisha,Kurwai,Kurwai,24.12611111,78.03888889,Kurwai,"Bore Well",W01306,2010,'0,5.83,'0,'0
MP,Vidisha,Sironj,Sironj,24.095,77.67555556,Sironj,"Bore Well",W01317,2010,'0,10.07,'0,'0
MP,Vidisha,Sironj,Sironj,24.09861111,77.68861111,Sironj1,"Dug Well",W01318,2010,5.45,7.2,5.77,10.8
MP,Vidisha,Sironj,Sironj,24.11472222,77.81916667,Patharia1,"Dug Well",W01316,2010,.85,1.35,2.65,'0
MP,Vidisha,Lateri,Lateri,24.0575,77.40722222,Lateri,"Bore Well",W01309,2010,'0,11.72,'0,'0
MP,Vidisha,Lateri,Lateri,24.06055556,77.40666667,Lateri1,"Dug Well",W01310,2010,.75,1.62,1.53,4.71
MP,Vidisha,Lateri,Lateri,24.06805556,77.52777778,Balrampur,"Dug Well",W00566,2010,12.02,12.22,13,'0
MP,Vidisha,Gyaraspur,Gyaraspur,23.66666667,78.11388889,Gyaraspur,"Bore Well",W00563,2010,'0,8.4,'0,'0
MP,Vidisha,Gyaraspur,Gyaraspur,23.66666667,78.11444444,Gyaraspur1,"Dug Well",W00564,2010,10.8,9.16,9.46,11.65
MP,Vidisha,Basoda,Basoda,23.84861111,77.94222222,Ganjbasoda,"Bore Well",W00560,2010,'0,5.32,'0,'0
MP,Vidisha,Basoda,Basoda,23.80666667,78.12361111,Ghatera,"Dug Well",W00562,2010,3.95,3.45,5.95,8.4
MP,Vidisha,Basoda,Basoda,23.73277778,78.17638889,Bagrodcrossing,"Dug Well",W00559,2010,6.6,7.5,5.74,'0
MP,Vidisha,Neteran,Neteran,23.79583333,77.53055556,Mohanpura,"Dug Well",W20613,2010,.77,2.9,3.97,'0
MP,Vidisha,Neteran,Neteran,23.76166667,77.775,Nateran,"Dug Well",W01313,2010,5,3.1,3.93,'0
MP,Vidisha,Lateri,Lateri,24.16666667,77.4425,Anandpur,"Dug Well",W00565,2010,3.25,3.25,3.86,8.75
MP,Vidisha,Vidisha,Vidisha,23.57833333,77.69805556,Bilari,"Dug Well",W00568,2010,10,3.85,3.51,'0
MP,Vidisha,Vidisha,Vidisha,23.57555556,77.78055556,Imaliya1,"Dug Well",W00569,2009,'0,5.2,2.27,8.4
MP,Vidisha,Sironj,Sironj,24.15527778,77.62138889,Deopur,"Dug Well",W00567,2009,1.23,3.6,1.26,8
MP,Vidisha,Vidisha,Vidisha,23.51666667,77.79916667,Vidisha,"Bore Well",W01319,2009,'0,14.9,'0,16.49
MP,Vidisha,Vidisha,Vidisha,23.52555556,77.82361111,Vidisha1,"Dug Well",W01320,2009,4.54,6.3,3.63,11.5
MP,Vidisha,Basoda,Basoda,23.86305556,77.92444444,Ganjbasoda1,"Dug Well",W00561,2009,4.11,5.45,3.37,7.15
MP,Vidisha,Basoda,Basoda,23.90083333,78.055,Udaipur,"Dug Well",W01305,2009,7.42,5.06,2.16,15.46
MP,Vidisha,Neteran,Neteran,23.97888889,77.85083333,Malakapur,"Dug Well",W01312,2009,3.29,4.05,.69,5.65
MP,Vidisha,Neteran,Neteran,23.77166667,77.60916667,Tinsiyai,"Dug Well",W01315,2009,9.35,14.7,7.32,17.7
MP,Vidisha,Kurwai,Kurwai,24.125,78.04333333,Kurwai1,"Dug Well",W01307,2009,7.84,6.9,3.05,9.4
MP,Vidisha,Kurwai,Kurwai,24.12611111,78.03888889,Kurwai,"Bore Well",W01306,2009,'0,7.03,'0,8.84
MP,Vidisha,Sironj,Sironj,24.095,77.67555556,Sironj,"Bore Well",W01317,2009,'0,11.37,'0,10.49
MP,Vidisha,Sironj,Sironj,24.09861111,77.68861111,Sironj1,"Dug Well",W01318,2009,6.74,9.3,7.4,9.1
MP,Vidisha,Sironj,Sironj,24.11472222,77.81916667,Patharia1,"Dug Well",W01316,2009,3.71,4.15,1.9,7.66
MP,Vidisha,Lateri,Lateri,24.0575,77.40722222,Lateri,"Bore Well",W01309,2009,'0,10.72,'0,11.73
MP,Vidisha,Lateri,Lateri,24.06055556,77.40666667,Lateri1,"Dug Well",W01310,2009,2.14,2.05,1.47,3.35
MP,Vidisha,Lateri,Lateri,24.06194444,77.29305556,Tajpur,"Dug Well",W01311,2009,'0,8.17,'0,9.2
MP,Vidisha,Lateri,Lateri,24.06805556,77.52777778,Balrampur,"Dug Well",W00566,2009,6.91,7.32,12.16,16.17
MP,Vidisha,Gyaraspur,Gyaraspur,23.66666667,78.11388889,Gyaraspur,"Bore Well",W00563,2009,'0,11.6,'0,14.59
MP,Vidisha,Gyaraspur,Gyaraspur,23.66666667,78.11444444,Gyaraspur1,"Dug Well",W00564,2009,11.3,13.66,7.3,13.66
MP,Vidisha,Basoda,Basoda,23.84861111,77.94222222,Ganjbasoda,"Bore Well",W00560,2009,'0,10.12,'0,24.52
MP,Vidisha,Basoda,Basoda,23.80666667,78.12361111,Ghatera,"Dug Well",W00562,2009,5.45,6.65,3.15,10.6
MP,Vidisha,Basoda,Basoda,23.73277778,78.17638889,Bagrodcrossing,"Dug Well",W00559,2009,11.8,12.5,7.55,13
MP,Vidisha,Neteran,Neteran,23.79583333,77.53055556,Mohanpura,"Dug Well",W20613,2009,1.7,7,2.6,11.8
MP,Vidisha,Neteran,Neteran,23.76166667,77.775,Nateran,"Dug Well",W01313,2009,6.96,8,4.43,'0
MP,Vidisha,Lateri,Lateri,24.16666667,77.4425,Anandpur,"Dug Well",W00565,2009,5.95,4.35,4.21,7.85
MP,Vidisha,Vidisha,Vidisha,23.57833333,77.69805556,Bilari,"Dug Well",W00568,2009,12.4,9.1,4.06,21.8
MP,Vidisha,Vidisha,Vidisha,23.57555556,77.78055556,Imaliya1,"Dug Well",W00569,2008,1.19,7.02,1.6,8.4
MP,Vidisha,Sironj,Sironj,24.15527778,77.62138889,Deopur,"Dug Well",W00567,2008,2.05,4.07,2.9,3.2
MP,Vidisha,Vidisha,Vidisha,23.51666667,77.79916667,Vidisha,"Bore Well",W01319,2008,7.85,13.4,11.1,15.83
MP,Vidisha,Vidisha,Vidisha,23.52555556,77.82361111,Vidisha1,"Dug Well",W01320,2008,2.98,10.07,5.22,11.8
MP,Vidisha,Basoda,Basoda,23.86305556,77.92444444,Ganjbasoda1,"Dug Well",W00561,2008,2.55,7.38,4.85,13.05
MP,Vidisha,Basoda,Basoda,23.90083333,78.055,Udaipur,"Dug Well",W01305,2008,1.9,10.82,2.98,15.81
MP,Vidisha,Neteran,Neteran,23.97888889,77.85083333,Malakapur,"Dug Well",W01312,2008,.55,4.65,1.36,6.95
MP,Vidisha,Neteran,Neteran,23.77166667,77.60916667,Tinsiyai,"Dug Well",W01315,2008,5.56,11.4,7.32,11.7
MP,Vidisha,Kurwai,Kurwai,24.125,78.04333333,Kurwai1,"Dug Well",W01307,2008,1.6,7.28,3.56,10.5
MP,Vidisha,Kurwai,Kurwai,24.12611111,78.03888889,Kurwai,"Bore Well",W01306,2008,1.8,8.29,4.47,'0
MP,Vidisha,Sironj,Sironj,24.095,77.67555556,Sironj,"Bore Well",W01317,2008,10.02,10.42,10.52,10.78
MP,Vidisha,Sironj,Sironj,24.09861111,77.68861111,Sironj1,"Dug Well",W01318,2008,6.84,8.5,5.4,9.5
MP,Vidisha,Sironj,Sironj,24.11472222,77.81916667,Patharia1,"Dug Well",W01316,2008,1.09,4.87,2.68,7.45
MP,Vidisha,Lateri,Lateri,24.0575,77.40722222,Lateri,"Bore Well",W01309,2008,7.05,11.36,8.52,27.67
MP,Vidisha,Lateri,Lateri,24.06055556,77.40666667,Lateri1,"Dug Well",W01310,2008,'0,'0,1.53,'0
MP,Vidisha,Lateri,Lateri,24.06194444,77.29305556,Tajpur,"Dug Well",W01311,2008,11.2,'0,5.2,11.2
MP,Vidisha,Lateri,Lateri,24.06805556,77.52777778,Balrampur,"Dug Well",W00566,2008,10.17,15.68,13.23,16.17
MP,Vidisha,Gyaraspur,Gyaraspur,23.66666667,78.11388889,Gyaraspur,"Bore Well",W00563,2008,11.72,10.6,10.1,15.15
MP,Vidisha,Gyaraspur,Gyaraspur,23.66666667,78.11444444,Gyaraspur1,"Dug Well",W00564,2008,6.4,13.66,9.5,13.66
MP,Vidisha,Basoda,Basoda,23.84861111,77.94222222,Ganjbasoda,"Bore Well",W00560,2008,5.72,11.32,7.62,26.52
MP,Vidisha,Basoda,Basoda,23.80666667,78.12361111,Ghatera,"Dug Well",W00562,2008,2.57,10.02,3.88,12.2
MP,Vidisha,Basoda,Basoda,23.73277778,78.17638889,Bagrodcrossing,"Dug Well",W00559,2008,5.65,12,9.28,13
MP,Vidisha,Neteran,Neteran,23.79583333,77.53055556,Mohanpura,"Dug Well",W20613,2008,1.18,9.1,4.45,8.5
MP,Vidisha,Neteran,Neteran,23.76166667,77.775,Nateran,"Dug Well",W01313,2008,3.1,'0,3.63,'0
MP,Vidisha,Lateri,Lateri,24.16666667,77.4425,Anandpur,"Dug Well",W00565,2008,1.45,5.67,2.17,7.9
MP,Vidisha,Vidisha,Vidisha,23.57833333,77.69805556,Bilari,"Dug Well",W00568,2008,5.1,7.96,6.45,13.9
MP,Vidisha,Vidisha,Vidisha,23.57555556,77.78055556,Imaliya1,"Dug Well",W00569,2007,.16,1.7,4.05,4.84
MP,Vidisha,Vidisha,Vidisha,23.57833333,77.69805556,Bilari,"Dug Well",W00568,2007,.6,3.24,7.63,7
MP,Vidisha,Vidisha,Vidisha,23.51666667,77.79916667,Vidisha,"Bore Well",W01319,2007,9.45,13.36,9.41,13.04
MP,Vidisha,Vidisha,Vidisha,23.52555556,77.82361111,Vidisha1,"Dug Well",W01320,2007,4.8,8.17,5.7,11.9
MP,Vidisha,Basoda,Basoda,23.86305556,77.92444444,Ganjbasoda1,"Dug Well",W00561,2007,4.31,6.45,5.9,8.4
MP,Vidisha,Basoda,Basoda,23.90083333,78.055,Udaipur,"Dug Well",W01305,2007,7.38,10,9.11,11.16
MP,Vidisha,Neteran,Neteran,23.97888889,77.85083333,Malakapur,"Dug Well",W01312,2007,2.19,4.61,5.5,6.6
MP,Vidisha,Neteran,Neteran,23.77166667,77.60916667,Tinsiyai,"Dug Well",W01315,2007,10.3,10.5,11,11.5
MP,Vidisha,Kurwai,Kurwai,24.125,78.04333333,Kurwai1,"Dug Well",W01307,2007,3.98,7.31,6.52,9.35
MP,Vidisha,Kurwai,Kurwai,24.12611111,78.03888889,Kurwai,"Bore Well",W01306,2007,4.81,8.68,7.67,9.83
MP,Vidisha,Sironj,Sironj,24.095,77.67555556,Sironj,"Bore Well",W01317,2007,9.97,9.35,9.92,10.29
MP,Vidisha,Sironj,Sironj,24.09861111,77.68861111,Sironj1,"Dug Well",W01318,2007,6.32,6.88,8.9,9.65
MP,Vidisha,Sironj,Sironj,24.11472222,77.81916667,Patharia1,"Dug Well",W01316,2007,1.54,4.5,4.15,7.23
MP,Vidisha,Lateri,Lateri,24.0575,77.40722222,Lateri,"Bore Well",W01309,2007,8.19,8.9,10.5,11.7
MP,Vidisha,Lateri,Lateri,24.06055556,77.40666667,Lateri1,"Dug Well",W01310,2007,3.65,5.21,'0,7.35
MP,Vidisha,Lateri,Lateri,24.06194444,77.29305556,Tajpur,"Dug Well",W01311,2007,'0,6.32,'0,7.25
MP,Vidisha,Lateri,Lateri,24.06805556,77.52777778,Balrampur,"Dug Well",W00566,2007,11.42,11.8,14.22,12.57
MP,Vidisha,Gyaraspur,Gyaraspur,23.66666667,78.11388889,Gyaraspur,"Bore Well",W00563,2007,11.9,9.17,9.48,12.65
MP,Vidisha,Gyaraspur,Gyaraspur,23.66666667,78.11444444,Gyaraspur1,"Dug Well",W00564,2007,7.85,10,10.4,13.66
MP,Vidisha,Basoda,Basoda,23.84861111,77.94222222,Ganjbasoda,"Bore Well",W00560,2007,6.02,6.89,9.67,23.9
MP,Vidisha,Basoda,Basoda,23.80666667,78.12361111,Ghatera,"Dug Well",W00562,2007,4.57,5.45,7.85,10.25
MP,Vidisha,Basoda,Basoda,23.73277778,78.17638889,Bagrodcrossing,"Dug Well",W00559,2007,7.4,10.85,10.1,11.78
MP,Vidisha,Neteran,Neteran,23.79583333,77.53055556,Mohanpura,"Dug Well",W20613,2007,5.35,7,6.1,'0
MP,Vidisha,Neteran,Neteran,23.76166667,77.775,Nateran,"Dug Well",W01313,2007,6.56,'0,7.9,'0
MP,Vidisha,Lateri,Lateri,24.16666667,77.4425,Anandpur,"Dug Well",W00565,2007,2.21,5.62,4,7.43
MP,Vidisha,Sironj,Sironj,24.15527778,77.62138889,Deopur,"Dug Well",W00567,2007,.31,1.86,2.1,3.6
MP,Vidisha,Gyaraspur,Gyaraspur,23.66666667,78.11388889,Gyaraspur,"Bore Well",W00563,2006,10.92,9.2,8.97,13.93
MP,Vidisha,Kurwai,Kurwai,24.125,78.04333333,Kurwai1,"Dug Well",W01307,2006,.9,7.9,3.8,9.66
MP,Vidisha,Basoda,Basoda,23.84861111,77.94222222,Ganjbasoda,"Bore Well",W00560,2006,2.17,8.82,6.32,14.05
MP,Vidisha,Basoda,Basoda,23.80666667,78.12361111,Ghatera,"Dug Well",W00562,2006,1.53,8.75,3.35,10.65
MP,Vidisha,Basoda,Basoda,23.73277778,78.17638889,Bagrodcrossing,"Dug Well",W00559,2006,2.9,12.3,9.1,13
MP,Vidisha,Neteran,Neteran,23.79583333,77.53055556,Mohanpura,"Dug Well",W20613,2006,.7,6,5.9,6.36
MP,Vidisha,Neteran,Neteran,23.76166667,77.775,Nateran,"Dug Well",W01313,2006,3.65,8.88,7.4,8.47
MP,Vidisha,Lateri,Lateri,24.16666667,77.4425,Anandpur,"Dug Well",W00565,2006,1,4.7,3.55,7.08
MP,Vidisha,Sironj,Sironj,24.15527778,77.62138889,Deopur,"Dug Well",W00567,2006,1.2,1.65,2.7,3
MP,Vidisha,Kurwai,Kurwai,24.12611111,78.03888889,Kurwai,"Bore Well",W01306,2006,.48,8.83,4.88,10.43
MP,Vidisha,Sironj,Sironj,24.095,77.67555556,Sironj,"Bore Well",W01317,2006,9.12,9.32,9.5,10.07
MP,Vidisha,Sironj,Sironj,24.09861111,77.68861111,Sironj1,"Dug Well",W01318,2006,5.28,6.4,6.4,9.43
MP,Vidisha,Sironj,Sironj,24.11472222,77.81916667,Patharia1,"Dug Well",W01316,2006,.5,6.05,3.05,7.35
MP,Vidisha,Lateri,Lateri,24.0575,77.40722222,Lateri,"Bore Well",W01309,2006,2.97,9.82,6.94,11.99
MP,Vidisha,Lateri,Lateri,24.06055556,77.40666667,Lateri1,"Dug Well",W01310,2006,.85,'0,2.85,6.35
MP,Vidisha,Lateri,Lateri,24.06194444,77.29305556,Tajpur,"Dug Well",W01311,2006,6.8,8.55,7.2,10.54
MP,Vidisha,Lateri,Lateri,24.06805556,77.52777778,Balrampur,"Dug Well",W00566,2006,6.9,10.72,9.65,12.57
MP,Vidisha,Vidisha,Vidisha,23.57555556,77.78055556,Imaliya1,"Dug Well",W00569,2006,1.04,3.6,1.81,4.8
MP,Vidisha,Vidisha,Vidisha,23.57833333,77.69805556,Bilari,"Dug Well",W00568,2006,1.25,7.9,2.55,11.25
MP,Vidisha,Vidisha,Vidisha,23.51666667,77.79916667,Vidisha,"Bore Well",W01319,2006,7.47,12.7,9.8,13.44
MP,Vidisha,Vidisha,Vidisha,23.52555556,77.82361111,Vidisha1,"Dug Well",W01320,2006,1.55,7.24,5.55,9.73
MP,Vidisha,Basoda,Basoda,23.86305556,77.92444444,Ganjbasoda1,"Dug Well",W00561,2006,.8,'0,6.5,11.1
MP,Vidisha,Basoda,Basoda,23.90083333,78.055,Udaipur,"Dug Well",W01305,2006,.96,15.16,4.11,14.16
MP,Vidisha,Neteran,Neteran,23.97888889,77.85083333,Malakapur,"Dug Well",W01312,2006,.07,5.79,2.1,7.1
MP,Vidisha,Neteran,Neteran,23.77166667,77.60916667,Tinsiyai,"Dug Well",W01315,2006,3.4,11.53,7.8,11.7
MP,Vidisha,Gyaraspur,Gyaraspur,23.66666667,78.11444444,Gyaraspur1,"Dug Well",W00564,2006,4.53,12.1,8.1,13.66
MP,Vidisha,Gyaraspur,Gyaraspur,23.66666667,78.11388889,Gyaraspur,"Bore Well",W00563,2005,9.84,9.22,8.5,13.63
MP,Vidisha,Kurwai,Kurwai,24.125,78.04333333,Kurwai1,"Dug Well",W01307,2005,2.14,7.45,4.55,9.9
MP,Vidisha,Basoda,Basoda,23.84861111,77.94222222,Ganjbasoda,"Bore Well",W00560,2005,4.1,9.12,6.1,14.55
MP,Vidisha,Basoda,Basoda,23.80666667,78.12361111,Ghatera,"Dug Well",W00562,2005,2.39,6.18,2.85,11.05
MP,Vidisha,Basoda,Basoda,23.73277778,78.17638889,Bagrodcrossing,"Dug Well",W00559,2005,5.77,10.46,6.7,11.8
MP,Vidisha,Neteran,Neteran,23.79583333,77.53055556,Mohanpura,"Dug Well",W20613,2005,'0,'0,4.8,'0
MP,Vidisha,Neteran,Neteran,23.76166667,77.775,Nateran,"Dug Well",W01313,2005,5.25,10.3,4.58,10.3
MP,Vidisha,Lateri,Lateri,24.16666667,77.4425,Anandpur,"Dug Well",W00565,2005,1.68,4.42,3.45,6.85
MP,Vidisha,Sironj,Sironj,24.15527778,77.62138889,Deopur,"Dug Well",W00567,2005,2.67,2.4,5.53,3.7
MP,Vidisha,Kurwai,Kurwai,24.12611111,78.03888889,Kurwai,"Bore Well",W01306,2005,2.16,8.6,3.83,10.45
MP,Vidisha,Kurwai,Kurwai,24.10277778,77.96722222,Mehluwachoraha,"Dug Well",W01308,2005,14.8,14.8,14.8,14.8
MP,Vidisha,Sironj,Sironj,24.095,77.67555556,Sironj,"Bore Well",W01317,2005,9.31,9.01,9.79,10.27
MP,Vidisha,Sironj,Sironj,24.09861111,77.68861111,Sironj1,"Dug Well",W01318,2005,4.55,5.99,6.55,8.8
MP,Vidisha,Sironj,Sironj,24.11472222,77.81916667,Patharia1,"Dug Well",W01316,2005,1.65,4.08,1.85,7.35
MP,Vidisha,Lateri,Lateri,24.0575,77.40722222,Lateri,"Bore Well",W01309,2005,6.53,8.96,6.72,12.41
MP,Vidisha,Lateri,Lateri,24.06055556,77.40666667,Lateri1,"Dug Well",W01310,2005,2.6,4.53,3.45,7.25
MP,Vidisha,Lateri,Lateri,24.06194444,77.29305556,Tajpur,"Dug Well",W01311,2005,5,8.12,7,6.9
MP,Vidisha,Lateri,Lateri,24.06805556,77.52777778,Balrampur,"Dug Well",W00566,2005,9.93,12.57,9.46,12.57
MP,Vidisha,Vidisha,Vidisha,23.57555556,77.78055556,Imaliya1,"Dug Well",W00569,2005,1.92,1.86,1.82,5.4
MP,Vidisha,Vidisha,Vidisha,23.57833333,77.69805556,Bilari,"Dug Well",W00568,2005,4.1,5.4,4.95,11.75
MP,Vidisha,Vidisha,Vidisha,23.51666667,77.79916667,Vidisha,"Bore Well",W01319,2005,8.62,10.28,9.1,13.7
MP,Vidisha,Vidisha,Vidisha,23.52555556,77.82361111,Vidisha1,"Dug Well",W01320,2005,3.14,7.64,5.23,13.7
MP,Vidisha,Basoda,Basoda,23.86305556,77.92444444,Ganjbasoda1,"Dug Well",W00561,2005,1.93,6.52,4.94,7.85
MP,Vidisha,Basoda,Basoda,23.90083333,78.055,Udaipur,"Dug Well",W01305,2005,1.86,7.66,2.21,14.43
MP,Vidisha,Neteran,Neteran,23.97888889,77.85083333,Malakapur,"Dug Well",W01312,2005,.08,3.72,2.02,6.1
MP,Vidisha,Neteran,Neteran,23.77166667,77.60916667,Tinsiyai,"Dug Well",W01315,2005,'0,6.25,5.2,11.6
MP,Vidisha,Gyaraspur,Gyaraspur,23.66666667,78.11444444,Gyaraspur1,"Dug Well",W00564,2005,6.55,11.2,6.8,13.66
MP,Vidisha,Gyaraspur,Gyaraspur,23.66666667,78.11388889,Gyaraspur,"Bore Well",W00563,2004,12.32,'0,8.55,10.93
MP,Vidisha,Kurwai,Kurwai,24.125,78.04333333,Kurwai1,"Dug Well",W01307,2004,3.08,7.04,2.15,9.29
MP,Vidisha,Basoda,Basoda,23.84861111,77.94222222,Ganjbasoda,"Bore Well",W00560,2004,4.48,10.25,6.29,13.4
MP,Vidisha,Basoda,Basoda,23.80666667,78.12361111,Ghatera,"Dug Well",W00562,2004,1.97,4.14,3.85,10.15
MP,Vidisha,Basoda,Basoda,23.73277778,78.17638889,Bagrodcrossing,"Dug Well",W00559,2004,3.08,9.27,8.07,11.33
MP,Vidisha,Neteran,Neteran,23.81416667,77.495,Shamsabad,"Dug Well",W01314,2004,'0,8.26,'0,11.98
MP,Vidisha,Neteran,Neteran,23.76166667,77.775,Nateran,"Dug Well",W01313,2004,.2,5.05,7.3,9.21
MP,Vidisha,Lateri,Lateri,24.16666667,77.4425,Anandpur,"Dug Well",W00565,2004,2.63,4.9,2.85,9.3
MP,Vidisha,Sironj,Sironj,24.15527778,77.62138889,Deopur,"Dug Well",W00567,2004,1.85,2.85,2.41,7.6
MP,Vidisha,Kurwai,Kurwai,24.12611111,78.03888889,Kurwai,"Bore Well",W01306,2004,1.05,7.43,'0,10.15
MP,Vidisha,Kurwai,Kurwai,24.10277778,77.96722222,Mehluwachoraha,"Dug Well",W01308,2004,'0,14.8,14.8,14.8
MP,Vidisha,Sironj,Sironj,24.095,77.67555556,Sironj,"Bore Well",W01317,2004,9.89,10.54,9.6,11.29
MP,Vidisha,Sironj,Sironj,24.09861111,77.68861111,Sironj1,"Dug Well",W01318,2004,6,4.16,9.5,11
MP,Vidisha,Sironj,Sironj,24.11472222,77.81916667,Patharia1,"Dug Well",W01316,2004,.33,4.1,2,7.53
MP,Vidisha,Lateri,Lateri,24.0575,77.40722222,Lateri,"Bore Well",W01309,2004,6.15,3.28,6.62,11.42
MP,Vidisha,Lateri,Lateri,24.06055556,77.40666667,Lateri1,"Dug Well",W01310,2004,1.25,5.55,2.7,6.95
MP,Vidisha,Lateri,Lateri,24.06194444,77.29305556,Tajpur,"Dug Well",W01311,2004,.7,9.8,5.4,7
MP,Vidisha,Lateri,Lateri,24.06805556,77.52777778,Balrampur,"Dug Well",W00566,2004,9.49,12.57,9.25,12.57
MP,Vidisha,Vidisha,Vidisha,23.57555556,77.78055556,Imaliya1,"Dug Well",W00569,2004,.87,2.54,2.83,5.37
MP,Vidisha,Vidisha,Vidisha,23.57833333,77.69805556,Bilari,"Dug Well",W00568,2004,.1,3.84,4.14,21.8
MP,Vidisha,Vidisha,Vidisha,23.51666667,77.79916667,Vidisha,"Bore Well",W01319,2004,7.71,10.17,8.83,12.73
MP,Vidisha,Vidisha,Vidisha,23.52555556,77.82361111,Vidisha1,"Dug Well",W01320,2004,1.78,5.61,5.7,12.2
MP,Vidisha,Basoda,Basoda,23.86305556,77.92444444,Ganjbasoda1,"Dug Well",W00561,2004,5.79,4.8,5.2,8
MP,Vidisha,Basoda,Basoda,23.90083333,78.055,Udaipur,"Dug Well",W01305,2004,2.75,6.12,7.21,15.58
MP,Vidisha,Neteran,Neteran,23.97888889,77.85083333,Malakapur,"Dug Well",W01312,2004,.25,2.6,.81,7.75
MP,Vidisha,Neteran,Neteran,23.77166667,77.60916667,Tinsiyai,"Dug Well",W01315,2004,5.28,6.73,6.3,11.19
MP,Vidisha,Gyaraspur,Gyaraspur,23.66666667,78.11444444,Gyaraspur1,"Dug Well",W00564,2004,5.54,7.22,9,13.66
MP,Vidisha,Gyaraspur,Gyaraspur,23.66666667,78.11388889,Gyaraspur,"Bore Well",W00563,2003,5.12,11.39,9,14.5
MP,Vidisha,Kurwai,Kurwai,24.125,78.04333333,Kurwai1,"Dug Well",W01307,2003,'0,6.8,6.2,10.42
MP,Vidisha,Basoda,Basoda,23.84861111,77.94222222,Ganjbasoda,"Bore Well",W00560,2003,5.52,9.9,5.32,30.52
MP,Vidisha,Basoda,Basoda,23.80666667,78.12361111,Ghatera,"Dug Well",W00562,2003,1.61,7.55,2.95,11.35
MP,Vidisha,Basoda,Basoda,23.73277778,78.17638889,Bagrodcrossing,"Dug Well",W00559,2003,3.02,10.22,7.1,12.2
MP,Vidisha,Neteran,Neteran,23.81416667,77.495,Shamsabad,"Dug Well",W01314,2003,5.14,11.3,15.52,12.77
MP,Vidisha,Neteran,Neteran,23.76166667,77.775,Nateran,"Dug Well",W01313,2003,3.18,'0,2.1,'0
MP,Vidisha,Lateri,Lateri,24.16666667,77.4425,Anandpur,"Dug Well",W00565,2003,'0,6.05,5.65,8.75
MP,Vidisha,Sironj,Sironj,24.15527778,77.62138889,Deopur,"Dug Well",W00567,2003,4.79,2.75,2.8,3.96
MP,Vidisha,Kurwai,Kurwai,24.12611111,78.03888889,Kurwai,"Bore Well",W01306,2003,'0,'0,3.63,12.19
MP,Vidisha,Kurwai,Kurwai,24.10277778,77.96722222,Mehluwachoraha,"Dug Well",W01308,2003,14.8,'0,14.8,'0
MP,Vidisha,Sironj,Sironj,24.095,77.67555556,Sironj,"Bore Well",W01317,2003,9.93,10.03,10.57,11.22
MP,Vidisha,Sironj,Sironj,24.09861111,77.68861111,Sironj1,"Dug Well",W01318,2003,9.12,8,7.2,8.85
MP,Vidisha,Sironj,Sironj,24.11472222,77.81916667,Patharia1,"Dug Well",W01316,2003,'0,4.65,2.55,7.61
MP,Vidisha,Lateri,Lateri,24.0575,77.40722222,Lateri,"Bore Well",W01309,2003,7.68,11.12,8.22,12.78
MP,Vidisha,Lateri,Lateri,24.06055556,77.40666667,Lateri1,"Dug Well",W01310,2003,3.61,6.55,2.75,12.71
MP,Vidisha,Lateri,Lateri,24.06194444,77.29305556,Tajpur,"Dug Well",W01311,2003,9.8,10.8,9.8,'0
MP,Vidisha,Lateri,Lateri,24.06805556,77.52777778,Balrampur,"Dug Well",W00566,2003,'0,'0,12.57,'0
MP,Vidisha,Vidisha,Vidisha,23.57555556,77.78055556,Imaliya1,"Dug Well",W00569,2003,.96,3.6,2.5,7.17
MP,Vidisha,Vidisha,Vidisha,23.57833333,77.69805556,Bilari,"Dug Well",W00568,2003,2.52,8.04,2,16.7
MP,Vidisha,Vidisha,Vidisha,23.51666667,77.79916667,Vidisha,"Bore Well",W01319,2003,8.58,14.17,8.3,13.9
MP,Vidisha,Vidisha,Vidisha,23.52555556,77.82361111,Vidisha1,"Dug Well",W01320,2003,1.82,8.88,4.2,11.2
MP,Vidisha,Basoda,Basoda,23.86305556,77.92444444,Ganjbasoda1,"Dug Well",W00561,2003,1,5.55,4.25,7.35
MP,Vidisha,Basoda,Basoda,23.90083333,78.055,Udaipur,"Dug Well",W01305,2003,1.38,8.45,2.96,13.76
MP,Vidisha,Neteran,Neteran,23.97888889,77.85083333,Malakapur,"Dug Well",W01312,2003,'0,6.15,.65,6.85
MP,Vidisha,Neteran,Neteran,23.77166667,77.60916667,Tinsiyai,"Dug Well",W01315,2003,4.15,11.4,6.4,11.56
MP,Vidisha,Gyaraspur,Gyaraspur,23.66666667,78.11444444,Gyaraspur1,"Dug Well",W00564,2003,5.22,12.24,7.7,14.6
MP,Vidisha,Gyaraspur,Gyaraspur,23.66666667,78.11444444,Gyaraspur1,"Dug Well",W00564,2002,7,11.5,10.3,15.22
MP,Vidisha,Kurwai,Kurwai,24.125,78.04333333,Kurwai1,"Dug Well",W01307,2002,4.8,6.71,4.2,'0
MP,Vidisha,Basoda,Basoda,23.80666667,78.12361111,Ghatera,"Dug Well",W00562,2002,1.95,8.8,4.25,11.85
MP,Vidisha,Basoda,Basoda,23.73277778,78.17638889,Bagrodcrossing,"Dug Well",W00559,2002,7.1,10.37,9.3,11.51
MP,Vidisha,Neteran,Neteran,23.81416667,77.495,Shamsabad,"Dug Well",W01314,2002,4.02,13.02,'0,11.59
MP,Vidisha,Neteran,Neteran,23.76166667,77.775,Nateran,"Dug Well",W01313,2002,'0,'0,6.17,'0
MP,Vidisha,Lateri,Lateri,24.16666667,77.4425,Anandpur,"Dug Well",W00565,2002,4.23,5.65,4.25,7.93
MP,Vidisha,Sironj,Sironj,24.15527778,77.62138889,Deopur,"Dug Well",W00567,2002,'0,3,3.27,'0
MP,Vidisha,Kurwai,Kurwai,24.12611111,78.03888889,Kurwai,"Bore Well",W01306,2002,1.89,7.43,'0,'0
MP,Vidisha,Kurwai,Kurwai,24.10277778,77.96722222,Mehluwachoraha,"Dug Well",W01308,2002,7.5,'0,7.65,'0
MP,Vidisha,Sironj,Sironj,24.095,77.67555556,Sironj,"Bore Well",W01317,2002,11.95,10.94,11.27,12.11
MP,Vidisha,Sironj,Sironj,24.09861111,77.68861111,Sironj1,"Dug Well",W01318,2002,9.4,6.2,8.82,11.9
MP,Vidisha,Sironj,Sironj,24.11472222,77.81916667,Patharia1,"Dug Well",W01316,2002,1.5,4.85,2.35,7.55
MP,Vidisha,Lateri,Lateri,24.0575,77.40722222,Lateri,"Bore Well",W01309,2002,10.19,11.04,11.02,11.81
MP,Vidisha,Lateri,Lateri,24.06055556,77.40666667,Lateri1,"Dug Well",W01310,2002,5.15,6.58,5.65,7.25
MP,Vidisha,Lateri,Lateri,24.06194444,77.29305556,Tajpur,"Dug Well",W01311,2002,'0,9.37,8.8,9.08
MP,Vidisha,Lateri,Lateri,24.06805556,77.52777778,Balrampur,"Dug Well",W00566,2002,11.8,11.78,'0,'0
MP,Vidisha,Gyaraspur,Gyaraspur,23.66666667,78.11388889,Gyaraspur,"Bore Well",W00563,2002,'0,11.41,'0,15.12
MP,Vidisha,Vidisha,Vidisha,23.57555556,77.78055556,Imaliya1,"Dug Well",W00569,2002,1.14,2.2,3.07,6.3
MP,Vidisha,Vidisha,Vidisha,23.57833333,77.69805556,Bilari,"Dug Well",W00568,2002,'0,6.04,7.88,13.99
MP,Vidisha,Vidisha,Vidisha,23.51666667,77.79916667,Vidisha,"Bore Well",W01319,2002,10.22,13.03,13.78,13.74
MP,Vidisha,Vidisha,Vidisha,23.52555556,77.82361111,Vidisha1,"Dug Well",W01320,2002,7.66,8.25,6.17,15.66
MP,Vidisha,Basoda,Basoda,23.86305556,77.92444444,Ganjbasoda1,"Dug Well",W00561,2002,2.7,6.42,5.1,8.01
MP,Vidisha,Basoda,Basoda,23.90083333,78.055,Udaipur,"Dug Well",W01305,2002,4.64,8.91,5.55,9.78
MP,Vidisha,Neteran,Neteran,23.97888889,77.85083333,Malakapur,"Dug Well",W01312,2002,'0,7.09,1.59,9.47
MP,Vidisha,Neteran,Neteran,23.77166667,77.60916667,Tinsiyai,"Dug Well",W01315,2002,5,11.35,8.63,9.8
MP,Vidisha,Basoda,Basoda,23.84861111,77.94222222,Ganjbasoda,"Bore Well",W00560,2002,6.42,10.18,8.18,22.37
MP,Vidisha,Gyaraspur,Gyaraspur,23.66666667,78.11444444,Gyaraspur1,"Dug Well",W00564,2001,9.2,11.38,9.91,'0
MP,Vidisha,Basoda,Basoda,23.84861111,77.94222222,Ganjbasoda,"Bore Well",W00560,2001,3.95,'0,8.17,16.73
MP,Vidisha,Basoda,Basoda,23.80666667,78.12361111,Ghatera,"Dug Well",W00562,2001,2.99,6.99,5.28,10.7
MP,Vidisha,Basoda,Basoda,23.73277778,78.17638889,Bagrodcrossing,"Dug Well",W00559,2001,4.75,10.35,8.71,11.42
MP,Vidisha,Neteran,Neteran,23.81416667,77.495,Shamsabad,"Dug Well",W01314,2001,4.32,10.12,9,10.66
MP,Vidisha,Neteran,Neteran,23.76166667,77.775,Nateran,"Dug Well",W01313,2001,9.65,'0,7.41,'0
MP,Vidisha,Lateri,Lateri,24.16666667,77.4425,Anandpur,"Dug Well",W00565,2001,1.25,6.02,4.24,7.65
MP,Vidisha,Sironj,Sironj,24.15527778,77.62138889,Deopur,"Dug Well",W00567,2001,1.91,3.05,3.29,3.85
MP,Vidisha,Kurwai,Kurwai,24.12611111,78.03888889,Kurwai,"Bore Well",W01306,2001,1,7.73,4,9.7
MP,Vidisha,Kurwai,Kurwai,24.10277778,77.96722222,Mehluwachoraha,"Dug Well",W01308,2001,6.15,'0,9,'0
MP,Vidisha,Sironj,Sironj,24.095,77.67555556,Sironj,"Bore Well",W01317,2001,11.67,'0,11.53,11.18
MP,Vidisha,Sironj,Sironj,24.09861111,77.68861111,Sironj1,"Dug Well",W01318,2001,7.07,5.3,8.97,5.61
MP,Vidisha,Sironj,Sironj,24.11472222,77.81916667,Patharia1,"Dug Well",W01316,2001,1.22,4.99,3.31,6.62
MP,Vidisha,Lateri,Lateri,24.0575,77.40722222,Lateri,"Bore Well",W01309,2001,6.77,'0,9.92,11.72
MP,Vidisha,Lateri,Lateri,24.06055556,77.40666667,Lateri1,"Dug Well",W01310,2001,2.22,7.05,4.85,6.51
MP,Vidisha,Lateri,Lateri,24.06194444,77.29305556,Tajpur,"Dug Well",W01311,2001,6.81,8.16,8.87,8.6
MP,Vidisha,Lateri,Lateri,24.06805556,77.52777778,Balrampur,"Dug Well",W00566,2001,7.89,11.07,9.15,'0
MP,Vidisha,Gyaraspur,Gyaraspur,23.66666667,78.11388889,Gyaraspur,"Bore Well",W00563,2001,8.1,'0,8.51,14.75
MP,Vidisha,Vidisha,Vidisha,23.57555556,77.78055556,Imaliya1,"Dug Well",W00569,2001,1.63,2.4,3.38,6.43
MP,Vidisha,Vidisha,Vidisha,23.57833333,77.69805556,Bilari,"Dug Well",W00568,2001,1.78,8.1,4.68,14.58
MP,Vidisha,Vidisha,Vidisha,23.51666667,77.79916667,Vidisha,"Bore Well",W01319,2001,9.86,16.2,10.98,15.32
MP,Vidisha,Vidisha,Vidisha,23.52555556,77.82361111,Vidisha1,"Dug Well",W01320,2001,2.42,8.25,6.83,12.4
MP,Vidisha,Basoda,Basoda,23.86305556,77.92444444,Ganjbasoda1,"Dug Well",W00561,2001,1.6,12.3,7.26,7.2
MP,Vidisha,Basoda,Basoda,23.90083333,78.055,Udaipur,"Dug Well",W01305,2001,.91,8.06,5.55,10.33
MP,Vidisha,Neteran,Neteran,23.97888889,77.85083333,Malakapur,"Dug Well",W01312,2001,.07,4.29,1.51,5.78
MP,Vidisha,Neteran,Neteran,23.77166667,77.60916667,Tinsiyai,"Dug Well",W01315,2001,.17,12.05,9.74,11.33
MP,Vidisha,Kurwai,Kurwai,24.125,78.04333333,Kurwai1,"Dug Well",W01307,2001,1.73,7.55,3.18,9.02
MP,Vidisha,Gyaraspur,Gyaraspur,23.66666667,78.11444444,Gyaraspur1,"Dug Well",W00564,2000,4.7,9.62,8.97,'0
MP,Vidisha,Kurwai,Kurwai,24.12611111,78.03888889,Kurwai,"Bore Well",W01306,2000,'0,5.52,4.58,7.63
MP,Vidisha,Basoda,Basoda,23.80666667,78.12361111,Ghatera,"Dug Well",W00562,2000,2.56,3.84,3.93,10.23
MP,Vidisha,Basoda,Basoda,23.73277778,78.17638889,Bagrodcrossing,"Dug Well",W00559,2000,5.75,9.25,8.89,11.38
MP,Vidisha,Neteran,Neteran,23.81416667,77.495,Shamsabad,"Dug Well",W01314,2000,12.21,'0,'0,'0
MP,Vidisha,Neteran,Neteran,23.76166667,77.775,Nateran,"Dug Well",W01313,2000,8.6,6.4,10.3,'0
MP,Vidisha,Lateri,Lateri,24.16666667,77.4425,Anandpur,"Dug Well",W00565,2000,.57,4.44,3.95,6.18
MP,Vidisha,Sironj,Sironj,24.15527778,77.62138889,Deopur,"Dug Well",W00567,2000,1.72,2.59,3.14,3.89
MP,Vidisha,Kurwai,Kurwai,24.10277778,77.96722222,Mehluwachoraha,"Dug Well",W01308,2000,5.37,'0,9.29,'0
MP,Vidisha,Sironj,Sironj,24.095,77.67555556,Sironj,"Bore Well",W01317,2000,'0,12.77,'0,'0
MP,Vidisha,Sironj,Sironj,24.09861111,77.68861111,Sironj1,"Dug Well",W01318,2000,3.18,4.9,5.35,8.51
MP,Vidisha,Sironj,Sironj,24.11472222,77.81916667,Patharia1,"Dug Well",W01316,2000,1.03,3.31,3.5,6.07
MP,Vidisha,Lateri,Lateri,24.0575,77.40722222,Lateri,"Bore Well",W01309,2000,'0,8.98,'0,'0
MP,Vidisha,Lateri,Lateri,24.06055556,77.40666667,Lateri1,"Dug Well",W01310,2000,1.85,4.79,4.95,7.72
MP,Vidisha,Lateri,Lateri,24.06194444,77.29305556,Tajpur,"Dug Well",W01311,2000,3.8,8.79,5.97,7.28
MP,Vidisha,Lateri,Lateri,24.06805556,77.52777778,Balrampur,"Dug Well",W00566,2000,8.22,9.5,8.98,9.89
MP,Vidisha,Gyaraspur,Gyaraspur,23.66666667,78.11388889,Gyaraspur,"Bore Well",W00563,2000,'0,7.56,'0,'0
MP,Vidisha,Vidisha,Vidisha,23.57555556,77.78055556,Imaliya1,"Dug Well",W00569,2000,1.67,2.18,2.52,5.09
MP,Vidisha,Vidisha,Vidisha,23.57833333,77.69805556,Bilari,"Dug Well",W00568,2000,2.43,4.1,7.06,13.26
MP,Vidisha,Vidisha,Vidisha,23.51666667,77.79916667,Vidisha,"Bore Well",W01319,2000,8.92,10.74,10.45,11.62
MP,Vidisha,Vidisha,Vidisha,23.52555556,77.82361111,Vidisha1,"Dug Well",W01320,2000,2.81,9.45,6.74,12.04
MP,Vidisha,Basoda,Basoda,23.86305556,77.92444444,Ganjbasoda1,"Dug Well",W00561,2000,2.39,5.57,10.85,6.57
MP,Vidisha,Basoda,Basoda,23.90083333,78.055,Udaipur,"Dug Well",W01305,2000,1.78,6.43,5.41,8.43
MP,Vidisha,Neteran,Neteran,23.97888889,77.85083333,Malakapur,"Dug Well",W01312,2000,.65,2.67,5.44,5.22
MP,Vidisha,Neteran,Neteran,23.77166667,77.60916667,Tinsiyai,"Dug Well",W01315,2000,9.22,7.9,9.96,9.42
MP,Vidisha,Kurwai,Kurwai,24.125,78.04333333,Kurwai1,"Dug Well",W01307,2000,1.3,5.2,4.26,7.55
MP,Vidisha,Basoda,Basoda,23.84861111,77.94222222,Ganjbasoda,"Bore Well",W00560,2000,'0,10.46,'0,'0
MP,Vidisha,Gyaraspur,Gyaraspur,23.66666667,78.11388889,Gyaraspur,"Bore Well",W00563,1999,8.95,9.21,6.84,12
MP,Vidisha,Lateri,Lateri,24.06805556,77.52777778,Balrampur,"Dug Well",W00566,1999,2.82,9.6,8.06,10.15
MP,Vidisha,Basoda,Basoda,23.84861111,77.94222222,Ganjbasoda,"Bore Well",W00560,1999,'0,11.55,8.05,13.82
MP,Vidisha,Basoda,Basoda,23.80666667,78.12361111,Ghatera,"Dug Well",W00562,1999,'0,6.97,3.03,10.75
MP,Vidisha,Basoda,Basoda,23.73277778,78.17638889,Bagrodcrossing,"Dug Well",W00559,1999,2.43,9.86,7.24,11.2
MP,Vidisha,Neteran,Neteran,23.81416667,77.495,Shamsabad,"Dug Well",W01314,1999,'0,8.02,7.95,'0
MP,Vidisha,Neteran,Neteran,23.76166667,77.775,Nateran,"Dug Well",W01313,1999,1.37,9.49,6.41,'0
MP,Vidisha,Lateri,Lateri,24.16666667,77.4425,Anandpur,"Dug Well",W00565,1999,3.4,4.48,2.82,6.32
MP,Vidisha,Sironj,Sironj,24.15527778,77.62138889,Deopur,"Dug Well",W00567,1999,.9,2.56,2.68,3.78
MP,Vidisha,Vidisha,Vidisha,23.57555556,77.78055556,Imaliya1,"Dug Well",W00569,1999,.93,2.35,2.25,5.14
MP,Vidisha,Vidisha,Vidisha,23.57833333,77.69805556,Bilari,"Dug Well",W00568,1999,.08,5.83,1.8,14.27
MP,Vidisha,Vidisha,Vidisha,23.51666667,77.79916667,Vidisha,"Bore Well",W01319,1999,7.48,11,7.22,12.25
MP,Vidisha,Vidisha,Vidisha,23.52555556,77.82361111,Vidisha1,"Dug Well",W01320,1999,1.05,8.27,3.31,11.9
MP,Vidisha,Basoda,Basoda,23.86305556,77.92444444,Ganjbasoda1,"Dug Well",W00561,1999,'0,10.5,5.92,7.23
MP,Vidisha,Basoda,Basoda,23.90083333,78.055,Udaipur,"Dug Well",W01305,1999,'0,7.79,2.44,8.46
MP,Vidisha,Neteran,Neteran,23.97888889,77.85083333,Malakapur,"Dug Well",W01312,1999,.34,3.28,.87,5.66
MP,Vidisha,Neteran,Neteran,23.77166667,77.60916667,Tinsiyai,"Dug Well",W01315,1999,3.15,9.5,2.7,9.5
MP,Vidisha,Kurwai,Kurwai,24.125,78.04333333,Kurwai1,"Dug Well",W01307,1999,1.49,5.92,3.02,8.26
MP,Vidisha,Kurwai,Kurwai,24.12611111,78.03888889,Kurwai,"Bore Well",W01306,1999,1.54,5.87,3.29,9.98
MP,Vidisha,Kurwai,Kurwai,24.10277778,77.96722222,Mehluwachoraha,"Dug Well",W01308,1999,4,'0,4.93,'0
MP,Vidisha,Sironj,Sironj,24.095,77.67555556,Sironj,"Bore Well",W01317,1999,18.43,25.26,14.07,22.14
MP,Vidisha,Sironj,Sironj,24.09861111,77.68861111,Sironj1,"Dug Well",W01318,1999,4.12,7.4,4.37,8.43
MP,Vidisha,Sironj,Sironj,24.11472222,77.81916667,Patharia1,"Dug Well",W01316,1999,.31,4.08,3.75,6.48
MP,Vidisha,Lateri,Lateri,24.0575,77.40722222,Lateri,"Bore Well",W01309,1999,4.2,10.31,5.2,11.92
MP,Vidisha,Lateri,Lateri,24.06055556,77.40666667,Lateri1,"Dug Well",W01310,1999,.98,6.12,2.43,7.9
MP,Vidisha,Lateri,Lateri,24.06194444,77.29305556,Tajpur,"Dug Well",W01311,1999,4,5.5,'0,8.17
MP,Vidisha,Gyaraspur,Gyaraspur,23.66666667,78.11444444,Gyaraspur1,"Dug Well",W00564,1999,2.57,10.54,6.68,'0
MP,Vidisha,Gyaraspur,Gyaraspur,23.66666667,78.11388889,Gyaraspur,"Bore Well",W00563,1998,11.36,'0,8.54,'0
MP,Vidisha,Gyaraspur,Gyaraspur,23.66666667,78.11444444,Gyaraspur1,"Dug Well",W00564,1998,6.42,6.84,8.09,10.95
MP,Vidisha,Basoda,Basoda,23.84861111,77.94222222,Ganjbasoda,"Bore Well",W00560,1998,9.35,'0,12.1,'0
MP,Vidisha,Basoda,Basoda,23.80666667,78.12361111,Ghatera,"Dug Well",W00562,1998,2.9,3.85,12.23,4.35
MP,Vidisha,Basoda,Basoda,23.73277778,78.17638889,Bagrodcrossing,"Dug Well",W00559,1998,6.63,7.48,8.51,10.3
MP,Vidisha,Neteran,Neteran,23.81416667,77.495,Shamsabad,"Dug Well",W01314,1998,6.32,8.12,11.42,7.42
MP,Vidisha,Neteran,Neteran,23.76166667,77.775,Nateran,"Dug Well",W01313,1998,5.55,7.4,8.1,11.35
MP,Vidisha,Lateri,Lateri,24.16666667,77.4425,Anandpur,"Dug Well",W00565,1998,3.1,1.59,2.35,5.3
MP,Vidisha,Sironj,Sironj,24.15527778,77.62138889,Deopur,"Dug Well",W00567,1998,2.32,2.02,2.7,5.25
MP,Vidisha,Vidisha,Vidisha,23.57555556,77.78055556,Imaliya1,"Dug Well",W00569,1998,1.18,1.84,2.2,4.1
MP,Vidisha,Vidisha,Vidisha,23.57833333,77.69805556,Bilari,"Dug Well",W00568,1998,2.62,3.03,2.8,16.8
MP,Vidisha,Vidisha,Vidisha,23.51666667,77.79916667,Vidisha,"Bore Well",W01319,1998,9.29,'0,9.6,'0
MP,Vidisha,Vidisha,Vidisha,23.52555556,77.82361111,Vidisha1,"Dug Well",W01320,1998,2.82,3.2,4.24,10.65
MP,Vidisha,Basoda,Basoda,23.86305556,77.92444444,Ganjbasoda1,"Dug Well",W00561,1998,2.2,3.27,5,6.6
MP,Vidisha,Basoda,Basoda,23.90083333,78.055,Udaipur,"Dug Well",W01305,1998,5.38,4.66,4.62,9.16
MP,Vidisha,Neteran,Neteran,23.97888889,77.85083333,Malakapur,"Dug Well",W01312,1998,.55,.78,.35,3.61
MP,Vidisha,Neteran,Neteran,23.77166667,77.60916667,Tinsiyai,"Dug Well",W01315,1998,5.6,5.74,2.2,10.6
MP,Vidisha,Kurwai,Kurwai,24.125,78.04333333,Kurwai1,"Dug Well",W01307,1998,3.28,2.76,4.2,7.1
MP,Vidisha,Kurwai,Kurwai,24.12611111,78.03888889,Kurwai,"Bore Well",W01306,1998,3.71,'0,4.03,'0
MP,Vidisha,Kurwai,Kurwai,24.10277778,77.96722222,Mehluwachoraha,"Dug Well",W01308,1998,5.3,2.58,7.5,'0
MP,Vidisha,Sironj,Sironj,24.095,77.67555556,Sironj,"Bore Well",W01317,1998,29.5,'0,5.17,'0
MP,Vidisha,Sironj,Sironj,24.09861111,77.68861111,Sironj1,"Dug Well",W01318,1998,6.35,5.06,4.9,9.42
MP,Vidisha,Sironj,Sironj,24.11472222,77.81916667,Patharia1,"Dug Well",W01316,1998,1.39,1.55,1.55,7.05
MP,Vidisha,Lateri,Lateri,24.0575,77.40722222,Lateri,"Bore Well",W01309,1998,8.77,'0,7.12,'0
MP,Vidisha,Lateri,Lateri,24.06055556,77.40666667,Lateri1,"Dug Well",W01310,1998,2.89,1.98,3.15,7
MP,Vidisha,Lateri,Lateri,24.06194444,77.29305556,Tajpur,"Dug Well",W01311,1998,5.5,5.87,6.6,7.95
MP,Vidisha,Lateri,Lateri,24.06805556,77.52777778,Balrampur,"Dug Well",W00566,1998,6.82,7.36,5.42,8.14
MP,Vidisha,Vidisha,Vidisha,23.52555556,77.82361111,Vidisha1,"Dug Well",W01320,1997,1.8,7.03,3.67,12.2
MP,Vidisha,Lateri,Lateri,24.06805556,77.52777778,Balrampur,"Dug Well",W00566,1997,10.32,7.02,7.82,11.72
MP,Vidisha,Neteran,Neteran,23.76166667,77.775,Nateran,"Dug Well",W01313,1997,2,6.87,7.87,9.9
MP,Vidisha,Lateri,Lateri,24.06055556,77.40666667,Lateri1,"Dug Well",W01310,1997,2,6.4,2.65,7.85
MP,Vidisha,Vidisha,Vidisha,23.57833333,77.69805556,Bilari,"Dug Well",W00568,1997,3.2,7.7,3.9,11.55
MP,Vidisha,Sironj,Sironj,24.11472222,77.81916667,Patharia1,"Dug Well",W01316,1997,1.05,4.3,2.25,6.25
MP,Vidisha,Gyaraspur,Gyaraspur,23.66666667,78.11444444,Gyaraspur1,"Dug Well",W00564,1997,5.5,10.1,7.12,13.1
MP,Vidisha,Sironj,Sironj,24.09861111,77.68861111,Sironj1,"Dug Well",W01318,1997,7.35,6.6,7.3,7.75
MP,Vidisha,Vidisha,Vidisha,23.57555556,77.78055556,Imaliya1,"Dug Well",W00569,1997,1,4.31,2.05,5.6
MP,Vidisha,Kurwai,Kurwai,24.10277778,77.96722222,Mehluwachoraha,"Dug Well",W01308,1997,5.7,13.95,2.8,13.45
MP,Vidisha,Neteran,Neteran,23.81416667,77.495,Shamsabad,"Dug Well",W01314,1997,5.72,8.67,10.82,13.02
MP,Vidisha,Kurwai,Kurwai,24.125,78.04333333,Kurwai1,"Dug Well",W01307,1997,2.45,7.6,3,7.35
MP,Vidisha,Sironj,Sironj,24.15527778,77.62138889,Deopur,"Dug Well",W00567,1997,1.53,4.32,2.9,4.3
MP,Vidisha,Neteran,Neteran,23.77166667,77.60916667,Tinsiyai,"Dug Well",W01315,1997,6.2,8.05,6.7,11.3
MP,Vidisha,Basoda,Basoda,23.80666667,78.12361111,Ghatera,"Dug Well",W00562,1997,3.15,6.05,3.65,11.45
MP,Vidisha,Neteran,Neteran,23.97888889,77.85083333,Malakapur,"Dug Well",W01312,1997,3.5,3.35,.65,5.35
MP,Vidisha,Lateri,Lateri,24.16666667,77.4425,Anandpur,"Dug Well",W00565,1997,2.9,5.05,2.65,7.35
MP,Vidisha,Basoda,Basoda,23.90083333,78.055,Udaipur,"Dug Well",W01305,1997,1.46,5.86,4.46,12.01
MP,Vidisha,Basoda,Basoda,23.73277778,78.17638889,Bagrodcrossing,"Dug Well",W00559,1997,4.45,9.58,7.87,11.4
MP,Vidisha,Basoda,Basoda,23.86305556,77.92444444,Ganjbasoda1,"Dug Well",W00561,1997,2.25,9.15,4.55,6.8
MP,Vidisha,Lateri,Lateri,24.06194444,77.29305556,Tajpur,"Dug Well",W01311,1997,4.3,8.95,7.73,12.7
MP,Vidisha,Lateri,Lateri,24.06805556,77.52777778,Balrampur,"Dug Well",W00566,1996,2.38,3.82,6.2,9.17
MP,Vidisha,Lateri,Lateri,24.06194444,77.29305556,Tajpur,"Dug Well",W01311,1996,2.45,6.57,7.59,12.6
MP,Vidisha,Lateri,Lateri,24.06055556,77.40666667,Lateri1,"Dug Well",W01310,1996,.97,7.5,5.1,9.2
MP,Vidisha,Sironj,Sironj,24.11472222,77.81916667,Patharia1,"Dug Well",W01316,1996,.35,3.91,3.07,6.45
MP,Vidisha,Sironj,Sironj,24.09861111,77.68861111,Sironj1,"Dug Well",W01318,1996,3.15,6.26,4.4,6.85
MP,Vidisha,Kurwai,Kurwai,24.10277778,77.96722222,Mehluwachoraha,"Dug Well",W01308,1996,3.15,'0,6.6,14.8
MP,Vidisha,Kurwai,Kurwai,24.125,78.04333333,Kurwai1,"Dug Well",W01307,1996,2.32,5.17,3.7,7.3
MP,Vidisha,Neteran,Neteran,23.77166667,77.60916667,Tinsiyai,"Dug Well",W01315,1996,2.1,10.4,6.5,9.5
MP,Vidisha,Neteran,Neteran,23.97888889,77.85083333,Malakapur,"Dug Well",W01312,1996,.15,3.25,1.65,5.65
MP,Vidisha,Basoda,Basoda,23.90083333,78.055,Udaipur,"Dug Well",W01305,1996,1.1,6.18,4.74,9.51
MP,Vidisha,Vidisha,Vidisha,23.52555556,77.82361111,Vidisha1,"Dug Well",W01320,1996,2.4,6.95,3.85,12.7
MP,Vidisha,Vidisha,Vidisha,23.57833333,77.69805556,Bilari,"Dug Well",W00568,1996,4.95,4.78,4.95,15
MP,Vidisha,Vidisha,Vidisha,23.57555556,77.78055556,Imaliya1,"Dug Well",W00569,1996,1.1,2.33,3.7,6.5
MP,Vidisha,Sironj,Sironj,24.15527778,77.62138889,Deopur,"Dug Well",W00567,1996,.8,3.42,3.1,6.2
MP,Vidisha,Lateri,Lateri,24.16666667,77.4425,Anandpur,"Dug Well",W00565,1996,1.45,5.6,4,7.65
MP,Vidisha,Neteran,Neteran,23.76166667,77.775,Nateran,"Dug Well",W01313,1996,4.8,7.25,5.75,11.2
MP,Vidisha,Neteran,Neteran,23.81416667,77.495,Shamsabad,"Dug Well",W01314,1996,1.3,9.08,7.62,11.02
MP,Vidisha,Basoda,Basoda,23.73277778,78.17638889,Bagrodcrossing,"Dug Well",W00559,1996,4.53,9.73,7.8,10.92
MP,Vidisha,Basoda,Basoda,23.80666667,78.12361111,Ghatera,"Dug Well",W00562,1996,1.82,4.79,4.45,10.45
MP,Vidisha,Gyaraspur,Gyaraspur,23.66666667,78.11444444,Gyaraspur1,"Dug Well",W00564,1996,5.53,9.9,8.5,11.45
MP,Vidisha,Basoda,Basoda,23.86305556,77.92444444,Ganjbasoda1,"Dug Well",W00561,1996,.55,6.05,7,7.52
