STATE,DISTRICT,TEH_NAME,BLOCK_NAME,LAT,LON,SITE_NAME,SITE_TYPE,WLCODE,YEAR_OBS,MONSOON,POMRB,POMKH,PREMON
UP,Chandauli,Dhanapur,Dhanapur,25.45333333,83.34166667,Dhanpur,"Dug Well",W14836,2018,'0,2.11,'0,'0
UP,Chandauli,Naugarh,Naugarh,24.82833333,83.22833333,Naugarh,"Dug Well",W15599,2018,'0,'0,'0,10.98
UP,Chandauli,Chahniya,Chahniya,25.50833333,83.22083333,"Marufpur xing","Dug Well",W15598,2018,'0,9.53,'0,'0
UP,Chandauli,Chahniya,Chahniya,25.50833333,83.22083333,"Marufpur xing","Dug Well",W15598,2018,'0,'0,'0,12.43
UP,Chandauli,Chandauli,Chandauli,25.26388889,83.25444444,Chandauli,"Dug Well",W14835,2018,'0,.54,'0,'0
UP,Chandauli,Chandauli,Chandauli,25.26388889,83.25444444,Chandauli,"Dug Well",W14835,2018,'0,'0,'0,2.04
UP,Chandauli,Naugarh,Naugarh,24.93333333,83.18333333,Chandraprabha,"Dug Well",W14837,2018,'0,8.5,'0,'0
UP,Chandauli,Naugarh,Naugarh,24.93333333,83.18333333,Chandraprabha,"Dug Well",W14837,2018,'0,'0,'0,8.65
UP,Chandauli,Chakiya,Chakiya,25.04166667,83.22166667,Chakia,"Dug Well",W14833,2018,'0,2.83,'0,'0
UP,Chandauli,Chandauli,Chandauli,25.16666667,83.195,Baburi,"Dug Well",W14834,2018,'0,5.66,'0,'0
UP,Chandauli,Chandauli,Chandauli,25.16666667,83.195,Baburi,"Dug Well",W14834,2018,'0,'0,'0,9.96
UP,Chandauli,Barhani,Barhani,25.37,83.37666667,Kamalpur,"Dug Well",W14831,2018,'0,2.25,'0,'0
UP,Chandauli,Barhani,Barhani,25.37,83.37666667,Kamalpur,"Dug Well",W14831,2018,'0,'0,'0,5.95
UP,Chandauli,Chahniya,Chahniya,25.42333333,83.21666667,Chahania,"Dug Well",W14832,2018,'0,3.99,'0,'0
UP,Chandauli,Chahniya,Chahniya,25.42333333,83.21666667,Chahania,"Dug Well",W14832,2018,'0,'0,'0,10.02
UP,Chandauli,Sakaldiha,Sakaldiha,25.33833333,83.25666667,Sakaldiha,"Dug Well",W15601,2018,'0,.88,'0,'0
UP,Chandauli,Sakaldiha,Sakaldiha,25.33833333,83.25666667,Sakaldiha,"Dug Well",W15601,2018,'0,'0,'0,6.8
UP,Chandauli,Niyamatabad,Niyamatabad,25.27666667,83.13,"Mugal sarai","Dug Well",W15600,2018,'0,.19,'0,'0
UP,Chandauli,Niyamatabad,Niyamatabad,25.27666667,83.13,"Mugal sarai","Dug Well",W15600,2018,'0,'0,'0,5.03
UP,Chandauli,Naugarh,Naugarh,24.82833333,83.22833333,Naugarh,"Dug Well",W15599,2018,'0,6.28,'0,'0
UP,Chandauli,Dhanapur,Dhanapur,25.45333333,83.34166667,Dhanpur,"Dug Well",W14836,2018,'0,'0,'0,3.26
UP,Chandauli,Dhanapur,Dhanapur,25.45333333,83.34166667,Dhanpur,"Dug Well",W14836,2017,1.82,3.39,'0,3.76
UP,Chandauli,Naugarh,Naugarh,24.82833333,83.22833333,Naugarh,"Dug Well",W15599,2017,'0,'0,5.48,'0
UP,Chandauli,Chahniya,Chahniya,25.50833333,83.22083333,"Marufpur xing","Dug Well",W15598,2017,8.78,14.41,'0,15.03
UP,Chandauli,Chahniya,Chahniya,25.50833333,83.22083333,"Marufpur xing","Dug Well",W15598,2017,'0,'0,8.59,'0
UP,Chandauli,Chandauli,Chandauli,25.26388889,83.25444444,Chandauli,"Dug Well",W14835,2017,.24,2.32,'0,2.74
UP,Chandauli,Chandauli,Chandauli,25.26388889,83.25444444,Chandauli,"Dug Well",W14835,2017,'0,'0,.39,'0
UP,Chandauli,Naugarh,Naugarh,24.93333333,83.18333333,Chandraprabha,"Dug Well",W14837,2017,3.71,'0,'0,9.3
UP,Chandauli,Naugarh,Naugarh,24.93333333,83.18333333,Chandraprabha,"Dug Well",W14837,2017,'0,'0,7.55,'0
UP,Chandauli,Chakiya,Chakiya,25.04166667,83.22166667,Chakia,"Dug Well",W14833,2017,3.63,5.87,'0,9.03
UP,Chandauli,Chakiya,Chakiya,25.04166667,83.22166667,Chakia,"Dug Well",W14833,2017,'0,'0,2.83,'0
UP,Chandauli,Chandauli,Chandauli,25.16666667,83.195,Baburi,"Dug Well",W14834,2017,4.51,8.37,'0,'0
UP,Chandauli,Chandauli,Chandauli,25.16666667,83.195,Baburi,"Dug Well",W14834,2017,'0,'0,5.26,'0
UP,Chandauli,Barhani,Barhani,25.37,83.37666667,Kamalpur,"Dug Well",W14831,2017,1.73,6.15,'0,7.85
UP,Chandauli,Barhani,Barhani,25.37,83.37666667,Kamalpur,"Dug Well",W14831,2017,'0,'0,1.81,'0
UP,Chandauli,Chahniya,Chahniya,25.42333333,83.21666667,Chahania,"Dug Well",W14832,2017,3.66,4.5,'0,4.36
UP,Chandauli,Chahniya,Chahniya,25.42333333,83.21666667,Chahania,"Dug Well",W14832,2017,'0,'0,3.87,'0
UP,Chandauli,Sakaldiha,Sakaldiha,25.33833333,83.25666667,Sakaldiha,"Dug Well",W15601,2017,.6,3.53,'0,5.4
UP,Chandauli,Sakaldiha,Sakaldiha,25.33833333,83.25666667,Sakaldiha,"Dug Well",W15601,2017,'0,'0,.66,'0
UP,Chandauli,Niyamatabad,Niyamatabad,25.27666667,83.13,"Mugal sarai","Dug Well",W15600,2017,1.18,.77,'0,2.53
UP,Chandauli,Niyamatabad,Niyamatabad,25.27666667,83.13,"Mugal sarai","Dug Well",W15600,2017,'0,'0,'0,'0
UP,Chandauli,Naugarh,Naugarh,24.82833333,83.22833333,Naugarh,"Dug Well",W15599,2017,2.4,4.45,'0,10.78
UP,Chandauli,Dhanapur,Dhanapur,25.45333333,83.34166667,Dhanpur,"Dug Well",W14836,2017,'0,'0,1.92,'0
UP,Chandauli,Dhanapur,Dhanapur,25.45333333,83.34166667,Dhanpur,"Dug Well",W14836,2016,1.41,'0,1.62,3.96
UP,Chandauli,Chahniya,Chahniya,25.50833333,83.22083333,"Marufpur xing","Dug Well",W15598,2016,7.93,'0,8.43,15.43
UP,Chandauli,Chandauli,Chandauli,25.26388889,83.25444444,Chandauli,"Dug Well",W14835,2016,.04,'0,.19,2.28
UP,Chandauli,Naugarh,Naugarh,24.93333333,83.18333333,Chandraprabha,"Dug Well",W14837,2016,2.95,'0,3.15,9.5
UP,Chandauli,Chakiya,Chakiya,25.04166667,83.22166667,Chakia,"Dug Well",W14833,2016,3.23,'0,2.8,9.76
UP,Chandauli,Naugarh,Naugarh,24.82833333,83.22833333,Naugarh,"Dug Well",W15599,2016,1.28,'0,1.64,10.48
UP,Chandauli,Barhani,Barhani,25.37,83.37666667,Kamalpur,"Dug Well",W14831,2016,1.35,'0,1.19,8.65
UP,Chandauli,Chahniya,Chahniya,25.42333333,83.21666667,Chahania,"Dug Well",W14832,2016,2.91,'0,2.57,4.41
UP,Chandauli,Sakaldiha,Sakaldiha,25.33833333,83.25666667,Sakaldiha,"Dug Well",W15601,2016,.3,'0,.56,5.8
UP,Chandauli,Niyamatabad,Niyamatabad,25.27666667,83.13,"Mugal sarai","Dug Well",W15600,2016,'0,'0,'0,2.63
UP,Chandauli,Chandauli,Chandauli,25.16666667,83.195,Baburi,"Dug Well",W14834,2016,3.96,'0,3.71,'0
UP,Chandauli,Dhanapur,Dhanapur,25.45333333,83.34166667,Dhanpur,"Dug Well",W14836,2015,1.56,'0,2.14,1.56
UP,Chandauli,Chahniya,Chahniya,25.50833333,83.22083333,"Marufpur xing","Dug Well",W15598,2015,12.13,'0,12.56,12.13
UP,Chandauli,Chandauli,Chandauli,25.26388889,83.25444444,Chandauli,"Dug Well",W14835,2015,.74,'0,1.02,.74
UP,Chandauli,Chakiya,Chakiya,25.04166667,83.22166667,Chakia,"Dug Well",W14833,2015,3.08,'0,5.03,3.08
UP,Chandauli,Naugarh,Naugarh,24.82833333,83.22833333,Naugarh,"Dug Well",W15599,2015,4.96,'0,'0,4.96
UP,Chandauli,Barhani,Barhani,25.37,83.37666667,Kamalpur,"Dug Well",W14831,2015,2.2,'0,2.25,2.2
UP,Chandauli,Chahniya,Chahniya,25.42333333,83.21666667,Chahania,"Dug Well",W14832,2015,2.31,'0,3.08,2.31
UP,Chandauli,Sakaldiha,Sakaldiha,25.33833333,83.25666667,Sakaldiha,"Dug Well",W15601,2015,2.04,'0,1.8,2.04
UP,Chandauli,Niyamatabad,Niyamatabad,25.27666667,83.13,"Mugal sarai","Dug Well",W15600,2015,.43,'0,.77,.43
UP,Chandauli,Chandauli,Chandauli,25.16666667,83.195,Baburi,"Dug Well",W14834,2015,5.36,'0,7.21,5.36
UP,Chandauli,Dhanapur,Dhanapur,25.45333333,83.34166667,Dhanpur,"Dug Well",W14836,2014,3.69,1.71,'0,3.57
UP,Chandauli,Chahniya,Chahniya,25.50833333,83.22083333,"Marufpur xing","Dug Well",W15598,2014,13.1,12.13,'0,14.73
UP,Chandauli,Chandauli,Chandauli,25.26388889,83.25444444,Chandauli,"Dug Well",W14835,2014,.98,.9,'0,2.34
UP,Chandauli,Chakiya,Chakiya,25.04166667,83.22166667,Chakia,"Dug Well",W14833,2014,3.63,3.43,'0,6.43
UP,Chandauli,Naugarh,Naugarh,24.82833333,83.22833333,Naugarh,"Dug Well",W15599,2014,4.82,2.68,'0,6.12
UP,Chandauli,Barhani,Barhani,25.37,83.37666667,Kamalpur,"Dug Well",W14831,2014,7.3,2.45,'0,6.8
UP,Chandauli,Chahniya,Chahniya,25.42333333,83.21666667,Chahania,"Dug Well",W14832,2014,2.01,2.57,'0,4.6
UP,Chandauli,Sakaldiha,Sakaldiha,25.33833333,83.25666667,Sakaldiha,"Dug Well",W15601,2014,2.28,1.35,'0,4.6
UP,Chandauli,Niyamatabad,Niyamatabad,25.27666667,83.13,"Mugal sarai","Dug Well",W15600,2014,.15,.33,'0,.83
UP,Chandauli,Chandauli,Chandauli,25.16666667,83.195,Baburi,"Dug Well",W14834,2014,'0,4.66,'0,'0
UP,Chandauli,Dhanapur,Dhanapur,25.45333333,83.34166667,Dhanpur,"Dug Well",W14836,2013,2.31,2.56,1.36,3.76
UP,Chandauli,Chahniya,Chahniya,25.50833333,83.22083333,"Marufpur xing","Dug Well",W15598,2013,'0,12.91,11.87,15.83
UP,Chandauli,Chandauli,Chandauli,25.26388889,83.25444444,Chandauli,"Dug Well",W14835,2013,.2,1.31,1.16,3.43
UP,Chandauli,Naugarh,Naugarh,24.93333333,83.18333333,Chandraprabha,"Dug Well",W14837,2013,'0,'0,7.3,'0
UP,Chandauli,Chakiya,Chakiya,25.04166667,83.22166667,Chakia,"Dug Well",W14833,2013,4.78,4.57,3.13,5.81
UP,Chandauli,Naugarh,Naugarh,24.82833333,83.22833333,Naugarh,"Dug Well",W15599,2013,5.31,8.76,2.38,6.94
UP,Chandauli,Barhani,Barhani,25.37,83.37666667,Kamalpur,"Dug Well",W14831,2013,7.17,5.85,2.05,8.27
UP,Chandauli,Chahniya,Chahniya,25.42333333,83.21666667,Chahania,"Dug Well",W14832,2013,2.16,3.73,2.44,3.15
UP,Chandauli,Sakaldiha,Sakaldiha,25.33833333,83.25666667,Sakaldiha,"Dug Well",W15601,2013,3.12,3.39,1.3,5.45
UP,Chandauli,Niyamatabad,Niyamatabad,25.27666667,83.13,"Mugal sarai","Dug Well",W15600,2013,.39,1.13,.18,1.85
UP,Chandauli,Chandauli,Chandauli,25.16666667,83.195,Baburi,"Dug Well",W14834,2013,'0,5.34,3.37,'0
UP,Chandauli,Dhanapur,Dhanapur,25.45333333,83.34166667,Dhanpur,"Dug Well",W14836,2012,'0,1.73,2.68,4.09
UP,Chandauli,Chahniya,Chahniya,25.50833333,83.22083333,"Marufpur xing","Dug Well",W15598,2012,'0,12.05,13.23,14.24
UP,Chandauli,Chandauli,Chandauli,25.26388889,83.25444444,Chandauli,"Dug Well",W14835,2012,'0,1.67,1.52,3.47
UP,Chandauli,Chakiya,Chakiya,25.04166667,83.22166667,Chakia,"Dug Well",W14833,2012,'0,3.62,3.18,6.01
UP,Chandauli,Niyamatabad,Niyamatabad,25.27666667,83.13,"Mugal sarai","Dug Well",W15600,2012,'0,.58,.81,1.42
UP,Chandauli,Barhani,Barhani,25.37,83.37666667,Kamalpur,"Dug Well",W14831,2012,'0,3.95,3.6,8.77
UP,Chandauli,Chahniya,Chahniya,25.42333333,83.21666667,Chahania,"Dug Well",W14832,2012,'0,2.97,3.29,4.49
UP,Chandauli,Sakaldiha,Sakaldiha,25.33833333,83.25666667,Sakaldiha,"Dug Well",W15601,2012,'0,2.64,1.82,6.26
UP,Chandauli,Chandauli,Chandauli,25.16666667,83.195,Baburi,"Dug Well",W14834,2012,'0,6.24,4.77,10.66
UP,Chandauli,Dhanapur,Dhanapur,25.45333333,83.34166667,Dhanpur,"Dug Well",W14836,2011,2.46,2.31,1.55,4.2
UP,Chandauli,Chahniya,Chahniya,25.50833333,83.22083333,"Marufpur xing","Dug Well",W15598,2011,13.98,13.83,11.83,17.63
UP,Chandauli,Chandauli,Chandauli,25.26388889,83.25444444,Chandauli,"Dug Well",W14835,2011,1.08,1.64,1.22,3.68
UP,Chandauli,Chakiya,Chakiya,25.04166667,83.22166667,Chakia,"Dug Well",W14833,2011,3.68,4.19,2.73,7.25
UP,Chandauli,Naugarh,Naugarh,24.82833333,83.22833333,Naugarh,"Dug Well",W15599,2011,3.76,'0,'0,'0
UP,Chandauli,Barhani,Barhani,25.37,83.37666667,Kamalpur,"Dug Well",W14831,2011,4.67,4.59,2.25,8.59
UP,Chandauli,Chahniya,Chahniya,25.42333333,83.21666667,Chahania,"Dug Well",W14832,2011,'0,3.18,2.52,'0
UP,Chandauli,Sakaldiha,Sakaldiha,25.33833333,83.25666667,Sakaldiha,"Dug Well",W15601,2011,1.22,3.98,1.6,6.39
UP,Chandauli,Niyamatabad,Niyamatabad,25.27666667,83.13,"Mugal sarai","Dug Well",W15600,2011,1.83,1.84,.76,2.25
UP,Chandauli,Chandauli,Chandauli,25.16666667,83.195,Baburi,"Dug Well",W14834,2011,5.62,6.87,4.83,11.31
UP,Chandauli,Dhanapur,Dhanapur,25.45333333,83.34166667,Dhanpur,"Dug Well",W14836,2010,2.66,2.42,2.51,4.64
UP,Chandauli,Chahniya,Chahniya,25.50833333,83.22083333,"Marufpur xing","Dug Well",W15598,2010,14.48,15.43,14.33,'0
UP,Chandauli,Chandauli,Chandauli,25.26388889,83.25444444,Chandauli,"Dug Well",W14835,2010,.64,1.64,1.29,2.63
UP,Chandauli,Naugarh,Naugarh,24.93333333,83.18333333,Chandraprabha,"Dug Well",W14837,2010,'0,13.6,'0,'0
UP,Chandauli,Chakiya,Chakiya,25.04166667,83.22166667,Chakia,"Dug Well",W14833,2010,4.4,5.75,3.11,8.33
UP,Chandauli,Naugarh,Naugarh,24.82833333,83.22833333,Naugarh,"Dug Well",W15599,2010,'0,10.58,'0,'0
UP,Chandauli,Barhani,Barhani,25.37,83.37666667,Kamalpur,"Dug Well",W14831,2010,5.6,6.21,3.18,9.35
UP,Chandauli,Chahniya,Chahniya,25.42333333,83.21666667,Chahania,"Dug Well",W14832,2010,4.69,4.97,3.87,6.28
UP,Chandauli,Sakaldiha,Sakaldiha,25.33833333,83.25666667,Sakaldiha,"Dug Well",W15601,2010,2.55,3.96,2.5,8.03
UP,Chandauli,Niyamatabad,Niyamatabad,25.27666667,83.13,"Mugal sarai","Dug Well",W15600,2010,.78,1.73,.31,3.55
UP,Chandauli,Chandauli,Chandauli,25.16666667,83.195,Baburi,"Dug Well",W14834,2010,5.99,10.15,'0,11.62
UP,Chandauli,Dhanapur,Dhanapur,25.45333333,83.34166667,Dhanpur,"Dug Well",W14836,2009,2.81,'0,2.27,4.07
UP,Chandauli,Chahniya,Chahniya,25.50833333,83.22083333,"Marufpur xing","Dug Well",W15598,2009,'0,6.69,13.98,14.01
UP,Chandauli,Chandauli,Chandauli,25.26388889,83.25444444,Chandauli,"Dug Well",W14835,2009,.09,1.47,.35,3.12
UP,Chandauli,Barhani,Barhani,25.24722222,83.42083333,Naubatpur,"Dug Well",W15597,2009,'0,7.3,'0,'0
UP,Chandauli,Naugarh,Naugarh,24.93333333,83.18333333,Chandraprabha,"Dug Well",W14837,2009,2.1,'0,6.9,'0
UP,Chandauli,Chakiya,Chakiya,25.04166667,83.22166667,Chakia,"Dug Well",W14833,2009,5.73,4.39,4.33,7.56
UP,Chandauli,Chandauli,Chandauli,25.16666667,83.195,Baburi,"Dug Well",W14834,2009,10.81,3.47,7.02,'0
UP,Chandauli,Barhani,Barhani,25.315,83.43333333,Amna,"Dug Well",W14830,2009,'0,5.82,'0,'0
UP,Chandauli,Barhani,Barhani,25.37,83.37666667,Kamalpur,"Dug Well",W14831,2009,5.95,4.42,5.15,8.02
UP,Chandauli,Chahniya,Chahniya,25.42333333,83.21666667,Chahania,"Dug Well",W14832,2009,5.16,4.44,4.32,4.97
UP,Chandauli,Sakaldiha,Sakaldiha,25.33833333,83.25666667,Sakaldiha,"Dug Well",W15601,2009,3,3.84,1.9,5.52
UP,Chandauli,Niyamatabad,Niyamatabad,25.27666667,83.13,"Mugal sarai","Dug Well",W15600,2009,1.53,1.21,1.33,2.7
UP,Chandauli,Naugarh,Naugarh,24.82833333,83.22833333,Naugarh,"Dug Well",W15599,2009,2.78,8.09,3.38,'0
UP,Chandauli,Barhani,Barhani,25.37,83.37666667,Kamalpur,"Dug Well",W14831,2008,2.45,4.74,3.66,7.47
UP,Chandauli,Chahniya,Chahniya,25.42333333,83.21666667,Chahania,"Dug Well",W14832,2008,2.81,4.79,4.2,6.17
UP,Chandauli,Sakaldiha,Sakaldiha,25.33833333,83.25666667,Sakaldiha,"Dug Well",W15601,2008,.06,3.37,2.7,5.32
UP,Chandauli,Niyamatabad,Niyamatabad,25.27666667,83.13,"Mugal sarai","Dug Well",W15600,2008,.03,.95,1.03,7.48
UP,Chandauli,Naugarh,Naugarh,24.82833333,83.22833333,Naugarh,"Dug Well",W15599,2008,5.65,'0,7.5,'0
UP,Chandauli,Chandauli,Chandauli,25.16666667,83.195,Baburi,"Dug Well",W14834,2008,1.97,12.1,'0,12.1
UP,Chandauli,Chahniya,Chahniya,25.50833333,83.22083333,"Marufpur xing","Dug Well",W15598,2008,1.75,'0,4.95,14.8
UP,Chandauli,Chandauli,Chandauli,25.26388889,83.25444444,Chandauli,"Dug Well",W14835,2008,.75,1.4,1.05,2.77
UP,Chandauli,Naugarh,Naugarh,24.93333333,83.18333333,Chandraprabha,"Dug Well",W14837,2008,6.45,'0,'0,'0
UP,Chandauli,Chakiya,Chakiya,25.04166667,83.22166667,Chakia,"Dug Well",W14833,2008,2.23,4.49,3.54,7.03
UP,Chandauli,Dhanapur,Dhanapur,25.45333333,83.34166667,Dhanpur,"Dug Well",W14836,2008,1.16,2,2.57,4.77
UP,Chandauli,Barhani,Barhani,25.37,83.37666667,Kamalpur,"Dug Well",W14831,2007,2.03,4.4,2.49,6.46
UP,Chandauli,Chahniya,Chahniya,25.42333333,83.21666667,Chahania,"Dug Well",W14832,2007,3.75,5.12,3.85,5.41
UP,Chandauli,Sakaldiha,Sakaldiha,25.33833333,83.25666667,Sakaldiha,"Dug Well",W15601,2007,.7,4.08,1.27,4.76
UP,Chandauli,Niyamatabad,Niyamatabad,25.27666667,83.13,"Mugal sarai","Dug Well",W15600,2007,.01,1.78,1.01,2.24
UP,Chandauli,Naugarh,Naugarh,24.82833333,83.22833333,Naugarh,"Dug Well",W15599,2007,7.8,'0,'0,'0
UP,Chandauli,Chandauli,Chandauli,25.16666667,83.195,Baburi,"Dug Well",W14834,2007,12.1,12.1,12.1,12.1
UP,Chandauli,Chahniya,Chahniya,25.50833333,83.22083333,"Marufpur xing","Dug Well",W15598,2007,2.96,12.7,12.53,14.04
UP,Chandauli,Chandauli,Chandauli,25.26388889,83.25444444,Chandauli,"Dug Well",W14835,2007,.24,1.31,1.31,1.74
UP,Chandauli,Naugarh,Naugarh,24.93333333,83.18333333,Chandraprabha,"Dug Well",W14837,2007,7.09,'0,'0,'0
UP,Chandauli,Chakiya,Chakiya,25.04166667,83.22166667,Chakia,"Dug Well",W14833,2007,2.43,4.49,3.45,6.67
UP,Chandauli,Dhanapur,Dhanapur,25.45333333,83.34166667,Dhanpur,"Dug Well",W14836,2007,.61,2.14,1.34,3.43
UP,Chandauli,Barhani,Barhani,25.37,83.37666667,Kamalpur,"Dug Well",W14831,2006,2.84,5.61,2.67,8.23
UP,Chandauli,Chahniya,Chahniya,25.42333333,83.21666667,Chahania,"Dug Well",W14832,2006,5.76,5.42,4.74,6.86
UP,Chandauli,Sakaldiha,Sakaldiha,25.33833333,83.25666667,Sakaldiha,"Dug Well",W15601,2006,.96,3.37,1.45,3.46
UP,Chandauli,Niyamatabad,Niyamatabad,25.27666667,83.13,"Mugal sarai","Dug Well",W15600,2006,.03,1.08,.96,3.57
UP,Chandauli,Chandauli,Chandauli,25.16666667,83.195,Baburi,"Dug Well",W14834,2006,3.27,7.85,3.48,9.8
UP,Chandauli,Chahniya,Chahniya,25.50833333,83.22083333,"Marufpur xing","Dug Well",W15598,2006,10.98,12.39,11.95,12.77
UP,Chandauli,Chandauli,Chandauli,25.26388889,83.25444444,Chandauli,"Dug Well",W14835,2006,.02,1.38,.57,2.95
UP,Chandauli,Naugarh,Naugarh,24.93333333,83.18333333,Chandraprabha,"Dug Well",W14837,2006,'0,'0,11.1,'0
UP,Chandauli,Chakiya,Chakiya,25.04166667,83.22166667,Chakia,"Dug Well",W14833,2006,2.96,5.34,2.85,8.05
UP,Chandauli,Dhanapur,Dhanapur,25.45333333,83.34166667,Dhanpur,"Dug Well",W14836,2006,.36,2.87,1.73,4.17
UP,Chandauli,Barhani,Barhani,25.37,83.37666667,Kamalpur,"Dug Well",W14831,2005,3.74,5.35,3.56,7.27
UP,Chandauli,Chahniya,Chahniya,25.42333333,83.21666667,Chahania,"Dug Well",W14832,2005,3.72,5.82,4.9,7.32
UP,Chandauli,Sakaldiha,Sakaldiha,25.33833333,83.25666667,Sakaldiha,"Dug Well",W15601,2005,1,3.7,2.37,6.35
UP,Chandauli,Niyamatabad,Niyamatabad,25.27666667,83.13,"Mugal sarai","Dug Well",W15600,2005,.74,1.43,1.51,2.73
UP,Chandauli,Naugarh,Naugarh,24.82833333,83.22833333,Naugarh,"Dug Well",W15599,2005,5.33,6.18,5.97,8.08
UP,Chandauli,Chandauli,Chandauli,25.16666667,83.195,Baburi,"Dug Well",W14834,2005,5.17,8.56,4.87,9.75
UP,Chandauli,Chahniya,Chahniya,25.50833333,83.22083333,"Marufpur xing","Dug Well",W15598,2005,.48,'0,11.16,12.93
UP,Chandauli,Chandauli,Chandauli,25.26388889,83.25444444,Chandauli,"Dug Well",W14835,2005,.3,1.53,1,4.19
UP,Chandauli,Naugarh,Naugarh,24.93333333,83.18333333,Chandraprabha,"Dug Well",W14837,2005,'0,23.45,8.66,23.1
UP,Chandauli,Chakiya,Chakiya,25.04166667,83.22166667,Chakia,"Dug Well",W14833,2005,3.73,5.33,4.11,7.77
UP,Chandauli,Dhanapur,Dhanapur,25.45333333,83.34166667,Dhanpur,"Dug Well",W14836,2005,.47,3.47,2.8,4.87
UP,Chandauli,Barhani,Barhani,25.37,83.37666667,Kamalpur,"Dug Well",W14831,2004,3.7,3.46,5.15,6.15
UP,Chandauli,Chahniya,Chahniya,25.42333333,83.21666667,Chahania,"Dug Well",W14832,2004,5.12,4.18,5.51,5.71
UP,Chandauli,Sakaldiha,Sakaldiha,25.33833333,83.25666667,Sakaldiha,"Dug Well",W15601,2004,3.2,2.61,2.4,5.3
UP,Chandauli,Niyamatabad,Niyamatabad,25.27666667,83.13,"Mugal sarai","Dug Well",W15600,2004,.73,.86,1.63,2.6
UP,Chandauli,Naugarh,Naugarh,24.82833333,83.22833333,Naugarh,"Dug Well",W15599,2004,1.18,5.16,4.98,5.88
UP,Chandauli,Barhani,Barhani,25.315,83.43333333,Amna,"Dug Well",W14830,2004,5.81,'0,13.4,7.81
UP,Chandauli,Chahniya,Chahniya,25.50833333,83.22083333,"Marufpur xing","Dug Well",W15598,2004,'0,9.37,'0,'0
UP,Chandauli,Chandauli,Chandauli,25.26388889,83.25444444,Chandauli,"Dug Well",W14835,2004,1.1,1.22,.85,3.2
UP,Chandauli,Naugarh,Naugarh,24.93333333,83.18333333,Chandraprabha,"Dug Well",W14837,2004,6.95,12.05,18.55,23.15
UP,Chandauli,Chakiya,Chakiya,25.04166667,83.22166667,Chakia,"Dug Well",W14833,2004,2.43,4.11,3.63,5.83
UP,Chandauli,Chandauli,Chandauli,25.16666667,83.195,Baburi,"Dug Well",W14834,2004,4.31,5.14,6.16,7.96
UP,Chandauli,Dhanapur,Dhanapur,25.45333333,83.34166667,Dhanpur,"Dug Well",W14836,2004,2.97,1.74,3.57,4.36
UP,Chandauli,Barhani,Barhani,25.37,83.37666667,Kamalpur,"Dug Well",W14831,2003,1.26,3.65,2.05,6.28
UP,Chandauli,Chahniya,Chahniya,25.42333333,83.21666667,Chahania,"Dug Well",W14832,2003,'0,4.34,3.62,5.09
UP,Chandauli,Sakaldiha,Sakaldiha,25.33833333,83.25666667,Sakaldiha,"Dug Well",W15601,2003,1.01,3.05,1.3,5.83
UP,Chandauli,Niyamatabad,Niyamatabad,25.27666667,83.13,"Mugal sarai","Dug Well",W15600,2003,'0,1.09,1.13,2.6
UP,Chandauli,Naugarh,Naugarh,24.82833333,83.22833333,Naugarh,"Dug Well",W15599,2003,1.01,5.65,3.18,10.19
UP,Chandauli,Barhani,Barhani,25.315,83.43333333,Amna,"Dug Well",W14830,2003,2.39,'0,2.51,8.11
UP,Chandauli,Chahniya,Chahniya,25.50833333,83.22083333,"Marufpur xing","Dug Well",W15598,2003,'0,10.15,'0,11.86
UP,Chandauli,Chandauli,Chandauli,25.26388889,83.25444444,Chandauli,"Dug Well",W14835,2003,'0,1.24,.35,2.64
UP,Chandauli,Naugarh,Naugarh,24.93333333,83.18333333,Chandraprabha,"Dug Well",W14837,2003,'0,23.15,6.25,'0
UP,Chandauli,Chakiya,Chakiya,25.04166667,83.22166667,Chakia,"Dug Well",W14833,2003,1.43,3.88,2.18,6.28
UP,Chandauli,Chandauli,Chandauli,25.16666667,83.195,Baburi,"Dug Well",W14834,2003,1.28,6.31,3.07,8.4
UP,Chandauli,Dhanapur,Dhanapur,25.45333333,83.34166667,Dhanpur,"Dug Well",W14836,2003,'0,2.05,1.37,4.05
UP,Chandauli,Chahniya,Chahniya,25.42333333,83.21666667,Chahania,"Dug Well",W14832,2002,4.53,3.92,3.95,4.46
UP,Chandauli,Sakaldiha,Sakaldiha,25.33833333,83.25666667,Sakaldiha,"Dug Well",W15601,2002,2.64,2.7,1.55,4.38
UP,Chandauli,Niyamatabad,Niyamatabad,25.27666667,83.13,"Mugal sarai","Dug Well",W15600,2002,.82,1.53,1.13,2.41
UP,Chandauli,Naugarh,Naugarh,24.82833333,83.22833333,Naugarh,"Dug Well",W15599,2002,'0,6.98,'0,8.15
UP,Chandauli,Dhanapur,Dhanapur,25.45333333,83.34166667,Dhanpur,"Dug Well",W14836,2002,1.85,2.17,3.43,4.17
UP,Chandauli,Chahniya,Chahniya,25.50833333,83.22083333,"Marufpur xing","Dug Well",W15598,2002,9.97,'0,9.36,9.91
UP,Chandauli,Chandauli,Chandauli,25.26388889,83.25444444,Chandauli,"Dug Well",W14835,2002,.95,1.05,.61,3.04
UP,Chandauli,Naugarh,Naugarh,24.93333333,83.18333333,Chandraprabha,"Dug Well",W14837,2002,'0,14.65,'0,'0
UP,Chandauli,Chakiya,Chakiya,25.04166667,83.22166667,Chakia,"Dug Well",W14833,2002,3.56,5.08,2.5,5.36
UP,Chandauli,Chandauli,Chandauli,25.16666667,83.195,Baburi,"Dug Well",W14834,2002,6,5.37,'0,7.59
UP,Chandauli,Barhani,Barhani,25.315,83.43333333,Amna,"Dug Well",W14830,2002,'0,4.71,3.26,7.96
UP,Chandauli,Barhani,Barhani,25.37,83.37666667,Kamalpur,"Dug Well",W14831,2002,'0,3.15,1.94,7
UP,Chandauli,Chahniya,Chahniya,25.50833333,83.22083333,"Marufpur xing","Dug Well",W15598,2001,8.93,'0,8.03,9.93
UP,Chandauli,Barhani,Barhani,25.315,83.43333333,Amna,"Dug Well",W14830,2001,5.11,'0,2.67,8.51
UP,Chandauli,Niyamatabad,Niyamatabad,25.27666667,83.13,"Mugal sarai","Dug Well",W15600,2001,.43,'0,1.2,3.23
UP,Chandauli,Chandauli,Chandauli,25.16666667,83.195,Baburi,"Dug Well",W14834,2001,.87,'0,3.57,8.56
UP,Chandauli,Dhanapur,Dhanapur,25.45333333,83.34166667,Dhanpur,"Dug Well",W14836,2001,.47,'0,1.67,4.46
UP,Chandauli,Chakiya,Chakiya,25.04166667,83.22166667,Chakia,"Dug Well",W14833,2001,2.03,'0,2.73,6.13
UP,Chandauli,Barhani,Barhani,25.37,83.37666667,Kamalpur,"Dug Well",W14831,2001,1.85,'0,1.65,7.7
UP,Chandauli,Naugarh,Naugarh,24.93333333,83.18333333,Chandraprabha,"Dug Well",W14837,2001,4.25,'0,7.75,'0
UP,Chandauli,Naugarh,Naugarh,24.82833333,83.22833333,Naugarh,"Dug Well",W15599,2001,1.48,'0,2.18,9.98
UP,Chandauli,Barhani,Barhani,25.24722222,83.42083333,Naubatpur,"Dug Well",W15597,2001,'0,'0,'0,9.8
UP,Chandauli,Sakaldiha,Sakaldiha,25.33833333,83.25666667,Sakaldiha,"Dug Well",W15601,2001,.3,'0,1.6,4.9
UP,Chandauli,Chandauli,Chandauli,25.26388889,83.25444444,Chandauli,"Dug Well",W14835,2001,.14,'0,.64,3.64
UP,Chandauli,Chahniya,Chahniya,25.42333333,83.21666667,Chahania,"Dug Well",W14832,2001,6.41,'0,2.74,5.06
UP,Chandauli,Barhani,Barhani,25.37,83.37666667,Kamalpur,"Dug Well",W14831,2000,4.64,3.48,1.09,6.4
UP,Chandauli,Barhani,Barhani,25.315,83.43333333,Amna,"Dug Well",W14830,2000,6.15,4.28,5.31,8.15
UP,Chandauli,Chandauli,Chandauli,25.16666667,83.195,Baburi,"Dug Well",W14834,2000,4.83,4.57,3.77,7.77
UP,Chandauli,Chakiya,Chakiya,25.04166667,83.22166667,Chakia,"Dug Well",W14833,2000,3.3,3.45,2.68,4.53
UP,Chandauli,Naugarh,Naugarh,24.93333333,83.18333333,Chandraprabha,"Dug Well",W14837,2000,10.81,8.52,9.3,15.65
UP,Chandauli,Barhani,Barhani,25.24722222,83.42083333,Naubatpur,"Dug Well",W15597,2000,3.1,7.47,6.97,4.52
UP,Chandauli,Chahniya,Chahniya,25.50833333,83.22083333,"Marufpur xing","Dug Well",W15598,2000,6.45,8,7.53,6.55
UP,Chandauli,Dhanapur,Dhanapur,25.45333333,83.34166667,Dhanpur,"Dug Well",W14836,2000,1.8,2.14,2.57,5.37
UP,Chandauli,Naugarh,Naugarh,24.82833333,83.22833333,Naugarh,"Dug Well",W15599,2000,5.35,6.08,2.88,8.79
UP,Chandauli,Niyamatabad,Niyamatabad,25.27666667,83.13,"Mugal sarai","Dug Well",W15600,2000,1.61,1.11,1.26,3.43
UP,Chandauli,Sakaldiha,Sakaldiha,25.33833333,83.25666667,Sakaldiha,"Dug Well",W15601,2000,2.88,2.94,1.9,4.7
UP,Chandauli,Chahniya,Chahniya,25.42333333,83.21666667,Chahania,"Dug Well",W14832,2000,5.1,2.82,3.27,8
UP,Chandauli,Chandauli,Chandauli,25.26388889,83.25444444,Chandauli,"Dug Well",W14835,2000,2.66,1.16,1.89,2.75
UP,Chandauli,Barhani,Barhani,25.315,83.43333333,Amna,"Dug Well",W14830,1999,'0,3.31,1.81,7.37
UP,Chandauli,Sakaldiha,Sakaldiha,25.33833333,83.25666667,Sakaldiha,"Dug Well",W15601,1999,'0,2.9,1.21,4.33
UP,Chandauli,Chakiya,Chakiya,25.04166667,83.22166667,Chakia,"Dug Well",W14833,1999,'0,3.81,2.23,4.66
UP,Chandauli,Niyamatabad,Niyamatabad,25.27666667,83.13,"Mugal sarai","Dug Well",W15600,1999,'0,1.13,.93,11.55
UP,Chandauli,Naugarh,Naugarh,24.93333333,83.18333333,Chandraprabha,"Dug Well",W14837,1999,'0,10.75,4.63,17.73
UP,Chandauli,Dhanapur,Dhanapur,25.45333333,83.34166667,Dhanpur,"Dug Well",W14836,1999,'0,1.82,1.06,2.5
UP,Chandauli,Chahniya,Chahniya,25.42333333,83.21666667,Chahania,"Dug Well",W14832,1999,'0,3.26,2.44,4.64
UP,Chandauli,Barhani,Barhani,25.24722222,83.42083333,Naubatpur,"Dug Well",W15597,1999,'0,6.35,5.46,8.64
UP,Chandauli,Barhani,Barhani,25.37,83.37666667,Kamalpur,"Dug Well",W14831,1999,'0,2.62,1.15,4.26
UP,Chandauli,Chandauli,Chandauli,25.26388889,83.25444444,Chandauli,"Dug Well",W14835,1999,'0,.78,.44,3
UP,Chandauli,Naugarh,Naugarh,24.82833333,83.22833333,Naugarh,"Dug Well",W15599,1999,'0,3.98,1.23,6.5
UP,Chandauli,Chahniya,Chahniya,25.50833333,83.22083333,"Marufpur xing","Dug Well",W15598,1999,'0,10.26,7.75,10.73
UP,Chandauli,Chandauli,Chandauli,25.16666667,83.195,Baburi,"Dug Well",W14834,1999,'0,4.55,3.26,6.56
UP,Chandauli,Dhanapur,Dhanapur,25.45333333,83.34166667,Dhanpur,"Dug Well",W14836,1998,'0,1.5,2.03,3.52
UP,Chandauli,Chahniya,Chahniya,25.42333333,83.21666667,Chahania,"Dug Well",W14832,1998,'0,3.2,1.83,4.69
UP,Chandauli,Chakiya,Chakiya,25.04166667,83.22166667,Chakia,"Dug Well",W14833,1998,'0,3.91,2.53,4.46
UP,Chandauli,Chandauli,Chandauli,25.26388889,83.25444444,Chandauli,"Dug Well",W14835,1998,'0,.67,.07,2.64
UP,Chandauli,Sakaldiha,Sakaldiha,25.33833333,83.25666667,Sakaldiha,"Dug Well",W15601,1998,'0,1.78,1.96,4.55
UP,Chandauli,Niyamatabad,Niyamatabad,25.27666667,83.13,"Mugal sarai","Dug Well",W15600,1998,'0,1.01,2.13,2.6
UP,Chandauli,Barhani,Barhani,25.315,83.43333333,Amna,"Dug Well",W14830,1998,'0,3.64,6.09,7.51
UP,Chandauli,Naugarh,Naugarh,24.82833333,83.22833333,Naugarh,"Dug Well",W15599,1998,'0,2.85,3.19,5.01
UP,Chandauli,Chandauli,Chandauli,25.16666667,83.195,Baburi,"Dug Well",W14834,1998,'0,4.94,2.48,6.19
UP,Chandauli,Barhani,Barhani,25.24722222,83.42083333,Naubatpur,"Dug Well",W15597,1998,'0,6.46,2.16,3.58
UP,Chandauli,Barhani,Barhani,25.37,83.37666667,Kamalpur,"Dug Well",W14831,1998,'0,2.45,5.07,8.25
UP,Chandauli,Chahniya,Chahniya,25.50833333,83.22083333,"Marufpur xing","Dug Well",W15598,1998,'0,9.07,'0,'0
UP,Chandauli,Naugarh,Naugarh,24.93333333,83.18333333,Chandraprabha,"Dug Well",W14837,1998,'0,8.33,8.66,14.1
UP,Chandauli,Barhani,Barhani,25.315,83.43333333,Amna,"Dug Well",W14830,1997,5.68,4.09,3.03,'0
UP,Chandauli,Chandauli,Chandauli,25.16666667,83.195,Baburi,"Dug Well",W14834,1997,3.26,5.05,3.69,7.53
UP,Chandauli,Chakiya,Chakiya,25.04166667,83.22166667,Chakia,"Dug Well",W14833,1997,2.3,3.81,2.55,5.68
UP,Chandauli,Naugarh,Naugarh,24.93333333,83.18333333,Chandraprabha,"Dug Well",W14837,1997,4.62,9.46,7.26,23.05
UP,Chandauli,Barhani,Barhani,25.24722222,83.42083333,Naubatpur,"Dug Well",W15597,1997,'0,6.75,5.73,'0
UP,Chandauli,Chandauli,Chandauli,25.26388889,83.25444444,Chandauli,"Dug Well",W14835,1997,.63,1.91,.48,3.22
UP,Chandauli,Chahniya,Chahniya,25.50833333,83.22083333,"Marufpur xing","Dug Well",W15598,1997,11.3,10.43,9.45,13.76
UP,Chandauli,Dhanapur,Dhanapur,25.45333333,83.34166667,Dhanpur,"Dug Well",W14836,1997,.96,2.17,2.05,3.67
UP,Chandauli,Naugarh,Naugarh,24.82833333,83.22833333,Naugarh,"Dug Well",W15599,1997,'0,4.16,2.37,9.64
UP,Chandauli,Niyamatabad,Niyamatabad,25.27666667,83.13,"Mugal sarai","Dug Well",W15600,1997,.36,1.95,1.07,3.61
UP,Chandauli,Sakaldiha,Sakaldiha,25.33833333,83.25666667,Sakaldiha,"Dug Well",W15601,1997,.95,2.21,1.34,5.42
UP,Chandauli,Chahniya,Chahniya,25.42333333,83.21666667,Chahania,"Dug Well",W14832,1997,4.08,3.84,2.85,5.22
UP,Chandauli,Barhani,Barhani,25.37,83.37666667,Kamalpur,"Dug Well",W14831,1997,2.67,3.05,2.27,'0
UP,Chandauli,Chakiya,Chakiya,25.04166667,83.22166667,Chakia,"Dug Well",W14833,1996,2.52,3.92,3.08,5.3
UP,Chandauli,Naugarh,Naugarh,24.93333333,83.18333333,Chandraprabha,"Dug Well",W14837,1996,4.61,9.35,8.64,14.65
UP,Chandauli,Sakaldiha,Sakaldiha,25.33833333,83.25666667,Sakaldiha,"Dug Well",W15601,1996,.3,1.56,2.02,5.14
UP,Chandauli,Chahniya,Chahniya,25.50833333,83.22083333,"Marufpur xing","Dug Well",W15598,1996,10.75,11.48,10.22,14.31
UP,Chandauli,Naugarh,Naugarh,24.82833333,83.22833333,Naugarh,"Dug Well",W15599,1996,.63,3.66,3.78,9.38
UP,Chandauli,Barhani,Barhani,25.24722222,83.42083333,Naubatpur,"Dug Well",W15597,1996,4.44,6.22,6.71,9.47
UP,Chandauli,Barhani,Barhani,25.37,83.37666667,Kamalpur,"Dug Well",W14831,1996,2.8,2.76,11.13,7.9
UP,Chandauli,Chandauli,Chandauli,25.26388889,83.25444444,Chandauli,"Dug Well",W14835,1996,.5,1.77,1.55,3.35
UP,Chandauli,Chahniya,Chahniya,25.42333333,83.21666667,Chahania,"Dug Well",W14832,1996,2.6,4.32,2.96,4.41
UP,Chandauli,Chandauli,Chandauli,25.16666667,83.195,Baburi,"Dug Well",W14834,1996,2.59,4.85,3.36,7.26
UP,Chandauli,Barhani,Barhani,25.315,83.43333333,Amna,"Dug Well",W14830,1996,3.96,4.19,3.63,8.3
UP,Chandauli,Dhanapur,Dhanapur,25.45333333,83.34166667,Dhanpur,"Dug Well",W14836,1996,.14,2.17,1.73,'0
UP,Chandauli,Niyamatabad,Niyamatabad,25.27666667,83.13,"Mugal sarai","Dug Well",W15600,1996,.61,1.09,1.38,3.03
