STATE,DISTRICT,TEH_NAME,BLOCK_NAME,LAT,LON,SITE_NAME,SITE_TYPE,WLCODE,YEAR_OBS,MONSOON,POMRB,POMKH,PREMON
RJ,Bharatpur,Deeg,Deeg,27.5,77.31666667,Deeg-1,"Tube Well",W22099,2018,'0,3.4,'0,'0
RJ,Bharatpur,Rupbas,Rupbas,26.99583333,77.49166667,SALABAD,"Dug Well",W29705,2018,'0,13.25,'0,'0
RJ,Bharatpur,Deeg,Deeg,27.46666667,77.33333333,Deeg-2,"Dug Well",W13757,2018,'0,10.16,'0,'0
RJ,Bharatpur,Nagar,Nagar,27.7,77.08333333,Pahari,"Dug Well",W18098,2018,'0,8.53,'0,'0
RJ,Bharatpur,Nagar,Nagar,27.7,77.08333333,Pahari,"Dug Well",W18098,2018,'0,'0,'0,8.58
RJ,Bharatpur,Kaman,Kaman,27.63333333,77.28333333,Indroli,"Dug Well",W22200,2018,'0,12.65,'0,'0
RJ,Bharatpur,Kaman,Kaman,27.63333333,77.28333333,Indroli,"Dug Well",W22200,2018,'0,'0,'0,12.4
RJ,Bharatpur,Rupbas,Bayana,26.95,77.38333333,"Kheria Mod","Dug Well",W22202,2018,'0,5.9,'0,'0
RJ,Bharatpur,Rupbas,Bayana,26.96388889,77.35972222,"Bawari Baroda","Dug Well",W13781,2018,'0,7.8,'0,'0
RJ,Bharatpur,Rupbas,Bayana,26.96388889,77.35972222,"Bawari Baroda","Dug Well",W13781,2018,'0,'0,'0,8.2
RJ,Bharatpur,Bayana,Bayana,26.96666667,77.3,Bhimnagar,"Tube Well",W22097,2018,'0,23.95,'0,'0
RJ,Bharatpur,Bayana,Bayana,26.96666667,77.3,Bhimnagar,"Tube Well",W22097,2018,'0,'0,'0,23.58
RJ,Bharatpur,Rupbas,Rupbas,26.975,77.6375,"Khan Surjapur","Dug Well",W13787,2018,'0,8.7,'0,'0
RJ,Bharatpur,Rupbas,Rupbas,26.975,77.6375,"Khan Surjapur","Dug Well",W13787,2018,'0,'0,'0,11.92
RJ,Bharatpur,Rupbas,Rupbas,26.98333333,77.56666667,Roopwas1,"Bore Well",W21762,2018,'0,2.1,'0,'0
RJ,Bharatpur,Rupbas,Rupbas,26.98333333,77.56666667,Roopwas1,"Bore Well",W21762,2018,'0,'0,'0,2.48
RJ,Bharatpur,Rupbas,Rupbas,26.99583333,77.49166667,Dahinagaon,"Dug Well",W13785,2018,'0,12.88,'0,'0
RJ,Bharatpur,Rupbas,Weir,27.01388889,77.175,Weir1,"Tube Well",W13795,2018,'0,13.97,'0,'0
RJ,Bharatpur,Rupbas,Weir,27.01388889,77.175,Weir1,"Tube Well",W13795,2018,'0,'0,'0,24.62
RJ,Bharatpur,Kumher,Kumher,27.33333333,77.55,"Rarah Pzi","Tube Well",W18096,2018,'0,10.15,'0,'0
RJ,Bharatpur,Kumher,Kumher,27.33333333,77.55,"Rarah Pzi","Tube Well",W18096,2018,'0,'0,'0,10.92
RJ,Bharatpur,Nadbai,Nadbai,27.20833333,77.2125,Nadbai1,"Tube Well",W13776,2018,'0,21.52,'0,'0
RJ,Bharatpur,Nadbai,Nadbai,27.20833333,77.2125,Nadbai1,"Tube Well",W13776,2018,'0,'0,'0,19.49
RJ,Bharatpur,Kumher,Nadbai,27.225,77.09166667,"Baonli Chan","Tube Well",W13770,2018,'0,35.3,'0,'0
RJ,Bharatpur,Kumher,Nadbai,27.225,77.09166667,"Baonli Chan","Tube Well",W13770,2018,'0,'0,'0,35.15
RJ,Bharatpur,Deeg,Deeg,27.395,77.3525,Mandhera,"Dug Well",W13758,2018,'0,14.33,'0,'0
RJ,Bharatpur,Deeg,Deeg,27.395,77.3525,Mandhera,"Dug Well",W13758,2018,'0,'0,'0,15.01
RJ,Bharatpur,Kaman,Deeg,27.55,77.3,Sihora,"Dug Well",W13769,2018,'0,10.85,'0,'0
RJ,Bharatpur,Kaman,Deeg,27.55,77.3,Sihora,"Dug Well",W13769,2018,'0,'0,'0,11.75
RJ,Bharatpur,Nagar,Nagar,27.525,77.075,Jaisari,"Tube Well",W13778,2018,'0,12.3,'0,'0
RJ,Bharatpur,Nagar,Nagar,27.525,77.075,Jaisari,"Tube Well",W13778,2018,'0,'0,'0,11.75
RJ,Bharatpur,Kaman,Nagar,27.53333333,77.125,Gulpura,"Dug Well",W13762,2018,'0,12.75,'0,'0
RJ,Bharatpur,Kaman,Nagar,27.53333333,77.125,Gulpura,"Dug Well",W13762,2018,'0,'0,'0,13.1
RJ,Bharatpur,Kaman,Kaman,27.78222222,77.22666667,Jurahra,"Dug Well",W13764,2018,'0,10.12,'0,'0
RJ,Bharatpur,Kaman,Kaman,27.78222222,77.22666667,Jurahra,"Dug Well",W13764,2018,'0,'0,'0,7.12
RJ,Bharatpur,Rupbas,Bayana,26.90555556,77.37777778,"Bandh Bareta","Dug Well",W13780,2018,'0,3.65,'0,'0
RJ,Bharatpur,Rupbas,Bayana,26.90555556,77.37777778,"Bandh Bareta","Dug Well",W13780,2018,'0,'0,'0,3.75
RJ,Bharatpur,Rupbas,Rupbas,27.03333333,77.55,Khanua,"Dug Well",W13788,2018,'0,9.62,'0,'0
RJ,Bharatpur,Rupbas,Rupbas,27.03333333,77.55,Khanua,"Dug Well",W13788,2018,'0,'0,'0,10.62
RJ,Bharatpur,Weir,Weir,27.03333333,77.13333333,Jagjeevanpura,"Tube Well",W18103,2018,'0,14.3,'0,'0
RJ,Bharatpur,Weir,Weir,27.03333333,77.13333333,Jagjeevanpura,"Tube Well",W18103,2018,'0,'0,'0,10
RJ,Bharatpur,Weir,Weir,27.11666667,77.06666667,Chokarwada,"Tube Well",W22203,2018,'0,53.35,'0,'0
RJ,Bharatpur,Weir,Weir,27.11666667,77.06666667,Chokarwada,"Tube Well",W22203,2018,'0,'0,'0,53.7
RJ,Bharatpur,Weir,Weir,27.13055556,77.15,Halena,"Tube Well",W13796,2018,'0,46.05,'0,'0
RJ,Bharatpur,Weir,Weir,27.13055556,77.15,Halena,"Tube Well",W13796,2018,'0,'0,'0,33.45
RJ,Bharatpur,Bharatpur,Sewar,27.21666667,77.5,Bharatpur,"Dug Well",W13753,2018,'0,6.34,'0,'0
RJ,Bharatpur,Bharatpur,Sewar,27.21666667,77.5,Bharatpur,"Dug Well",W13753,2018,'0,'0,'0,3.94
RJ,Bharatpur,Deeg,Deeg,27.55,77.3,Pasta,"Tube Well",W29766,2018,'0,7.7,'0,'0
RJ,Bharatpur,Deeg,Deeg,27.55,77.3,Pasta,"Tube Well",W29766,2018,'0,'0,'0,7.1
RJ,Bharatpur,Nagar,Nagar,27.65472222,77.06333333,Gopalgarh,"Dug Well",W29778,2018,'0,10.05,'0,'0
RJ,Bharatpur,Nagar,Nagar,27.65472222,77.06333333,Gopalgarh,"Dug Well",W29778,2018,'0,'0,'0,10.4
RJ,Bharatpur,Kumher,Kumher,27.31666667,77.38333333,KUMHER,"Dug Well",W29733,2018,'0,6.05,'0,'0
RJ,Bharatpur,Kumher,Kumher,27.31666667,77.38333333,KUMHER,"Dug Well",W29733,2018,'0,'0,'0,5.9
RJ,Bharatpur,Kumher,Kumher,27.33333333,77.55,"RARAH PZII","Tube Well",W29735,2018,'0,44.15,'0,'0
RJ,Bharatpur,Kumher,Kumher,27.33333333,77.55,"RARAH PZII","Tube Well",W29735,2018,'0,'0,'0,15.15
RJ,Bharatpur,Deeg,Deeg,27.5,77.31666667,Deeg-1,"Tube Well",W22099,2018,'0,'0,'0,4.55
RJ,Bharatpur,Rupbas,Rupbas,26.99583333,77.49166667,SALABAD,"Dug Well",W29705,2017,'0,'0,12.85,'0
RJ,Bharatpur,Deeg,Deeg,27.5,77.31666667,Deeg-1,"Tube Well",W22099,2017,7.1,1.3,'0,5.88
RJ,Bharatpur,Deeg,Deeg,27.5,77.31666667,Deeg-1,"Tube Well",W22099,2017,'0,'0,3.25,'0
RJ,Bharatpur,Deeg,Deeg,27.445,77.25,Panhori-1,"Dug Well",W13759,2017,'0,10.04,'0,'0
RJ,Bharatpur,Deeg,Deeg,27.46666667,77.33333333,Deeg-2,"Dug Well",W13757,2017,8.56,7.86,'0,'0
RJ,Bharatpur,Deeg,Deeg,27.46666667,77.33333333,Deeg-2,"Dug Well",W13757,2017,'0,'0,7.56,'0
RJ,Bharatpur,Nagar,Nagar,27.7,77.08333333,Pahari,"Dug Well",W18098,2017,9.28,3.68,'0,7.69
RJ,Bharatpur,Nagar,Nagar,27.7,77.08333333,Pahari,"Dug Well",W18098,2017,'0,'0,8.48,'0
RJ,Bharatpur,Kaman,Kaman,27.63333333,77.28333333,Indroli,"Dug Well",W22200,2017,13.1,'0,'0,11.49
RJ,Bharatpur,Kaman,Kaman,27.63333333,77.28333333,Indroli,"Dug Well",W22200,2017,'0,'0,12.45,'0
RJ,Bharatpur,Rupbas,Bayana,26.95,77.38333333,"Kheria Mod","Dug Well",W22202,2017,6.75,5.3,'0,4.15
RJ,Bharatpur,Rupbas,Bayana,26.95,77.38333333,"Kheria Mod","Dug Well",W22202,2017,'0,'0,6.2,'0
RJ,Bharatpur,Rupbas,Bayana,26.96388889,77.35972222,"Bawari Baroda","Dug Well",W13781,2017,7.27,4.82,'0,4.21
RJ,Bharatpur,Rupbas,Bayana,26.96388889,77.35972222,"Bawari Baroda","Dug Well",W13781,2017,'0,'0,7.1,'0
RJ,Bharatpur,Bayana,Bayana,26.96666667,77.3,Bhimnagar,"Tube Well",W22097,2017,24.1,20.76,'0,23.12
RJ,Bharatpur,Bayana,Bayana,26.96666667,77.3,Bhimnagar,"Tube Well",W22097,2017,'0,'0,23.5,'0
RJ,Bharatpur,Rupbas,Bayana,26.96805556,77.25166667,Bhagori,"Dug Well",W13783,2017,'0,10.04,'0,'0
RJ,Bharatpur,Rupbas,Rupbas,26.975,77.6375,"Khan Surjapur","Dug Well",W13787,2017,8,5.35,'0,5.3
RJ,Bharatpur,Rupbas,Rupbas,26.975,77.6375,"Khan Surjapur","Dug Well",W13787,2017,'0,'0,8.15,'0
RJ,Bharatpur,Rupbas,Rupbas,26.98333333,77.56666667,Roopwas1,"Bore Well",W21762,2017,2.1,.36,'0,1.36
RJ,Bharatpur,Rupbas,Rupbas,26.98333333,77.56666667,Roopwas1,"Bore Well",W21762,2017,'0,'0,1.85,'0
RJ,Bharatpur,Rupbas,Rupbas,26.99583333,77.49166667,Dahinagaon,"Dug Well",W13785,2017,12.29,'0,'0,11.02
RJ,Bharatpur,Rupbas,Rupbas,26.99583333,77.49166667,Dahinagaon,"Dug Well",W13785,2017,'0,'0,12.23,'0
RJ,Bharatpur,Rupbas,Weir,27.01388889,77.175,Weir1,"Tube Well",W13795,2017,11.07,22.57,'0,10.68
RJ,Bharatpur,Rupbas,Weir,27.01388889,77.175,Weir1,"Tube Well",W13795,2017,'0,'0,13.57,'0
RJ,Bharatpur,Kumher,Kumher,27.33333333,77.55,"Rarah Pzi","Tube Well",W18096,2017,13.85,10.4,'0,13.61
RJ,Bharatpur,Kumher,Kumher,27.33333333,77.55,"Rarah Pzi","Tube Well",W18096,2017,'0,'0,13.15,'0
RJ,Bharatpur,Rupbas,Bayana,26.80416667,77.43055556,Rudhawal-2,"Dug Well",W13790,2017,10.35,6.41,'0,8.42
RJ,Bharatpur,Rupbas,Bayana,26.80416667,77.43055556,Rudhawal-2,"Dug Well",W13790,2017,'0,'0,8.75,'0
RJ,Bharatpur,Nadbai,Nadbai,27.20833333,77.2125,Nadbai1,"Tube Well",W13776,2017,21.02,20.22,'0,20.34
RJ,Bharatpur,Nadbai,Nadbai,27.20833333,77.2125,Nadbai1,"Tube Well",W13776,2017,'0,'0,20.22,'0
RJ,Bharatpur,Kumher,Nadbai,27.225,77.09166667,"Baonli Chan","Tube Well",W13770,2017,34.6,31.15,'0,34.18
RJ,Bharatpur,Kumher,Nadbai,27.225,77.09166667,"Baonli Chan","Tube Well",W13770,2017,'0,'0,34.2,'0
RJ,Bharatpur,Deeg,Deeg,27.395,77.3525,Mandhera,"Dug Well",W13758,2017,17.11,11.21,'0,14
RJ,Bharatpur,Deeg,Deeg,27.395,77.3525,Mandhera,"Dug Well",W13758,2017,'0,'0,14.31,'0
RJ,Bharatpur,Kaman,Deeg,27.55,77.3,Sihora,"Dug Well",W13769,2017,10.35,10.2,'0,7.36
RJ,Bharatpur,Kaman,Deeg,27.55,77.3,Sihora,"Dug Well",W13769,2017,'0,'0,10.45,'0
RJ,Bharatpur,Nagar,Nagar,27.525,77.075,Jaisari,"Tube Well",W13778,2017,12.3,11.13,'0,11.6
RJ,Bharatpur,Nagar,Nagar,27.525,77.075,Jaisari,"Tube Well",W13778,2017,'0,'0,12.1,'0
RJ,Bharatpur,Kaman,Nagar,27.53333333,77.125,Gulpura,"Dug Well",W13762,2017,'0,11.45,'0,'0
RJ,Bharatpur,Kaman,Nagar,27.53333333,77.125,Gulpura,"Dug Well",W13762,2017,'0,'0,12.5,'0
RJ,Bharatpur,Kaman,Kaman,27.78222222,77.22666667,Jurahra,"Dug Well",W13764,2017,10.42,7.57,'0,8.94
RJ,Bharatpur,Kaman,Kaman,27.78222222,77.22666667,Jurahra,"Dug Well",W13764,2017,'0,'0,9.82,'0
RJ,Bharatpur,Rupbas,Bayana,26.90555556,77.37777778,"Bandh Bareta","Dug Well",W13780,2017,1.95,2.52,'0,3.41
RJ,Bharatpur,Rupbas,Bayana,26.90555556,77.37777778,"Bandh Bareta","Dug Well",W13780,2017,'0,'0,3.6,'0
RJ,Bharatpur,Rupbas,Rupbas,27.03333333,77.55,Khanua,"Dug Well",W13788,2017,10.77,7.97,'0,9.35
RJ,Bharatpur,Rupbas,Rupbas,27.03333333,77.55,Khanua,"Dug Well",W13788,2017,'0,'0,8.97,'0
RJ,Bharatpur,Weir,Weir,27.03333333,77.13333333,Jagjeevanpura,"Tube Well",W18103,2017,14.3,8.11,'0,13.11
RJ,Bharatpur,Weir,Weir,27.03333333,77.13333333,Jagjeevanpura,"Tube Well",W18103,2017,'0,'0,13.4,'0
RJ,Bharatpur,Weir,Weir,27.11666667,77.06666667,Chokarwada,"Tube Well",W22203,2017,53.2,52.1,'0,53.11
RJ,Bharatpur,Weir,Weir,27.11666667,77.06666667,Chokarwada,"Tube Well",W22203,2017,'0,'0,52.9,'0
RJ,Bharatpur,Weir,Weir,27.13055556,77.15,Halena,"Tube Well",W13796,2017,48.25,48.4,'0,48.06
RJ,Bharatpur,Weir,Weir,27.13055556,77.15,Halena,"Tube Well",W13796,2017,'0,'0,45.55,'0
RJ,Bharatpur,Bharatpur,Sewar,27.21666667,77.5,Bharatpur,"Dug Well",W13753,2017,6.34,.97,'0,4.16
RJ,Bharatpur,Bharatpur,Sewar,27.21666667,77.5,Bharatpur,"Dug Well",W13753,2017,'0,'0,6.09,'0
RJ,Bharatpur,Nadbai,Nadbai,27.16666667,77.26666667,Lulhara-1,"Dug Well",W13773,2017,'0,18.74,'0,'0
RJ,Bharatpur,Deeg,Deeg,27.55,77.3,Pasta,"Tube Well",W29766,2017,7.3,5.15,'0,6.23
RJ,Bharatpur,Deeg,Deeg,27.55,77.3,Pasta,"Tube Well",W29766,2017,'0,'0,7.1,'0
RJ,Bharatpur,Nagar,Nagar,27.65472222,77.06333333,Gopalgarh,"Dug Well",W29778,2017,10.7,9,'0,8.01
RJ,Bharatpur,Nagar,Nagar,27.65472222,77.06333333,Gopalgarh,"Dug Well",W29778,2017,'0,'0,9.7,'0
RJ,Bharatpur,Kumher,Kumher,27.31666667,77.38333333,KUMHER,"Dug Well",W29733,2017,8.1,4.4,'0,5.5
RJ,Bharatpur,Kumher,Kumher,27.31666667,77.38333333,KUMHER,"Dug Well",W29733,2017,'0,'0,5.55,'0
RJ,Bharatpur,Kumher,Kumher,27.33333333,77.55,"RARAH PZII","Tube Well",W29735,2017,13.85,13.79,'0,13.55
RJ,Bharatpur,Kumher,Kumher,27.33333333,77.55,"RARAH PZII","Tube Well",W29735,2017,'0,'0,13.78,'0
RJ,Bharatpur,Rupbas,Rupbas,26.99583333,77.49166667,SALABAD,"Dug Well",W29705,2017,13.05,8.45,'0,11.51
RJ,Bharatpur,Deeg,Deeg,27.5,77.31666667,Deeg-1,"Tube Well",W22099,2016,.65,'0,'0,4.1
RJ,Bharatpur,Rupbas,Rupbas,26.99583333,77.49166667,SALABAD,"Dug Well",W29705,2016,8.25,9.6,13.35,'0
RJ,Bharatpur,Nagar,Nagar,27.7,77.08333333,Pahari,"Dug Well",W18098,2016,6.1,'0,4.48,6.98
RJ,Bharatpur,Kaman,Kaman,27.63333333,77.28333333,Indroli,"Dug Well",W22200,2016,5.8,'0,10.5,12.33
RJ,Bharatpur,Rupbas,Bayana,26.95,77.38333333,"Kheria Mod","Dug Well",W22202,2016,5.7,'0,9.7,7.48
RJ,Bharatpur,Rupbas,Bayana,26.96388889,77.35972222,"Bawari Baroda","Dug Well",W13781,2016,3.9,'0,5.25,8.45
RJ,Bharatpur,Bayana,Bayana,26.96666667,77.3,Bhimnagar,"Tube Well",W22097,2016,16.25,'0,22.8,24.5
RJ,Bharatpur,Rupbas,Bayana,26.96805556,77.25166667,Bhagori,"Dug Well",W13783,2016,10.14,'0,14.04,17.44
RJ,Bharatpur,Rupbas,Bayana,27.00833333,77.38333333,Biraitha,"Dug Well",W13784,2016,'0,'0,'0,5.03
RJ,Bharatpur,Rupbas,Rupbas,26.975,77.6375,"Khan Surjapur","Dug Well",W13787,2016,3.75,'0,8.7,7.78
RJ,Bharatpur,Rupbas,Rupbas,26.98333333,77.56666667,Roopwas1,"Bore Well",W21762,2016,.6,'0,2.1,2.1
RJ,Bharatpur,Rupbas,Rupbas,26.99583333,77.49166667,Dahinagaon,"Dug Well",W13785,2016,10.68,'0,'0,'0
RJ,Bharatpur,Rupbas,Weir,27.01388889,77.175,Weir1,"Tube Well",W13795,2016,18.27,'0,22.57,'0
RJ,Bharatpur,Kumher,Kumher,27.33333333,77.55,"Rarah Pzi","Tube Well",W18096,2016,9.91,'0,13.65,18.4
RJ,Bharatpur,Rupbas,Bayana,26.80416667,77.43055556,Rudhawal-2,"Dug Well",W13790,2016,2.35,'0,5.65,9.25
RJ,Bharatpur,Nadbai,Nadbai,27.20833333,77.2125,Nadbai1,"Tube Well",W13776,2016,16.87,'0,20.22,18.87
RJ,Bharatpur,Kumher,Nadbai,27.225,77.09166667,"Baonli Chan","Tube Well",W13770,2016,28.15,'0,31.15,32.16
RJ,Bharatpur,Deeg,Deeg,27.395,77.3525,Mandhera,"Dug Well",W13758,2016,10.81,'0,'0,14.13
RJ,Bharatpur,Kaman,Deeg,27.55,77.3,Sihora,"Dug Well",W13769,2016,10.25,'0,13.05,10.85
RJ,Bharatpur,Nagar,Nagar,27.525,77.075,Jaisari,"Tube Well",W13778,2016,8.85,'0,'0,10.1
RJ,Bharatpur,Kaman,Nagar,27.53333333,77.125,Gulpura,"Dug Well",W13762,2016,11.5,'0,13.2,11.8
RJ,Bharatpur,Kaman,Kaman,27.78222222,77.22666667,Jurahra,"Dug Well",W13764,2016,7.92,'0,7.52,10.67
RJ,Bharatpur,Rupbas,Bayana,26.90555556,77.37777778,"Bandh Bareta","Dug Well",W13780,2016,2.75,'0,3.95,3.18
RJ,Bharatpur,Rupbas,Rupbas,27.03333333,77.55,Khanua,"Dug Well",W13788,2016,8.17,'0,11.67,9.22
RJ,Bharatpur,Weir,Weir,27.03333333,77.13333333,Jagjeevanpura,"Tube Well",W18103,2016,8.7,'0,12.1,'0
RJ,Bharatpur,Weir,Weir,27.11666667,77.06666667,Chokarwada,"Tube Well",W22203,2016,49.15,'0,52.1,51.64
RJ,Bharatpur,Weir,Weir,27.13055556,77.15,Halena,"Tube Well",W13796,2016,37.6,'0,'0,39.83
RJ,Bharatpur,Bharatpur,Sewar,27.21666667,77.5,Bharatpur,"Dug Well",W13753,2016,2.94,'0,4.54,'0
RJ,Bharatpur,Nadbai,Nadbai,27.16666667,77.26666667,Lulhara-1,"Dug Well",W13773,2016,15.19,'0,18.69,16.99
RJ,Bharatpur,Deeg,Deeg,27.55,77.3,Pasta,"Tube Well",W29766,2016,3.7,6.1,6.8,5.46
RJ,Bharatpur,Nagar,Nagar,27.65472222,77.06333333,Gopalgarh,"Dug Well",W29778,2016,7.4,9.55,9,10.8
RJ,Bharatpur,Kumher,Kumher,27.31666667,77.38333333,KUMHER,"Dug Well",W29733,2016,3.7,4.7,2.1,5.98
RJ,Bharatpur,Kumher,Kumher,27.33333333,77.55,"RARAH PZII","Tube Well",W29735,2016,12.23,10.8,15.85,10.42
RJ,Bharatpur,Deeg,Deeg,27.445,77.25,Panhori-1,"Dug Well",W13759,2016,9.06,'0,10.46,10.46
RJ,Bharatpur,Deeg,Deeg,27.5,77.31666667,Deeg-1,"Tube Well",W22099,2015,1.65,3.3,1.78,1.75
RJ,Bharatpur,Rupbas,Rupbas,26.99583333,77.49166667,SALABAD,"Dug Well",W29705,2015,9.3,8.15,9.38,8.55
RJ,Bharatpur,Nagar,Nagar,27.7,77.08333333,Pahari,"Dug Well",W18098,2015,4.58,4.28,4.98,4.18
RJ,Bharatpur,Kaman,Kaman,27.63333333,77.28333333,Indroli,"Dug Well",W22200,2015,10.75,'0,'0,10.3
RJ,Bharatpur,Kaman,Kaman,27.66388889,77.295,Kaman1,"Dug Well",W13765,2015,'0,12.05,'0,'0
RJ,Bharatpur,Rupbas,Bayana,26.95,77.38333333,"Kheria Mod","Dug Well",W22202,2015,3.65,'0,'0,4.05
RJ,Bharatpur,Rupbas,Bayana,26.96388889,77.35972222,"Bawari Baroda","Dug Well",W13781,2015,5.95,3.2,6,5.45
RJ,Bharatpur,Bayana,Bayana,26.96666667,77.3,Bhimnagar,"Tube Well",W22097,2015,21.55,18.6,21.45,20.7
RJ,Bharatpur,Rupbas,Bayana,26.96805556,77.25166667,Bhagori,"Dug Well",W13783,2015,12.53,11.79,14.24,13.59
RJ,Bharatpur,Rupbas,Rupbas,26.975,77.6375,"Khan Surjapur","Dug Well",W13787,2015,5.15,4.75,5.85,6.75
RJ,Bharatpur,Rupbas,Rupbas,26.98333333,77.56666667,Roopwas1,"Bore Well",W21762,2015,1.25,'0,.5,1.4
RJ,Bharatpur,Rupbas,Rupbas,26.99583333,77.49166667,Dahinagaon,"Dug Well",W13785,2015,16.18,'0,11.06,16.18
RJ,Bharatpur,Rupbas,Weir,27.01388889,77.175,Weir1,"Tube Well",W13795,2015,22.82,18.22,22.72,22.32
RJ,Bharatpur,Kumher,Kumher,27.33333333,77.55,"Rarah Pzi","Tube Well",W18096,2015,25.35,28.25,25.47,24.65
RJ,Bharatpur,Rupbas,Bayana,26.80416667,77.43055556,Rudhawal-2,"Dug Well",W13790,2015,8.25,6.95,1.7,8.35
RJ,Bharatpur,Nadbai,Nadbai,27.20833333,77.2125,Nadbai1,"Tube Well",W13776,2015,16.47,16.72,16.84,16.22
RJ,Bharatpur,Kumher,Nadbai,27.225,77.09166667,"Baonli Chan","Tube Well",W13770,2015,30.15,32.05,30.68,30.25
RJ,Bharatpur,Deeg,Deeg,27.395,77.3525,Mandhera,"Dug Well",W13758,2015,11.06,9.96,12.99,10.56
RJ,Bharatpur,Kaman,Deeg,27.55,77.3,Sihora,"Dug Well",W13769,2015,10.3,9.15,11,9.35
RJ,Bharatpur,Nagar,Nagar,27.525,77.075,Jaisari,"Tube Well",W13778,2015,9.52,9.35,9.65,9
RJ,Bharatpur,Kaman,Nagar,27.53333333,77.125,Gulpura,"Dug Well",W13762,2015,8.2,11.05,10.25,8.85
RJ,Bharatpur,Kaman,Kaman,27.78222222,77.22666667,Jurahra,"Dug Well",W13764,2015,8.32,7.92,8.37,7.47
RJ,Bharatpur,Rupbas,Bayana,26.90555556,77.37777778,"Bandh Bareta","Dug Well",W13780,2015,2.9,2.95,3,3.45
RJ,Bharatpur,Bayana,Bayana,26.91666667,77.31666667,"Jheel Mandir","Tube Well",W22098,2015,34.1,'0,'0,34.1
RJ,Bharatpur,Rupbas,Rupbas,27.03333333,77.55,Khanua,"Dug Well",W13788,2015,8.42,7.27,8.52,7.82
RJ,Bharatpur,Weir,Weir,27.03333333,77.13333333,Jagjeevanpura,"Tube Well",W18103,2015,9.95,9.95,9.85,10.05
RJ,Bharatpur,Weir,Weir,27.11666667,77.06666667,Chokarwada,"Tube Well",W22203,2015,48.25,49.45,49.2,47.6
RJ,Bharatpur,Weir,Weir,27.13055556,77.15,Halena,"Tube Well",W13796,2015,44.95,43.65,41.53,44.05
RJ,Bharatpur,Bharatpur,Sewar,27.21666667,77.5,Bharatpur,"Dug Well",W13753,2015,2.84,'0,3.89,3.49
RJ,Bharatpur,Nadbai,Nadbai,27.16666667,77.26666667,Lulhara-1,"Dug Well",W13773,2015,15.39,'0,15.37,15.39
RJ,Bharatpur,Deeg,Deeg,27.55,77.3,Pasta,"Tube Well",W29766,2015,5.7,'0,5.88,4.8
RJ,Bharatpur,Nagar,Nagar,27.65472222,77.06333333,Gopalgarh,"Dug Well",W29778,2015,9.05,'0,9.15,8.35
RJ,Bharatpur,Kumher,Kumher,27.31666667,77.38333333,KUMHER,"Dug Well",W29733,2015,3.9,1.8,5.68,3.25
RJ,Bharatpur,Kumher,Kumher,27.33333333,77.55,"RARAH PZII","Tube Well",W29735,2015,10.65,10.4,10.76,10.15
RJ,Bharatpur,Sewar,Sewar,27.18333333,77.66666667,CHIKSANA1,"Tube Well",W29725,2015,'0,18.04,'0,'0
RJ,Bharatpur,Deeg,Deeg,27.445,77.25,Panhori-1,"Dug Well",W13759,2015,9.36,'0,9.92,9.11
RJ,Bharatpur,Deeg,Deeg,27.5,77.31666667,Deeg-1,"Tube Well",W22099,2014,2.7,2.15,2.4,2.85
RJ,Bharatpur,Rupbas,Rupbas,26.99583333,77.49166667,SALABAD,"Dug Well",W29705,2014,9.15,7.74,8.1,8.25
RJ,Bharatpur,Deeg,Deeg,27.46666667,77.33333333,Deeg-2,"Dug Well",W13757,2014,2.56,9.57,12.86,2.71
RJ,Bharatpur,Nagar,Nagar,27.7,77.08333333,Pahari,"Dug Well",W18098,2014,3.78,4.31,3.78,5.58
RJ,Bharatpur,Kaman,Nagar,27.60833333,77.07083333,Jhantli,"Dug Well",W13763,2014,6.3,7.08,7.3,7
RJ,Bharatpur,Kaman,Nagar,27.625,77.06666667,Nakatpura,"Tube Well",W13766,2014,'0,'0,3.5,'0
RJ,Bharatpur,Kaman,Kaman,27.66388889,77.295,Kaman1,"Dug Well",W13765,2014,11.9,11.99,11.8,6.1
RJ,Bharatpur,Rupbas,Bayana,26.96388889,77.35972222,"Bawari Baroda","Dug Well",W13781,2014,5.8,9.1,6.31,'0
RJ,Bharatpur,Bayana,Bayana,26.96666667,77.3,Bhimnagar,"Tube Well",W22097,2014,27.1,26.9,13.95,27.3
RJ,Bharatpur,Rupbas,Bayana,26.96805556,77.25166667,Bhagori,"Dug Well",W13783,2014,12.74,9.01,11.54,12.34
RJ,Bharatpur,Rupbas,Bayana,27.00833333,77.38333333,Biraitha,"Dug Well",W13784,2014,5.16,5.16,5.16,5.16
RJ,Bharatpur,Rupbas,Rupbas,26.975,77.6375,"Khan Surjapur","Dug Well",W13787,2014,3.92,3.81,3.6,5.2
RJ,Bharatpur,Rupbas,Rupbas,26.98333333,77.56666667,Roopwas1,"Bore Well",W21762,2014,.15,1.24,.7,1.34
RJ,Bharatpur,Rupbas,Rupbas,26.99583333,77.49166667,Dahinagaon,"Dug Well",W13785,2014,9.38,7.43,13.18,8.73
RJ,Bharatpur,Rupbas,Weir,27.01388889,77.175,Weir1,"Tube Well",W13795,2014,20.77,22.67,17.57,22.47
RJ,Bharatpur,Kumher,Kumher,27.33333333,77.55,"Rarah Pzi","Tube Well",W18096,2014,22.45,30.5,10,31.01
RJ,Bharatpur,Rupbas,Bayana,26.80416667,77.43055556,Rudhawal-2,"Dug Well",W13790,2014,7.35,6,5.45,7.05
RJ,Bharatpur,Nadbai,Nadbai,27.20833333,77.2125,Nadbai1,"Tube Well",W13776,2014,15.72,15.25,19.72,16.22
RJ,Bharatpur,Kumher,Nadbai,27.225,77.09166667,"Baonli Chan","Tube Well",W13770,2014,32.4,31.01,42.15,32.15
RJ,Bharatpur,Deeg,Deeg,27.395,77.3525,Mandhera,"Dug Well",W13758,2014,9.41,7.52,9.11,8.01
RJ,Bharatpur,Kaman,Deeg,27.55,77.3,Sihora,"Dug Well",W13769,2014,8.75,7.76,7.5,8.15
RJ,Bharatpur,Nagar,Nagar,27.525,77.075,Jaisari,"Tube Well",W13778,2014,8.6,7.15,8.3,7.4
RJ,Bharatpur,Kaman,Nagar,27.53333333,77.125,Gulpura,"Dug Well",W13762,2014,7.9,10.07,8.6,7.6
RJ,Bharatpur,Kaman,Kaman,27.78222222,77.22666667,Jurahra,"Dug Well",W13764,2014,6.67,6.25,7.52,7.12
RJ,Bharatpur,Rupbas,Bayana,26.90555556,77.37777778,"Bandh Bareta","Dug Well",W13780,2014,3.55,2.75,3.15,'0
RJ,Bharatpur,Bayana,Bayana,26.91666667,77.31666667,"Jheel Mandir","Tube Well",W22098,2014,30.8,'0,'0,31.85
RJ,Bharatpur,Rupbas,Rupbas,27.03333333,77.55,Khanua,"Dug Well",W13788,2014,5.07,5.98,7.07,9.39
RJ,Bharatpur,Rupbas,Rupbas,27.09222222,77.41083333,Uchain-1,"Dug Well",W13792,2014,12.1,12.1,12.1,12.1
RJ,Bharatpur,Weir,Weir,27.03333333,77.13333333,Jagjeevanpura,"Tube Well",W18103,2014,8.9,8.69,8.05,9.5
RJ,Bharatpur,Weir,Weir,27.11666667,77.06666667,Chokarwada,"Tube Well",W22203,2014,46.8,47.29,48.1,48.87
RJ,Bharatpur,Weir,Weir,27.13055556,77.15,Halena,"Tube Well",W13796,2014,35.05,41.45,40.15,42.05
RJ,Bharatpur,Bharatpur,Sewar,27.10833333,77.51666667,Kalyanpura2,"Dug Well",W13756,2014,4.95,5.13,5.66,5.66
RJ,Bharatpur,Bharatpur,Sewar,27.21666667,77.5,Bharatpur,"Dug Well",W13753,2014,3.74,3.05,3.74,4.04
RJ,Bharatpur,Nadbai,Nadbai,27.16666667,77.26666667,Lulhara-1,"Dug Well",W13773,2014,2.99,13.89,13.89,13.89
RJ,Bharatpur,Deeg,Deeg,27.55,77.3,Pasta,"Tube Well",W29766,2014,4.3,'0,'0,4.1
RJ,Bharatpur,Kumher,Kumher,27.31666667,77.38333333,KUMHER,"Dug Well",W29733,2014,3.6,3.21,1.6,2.5
RJ,Bharatpur,Kumher,Kumher,27.33333333,77.55,"RARAH PZII","Tube Well",W29735,2014,10.3,10.26,27.85,10.98
RJ,Bharatpur,Sewar,Sewar,27.18333333,77.66666667,CHIKSANA1,"Tube Well",W29725,2014,17.66,18.08,17.84,18.72
RJ,Bharatpur,Weir,Weir,27.03333333,77.06666667,Sadpura,"Dug Well",W13797,2014,14.15,14.15,14.15,14.15
RJ,Bharatpur,Deeg,Deeg,27.445,77.25,Panhori-1,"Dug Well",W13759,2014,9.26,8.86,'0,9.06
RJ,Bharatpur,Deeg,Deeg,27.5,77.31666667,Deeg-1,"Tube Well",W22099,2013,1.32,'0,1.5,2.83
RJ,Bharatpur,Rupbas,Rupbas,26.99583333,77.49166667,SALABAD,"Dug Well",W29705,2013,1.43,6.58,2.64,8.35
RJ,Bharatpur,Deeg,Deeg,27.46666667,77.33333333,Deeg-2,"Dug Well",W13757,2013,8.84,6.46,8.9,8.88
RJ,Bharatpur,Nagar,Nagar,27.7,77.08333333,Pahari,"Dug Well",W18098,2013,1.86,3.52,'0,5.8
RJ,Bharatpur,Kaman,Nagar,27.60833333,77.07083333,Jhantli,"Dug Well",W13763,2013,8.4,4.6,'0,6.76
RJ,Bharatpur,Kaman,Nagar,27.625,77.06666667,Nakatpura,"Tube Well",W13766,2013,5.46,5,5.62,5.5
RJ,Bharatpur,Kaman,Kaman,27.66388889,77.295,Kaman1,"Dug Well",W13765,2013,10.8,9.76,11.25,10.58
RJ,Bharatpur,Rupbas,Bayana,26.96388889,77.35972222,"Bawari Baroda","Dug Well",W13781,2013,3.62,4.9,4.21,5.03
RJ,Bharatpur,Bayana,Bayana,26.96666667,77.3,Bhimnagar,"Tube Well",W22097,2013,9.68,'0,9.91,19.78
RJ,Bharatpur,Rupbas,Bayana,26.96805556,77.25166667,Bhagori,"Dug Well",W13783,2013,3.22,11.24,4.51,11.64
RJ,Bharatpur,Rupbas,Bayana,27.00833333,77.38333333,Biraitha,"Dug Well",W13784,2013,5.16,5.16,5.16,'0
RJ,Bharatpur,Rupbas,Rupbas,26.975,77.6375,"Khan Surjapur","Dug Well",W13787,2013,3.6,2.18,3.3,7
RJ,Bharatpur,Rupbas,Rupbas,26.98333333,77.56666667,Roopwas1,"Bore Well",W21762,2013,.5,.01,'0,'0
RJ,Bharatpur,Rupbas,Rupbas,26.99583333,77.49166667,Dahinagaon,"Dug Well",W13785,2013,7.15,3.11,7.71,4.2
RJ,Bharatpur,Rupbas,Weir,27.01388889,77.175,Weir1,"Tube Well",W13795,2013,16.69,21.77,16.83,24.77
RJ,Bharatpur,Kumher,Kumher,27.33333333,77.55,"Rarah Pzi","Tube Well",W18096,2013,9.86,31.25,9.92,26.7
RJ,Bharatpur,Rupbas,Bayana,26.80416667,77.43055556,Rudhawal-2,"Dug Well",W13790,2013,4.1,4.88,4.16,8.1
RJ,Bharatpur,Nadbai,Nadbai,27.20833333,77.2125,Nadbai1,"Tube Well",W13776,2013,13.87,12.98,13.97,14.69
RJ,Bharatpur,Kumher,Nadbai,27.225,77.09166667,"Baonli Chan","Tube Well",W13770,2013,28.57,29.1,28.18,29.46
RJ,Bharatpur,Deeg,Deeg,27.395,77.3525,Mandhera,"Dug Well",W13758,2013,7.06,6.81,6.91,7.25
RJ,Bharatpur,Kaman,Deeg,27.55,77.3,Sihora,"Dug Well",W13769,2013,7.21,5.76,7.35,7.5
RJ,Bharatpur,Nagar,Nagar,27.525,77.075,Jaisari,"Tube Well",W13778,2013,7.64,6.66,8.03,7.98
RJ,Bharatpur,Kaman,Nagar,27.53333333,77.125,Gulpura,"Dug Well",W13762,2013,10.45,6.2,11.21,12.52
RJ,Bharatpur,Kaman,Kaman,27.78222222,77.22666667,Jurahra,"Dug Well",W13764,2013,5.14,9.92,5.62,7.16
RJ,Bharatpur,Rupbas,Bayana,26.90555556,77.37777778,"Bandh Bareta","Dug Well",W13780,2013,2.15,2.41,2.41,3.42
RJ,Bharatpur,Rupbas,Rupbas,27.03333333,77.55,Khanua,"Dug Well",W13788,2013,6.32,7.47,6.33,7.97
RJ,Bharatpur,Rupbas,Rupbas,27.09222222,77.41083333,Uchain-1,"Dug Well",W13792,2013,12.1,12,12.1,12.1
RJ,Bharatpur,Weir,Weir,27.03333333,77.13333333,Jagjeevanpura,"Tube Well",W18103,2013,8.5,8.64,8.84,9.72
RJ,Bharatpur,Weir,Weir,27.11666667,77.06666667,Chokarwada,"Tube Well",W22203,2013,40.3,'0,40.42,43.63
RJ,Bharatpur,Weir,Weir,27.13055556,77.15,Halena,"Tube Well",W13796,2013,29.6,32.75,29.82,'0
RJ,Bharatpur,Bharatpur,Sewar,27.10833333,77.51666667,Kalyanpura2,"Dug Well",W13756,2013,4.3,'0,5.66,5.4
RJ,Bharatpur,Bharatpur,Sewar,27.21666667,77.5,Bharatpur,"Dug Well",W13753,2013,2.19,1.84,3.3,4.54
RJ,Bharatpur,Nadbai,Nadbai,27.16666667,77.26666667,Lulhara-1,"Dug Well",W13773,2013,13.89,13.89,13.89,13.89
RJ,Bharatpur,Kumher,Kumher,27.31666667,77.38333333,KUMHER,"Dug Well",W29733,2013,2.5,.35,2.6,2.58
RJ,Bharatpur,Kumher,Kumher,27.33333333,77.55,"RARAH PZII","Tube Well",W29735,2013,18.33,11.18,18.49,10.4
RJ,Bharatpur,Sewar,Sewar,27.18333333,77.66666667,CHIKSANA1,"Tube Well",W29725,2013,16.44,17.64,16.52,18.21
RJ,Bharatpur,Weir,Weir,27.03333333,77.06666667,Sadpura,"Dug Well",W13797,2013,14.15,13.85,14.15,14.15
RJ,Bharatpur,Deeg,Deeg,27.445,77.25,Panhori-1,"Dug Well",W13759,2013,5.48,9.36,7.16,9.36
RJ,Bharatpur,Deeg,Deeg,27.445,77.25,Panhori-1,"Dug Well",W13759,2012,'0,6.53,6.82,8.96
RJ,Bharatpur,Rupbas,Rupbas,26.99583333,77.49166667,SALABAD,"Dug Well",W29705,2012,'0,'0,8.57,'0
RJ,Bharatpur,Nagar,Nagar,27.7,77.08333333,Pahari,"Dug Well",W18098,2012,'0,4.01,3.14,5.78
RJ,Bharatpur,Kaman,Nagar,27.60833333,77.07083333,Jhantli,"Dug Well",W13763,2012,'0,6.68,8.66,8.08
RJ,Bharatpur,Kaman,Nagar,27.625,77.06666667,Nakatpura,"Tube Well",W13766,2012,'0,6.14,6.05,7.15
RJ,Bharatpur,Kaman,Kaman,27.66388889,77.295,Kaman1,"Dug Well",W13765,2012,'0,12.08,9.64,7.98
RJ,Bharatpur,Rupbas,Bayana,26.96388889,77.35972222,"Bawari Baroda","Dug Well",W13781,2012,'0,7.25,5.98,7.04
RJ,Bharatpur,Rupbas,Bayana,26.96805556,77.25166667,Bhagori,"Dug Well",W13783,2012,'0,8.88,5.26,13.06
RJ,Bharatpur,Rupbas,Bayana,27.00833333,77.38333333,Biraitha,"Dug Well",W13784,2012,'0,'0,5.16,5.16
RJ,Bharatpur,Rupbas,Rupbas,26.975,77.6375,"Khan Surjapur","Dug Well",W13787,2012,'0,5.58,3.22,8.95
RJ,Bharatpur,Rupbas,Rupbas,26.98333333,77.56666667,Roopwas1,"Bore Well",W21762,2012,'0,'0,.01,1.2
RJ,Bharatpur,Rupbas,Rupbas,26.99583333,77.49166667,Dahinagaon,"Dug Well",W13785,2012,'0,11.99,9.39,12.4
RJ,Bharatpur,Rupbas,Weir,27.01388889,77.175,Weir1,"Tube Well",W13795,2012,'0,22.77,'0,22.61
RJ,Bharatpur,Kumher,Kumher,27.33333333,77.55,"Rarah Pzi","Tube Well",W18096,2012,'0,31.75,19.67,25.57
RJ,Bharatpur,Rupbas,Bayana,26.80416667,77.43055556,Rudhawal-2,"Dug Well",W13790,2012,'0,6.04,5.19,8.53
RJ,Bharatpur,Nadbai,Nadbai,27.20833333,77.2125,Nadbai1,"Tube Well",W13776,2012,'0,13.82,12.72,14.57
RJ,Bharatpur,Kumher,Nadbai,27.225,77.09166667,"Baonli Chan","Tube Well",W13770,2012,'0,26.45,24.7,25.3
RJ,Bharatpur,Deeg,Deeg,27.395,77.3525,Mandhera,"Dug Well",W13758,2012,'0,6.72,6.91,7.14
RJ,Bharatpur,Kaman,Deeg,27.55,77.3,Sihora,"Dug Well",W13769,2012,'0,7.12,6.36,7.83
RJ,Bharatpur,Nagar,Nagar,27.525,77.075,Jaisari,"Tube Well",W13778,2012,'0,8.21,6.98,7.73
RJ,Bharatpur,Kaman,Nagar,27.53333333,77.125,Gulpura,"Dug Well",W13762,2012,'0,10.49,7.92,8.75
RJ,Bharatpur,Kaman,Kaman,27.78222222,77.22666667,Jurahra,"Dug Well",W13764,2012,'0,6,8.93,8.8
RJ,Bharatpur,Rupbas,Bayana,26.90555556,77.37777778,"Bandh Bareta","Dug Well",W13780,2012,'0,2.79,3.12,3.61
RJ,Bharatpur,Rupbas,Rupbas,27.03333333,77.55,Khanua,"Dug Well",W13788,2012,'0,6.08,6.45,7.01
RJ,Bharatpur,Rupbas,Rupbas,27.09222222,77.41083333,Uchain-1,"Dug Well",W13792,2012,'0,6.3,6.3,6.3
RJ,Bharatpur,Weir,Weir,27.03333333,77.13333333,Jagjeevanpura,"Tube Well",W18103,2012,'0,11.09,9.72,10.74
RJ,Bharatpur,Weir,Weir,27.13055556,77.15,Halena,"Tube Well",W13796,2012,'0,29.89,34.47,32.25
RJ,Bharatpur,Bharatpur,Sewar,27.10833333,77.51666667,Kalyanpura2,"Dug Well",W13756,2012,'0,'0,'0,5.66
RJ,Bharatpur,Bharatpur,Sewar,27.21666667,77.5,Bharatpur,"Dug Well",W13753,2012,'0,5.81,1.76,4.04
RJ,Bharatpur,Nadbai,Nadbai,27.16111111,77.3125,Lulhara-2,"Tube Well",W13774,2012,'0,31.53,26.7,18.7
RJ,Bharatpur,Nadbai,Nadbai,27.16666667,77.26666667,Lulhara-1,"Dug Well",W13773,2012,'0,12.66,7.99,13.89
RJ,Bharatpur,Kumher,Kumher,27.31666667,77.38333333,KUMHER,"Dug Well",W29733,2012,'0,'0,1.21,'0
RJ,Bharatpur,Kumher,Kumher,27.33333333,77.55,"RARAH PZII","Tube Well",W29735,2012,'0,'0,11.21,'0
RJ,Bharatpur,Sewar,Sewar,27.18333333,77.66666667,CHIKSANA1,"Tube Well",W29725,2012,'0,'0,17.76,'0
RJ,Bharatpur,Weir,Weir,27.03333333,77.06666667,Sadpura,"Dug Well",W13797,2012,'0,11.65,11.65,11.65
RJ,Bharatpur,Deeg,Deeg,27.46666667,77.33333333,Deeg-2,"Dug Well",W13757,2012,'0,9.07,7.12,8.72
RJ,Bharatpur,Deeg,Deeg,27.5,77.3,Nigohi,"Tube Well",W22100,2011,3.85,3.35,3.94,4.1
RJ,Bharatpur,Weir,Weir,27.03333333,77.06666667,Sadpura,"Dug Well",W13797,2011,19.4,'0,22.46,22.08
RJ,Bharatpur,Deeg,Deeg,27.445,77.25,Panhori-1,"Dug Well",W13759,2011,6.29,8.76,6.22,7.91
RJ,Bharatpur,Deeg,Deeg,27.46666667,77.33333333,Deeg-2,"Dug Well",W13757,2011,6.91,'0,'0,6.59
RJ,Bharatpur,Nagar,Nagar,27.7,77.08333333,Pahari,"Dug Well",W18098,2011,3.33,4.08,3.35,4.21
RJ,Bharatpur,Kaman,Nagar,27.60833333,77.07083333,Jhantli,"Dug Well",W13763,2011,6.7,5.35,5.58,5.4
RJ,Bharatpur,Kaman,Nagar,27.625,77.06666667,Nakatpura,"Tube Well",W13766,2011,5.22,5.23,5.03,'0
RJ,Bharatpur,Kaman,Kaman,27.63333333,77.28333333,Indroli,"Dug Well",W22200,2011,5.62,'0,'0,6.3
RJ,Bharatpur,Kaman,Kaman,27.66388889,77.295,Kaman1,"Dug Well",W13765,2011,39.82,9.7,'0,9.87
RJ,Bharatpur,Rupbas,Bayana,26.95,77.38333333,"Kheria Mod","Dug Well",W22202,2011,5.35,'0,24.34,4.22
RJ,Bharatpur,Rupbas,Bayana,26.96388889,77.35972222,"Bawari Baroda","Dug Well",W13781,2011,6.69,7,6.58,7.27
RJ,Bharatpur,Bayana,Bayana,26.96666667,77.3,Bhimnagar,"Tube Well",W22097,2011,2.78,20.92,18.15,22.24
RJ,Bharatpur,Rupbas,Bayana,26.96805556,77.25166667,Bhagori,"Dug Well",W13783,2011,10.44,11.54,10.33,17.64
RJ,Bharatpur,Rupbas,Bayana,27.00833333,77.38333333,Biraitha,"Dug Well",W13784,2011,'0,11.43,'0,'0
RJ,Bharatpur,Rupbas,Rupbas,26.975,77.6375,"Khan Surjapur","Dug Well",W13787,2011,4.28,5.1,4.74,7.72
RJ,Bharatpur,Rupbas,Rupbas,26.98333333,77.56666667,Roopwas1,"Bore Well",W21762,2011,'0,.2,.34,1.6
RJ,Bharatpur,Rupbas,Rupbas,26.99583333,77.49166667,Dahinagaon,"Dug Well",W13785,2011,11.6,5.58,11.47,13.58
RJ,Bharatpur,Rupbas,Weir,27.01388889,77.175,Weir1,"Tube Well",W13795,2011,20.37,22.74,22.66,22.57
RJ,Bharatpur,Kumher,Kumher,27.33333333,77.55,"Rarah Pzi","Tube Well",W18096,2011,12,30.78,20.84,13
RJ,Bharatpur,Rupbas,Bayana,26.80416667,77.43055556,Rudhawal-2,"Dug Well",W13790,2011,.53,5.9,4.97,8.23
RJ,Bharatpur,Nadbai,Nadbai,27.20833333,77.2125,Nadbai1,"Tube Well",W13776,2011,12.1,13.22,12.78,14.17
RJ,Bharatpur,Kumher,Nadbai,27.225,77.09166667,"Baonli Chan","Tube Well",W13770,2011,28.65,24.35,24.26,24.48
RJ,Bharatpur,Deeg,Deeg,27.395,77.3525,Mandhera,"Dug Well",W13758,2011,5.86,5.91,6.13,6.91
RJ,Bharatpur,Kaman,Deeg,27.55,77.3,Sihora,"Dug Well",W13769,2011,5.85,6,5.43,6.37
RJ,Bharatpur,Nagar,Nagar,27.525,77.075,Jaisari,"Tube Well",W13778,2011,6.96,6.98,6.74,7.1
RJ,Bharatpur,Kaman,Nagar,27.53333333,77.125,Gulpura,"Dug Well",W13762,2011,6.98,'0,8.97,8
RJ,Bharatpur,Kaman,Kaman,27.78222222,77.22666667,Jurahra,"Dug Well",W13764,2011,5.34,5.27,4.71,6.04
RJ,Bharatpur,Rupbas,Bayana,26.90555556,77.37777778,"Bandh Bareta","Dug Well",W13780,2011,3.05,3.05,3.11,3.45
RJ,Bharatpur,Bayana,Bayana,26.91666667,77.31666667,"Jheel Mandir","Tube Well",W22098,2011,22.92,25.03,'0,24.7
RJ,Bharatpur,Rupbas,Rupbas,27.03333333,77.55,Khanua,"Dug Well",W13788,2011,5.72,5.62,7.34,6.52
RJ,Bharatpur,Rupbas,Rupbas,27.09222222,77.41083333,Uchain-1,"Dug Well",W13792,2011,11.8,11.7,'0,'0
RJ,Bharatpur,Weir,Weir,27.03333333,77.13333333,Jagjeevanpura,"Tube Well",W18103,2011,11.57,12.29,10.98,13.2
RJ,Bharatpur,Weir,Weir,27.11666667,77.06666667,Chokarwada,"Tube Well",W22203,2011,33.43,'0,41.96,36.2
RJ,Bharatpur,Weir,Weir,27.13055556,77.15,Halena,"Tube Well",W13796,2011,27.3,'0,28.08,'0
RJ,Bharatpur,Bharatpur,Sewar,27.21666667,77.5,Bharatpur,"Dug Well",W13753,2011,2.22,2.94,2.88,3.49
RJ,Bharatpur,Nadbai,Nadbai,27.16111111,77.3125,Lulhara-2,"Tube Well",W13774,2011,13.8,12.07,16.77,16.6
RJ,Bharatpur,Nadbai,Nadbai,27.16666667,77.26666667,Lulhara-1,"Dug Well",W13773,2011,11.79,11.59,'0,12.49
RJ,Bharatpur,Deeg,Deeg,27.5,77.31666667,Deeg-1,"Tube Well",W22099,2011,2.27,4.1,2.07,4.12
RJ,Bharatpur,Deeg,Deeg,27.445,77.25,Panhori-1,"Dug Well",W13759,2010,9.13,9.06,6.24,10.61
RJ,Bharatpur,Weir,Weir,27.03333333,77.06666667,Sadpura,"Dug Well",W13797,2010,19.33,'0,'0,'0
RJ,Bharatpur,Nagar,Nagar,27.7,77.08333333,Pahari,"Dug Well",W18098,2010,4.18,4.94,3.73,6.61
RJ,Bharatpur,Kaman,Nagar,27.60833333,77.07083333,Jhantli,"Dug Well",W13763,2010,7.64,7.69,4.61,'0
RJ,Bharatpur,Kaman,Nagar,27.625,77.06666667,Nakatpura,"Tube Well",W13766,2010,5.84,6.05,5.3,6.75
RJ,Bharatpur,Kaman,Kaman,27.66388889,77.295,Kaman1,"Dug Well",W13765,2010,10.46,10.28,10.45,8.9
RJ,Bharatpur,Rupbas,Bayana,26.96388889,77.35972222,"Bawari Baroda","Dug Well",W13781,2010,10.65,'0,6.88,7.9
RJ,Bharatpur,Rupbas,Bayana,26.96805556,77.25166667,Bhagori,"Dug Well",W13783,2010,12.27,15.15,7.82,'0
RJ,Bharatpur,Rupbas,Bayana,27.00833333,77.38333333,Biraitha,"Dug Well",W13784,2010,'0,5.16,16.91,'0
RJ,Bharatpur,Rupbas,Rupbas,26.975,77.6375,"Khan Surjapur","Dug Well",W13787,2010,10.67,11.05,4.1,12
RJ,Bharatpur,Rupbas,Rupbas,26.98333333,77.56666667,Roopwas1,"Bore Well",W21762,2010,1.25,1.68,'0,3.8
RJ,Bharatpur,Rupbas,Rupbas,26.99583333,77.49166667,Dahinagaon,"Dug Well",W13785,2010,7.35,7.09,5.58,8.41
RJ,Bharatpur,Rupbas,Weir,27.01388889,77.175,Weir1,"Tube Well",W13795,2010,22.43,21.87,'0,'0
RJ,Bharatpur,Kumher,Kumher,27.33333333,77.55,"Rarah Pzi","Tube Well",W18096,2010,20.4,29.12,10.15,22.95
RJ,Bharatpur,Rupbas,Bayana,26.80416667,77.43055556,Rudhawal-2,"Dug Well",W13790,2010,5.88,6.67,5.63,8.79
RJ,Bharatpur,Nadbai,Nadbai,27.20833333,77.2125,Nadbai1,"Tube Well",W13776,2010,13.25,22.02,13.18,14.22
RJ,Bharatpur,Kumher,Nadbai,27.225,77.09166667,"Baonli Chan","Tube Well",W13770,2010,23.8,24.69,23.38,24.45
RJ,Bharatpur,Deeg,Deeg,27.395,77.3525,Mandhera,"Dug Well",W13758,2010,8.98,10.2,4.99,10.71
RJ,Bharatpur,Kaman,Deeg,27.55,77.3,Sihora,"Dug Well",W13769,2010,7,6.2,7,7.75
RJ,Bharatpur,Nagar,Nagar,27.525,77.075,Jaisari,"Tube Well",W13778,2010,7.42,'0,6.56,7.54
RJ,Bharatpur,Kaman,Nagar,27.53333333,77.125,Gulpura,"Dug Well",W13762,2010,7.7,7.32,'0,8.9
RJ,Bharatpur,Kaman,Kaman,27.78222222,77.22666667,Jurahra,"Dug Well",W13764,2010,5.08,6.69,7.24,7.41
RJ,Bharatpur,Rupbas,Bayana,26.90555556,77.37777778,"Bandh Bareta","Dug Well",W13780,2010,3.08,3.05,3.03,3.92
RJ,Bharatpur,Rupbas,Rupbas,27.03333333,77.55,Khanua,"Dug Well",W13788,2010,6.99,6.76,5.37,7.66
RJ,Bharatpur,Rupbas,Rupbas,27.09222222,77.41083333,Uchain-1,"Dug Well",W13792,2010,10.55,10.2,10.68,10.24
RJ,Bharatpur,Weir,Weir,27.03333333,77.13333333,Jagjeevanpura,"Tube Well",W18103,2010,13.47,13.2,12.39,13.46
RJ,Bharatpur,Weir,Weir,27.13055556,77.15,Halena,"Tube Well",W13796,2010,15.9,'0,15.27,16.45
RJ,Bharatpur,Bharatpur,Sewar,27.21666667,77.5,Bharatpur,"Dug Well",W13753,2010,2.67,1.86,2.64,10.74
RJ,Bharatpur,Nadbai,Nadbai,27.16111111,77.3125,Lulhara-2,"Tube Well",W13774,2010,12.4,29.46,11.53,12.9
RJ,Bharatpur,Nadbai,Nadbai,27.16666667,77.26666667,Lulhara-1,"Dug Well",W13773,2010,11.89,12.16,11.01,12.79
RJ,Bharatpur,Deeg,Deeg,27.46666667,77.33333333,Deeg-2,"Dug Well",W13757,2010,9.26,6.89,1.38,8.36
RJ,Bharatpur,Deeg,Deeg,27.445,77.25,Panhori-1,"Dug Well",W13759,2009,5.56,10.97,7.83,8.86
RJ,Bharatpur,Weir,Weir,27.03333333,77.06666667,Sadpura,"Dug Well",W13797,2009,21.15,22.3,'0,22.65
RJ,Bharatpur,Nagar,Nagar,27.7,77.08333333,Pahari,"Dug Well",W18098,2009,6.75,5.53,5.81,7.83
RJ,Bharatpur,Kaman,Nagar,27.60833333,77.07083333,Jhantli,"Dug Well",W13763,2009,7.02,6.58,5.4,7.05
RJ,Bharatpur,Kaman,Nagar,27.625,77.06666667,Nakatpura,"Tube Well",W13766,2009,6.1,5.05,7.55,6.55
RJ,Bharatpur,Kaman,Kaman,27.66388889,77.295,Kaman1,"Dug Well",W13765,2009,10,9.85,10.24,10.15
RJ,Bharatpur,Rupbas,Bayana,26.96388889,77.35972222,"Bawari Baroda","Dug Well",W13781,2009,2.99,6.62,6.77,7.3
RJ,Bharatpur,Rupbas,Bayana,26.96805556,77.25166667,Bhagori,"Dug Well",W13783,2009,13.78,12.44,10.8,14.99
RJ,Bharatpur,Kaman,Kaman,27.71833333,77.28,Satwas,"Tube Well",W21717,2009,5.12,'0,14.22,13.1
RJ,Bharatpur,Rupbas,Bayana,27.00833333,77.38333333,Biraitha,"Dug Well",W13784,2009,'0,9.48,'0,10.91
RJ,Bharatpur,Rupbas,Rupbas,26.95833333,77.41666667,Rudhawal-1,"Dug Well",W13789,2009,8.42,8.02,'0,8.02
RJ,Bharatpur,Rupbas,Rupbas,26.975,77.6375,"Khan Surjapur","Dug Well",W13787,2009,9.37,6.85,7.6,9.85
RJ,Bharatpur,Rupbas,Rupbas,26.98333333,77.56666667,Roopwas1,"Bore Well",W21762,2009,.8,1.45,3.16,2.65
RJ,Bharatpur,Rupbas,Rupbas,26.99583333,77.49166667,Dahinagaon,"Dug Well",W13785,2009,8.98,7.78,7.5,8.68
RJ,Bharatpur,Rupbas,Weir,27.01388889,77.175,Weir1,"Tube Well",W13795,2009,20.37,22.77,23.47,10.72
RJ,Bharatpur,Kumher,Kumher,27.33333333,77.55,"Rarah Pzi","Tube Well",W18096,2009,19.59,30.8,10,10.55
RJ,Bharatpur,Rupbas,Bayana,26.80416667,77.43055556,Rudhawal-2,"Dug Well",W13790,2009,4.95,7.53,8.31,9.2
RJ,Bharatpur,Nadbai,Nadbai,27.20833333,77.2125,Nadbai1,"Tube Well",W13776,2009,'0,'0,13.58,'0
RJ,Bharatpur,Kumher,Nadbai,27.225,77.09166667,"Baonli Chan","Tube Well",W13770,2009,22.5,22.5,23.6,23.1
RJ,Bharatpur,Deeg,Deeg,27.395,77.3525,Mandhera,"Dug Well",W13758,2009,13.95,9.66,11.87,9.41
RJ,Bharatpur,Kaman,Deeg,27.55,77.3,Sihora,"Dug Well",W13769,2009,6.05,5.74,5.72,6.3
RJ,Bharatpur,Nagar,Nagar,27.525,77.075,Jaisari,"Tube Well",W13778,2009,5.45,'0,7,6.15
RJ,Bharatpur,Kaman,Nagar,27.53333333,77.125,Gulpura,"Dug Well",W13762,2009,8.9,7.27,9.35,6.55
RJ,Bharatpur,Kaman,Kaman,27.78222222,77.22666667,Jurahra,"Dug Well",W13764,2009,5.12,7.07,3.47,4.62
RJ,Bharatpur,Rupbas,Bayana,26.90555556,77.37777778,"Bandh Bareta","Dug Well",W13780,2009,5.82,2.7,2.45,3.2
RJ,Bharatpur,Rupbas,Rupbas,27.03333333,77.55,Khanua,"Dug Well",W13788,2009,6.57,4.41,5.89,7.12
RJ,Bharatpur,Rupbas,Rupbas,27.09222222,77.41083333,Uchain-1,"Dug Well",W13792,2009,9.1,10.05,9.6,10.3
RJ,Bharatpur,Weir,Weir,27.03333333,77.13333333,Jagjeevanpura,"Tube Well",W18103,2009,13.35,17.21,14.35,'0
RJ,Bharatpur,Bharatpur,Sewar,27.10833333,77.51666667,Kalyanpura2,"Dug Well",W13756,2009,6.52,6.46,'0,'0
RJ,Bharatpur,Bharatpur,Sewar,27.21666667,77.5,Bharatpur,"Dug Well",W13753,2009,1.12,1.59,.44,2.29
RJ,Bharatpur,Nadbai,Nadbai,27.16111111,77.3125,Lulhara-2,"Tube Well",W13774,2009,'0,24.45,19.5,14.96
RJ,Bharatpur,Nadbai,Nadbai,27.16666667,77.26666667,Lulhara-1,"Dug Well",W13773,2009,11.09,11.68,13.71,12.75
RJ,Bharatpur,Deeg,Deeg,27.46666667,77.33333333,Deeg-2,"Dug Well",W13757,2009,5.46,5.48,5.46,6.71
RJ,Bharatpur,Deeg,Deeg,27.445,77.25,Panhori-1,"Dug Well",W13759,2008,7.76,8.61,7.43,8.64
RJ,Bharatpur,Weir,Weir,27.03333333,77.06666667,Sadpura,"Dug Well",W13797,2008,21.55,22,'0,22.04
RJ,Bharatpur,Nagar,Nagar,27.7,77.08333333,Pahari,"Dug Well",W18098,2008,4.88,6.24,4.22,6.27
RJ,Bharatpur,Kaman,Nagar,27.60833333,77.07083333,Jhantli,"Dug Well",W13763,2008,5.31,6.93,5.45,6.97
RJ,Bharatpur,Kaman,Nagar,27.625,77.06666667,Nakatpura,"Tube Well",W13766,2008,6.1,6.24,5.3,6.27
RJ,Bharatpur,Kaman,Kaman,27.66388889,77.295,Kaman1,"Dug Well",W13765,2008,9.7,9.62,6.04,9.66
RJ,Bharatpur,Rupbas,Bayana,26.96388889,77.35972222,"Bawari Baroda","Dug Well",W13781,2008,7.15,8.1,6.58,8.13
RJ,Bharatpur,Rupbas,Bayana,26.96805556,77.25166667,Bhagori,"Dug Well",W13783,2008,12.04,18.36,21.01,18.41
RJ,Bharatpur,Kaman,Kaman,27.71833333,77.28,Satwas,"Tube Well",W21717,2008,12.48,'0,12.15,'0
RJ,Bharatpur,Rupbas,Bayana,27.00833333,77.38333333,Biraitha,"Dug Well",W13784,2008,7.78,9.43,7.83,9.48
RJ,Bharatpur,Rupbas,Rupbas,26.95833333,77.41666667,Rudhawal-1,"Dug Well",W13789,2008,7.58,8.34,7.28,9.04
RJ,Bharatpur,Rupbas,Rupbas,26.975,77.6375,"Khan Surjapur","Dug Well",W13787,2008,7.29,8.48,5.44,9.92
RJ,Bharatpur,Rupbas,Rupbas,26.98333333,77.56666667,Roopwas1,"Bore Well",W21762,2008,'0,'0,.25,'0
RJ,Bharatpur,Rupbas,Rupbas,26.99583333,77.49166667,Dahinagaon,"Dug Well",W13785,2008,7.57,8.73,7.49,8.77
RJ,Bharatpur,Rupbas,Weir,27.01388889,77.175,Weir1,"Tube Well",W13795,2008,19.83,22.98,22.69,'0
RJ,Bharatpur,Kumher,Kumher,27.33333333,77.55,"Rarah Pzi","Tube Well",W18096,2008,30.55,30.19,10.87,19.62
RJ,Bharatpur,Rupbas,Bayana,26.80416667,77.43055556,Rudhawal-2,"Dug Well",W13790,2008,4.16,8.03,4.16,8.58
RJ,Bharatpur,Nadbai,Nadbai,27.20833333,77.2125,Nadbai1,"Tube Well",W13776,2008,'0,14.05,'0,'0
RJ,Bharatpur,Kumher,Nadbai,27.225,77.09166667,"Baonli Chan","Tube Well",W13770,2008,21.9,21.69,21.7,22.04
RJ,Bharatpur,Deeg,Deeg,27.395,77.3525,Mandhera,"Dug Well",W13758,2008,8.01,9.06,9.07,9.09
RJ,Bharatpur,Kaman,Deeg,27.55,77.3,Sihora,"Dug Well",W13769,2008,5.86,6.28,5.65,'0
RJ,Bharatpur,Nagar,Nagar,27.525,77.075,Jaisari,"Tube Well",W13778,2008,'0,8.62,6.42,8.66
RJ,Bharatpur,Kaman,Nagar,27.53333333,77.125,Gulpura,"Dug Well",W13762,2008,6.67,6.26,6.7,6.29
RJ,Bharatpur,Kaman,Kaman,27.78222222,77.22666667,Jurahra,"Dug Well",W13764,2008,6.32,6.48,5.94,6.51
RJ,Bharatpur,Rupbas,Bayana,26.90555556,77.37777778,"Bandh Bareta","Dug Well",W13780,2008,2.55,3.18,2.86,3.22
RJ,Bharatpur,Rupbas,Bayana,26.91666667,77.3,Bayana,"Tube Well",W13782,2008,'0,'0,'0,14.09
RJ,Bharatpur,Rupbas,Rupbas,27.03333333,77.55,Khanua,"Dug Well",W13788,2008,6.12,7.96,6.1,8.51
RJ,Bharatpur,Rupbas,Rupbas,27.09222222,77.41083333,Uchain-1,"Dug Well",W13792,2008,8.5,10.83,9.15,'0
RJ,Bharatpur,Weir,Weir,27.03333333,77.13333333,Jagjeevanpura,"Tube Well",W18103,2008,15.97,16.66,13.02,17.01
RJ,Bharatpur,Bharatpur,Sewar,27.10833333,77.51666667,Kalyanpura2,"Dug Well",W13756,2008,6.3,'0,6.12,'0
RJ,Bharatpur,Bharatpur,Sewar,27.21666667,77.5,Bharatpur,"Dug Well",W13753,2008,1.6,2.47,1.75,2.56
RJ,Bharatpur,Nadbai,Nadbai,27.16111111,77.3125,Lulhara-2,"Tube Well",W13774,2008,14.4,19.25,14.63,19.28
RJ,Bharatpur,Nadbai,Nadbai,27.16666667,77.26666667,Lulhara-1,"Dug Well",W13773,2008,11.91,12.67,12.27,12.9
RJ,Bharatpur,Deeg,Deeg,27.46666667,77.33333333,Deeg-2,"Dug Well",W13757,2008,5.81,7.91,5.44,7.41
RJ,Bharatpur,Deeg,Deeg,27.445,77.25,Panhori-1,"Dug Well",W13759,2007,4.17,7.48,5.31,7.84
RJ,Bharatpur,Weir,Weir,27.03333333,77.06666667,Sadpura,"Dug Well",W13797,2007,17.26,'0,21.38,'0
RJ,Bharatpur,Nagar,Nagar,27.7,77.08333333,Pahari,"Dug Well",W18098,2007,3.9,5.28,6.11,5.33
RJ,Bharatpur,Kaman,Nagar,27.60833333,77.07083333,Jhantli,"Dug Well",W13763,2007,3.62,7.4,6.47,6.12
RJ,Bharatpur,Kaman,Nagar,27.61666667,77.07833333,Ramph,"Tube Well",W13767,2007,6.32,'0,'0,'0
RJ,Bharatpur,Kaman,Nagar,27.625,77.06666667,Nakatpura,"Tube Well",W13766,2007,4.31,4.8,5.7,5.2
RJ,Bharatpur,Kaman,Kaman,27.66388889,77.295,Kaman1,"Dug Well",W13765,2007,8.68,9.6,9.58,9.76
RJ,Bharatpur,Rupbas,Bayana,26.96388889,77.35972222,"Bawari Baroda","Dug Well",W13781,2007,7.83,7.33,'0,7.65
RJ,Bharatpur,Rupbas,Bayana,26.96805556,77.25166667,Bhagori,"Dug Well",W13783,2007,4.61,15.16,18,16.64
RJ,Bharatpur,Rupbas,Bayana,27.00833333,77.38333333,Biraitha,"Dug Well",W13784,2007,7.54,9.1,10.16,10.43
RJ,Bharatpur,Rupbas,Rupbas,26.95833333,77.41666667,Rudhawal-1,"Dug Well",W13789,2007,'0,5.39,8.02,'0
RJ,Bharatpur,Rupbas,Rupbas,26.975,77.6375,"Khan Surjapur","Dug Well",W13787,2007,6.22,9.24,6.85,10.02
RJ,Bharatpur,Rupbas,Rupbas,26.99583333,77.49166667,Dahinagaon,"Dug Well",W13785,2007,5.5,7.98,8.38,8.28
RJ,Bharatpur,Rupbas,Weir,27.01388889,77.175,Weir1,"Tube Well",W13795,2007,16.34,21.87,22.79,22.07
RJ,Bharatpur,Kumher,Kumher,27.33333333,77.55,"Rarah Pzi","Tube Well",W18096,2007,15.35,11.19,25.35,9.65
RJ,Bharatpur,Rupbas,Bayana,26.80416667,77.43055556,Rudhawal-2,"Dug Well",W13790,2007,8.64,8.9,7.37,9.55
RJ,Bharatpur,Kumher,Nadbai,27.225,77.09166667,"Baonli Chan","Tube Well",W13770,2007,19.87,3.6,21.66,21.35
RJ,Bharatpur,Deeg,Deeg,27.395,77.3525,Mandhera,"Dug Well",W13758,2007,2.8,8.46,8.93,9.01
RJ,Bharatpur,Kaman,Deeg,27.55,77.3,Sihora,"Dug Well",W13769,2007,3.53,6.6,5.57,6.24
RJ,Bharatpur,Nagar,Nagar,27.525,77.075,Jaisari,"Tube Well",W13778,2007,6.71,5.7,'0,5.93
RJ,Bharatpur,Kaman,Nagar,27.53333333,77.125,Gulpura,"Dug Well",W13762,2007,10.27,11.35,5.92,'0
RJ,Bharatpur,Kaman,Kaman,27.78222222,77.22666667,Jurahra,"Dug Well",W13764,2007,'0,9.52,'0,7.15
RJ,Bharatpur,Rupbas,Bayana,26.90555556,77.37777778,"Bandh Bareta","Dug Well",W13780,2007,4.94,5.48,3.31,3.55
RJ,Bharatpur,Rupbas,Bayana,26.91666667,77.3,Bayana,"Tube Well",W13782,2007,14.02,'0,'0,'0
RJ,Bharatpur,Rupbas,Rupbas,27.03333333,77.55,Khanua,"Dug Well",W13788,2007,6.44,7.49,8.04,7.72
RJ,Bharatpur,Rupbas,Rupbas,27.09222222,77.41083333,Uchain-1,"Dug Well",W13792,2007,5.47,8.55,10.05,8.8
RJ,Bharatpur,Rupbas,Rupbas,27.1,77.41666667,Uchain-2,"Tube Well",W13793,2007,7.21,'0,'0,'0
RJ,Bharatpur,Weir,Weir,27.03333333,77.13333333,Jagjeevanpura,"Tube Well",W18103,2007,15.81,15.37,16.32,15.36
RJ,Bharatpur,Weir,Weir,27.13055556,77.15,Halena,"Tube Well",W13796,2007,11.8,'0,'0,'0
RJ,Bharatpur,Bharatpur,Sewar,27.10833333,77.51666667,Kalyanpura2,"Dug Well",W13756,2007,6.93,7.84,7.6,7.3
RJ,Bharatpur,Bharatpur,Sewar,27.21666667,77.5,Bharatpur,"Dug Well",W13753,2007,5.29,4.81,2.19,3.59
RJ,Bharatpur,Nadbai,Nadbai,27.16111111,77.3125,Lulhara-2,"Tube Well",W13774,2007,11.28,14.67,15.3,16.7
RJ,Bharatpur,Nadbai,Nadbai,27.16666667,77.26666667,Lulhara-1,"Dug Well",W13773,2007,10.7,'0,12.69,'0
RJ,Bharatpur,Deeg,Deeg,27.46666667,77.33333333,Deeg-2,"Dug Well",W13757,2007,6.65,6.66,7.78,6.21
RJ,Bharatpur,Deeg,Deeg,27.445,77.25,Panhori-1,"Dug Well",W13759,2006,6.03,5.46,6.09,6.61
RJ,Bharatpur,Weir,Weir,27.03333333,77.06666667,Sadpura,"Dug Well",W13797,2006,18.85,17.85,18.22,'0
RJ,Bharatpur,Nagar,Nagar,27.7,77.08333333,Pahari,"Dug Well",W18098,2006,4.22,4,4.3,4.88
RJ,Bharatpur,Kaman,Nagar,27.60833333,77.07083333,Jhantli,"Dug Well",W13763,2006,4.73,4.43,4.88,8.7
RJ,Bharatpur,Kaman,Nagar,27.61666667,77.07833333,Ramph,"Tube Well",W13767,2006,'0,9.31,'0,'0
RJ,Bharatpur,Kaman,Nagar,27.625,77.06666667,Nakatpura,"Tube Well",W13766,2006,4.44,6.25,4.51,4.6
RJ,Bharatpur,Kaman,Kaman,27.66388889,77.295,Kaman1,"Dug Well",W13765,2006,8.96,10.74,9.01,8.9
RJ,Bharatpur,Rupbas,Bayana,26.96388889,77.35972222,"Bawari Baroda","Dug Well",W13781,2006,6.91,9.74,7.12,6.1
RJ,Bharatpur,Rupbas,Bayana,26.96805556,77.25166667,Bhagori,"Dug Well",W13783,2006,12.57,13.36,12.73,16.64
RJ,Bharatpur,Rupbas,Bayana,27.00833333,77.38333333,Biraitha,"Dug Well",W13784,2006,'0,7.96,'0,'0
RJ,Bharatpur,Rupbas,Rupbas,26.95833333,77.41666667,Rudhawal-1,"Dug Well",W13789,2006,5.14,7.39,6.83,6.72
RJ,Bharatpur,Rupbas,Rupbas,26.975,77.6375,"Khan Surjapur","Dug Well",W13787,2006,5.03,10.59,5.12,5.45
RJ,Bharatpur,Rupbas,Rupbas,26.99583333,77.49166667,Dahinagaon,"Dug Well",W13785,2006,6.93,9.55,7.09,7.58
RJ,Bharatpur,Rupbas,Weir,27.01388889,77.175,Weir1,"Tube Well",W13795,2006,20.85,17.17,20.96,19.47
RJ,Bharatpur,Kumher,Kumher,27.33333333,77.55,"Rarah Pzi","Tube Well",W18096,2006,9.15,12.65,19.01,9
RJ,Bharatpur,Rupbas,Bayana,26.80416667,77.43055556,Rudhawal-2,"Dug Well",W13790,2006,6.66,8.62,6.78,9.15
RJ,Bharatpur,Kumher,Nadbai,27.225,77.09166667,"Baonli Chan","Tube Well",W13770,2006,1.2,21.83,1.37,20.5
RJ,Bharatpur,Deeg,Deeg,27.395,77.3525,Mandhera,"Dug Well",W13758,2006,6.69,5.93,6.7,7.66
RJ,Bharatpur,Kaman,Deeg,27.55,77.3,Sihora,"Dug Well",W13769,2006,5.48,5.43,5.56,4.45
RJ,Bharatpur,Nagar,Nagar,27.525,77.075,Jaisari,"Tube Well",W13778,2006,4.87,6.33,4.91,5
RJ,Bharatpur,Kaman,Nagar,27.53333333,77.125,Gulpura,"Dug Well",W13762,2006,7.2,11.13,7.32,8.7
RJ,Bharatpur,Kaman,Kaman,27.765,77.10333333,Ghatmika,"Tube Well",W13761,2006,'0,6.64,'0,'0
RJ,Bharatpur,Kaman,Kaman,27.78222222,77.22666667,Jurahra,"Dug Well",W13764,2006,6.19,6.33,6.34,6.32
RJ,Bharatpur,Rupbas,Bayana,26.90555556,77.37777778,"Bandh Bareta","Dug Well",W13780,2006,3.75,10.26,3.27,3.65
RJ,Bharatpur,Rupbas,Bayana,26.91666667,77.3,Bayana,"Tube Well",W13782,2006,'0,14.65,'0,'0
RJ,Bharatpur,Rupbas,Rupbas,27.03333333,77.55,Khanua,"Dug Well",W13788,2006,6.37,9.77,6.5,6.32
RJ,Bharatpur,Rupbas,Rupbas,27.09222222,77.41083333,Uchain-1,"Dug Well",W13792,2006,'0,8.42,7.71,7.6
RJ,Bharatpur,Rupbas,Rupbas,27.1,77.41666667,Uchain-2,"Tube Well",W13793,2006,'0,9.63,'0,'0
RJ,Bharatpur,Weir,Weir,27.03333333,77.13333333,Jagjeevanpura,"Tube Well",W18103,2006,13.67,15.87,13.72,13.2
RJ,Bharatpur,Weir,Weir,27.13055556,77.15,Halena,"Tube Well",W13796,2006,'0,11.57,'0,12.15
RJ,Bharatpur,Bharatpur,Sewar,27.10833333,77.51666667,Kalyanpura2,"Dug Well",W13756,2006,5.99,9.12,6.07,6.8
RJ,Bharatpur,Bharatpur,Sewar,27.21666667,77.5,Bharatpur,"Dug Well",W13753,2006,8.97,4.19,2.26,3.14
RJ,Bharatpur,Nadbai,Nadbai,27.16111111,77.3125,Lulhara-2,"Tube Well",W13774,2006,13.22,11.4,'0,13.4
RJ,Bharatpur,Nadbai,Nadbai,27.16666667,77.26666667,Lulhara-1,"Dug Well",W13773,2006,'0,10.23,13.21,'0
RJ,Bharatpur,Deeg,Deeg,27.46666667,77.33333333,Deeg-2,"Dug Well",W13757,2006,4.57,5.99,6.46,5.16
RJ,Bharatpur,Deeg,Deeg,27.445,77.25,Panhori-1,"Dug Well",W13759,2005,4.49,7.45,3.89,7.75
RJ,Bharatpur,Weir,Weir,27.03333333,77.06666667,Sadpura,"Dug Well",W13797,2005,17.95,'0,17.28,'0
RJ,Bharatpur,Nagar,Nagar,27.7,77.08333333,Pahari,"Dug Well",W18098,2005,3.04,3.66,2.97,4.57
RJ,Bharatpur,Kaman,Nagar,27.60833333,77.07083333,Jhantli,"Dug Well",W13763,2005,4.28,6.02,3.17,5.83
RJ,Bharatpur,Kaman,Nagar,27.61666667,77.07833333,Ramph,"Tube Well",W13767,2005,7.18,4.5,8.63,4.68
RJ,Bharatpur,Kaman,Nagar,27.625,77.06666667,Nakatpura,"Tube Well",W13766,2005,5.07,4.55,5.05,4.97
RJ,Bharatpur,Nagar,Nagar,27.425,77.1,Nagar1,"Tube Well",W13779,2005,'0,2.4,'0,'0
RJ,Bharatpur,Kaman,Kaman,27.66388889,77.295,Kaman1,"Dug Well",W13765,2005,9.01,8.34,9.47,7.29
RJ,Bharatpur,Rupbas,Bayana,26.96388889,77.35972222,"Bawari Baroda","Dug Well",W13781,2005,8.21,6.9,7.43,7.8
RJ,Bharatpur,Rupbas,Bayana,26.96805556,77.25166667,Bhagori,"Dug Well",W13783,2005,4.38,7.54,4.11,14.06
RJ,Bharatpur,Rupbas,Bayana,27.00833333,77.38333333,Biraitha,"Dug Well",W13784,2005,7.21,7.13,7.02,'0
RJ,Bharatpur,Rupbas,Rupbas,26.95833333,77.41666667,Rudhawal-1,"Dug Well",W13789,2005,'0,2.22,'0,6.8
RJ,Bharatpur,Rupbas,Rupbas,26.975,77.6375,"Khan Surjapur","Dug Well",W13787,2005,7.09,4.56,7.02,8.2
RJ,Bharatpur,Rupbas,Rupbas,26.99583333,77.49166667,Dahinagaon,"Dug Well",W13785,2005,6.04,7.71,5.27,7.92
RJ,Bharatpur,Rupbas,Weir,27.01388889,77.175,Weir1,"Tube Well",W13795,2005,17.29,20.92,16.24,19.15
RJ,Bharatpur,Kumher,Kumher,27.33333333,77.55,"Rarah Pzi","Tube Well",W18096,2005,9.57,9.05,10.02,12.94
RJ,Bharatpur,Rupbas,Bayana,26.80416667,77.43055556,Rudhawal-2,"Dug Well",W13790,2005,9.38,6.34,7.96,8.9
RJ,Bharatpur,Nadbai,Nadbai,27.20833333,77.2125,Nadbai1,"Tube Well",W13776,2005,'0,10.84,'0,12.02
RJ,Bharatpur,Kumher,Nadbai,27.225,77.09166667,"Baonli Chan","Tube Well",W13770,2005,20.09,19.75,20.07,12.54
RJ,Bharatpur,Deeg,Deeg,27.395,77.3525,Mandhera,"Dug Well",W13758,2005,2.07,6.64,2.84,7.74
RJ,Bharatpur,Kaman,Deeg,27.55,77.3,Sihora,"Dug Well",W13769,2005,4.09,3.4,4.36,4.12
RJ,Bharatpur,Nagar,Nagar,27.525,77.075,Jaisari,"Tube Well",W13778,2005,7.21,4.73,6.32,5.27
RJ,Bharatpur,Kaman,Nagar,27.53333333,77.125,Gulpura,"Dug Well",W13762,2005,10.95,7.1,10.19,9
RJ,Bharatpur,Kaman,Kaman,27.765,77.10333333,Ghatmika,"Tube Well",W13761,2005,'0,5.5,'0,5.17
RJ,Bharatpur,Kaman,Kaman,27.78222222,77.22666667,Jurahra,"Dug Well",W13764,2005,5.45,7.88,4.74,8.22
RJ,Bharatpur,Rupbas,Bayana,26.90555556,77.37777778,"Bandh Bareta","Dug Well",W13780,2005,4.95,2.9,4.93,21.44
RJ,Bharatpur,Rupbas,Bayana,26.91666667,77.3,Bayana,"Tube Well",W13782,2005,14.1,'0,13.12,'0
RJ,Bharatpur,Rupbas,Rupbas,27.03333333,77.55,Khanua,"Dug Well",W13788,2005,6.84,6.27,6.39,7.15
RJ,Bharatpur,Rupbas,Rupbas,27.09222222,77.41083333,Uchain-1,"Dug Well",W13792,2005,6.07,6.53,5.22,8.14
RJ,Bharatpur,Rupbas,Rupbas,27.1,77.41666667,Uchain-2,"Tube Well",W13793,2005,8.22,6.1,7.31,'0
RJ,Bharatpur,Weir,Weir,27.03333333,77.13333333,Jagjeevanpura,"Tube Well",W18103,2005,16.12,14.06,15.22,14.14
RJ,Bharatpur,Weir,Weir,27.13055556,77.15,Halena,"Tube Well",W13796,2005,12.22,13.45,11.08,13.05
RJ,Bharatpur,Bharatpur,Sewar,27.10833333,77.51666667,Kalyanpura2,"Dug Well",W13756,2005,7.09,6.2,7.61,6.85
RJ,Bharatpur,Bharatpur,Sewar,27.21666667,77.5,Bharatpur,"Dug Well",W13753,2005,6.23,4.49,5.55,4.22
RJ,Bharatpur,Nadbai,Nadbai,27.16111111,77.3125,Lulhara-2,"Tube Well",W13774,2005,12.09,11.4,12.03,12.15
RJ,Bharatpur,Nadbai,Nadbai,27.16666667,77.26666667,Lulhara-1,"Dug Well",W13773,2005,11.21,'0,10.18,10.64
RJ,Bharatpur,Deeg,Deeg,27.46666667,77.33333333,Deeg-2,"Dug Well",W13757,2005,4.92,4.81,3.85,4.73
RJ,Bharatpur,Deeg,Deeg,27.46666667,77.33333333,Deeg-2,"Dug Well",W13757,2003,'0,4.06,'0,4.96
RJ,Bharatpur,Nadbai,Nadbai,27.16666667,77.26666667,Lulhara-1,"Dug Well",W13773,2003,'0,9.39,'0,10.44
RJ,Bharatpur,Kaman,Nagar,27.625,77.06666667,Nakatpura,"Tube Well",W13766,2003,'0,7,'0,5.65
RJ,Bharatpur,Nagar,Nagar,27.425,77.1,Nagar1,"Tube Well",W13779,2003,'0,4.6,'0,5.08
RJ,Bharatpur,Kaman,Kaman,27.66388889,77.295,Kaman1,"Dug Well",W13765,2003,'0,6.45,'0,6.95
RJ,Bharatpur,Rupbas,Bayana,26.96388889,77.35972222,"Bawari Baroda","Dug Well",W13781,2003,'0,'0,'0,6.7
RJ,Bharatpur,Rupbas,Bayana,26.96805556,77.25166667,Bhagori,"Dug Well",W13783,2003,'0,16.09,'0,'0
RJ,Bharatpur,Rupbas,Rupbas,26.95833333,77.41666667,Rudhawal-1,"Dug Well",W13789,2003,'0,4.27,'0,6.32
RJ,Bharatpur,Rupbas,Rupbas,26.975,77.6375,"Khan Surjapur","Dug Well",W13787,2003,'0,7.13,'0,10.3
RJ,Bharatpur,Rupbas,Rupbas,26.99583333,77.49166667,Dahinagaon,"Dug Well",W13785,2003,'0,6.88,'0,7.68
RJ,Bharatpur,Rupbas,Weir,27.01388889,77.175,Weir1,"Tube Well",W13795,2003,'0,19.94,'0,18.07
RJ,Bharatpur,Rupbas,Bayana,26.80416667,77.43055556,Rudhawal-2,"Dug Well",W13790,2003,'0,8.51,'0,'0
RJ,Bharatpur,Nadbai,Nadbai,27.20833333,77.2125,Nadbai1,"Tube Well",W13776,2003,'0,'0,'0,12.02
RJ,Bharatpur,Kumher,Nadbai,27.225,77.09166667,"Baonli Chan","Tube Well",W13770,2003,'0,17.42,'0,17.75
RJ,Bharatpur,Kumher,Kumher,27.31666667,77.38333333,Kumher1,"Slim Hole",W13771,2003,'0,3.7,'0,5
RJ,Bharatpur,Deeg,Deeg,27.395,77.3525,Mandhera,"Dug Well",W13758,2003,'0,6.96,'0,8.16
RJ,Bharatpur,Kaman,Deeg,27.55,77.3,Sihora,"Dug Well",W13769,2003,'0,4.85,'0,5.05
RJ,Bharatpur,Nagar,Nagar,27.525,77.075,Jaisari,"Tube Well",W13778,2003,'0,6.25,'0,6.5
RJ,Bharatpur,Kaman,Nagar,27.53333333,77.125,Gulpura,"Dug Well",W13762,2003,'0,8.7,'0,9.6
RJ,Bharatpur,Kaman,Kaman,27.73333333,77.16666667,"Sahsin Pz","Tube Well",W13768,2003,'0,11.19,'0,11.41
RJ,Bharatpur,Kaman,Kaman,27.78222222,77.22666667,Jurahra,"Dug Well",W13764,2003,'0,9.18,'0,8.42
RJ,Bharatpur,Rupbas,Bayana,26.90555556,77.37777778,"Bandh Bareta","Dug Well",W13780,2003,'0,3.37,'0,3.75
RJ,Bharatpur,Rupbas,Bayana,26.91666667,77.3,Bayana,"Tube Well",W13782,2003,'0,12.15,'0,16.15
RJ,Bharatpur,Rupbas,Rupbas,27.03333333,77.55,Khanua,"Dug Well",W13788,2003,'0,5.57,'0,6.27
RJ,Bharatpur,Rupbas,Rupbas,27.09222222,77.41083333,Uchain-1,"Dug Well",W13792,2003,'0,6.05,'0,7.75
RJ,Bharatpur,Rupbas,Rupbas,27.1,77.41666667,Uchain-2,"Tube Well",W13793,2003,'0,5.54,'0,6.35
RJ,Bharatpur,Weir,Weir,27.13055556,77.15,Halena,"Tube Well",W13796,2003,'0,10.86,'0,10.65
RJ,Bharatpur,Bharatpur,Sewar,27.10833333,77.51666667,Kalyanpura2,"Dug Well",W13756,2003,'0,6.4,'0,6.9
RJ,Bharatpur,Bharatpur,Sewar,27.18333333,77.66666667,Chiksana,"Tube Well",W13754,2003,'0,12.62,'0,10.44
RJ,Bharatpur,Bharatpur,Sewar,27.21666667,77.5,Bharatpur,"Dug Well",W13753,2003,'0,5.94,'0,6.14
RJ,Bharatpur,Nadbai,Nadbai,27.16111111,77.3125,Lulhara-2,"Tube Well",W13774,2003,'0,11.03,'0,11.85
RJ,Bharatpur,Kaman,Nagar,27.60833333,77.07083333,Jhantli,"Dug Well",W13763,2003,'0,6.65,'0,7.1
RJ,Bharatpur,Deeg,Deeg,27.44333333,77.235,Panhori-2,"Tube Well",W13760,2002,'0,'0,15.3,'0
RJ,Bharatpur,Weir,Weir,27.03333333,77.06666667,Sadpura,"Dug Well",W13797,2002,15.04,12.37,15.43,15.7
RJ,Bharatpur,Deeg,Deeg,27.46666667,77.33333333,Deeg-2,"Dug Well",W13757,2002,3.18,2.63,5.78,6.14
RJ,Bharatpur,Kaman,Nagar,27.60833333,77.07083333,Jhantli,"Dug Well",W13763,2002,6.36,10.65,6.26,7.46
RJ,Bharatpur,Kaman,Nagar,27.61666667,77.07833333,Ramph,"Tube Well",W13767,2002,'0,3.18,6.9,7.23
RJ,Bharatpur,Kaman,Nagar,27.625,77.06666667,Nakatpura,"Tube Well",W13766,2002,11.58,4.8,5.25,5.98
RJ,Bharatpur,Nagar,Nagar,27.46,76.95277778,Bhuraka,"Dug Well",W13777,2002,15.64,13.28,'0,16.6
RJ,Bharatpur,Nagar,Nagar,27.425,77.1,Nagar1,"Tube Well",W13779,2002,3.95,2.4,4.01,4.75
RJ,Bharatpur,Kaman,Kaman,27.66388889,77.295,Kaman1,"Dug Well",W13765,2002,7.85,7.26,7.79,8.19
RJ,Bharatpur,Rupbas,Bayana,26.96388889,77.35972222,"Bawari Baroda","Dug Well",W13781,2002,5.22,4.57,5.57,5.65
RJ,Bharatpur,Rupbas,Bayana,26.96805556,77.25166667,Bhagori,"Dug Well",W13783,2002,5.84,9.66,9.61,13.52
RJ,Bharatpur,Rupbas,Bayana,27.00833333,77.38333333,Biraitha,"Dug Well",W13784,2002,5.83,5.64,'0,'0
RJ,Bharatpur,Rupbas,Rupbas,26.95833333,77.41666667,Rudhawal-1,"Dug Well",W13789,2002,9.55,3.43,3.48,8.79
RJ,Bharatpur,Rupbas,Rupbas,26.975,77.6375,"Khan Surjapur","Dug Well",W13787,2002,4.98,4.26,7.05,5.86
RJ,Bharatpur,Rupbas,Rupbas,26.99583333,77.49166667,Dahinagaon,"Dug Well",W13785,2002,6.75,4.47,6.72,7.05
RJ,Bharatpur,Rupbas,Weir,27.01388889,77.175,Weir1,"Tube Well",W13795,2002,15.96,16.67,16.82,16.59
RJ,Bharatpur,Rupbas,Bayana,26.80416667,77.43055556,Rudhawal-2,"Dug Well",W13790,2002,3.53,6.06,7.69,10.29
RJ,Bharatpur,Nadbai,Nadbai,27.20833333,77.2125,Nadbai1,"Tube Well",W13776,2002,5.19,'0,'0,'0
RJ,Bharatpur,Kumher,Nadbai,27.225,77.09166667,"Baonli Chan","Tube Well",W13770,2002,16.08,14.8,17.3,16.83
RJ,Bharatpur,Kumher,Kumher,27.31666667,77.38333333,Kumher1,"Slim Hole",W13771,2002,3.97,2.16,3.81,4.5
RJ,Bharatpur,Deeg,Deeg,27.395,77.3525,Mandhera,"Dug Well",W13758,2002,'0,13.76,6.51,7.26
RJ,Bharatpur,Kaman,Deeg,27.55,77.3,Sihora,"Dug Well",W13769,2002,6.93,4.53,4.5,7.7
RJ,Bharatpur,Nagar,Nagar,27.525,77.075,Jaisari,"Tube Well",W13778,2002,'0,4.41,'0,6.45
RJ,Bharatpur,Kaman,Nagar,27.53333333,77.125,Gulpura,"Dug Well",W13762,2002,'0,5.96,8.5,8.71
RJ,Bharatpur,Kaman,Kaman,27.73333333,77.16666667,"Sahsin Pz","Tube Well",W13768,2002,6.74,8.23,10.98,11.83
RJ,Bharatpur,Kaman,Kaman,27.765,77.10333333,Ghatmika,"Tube Well",W13761,2002,'0,4.97,5.55,6.35
RJ,Bharatpur,Kaman,Kaman,27.78222222,77.22666667,Jurahra,"Dug Well",W13764,2002,6.7,6.08,9.48,7.23
RJ,Bharatpur,Rupbas,Bayana,26.90555556,77.37777778,"Bandh Bareta","Dug Well",W13780,2002,3.32,3.6,3.39,3.36
RJ,Bharatpur,Rupbas,Bayana,26.91666667,77.3,Bayana,"Tube Well",W13782,2002,11.14,10.01,12,12.07
RJ,Bharatpur,Rupbas,Rupbas,27.03333333,77.55,Khanua,"Dug Well",W13788,2002,5.49,4.32,5.49,5.9
RJ,Bharatpur,Rupbas,Rupbas,27.09222222,77.41083333,Uchain-1,"Dug Well",W13792,2002,5.07,3.95,5.6,5.85
RJ,Bharatpur,Rupbas,Rupbas,27.1,77.41666667,Uchain-2,"Tube Well",W13793,2002,10.47,14.45,14.63,12.03
RJ,Bharatpur,Weir,Weir,27.13055556,77.15,Halena,"Tube Well",W13796,2002,9.04,7.23,9.6,9.71
RJ,Bharatpur,Bharatpur,Sewar,27.10833333,77.51666667,Kalyanpura2,"Dug Well",W13756,2002,5.62,5.08,6.16,6.02
RJ,Bharatpur,Bharatpur,Sewar,27.18333333,77.66666667,Chiksana,"Tube Well",W13754,2002,9.27,7.86,8.73,9.7
RJ,Bharatpur,Bharatpur,Sewar,27.21666667,77.5,Bharatpur,"Dug Well",W13753,2002,5.75,5.02,5.56,6.47
RJ,Bharatpur,Nadbai,Nadbai,27.16111111,77.3125,Lulhara-2,"Tube Well",W13774,2002,10.05,7.79,8.5,10
RJ,Bharatpur,Nadbai,Nadbai,27.16666667,77.26666667,Lulhara-1,"Dug Well",W13773,2002,10.61,8.56,8.74,11.5
RJ,Bharatpur,Deeg,Deeg,27.445,77.25,Panhori-1,"Dug Well",W13759,2002,6.97,7.55,7.61,4.75
RJ,Bharatpur,Deeg,Deeg,27.44333333,77.235,Panhori-2,"Tube Well",W13760,2001,8.34,'0,4.53,'0
RJ,Bharatpur,Weir,Weir,27.03333333,77.06666667,Sadpura,"Dug Well",W13797,2001,13.08,12.89,13.9,13.1
RJ,Bharatpur,Deeg,Deeg,27.46666667,77.33333333,Deeg-2,"Dug Well",W13757,2001,3.4,5.21,3.22,5.36
RJ,Bharatpur,Kaman,Nagar,27.60833333,77.07083333,Jhantli,"Dug Well",W13763,2001,6.16,6.75,5.4,7.9
RJ,Bharatpur,Kaman,Nagar,27.61666667,77.07833333,Ramph,"Tube Well",W13767,2001,'0,'0,4.37,'0
RJ,Bharatpur,Kaman,Nagar,27.625,77.06666667,Nakatpura,"Tube Well",W13766,2001,3.95,5.3,4.45,5.58
RJ,Bharatpur,Nagar,Nagar,27.46,76.95277778,Bhuraka,"Dug Well",W13777,2001,14.1,15.57,14.93,16.26
RJ,Bharatpur,Nagar,Nagar,27.425,77.1,Nagar1,"Tube Well",W13779,2001,4.05,3.87,2.44,3.8
RJ,Bharatpur,Kaman,Kaman,27.66388889,77.295,Kaman1,"Dug Well",W13765,2001,4.3,7.48,7.14,7.54
RJ,Bharatpur,Rupbas,Bayana,26.96388889,77.35972222,"Bawari Baroda","Dug Well",W13781,2001,5.28,6.14,5.18,6.23
RJ,Bharatpur,Rupbas,Bayana,26.96805556,77.25166667,Bhagori,"Dug Well",W13783,2001,4.37,16.89,9.57,17.18
RJ,Bharatpur,Rupbas,Bayana,27.00833333,77.38333333,Biraitha,"Dug Well",W13784,2001,5.42,4.19,6.03,5.75
RJ,Bharatpur,Rupbas,Rupbas,26.95833333,77.41666667,Rudhawal-1,"Dug Well",W13789,2001,4.04,8.16,6.87,8.07
RJ,Bharatpur,Rupbas,Rupbas,26.975,77.6375,"Khan Surjapur","Dug Well",W13787,2001,3.26,4.59,3.85,7.25
RJ,Bharatpur,Rupbas,Rupbas,26.99583333,77.49166667,Dahinagaon,"Dug Well",W13785,2001,5.05,5.07,4.86,6.15
RJ,Bharatpur,Rupbas,Weir,27.01388889,77.175,Weir1,"Tube Well",W13795,2001,14.15,16.91,15.17,15.47
RJ,Bharatpur,Rupbas,Bayana,26.80416667,77.43055556,Rudhawal-2,"Dug Well",W13790,2001,7.38,9.71,6.27,10.78
RJ,Bharatpur,Kumher,Nadbai,27.225,77.09166667,"Baonli Chan","Tube Well",W13770,2001,15.3,14.61,15.87,15.19
RJ,Bharatpur,Kumher,Kumher,27.31666667,77.38333333,Kumher1,"Slim Hole",W13771,2001,2.97,4.12,2.4,4.91
RJ,Bharatpur,Deeg,Deeg,27.395,77.3525,Mandhera,"Dug Well",W13758,2001,'0,7.02,'0,7.5
RJ,Bharatpur,Kaman,Deeg,27.55,77.3,Sihora,"Dug Well",W13769,2001,3.88,4.13,4.11,4.76
RJ,Bharatpur,Nagar,Nagar,27.525,77.075,Jaisari,"Tube Well",W13778,2001,4.07,4.85,5.48,5.39
RJ,Bharatpur,Kaman,Nagar,27.53333333,77.125,Gulpura,"Dug Well",W13762,2001,7.65,6.66,8.1,8.07
RJ,Bharatpur,Kaman,Kaman,27.73333333,77.16666667,"Sahsin Pz","Tube Well",W13768,2001,8.71,9.01,10.06,9.9
RJ,Bharatpur,Kaman,Kaman,27.765,77.10333333,Ghatmika,"Tube Well",W13761,2001,5.85,5.49,5.85,6
RJ,Bharatpur,Kaman,Kaman,27.78222222,77.22666667,Jurahra,"Dug Well",W13764,2001,6.85,6.35,5.54,6.85
RJ,Bharatpur,Rupbas,Bayana,26.90555556,77.37777778,"Bandh Bareta","Dug Well",W13780,2001,3.7,3.05,2.38,3.57
RJ,Bharatpur,Rupbas,Bayana,26.91666667,77.3,Bayana,"Tube Well",W13782,2001,'0,'0,9.49,'0
RJ,Bharatpur,Rupbas,Rupbas,27.03333333,77.55,Khanua,"Dug Well",W13788,2001,4.42,4.57,4.12,5.58
RJ,Bharatpur,Rupbas,Rupbas,27.05833333,77.50833333,"Genoli Mod","Tube Well",W13786,2001,'0,8.9,'0,5.32
RJ,Bharatpur,Rupbas,Rupbas,27.09222222,77.41083333,Uchain-1,"Dug Well",W13792,2001,3.06,4.2,3.54,5.08
RJ,Bharatpur,Rupbas,Rupbas,27.1,77.41666667,Uchain-2,"Tube Well",W13793,2001,3.58,'0,3.07,11.4
RJ,Bharatpur,Weir,Weir,27.13055556,77.15,Halena,"Tube Well",W13796,2001,7.06,6.94,6.29,7.31
RJ,Bharatpur,Bharatpur,Sewar,27.10833333,77.51666667,Kalyanpura2,"Dug Well",W13756,2001,4.5,5.76,4.48,6.04
RJ,Bharatpur,Bharatpur,Sewar,27.18333333,77.66666667,Chiksana,"Tube Well",W13754,2001,7.73,10.75,9.3,7.8
RJ,Bharatpur,Bharatpur,Sewar,27.21666667,77.5,Bharatpur,"Dug Well",W13753,2001,4,6.18,4.57,6.64
RJ,Bharatpur,Nadbai,Nadbai,27.16111111,77.3125,Lulhara-2,"Tube Well",W13774,2001,8.62,8.09,6.34,9.7
RJ,Bharatpur,Nadbai,Nadbai,27.16666667,77.26666667,Lulhara-1,"Dug Well",W13773,2001,9.58,9.55,7.03,10.8
RJ,Bharatpur,Deeg,Deeg,27.445,77.25,Panhori-1,"Dug Well",W13759,2001,8,9.65,3.89,9
RJ,Bharatpur,Deeg,Deeg,27.44333333,77.235,Panhori-2,"Tube Well",W13760,2000,'0,'0,6.45,'0
RJ,Bharatpur,Deeg,Deeg,27.445,77.25,Panhori-1,"Dug Well",W13759,2000,5.68,5.73,'0,4.92
RJ,Bharatpur,Deeg,Deeg,27.46666667,77.33333333,Deeg-2,"Dug Well",W13757,2000,6.5,3.13,3.94,4.05
RJ,Bharatpur,Kaman,Nagar,27.60833333,77.07083333,Jhantli,"Dug Well",W13763,2000,4.35,4.65,6.69,5.7
RJ,Bharatpur,Kaman,Nagar,27.625,77.06666667,Nakatpura,"Tube Well",W13766,2000,3.9,3.08,4.34,3.8
RJ,Bharatpur,Nagar,Nagar,27.46,76.95277778,Bhuraka,"Dug Well",W13777,2000,13.36,14.37,14.6,14.62
RJ,Bharatpur,Nagar,Nagar,27.425,77.1,Nagar1,"Tube Well",W13779,2000,3,3.05,3.79,3.9
RJ,Bharatpur,Kaman,Kaman,27.66388889,77.295,Kaman1,"Dug Well",W13765,2000,4.05,6.64,7.1,6.95
RJ,Bharatpur,Rupbas,Bayana,26.96388889,77.35972222,"Bawari Baroda","Dug Well",W13781,2000,2.58,1.65,4.35,3.86
RJ,Bharatpur,Rupbas,Bayana,26.96805556,77.25166667,Bhagori,"Dug Well",W13783,2000,6.95,6.68,11.32,13.7
RJ,Bharatpur,Rupbas,Bayana,27.00833333,77.38333333,Biraitha,"Dug Well",W13784,2000,2.75,4.82,4.22,3.7
RJ,Bharatpur,Rupbas,Rupbas,26.95833333,77.41666667,Rudhawal-1,"Dug Well",W13789,2000,3.95,6.14,7.95,7.13
RJ,Bharatpur,Rupbas,Rupbas,26.975,77.6375,"Khan Surjapur","Dug Well",W13787,2000,1.68,3.18,4.13,6.12
RJ,Bharatpur,Rupbas,Rupbas,26.99583333,77.49166667,Dahinagaon,"Dug Well",W13785,2000,4.13,3.72,6.52,4.39
RJ,Bharatpur,Rupbas,Weir,27.01388889,77.175,Weir1,"Tube Well",W13795,2000,12.95,14.04,15.8,14.1
RJ,Bharatpur,Rupbas,Bayana,26.80416667,77.43055556,Rudhawal-2,"Dug Well",W13790,2000,7.05,6.54,8.72,9.23
RJ,Bharatpur,Nadbai,Nadbai,27.20833333,77.2125,Nadbai1,"Tube Well",W13776,2000,'0,6.8,'0,7.39
RJ,Bharatpur,Kumher,Nadbai,27.225,77.09166667,"Baonli Chan","Tube Well",W13770,2000,14.08,13.77,14.71,14.33
RJ,Bharatpur,Kumher,Kumher,27.31666667,77.38333333,Kumher1,"Slim Hole",W13771,2000,3.3,3.18,3.85,4.09
RJ,Bharatpur,Deeg,Deeg,27.395,77.3525,Mandhera,"Dug Well",W13758,2000,5.32,3.29,5.96,4.29
RJ,Bharatpur,Kaman,Deeg,27.55,77.3,Sihora,"Dug Well",W13769,2000,6.3,2.98,3.65,3.8
RJ,Bharatpur,Kaman,Nagar,27.53333333,77.125,Gulpura,"Dug Well",W13762,2000,6,3.05,4.95,5.4
RJ,Bharatpur,Kaman,Kaman,27.73333333,77.16666667,"Sahsin Pz","Tube Well",W13768,2000,8.18,'0,8.6,9.8
RJ,Bharatpur,Kaman,Kaman,27.765,77.10333333,Ghatmika,"Tube Well",W13761,2000,'0,'0,6.24,'0
RJ,Bharatpur,Kaman,Kaman,27.78222222,77.22666667,Jurahra,"Dug Well",W13764,2000,5.43,7.87,6.89,6.35
RJ,Bharatpur,Rupbas,Bayana,26.90555556,77.37777778,"Bandh Bareta","Dug Well",W13780,2000,3.25,'0,3.36,3.57
RJ,Bharatpur,Rupbas,Rupbas,27.03333333,77.55,Khanua,"Dug Well",W13788,2000,3.88,3.63,4.34,4.7
RJ,Bharatpur,Rupbas,Rupbas,27.05833333,77.50833333,"Genoli Mod","Tube Well",W13786,2000,2.28,4.74,7.37,2.73
RJ,Bharatpur,Rupbas,Rupbas,27.09222222,77.41083333,Uchain-1,"Dug Well",W13792,2000,3.38,3.32,4.05,3.95
RJ,Bharatpur,Rupbas,Rupbas,27.1,77.41666667,Uchain-2,"Tube Well",W13793,2000,8.12,10.8,12.97,12.9
RJ,Bharatpur,Weir,Weir,27.03333333,77.06666667,Sadpura,"Dug Well",W13797,2000,12.6,12.18,14.82,12.6
RJ,Bharatpur,Weir,Weir,27.13055556,77.15,Halena,"Tube Well",W13796,2000,5.72,4.92,6.58,6.47
RJ,Bharatpur,Bharatpur,Sewar,27.10833333,77.51666667,Kalyanpura2,"Dug Well",W13756,2000,3.62,3.5,5.98,4.78
RJ,Bharatpur,Bharatpur,Sewar,27.18333333,77.66666667,Chiksana,"Tube Well",W13754,2000,5.45,7.52,9.1,4.93
RJ,Bharatpur,Bharatpur,Sewar,27.21666667,77.5,Bharatpur,"Dug Well",W13753,2000,5.1,4.42,5.78,4.8
RJ,Bharatpur,Nadbai,Nadbai,27.16111111,77.3125,Lulhara-2,"Tube Well",W13774,2000,5.8,4.85,6.27,6.55
RJ,Bharatpur,Nadbai,Nadbai,27.16666667,77.26666667,Lulhara-1,"Dug Well",W13773,2000,8.9,7.98,9,9.82
RJ,Bharatpur,Rupbas,Rupbas,27.03333333,77.55,Khanua,"Dug Well",W13788,1999,3.02,3.33,3.31,4.24
RJ,Bharatpur,Rupbas,Rupbas,26.95833333,77.41666667,Rudhawal-1,"Dug Well",W13789,1999,6.24,3.87,3.07,'0
RJ,Bharatpur,Rupbas,Rupbas,27.09222222,77.41083333,Uchain-1,"Dug Well",W13792,1999,'0,2.94,2.89,3.73
RJ,Bharatpur,Rupbas,Rupbas,27.1,77.41666667,Uchain-2,"Tube Well",W13793,1999,2.57,9.39,7.03,9.03
RJ,Bharatpur,Weir,Weir,27.03333333,77.06666667,Sadpura,"Dug Well",W13797,1999,11.97,12.02,11.9,11.89
RJ,Bharatpur,Bharatpur,Sewar,27.10833333,77.51666667,Kalyanpura2,"Dug Well",W13756,1999,2.72,2.99,2.9,'0
RJ,Bharatpur,Bharatpur,Sewar,27.18333333,77.66666667,Chiksana,"Tube Well",W13754,1999,3.02,'0,4.36,3.55
RJ,Bharatpur,Bharatpur,Sewar,27.21666667,77.5,Bharatpur,"Dug Well",W13753,1999,4.32,2.97,2.83,5.39
RJ,Bharatpur,Nadbai,Nadbai,27.16111111,77.3125,Lulhara-2,"Tube Well",W13774,1999,4.85,'0,7.48,'0
RJ,Bharatpur,Nadbai,Nadbai,27.16666667,77.26666667,Lulhara-1,"Dug Well",W13773,1999,7.55,7.12,8.02,8.65
RJ,Bharatpur,Rupbas,Rupbas,26.975,77.6375,"Khan Surjapur","Dug Well",W13787,1999,1.97,2.78,2.86,5.03
RJ,Bharatpur,Rupbas,Rupbas,26.99583333,77.49166667,Dahinagaon,"Dug Well",W13785,1999,'0,9.05,3.42,4.27
RJ,Bharatpur,Kumher,Kumher,27.325,77.24861111,Sabora,"Tube Well",W13772,1999,6.11,7.82,6.45,6.62
RJ,Bharatpur,Rupbas,Bayana,26.80416667,77.43055556,Rudhawal-2,"Dug Well",W13790,1999,5.4,5.48,5.4,8.12
RJ,Bharatpur,Kumher,Nadbai,27.225,77.09166667,"Baonli Chan","Tube Well",W13770,1999,13.42,13.51,13.66,13.45
RJ,Bharatpur,Kumher,Kumher,27.31666667,77.38333333,Kumher1,"Slim Hole",W13771,1999,1.39,1.75,3.09,3.9
RJ,Bharatpur,Deeg,Deeg,27.395,77.3525,Mandhera,"Dug Well",W13758,1999,4.31,'0,2.38,3.89
RJ,Bharatpur,Kaman,Deeg,27.55,77.3,Sihora,"Dug Well",W13769,1999,3.99,3.58,2.93,3.54
RJ,Bharatpur,Kaman,Nagar,27.53333333,77.125,Gulpura,"Dug Well",W13762,1999,'0,3.5,4.62,5.59
RJ,Bharatpur,Kaman,Kaman,27.73333333,77.16666667,"Sahsin Pz","Tube Well",W13768,1999,7.34,7.73,8.97,8.82
RJ,Bharatpur,Kaman,Kaman,27.78222222,77.22666667,Jurahra,"Dug Well",W13764,1999,5.6,3.18,8.89,4.75
RJ,Bharatpur,Rupbas,Bayana,26.90555556,77.37777778,"Bandh Bareta","Dug Well",W13780,1999,3.03,2.85,3.02,3.32
RJ,Bharatpur,Deeg,Deeg,27.445,77.25,Panhori-1,"Dug Well",W13759,1999,'0,4.86,4.33,6.35
RJ,Bharatpur,Deeg,Deeg,27.46666667,77.33333333,Deeg-2,"Dug Well",W13757,1999,4.17,3.33,3.12,4
RJ,Bharatpur,Kaman,Nagar,27.60833333,77.07083333,Jhantli,"Dug Well",W13763,1999,'0,3.87,3.25,6.09
RJ,Bharatpur,Kaman,Nagar,27.625,77.06666667,Nakatpura,"Tube Well",W13766,1999,2.6,2.54,2.59,3.2
RJ,Bharatpur,Nagar,Nagar,27.46,76.95277778,Bhuraka,"Dug Well",W13777,1999,'0,12.87,13.28,13.93
RJ,Bharatpur,Nagar,Nagar,27.425,77.1,Nagar1,"Tube Well",W13779,1999,'0,3.4,3.4,3.9
RJ,Bharatpur,Kaman,Kaman,27.66388889,77.295,Kaman1,"Dug Well",W13765,1999,6.34,5.71,4.72,6.16
RJ,Bharatpur,Rupbas,Bayana,26.96388889,77.35972222,"Bawari Baroda","Dug Well",W13781,1999,2,1.79,1.94,2.41
RJ,Bharatpur,Rupbas,Bayana,26.96805556,77.25166667,Bhagori,"Dug Well",W13783,1999,2.28,3.53,3.8,9.39
RJ,Bharatpur,Rupbas,Bayana,27.00833333,77.38333333,Biraitha,"Dug Well",W13784,1999,2.75,2.3,1.98,3.32
RJ,Bharatpur,Rupbas,Rupbas,27.05833333,77.50833333,"Genoli Mod","Tube Well",W13786,1999,.78,3.91,1.45,2.77
RJ,Bharatpur,Rupbas,Rupbas,27.09222222,77.41083333,Uchain-1,"Dug Well",W13792,1998,1.74,3.2,2.5,4.24
RJ,Bharatpur,Rupbas,Rupbas,27.1,77.41666667,Uchain-2,"Tube Well",W13793,1998,2.58,4.02,1.73,3.34
RJ,Bharatpur,Weir,Weir,27.03333333,77.06666667,Sadpura,"Dug Well",W13797,1998,11.53,11.8,11.28,11.1
RJ,Bharatpur,Bharatpur,Sewar,27.10833333,77.51666667,Kalyanpura2,"Dug Well",W13756,1998,2.2,3.66,2.5,4.88
RJ,Bharatpur,Bharatpur,Sewar,27.18333333,77.66666667,Chiksana,"Tube Well",W13754,1998,'0,4.9,'0,'0
RJ,Bharatpur,Bharatpur,Sewar,27.21666667,77.5,Bharatpur,"Dug Well",W13753,1998,3.94,5.23,3.42,6.06
RJ,Bharatpur,Nadbai,Nadbai,27.16666667,77.26666667,Lulhara-1,"Dug Well",W13773,1998,8.01,8.38,6.83,10.18
RJ,Bharatpur,Rupbas,Rupbas,26.975,77.6375,"Khan Surjapur","Dug Well",W13787,1998,1.56,3.94,2.17,6.46
RJ,Bharatpur,Rupbas,Rupbas,26.99583333,77.49166667,Dahinagaon,"Dug Well",W13785,1998,3.03,3.55,8.92,4.39
RJ,Bharatpur,Rupbas,Bayana,26.80416667,77.43055556,Rudhawal-2,"Dug Well",W13790,1998,5.48,7.07,5.12,9.41
RJ,Bharatpur,Kumher,Nadbai,27.225,77.09166667,"Baonli Chan","Tube Well",W13770,1998,14.98,'0,12.4,'0
RJ,Bharatpur,Kumher,Kumher,27.31666667,77.38333333,Kumher1,"Slim Hole",W13771,1998,1.07,2.93,1.4,4.03
RJ,Bharatpur,Deeg,Deeg,27.395,77.3525,Mandhera,"Dug Well",W13758,1998,'0,4.86,'0,5.74
RJ,Bharatpur,Kaman,Deeg,27.55,77.3,Sihora,"Dug Well",W13769,1998,2.86,2.9,2.35,4.64
RJ,Bharatpur,Kaman,Nagar,27.53333333,77.125,Gulpura,"Dug Well",W13762,1998,4.37,4.32,3.64,4.8
RJ,Bharatpur,Kaman,Kaman,27.73333333,77.16666667,"Sahsin Pz","Tube Well",W13768,1998,8.25,7.98,7.76,8.83
RJ,Bharatpur,Kaman,Kaman,27.78222222,77.22666667,Jurahra,"Dug Well",W13764,1998,4.74,4.87,2.59,5.68
RJ,Bharatpur,Rupbas,Bayana,26.90555556,77.37777778,"Bandh Bareta","Dug Well",W13780,1998,2.7,2.75,2.99,3.32
RJ,Bharatpur,Rupbas,Rupbas,27.03333333,77.55,Khanua,"Dug Well",W13788,1998,3.38,4.67,3.02,4.56
RJ,Bharatpur,Deeg,Deeg,27.445,77.25,Panhori-1,"Dug Well",W13759,1998,5.73,5.73,5.02,6.62
RJ,Bharatpur,Deeg,Deeg,27.46666667,77.33333333,Deeg-2,"Dug Well",W13757,1998,3.6,4.36,3.32,4.62
RJ,Bharatpur,Kaman,Nagar,27.60833333,77.07083333,Jhantli,"Dug Well",W13763,1998,5.58,2.61,2.87,5.6
RJ,Bharatpur,Kaman,Nagar,27.625,77.06666667,Nakatpura,"Tube Well",W13766,1998,2.04,2.9,1.6,4.77
RJ,Bharatpur,Nagar,Nagar,27.46,76.95277778,Bhuraka,"Dug Well",W13777,1998,10.9,12.08,12.06,12.83
RJ,Bharatpur,Nagar,Nagar,27.425,77.1,Nagar1,"Tube Well",W13779,1998,'0,2.57,2.87,3.7
RJ,Bharatpur,Kaman,Kaman,27.66388889,77.295,Kaman1,"Dug Well",W13765,1998,5.87,6,5.8,6.28
RJ,Bharatpur,Rupbas,Bayana,26.96388889,77.35972222,"Bawari Baroda","Dug Well",W13781,1998,1.29,2.08,2.05,2.93
RJ,Bharatpur,Rupbas,Bayana,26.96805556,77.25166667,Bhagori,"Dug Well",W13783,1998,3.15,6.16,3.19,10.61
RJ,Bharatpur,Rupbas,Bayana,27.00833333,77.38333333,Biraitha,"Dug Well",W13784,1998,1.64,2.03,1.83,3.89
RJ,Bharatpur,Rupbas,Rupbas,26.95833333,77.41666667,Rudhawal-1,"Dug Well",W13789,1998,4.48,6.27,'0,5.59
RJ,Bharatpur,Rupbas,Rupbas,27.09222222,77.41083333,Uchain-1,"Dug Well",W13792,1997,2.73,3.07,3.38,4.08
RJ,Bharatpur,Rupbas,Rupbas,26.975,77.6375,"Khan Surjapur","Dug Well",W13787,1997,'0,3.32,3.38,5.78
RJ,Bharatpur,Weir,Weir,27.03333333,77.06666667,Sadpura,"Dug Well",W13797,1997,10.78,10.72,10.75,11
RJ,Bharatpur,Bharatpur,Sewar,27.10833333,77.51666667,Kalyanpura2,"Dug Well",W13756,1997,4.27,3.67,3.97,5.93
RJ,Bharatpur,Bharatpur,Sewar,27.18333333,77.66666667,Chiksana,"Tube Well",W13754,1997,'0,3.83,4.9,5.18
RJ,Bharatpur,Bharatpur,Sewar,27.21666667,77.5,Bharatpur,"Dug Well",W13753,1997,4.78,4.57,4.85,5.59
RJ,Bharatpur,Nadbai,Nadbai,27.16111111,77.3125,Lulhara-2,"Tube Well",W13774,1997,6.13,'0,6.26,'0
RJ,Bharatpur,Nadbai,Nadbai,27.16666667,77.26666667,Lulhara-1,"Dug Well",W13773,1997,6.13,7.45,8.25,8.48
RJ,Bharatpur,Rupbas,Rupbas,26.99583333,77.49166667,Dahinagaon,"Dug Well",W13785,1997,'0,3.44,3.48,4.44
RJ,Bharatpur,Rupbas,Bayana,26.80416667,77.43055556,Rudhawal-2,"Dug Well",W13790,1997,5.91,7.4,8.12,8.78
RJ,Bharatpur,Kumher,Kumher,27.31666667,77.38333333,Kumher1,"Slim Hole",W13771,1997,2.47,3,3.52,3.78
RJ,Bharatpur,Deeg,Deeg,27.395,77.3525,Mandhera,"Dug Well",W13758,1997,2.65,2.07,3.95,4.54
RJ,Bharatpur,Kaman,Deeg,27.55,77.3,Sihora,"Dug Well",W13769,1997,3.75,2.07,3.28,3.92
RJ,Bharatpur,Kaman,Nagar,27.53333333,77.125,Gulpura,"Dug Well",W13762,1997,2.42,2.55,'0,5.4
RJ,Bharatpur,Kaman,Kaman,27.73333333,77.16666667,"Sahsin Pz","Tube Well",W13768,1997,'0,8.6,7.53,7.72
RJ,Bharatpur,Kaman,Kaman,27.78222222,77.22666667,Jurahra,"Dug Well",W13764,1997,'0,3.6,'0,4.7
RJ,Bharatpur,Rupbas,Bayana,26.90555556,77.37777778,"Bandh Bareta","Dug Well",W13780,1997,2.79,3.05,2.91,3.15
RJ,Bharatpur,Rupbas,Rupbas,27.03333333,77.55,Khanua,"Dug Well",W13788,1997,'0,3.12,3.47,4.18
RJ,Bharatpur,Deeg,Deeg,27.445,77.25,Panhori-1,"Dug Well",W13759,1997,'0,3.68,3.7,4.32
RJ,Bharatpur,Deeg,Deeg,27.46666667,77.33333333,Deeg-2,"Dug Well",W13757,1997,4.48,5.8,4.56,5.48
RJ,Bharatpur,Kaman,Nagar,27.60833333,77.07083333,Jhantli,"Dug Well",W13763,1997,'0,3.72,4.23,5.17
RJ,Bharatpur,Kaman,Nagar,27.625,77.06666667,Nakatpura,"Tube Well",W13766,1997,'0,'0,5.63,'0
RJ,Bharatpur,Nagar,Nagar,27.46,76.95277778,Bhuraka,"Dug Well",W13777,1997,'0,11.1,11.29,11.91
RJ,Bharatpur,Nagar,Nagar,27.425,77.1,Nagar1,"Tube Well",W13779,1997,2.96,'0,2.65,'0
RJ,Bharatpur,Kaman,Kaman,27.66388889,77.295,Kaman1,"Dug Well",W13765,1997,5.94,5.26,5.2,5.88
RJ,Bharatpur,Rupbas,Bayana,26.96388889,77.35972222,"Bawari Baroda","Dug Well",W13781,1997,1.22,1.9,1.34,2.34
RJ,Bharatpur,Rupbas,Bayana,26.96805556,77.25166667,Bhagori,"Dug Well",W13783,1997,3.7,5.35,4.24,10.68
RJ,Bharatpur,Rupbas,Bayana,27.00833333,77.38333333,Biraitha,"Dug Well",W13784,1997,1.52,2.23,1.94,3.71
RJ,Bharatpur,Rupbas,Rupbas,26.95833333,77.41666667,Rudhawal-1,"Dug Well",W13789,1997,4.7,4.73,5.64,6.92
RJ,Bharatpur,Rupbas,Rupbas,27.1,77.41666667,Uchain-2,"Tube Well",W13793,1997,2.31,4.2,3.4,3.96
RJ,Bharatpur,Rupbas,Rupbas,27.09222222,77.41083333,Uchain-1,"Dug Well",W13792,1996,2.1,4.77,2.58,5.62
RJ,Bharatpur,Rupbas,Rupbas,26.975,77.6375,"Khan Surjapur","Dug Well",W13787,1996,1.35,3.85,2.76,6.22
RJ,Bharatpur,Weir,Weir,27.03333333,77.06666667,Sadpura,"Dug Well",W13797,1996,11.2,10.64,10.57,11.25
RJ,Bharatpur,Bharatpur,Sewar,27.10833333,77.51666667,Kalyanpura2,"Dug Well",W13756,1996,1.56,4,2.02,5.76
RJ,Bharatpur,Bharatpur,Sewar,27.18333333,77.66666667,Chiksana,"Tube Well",W13754,1996,'0,6.64,3.45,6.92
RJ,Bharatpur,Bharatpur,Sewar,27.21666667,77.5,Bharatpur,"Dug Well",W13753,1996,3.25,5.58,6.55,6.21
RJ,Bharatpur,Nadbai,Nadbai,27.16666667,77.26666667,Lulhara-1,"Dug Well",W13773,1996,'0,8.13,6.98,10.42
RJ,Bharatpur,Rupbas,Rupbas,26.99583333,77.49166667,Dahinagaon,"Dug Well",W13785,1996,2.52,3.68,3.11,4.53
RJ,Bharatpur,Rupbas,Bayana,26.80416667,77.43055556,Rudhawal-2,"Dug Well",W13790,1996,3.48,6.9,4.92,8.5
RJ,Bharatpur,Kumher,Kumher,27.31666667,77.38333333,Kumher1,"Slim Hole",W13771,1996,2,3.76,2.59,4.58
RJ,Bharatpur,Deeg,Deeg,27.395,77.3525,Mandhera,"Dug Well",W13758,1996,1.25,3.7,1.71,5.82
RJ,Bharatpur,Kaman,Deeg,27.55,77.3,Sihora,"Dug Well",W13769,1996,'0,4,2.38,4.65
RJ,Bharatpur,Kaman,Nagar,27.53333333,77.125,Gulpura,"Dug Well",W13762,1996,'0,3.38,1.16,4.59
RJ,Bharatpur,Kaman,Kaman,27.73333333,77.16666667,"Sahsin Pz","Tube Well",W13768,1996,'0,11.2,7.15,11.9
RJ,Bharatpur,Kaman,Kaman,27.78222222,77.22666667,Jurahra,"Dug Well",W13764,1996,'0,3.62,2.47,5.2
RJ,Bharatpur,Rupbas,Bayana,26.90555556,77.37777778,"Bandh Bareta","Dug Well",W13780,1996,2.52,2.88,3.26,3.11
RJ,Bharatpur,Rupbas,Rupbas,27.03333333,77.55,Khanua,"Dug Well",W13788,1996,'0,3.72,2.64,4.47
RJ,Bharatpur,Deeg,Deeg,27.445,77.25,Panhori-1,"Dug Well",W13759,1996,'0,4.48,2.78,5.28
RJ,Bharatpur,Deeg,Deeg,27.46666667,77.33333333,Deeg-2,"Dug Well",W13757,1996,2.36,6.2,2.75,6.7
RJ,Bharatpur,Kaman,Nagar,27.60833333,77.07083333,Jhantli,"Dug Well",W13763,1996,'0,3.95,1.76,6.46
RJ,Bharatpur,Nagar,Nagar,27.46,76.95277778,Bhuraka,"Dug Well",W13777,1996,11.96,13.94,10.39,14.2
RJ,Bharatpur,Kaman,Kaman,27.66388889,77.295,Kaman1,"Dug Well",W13765,1996,'0,9.03,3.86,9.36
RJ,Bharatpur,Rupbas,Bayana,26.96388889,77.35972222,"Bawari Baroda","Dug Well",W13781,1996,1.5,2.22,2.65,2.53
RJ,Bharatpur,Rupbas,Bayana,26.96805556,77.25166667,Bhagori,"Dug Well",W13783,1996,1.78,5.75,3.33,8.92
RJ,Bharatpur,Rupbas,Bayana,27.00833333,77.38333333,Biraitha,"Dug Well",W13784,1996,1.27,4.01,3.27,2.38
RJ,Bharatpur,Rupbas,Rupbas,26.95833333,77.41666667,Rudhawal-1,"Dug Well",W13789,1996,3.2,4.85,3.4,5.99
RJ,Bharatpur,Rupbas,Rupbas,27.1,77.41666667,Uchain-2,"Tube Well",W13793,1996,'0,'0,2.03,4.23
RJ,Bharatpur,Rupbas,Rupbas,27.09222222,77.41083333,Uchain-1,"Dug Well",W13792,1995,4.72,8.54,4.65,9.5
RJ,Bharatpur,Rupbas,Rupbas,26.975,77.6375,"Khan Surjapur","Dug Well",W13787,1995,2.99,4.77,3.45,8.04
RJ,Bharatpur,Bharatpur,Sewar,27.10833333,77.51666667,Kalyanpura2,"Dug Well",W13756,1995,'0,4.94,3.79,5.98
RJ,Bharatpur,Bharatpur,Sewar,27.18333333,77.66666667,Chiksana,"Tube Well",W13754,1995,6.61,8.49,6.52,8.85
RJ,Bharatpur,Bharatpur,Sewar,27.21666667,77.5,Bharatpur,"Dug Well",W13753,1995,5.85,5.45,5.42,6.28
RJ,Bharatpur,Nadbai,Nadbai,27.16666667,77.26666667,Lulhara-1,"Dug Well",W13773,1995,'0,12.87,7.73,14.66
RJ,Bharatpur,Rupbas,Rupbas,26.99583333,77.49166667,Dahinagaon,"Dug Well",W13785,1995,3.1,5.72,3.55,6.89
RJ,Bharatpur,Rupbas,Bayana,26.80416667,77.43055556,Rudhawal-2,"Dug Well",W13790,1995,4.66,8.67,6.3,10.56
RJ,Bharatpur,Kumher,Kumher,27.31666667,77.38333333,Kumher1,"Slim Hole",W13771,1995,1.6,4.89,3.68,5.65
RJ,Bharatpur,Deeg,Deeg,27.395,77.3525,Mandhera,"Dug Well",W13758,1995,2.1,8.78,3.34,9.5
RJ,Bharatpur,Kaman,Deeg,27.55,77.3,Sihora,"Dug Well",W13769,1995,3.93,5.57,3.8,5.93
RJ,Bharatpur,Kaman,Nagar,27.53333333,77.125,Gulpura,"Dug Well",W13762,1995,4.67,5.54,3.14,5.96
RJ,Bharatpur,Kaman,Kaman,27.73333333,77.16666667,"Sahsin Pz","Tube Well",W13768,1995,'0,12.59,11.4,'0
RJ,Bharatpur,Kaman,Kaman,27.78222222,77.22666667,Jurahra,"Dug Well",W13764,1995,4.03,6.72,4.01,7.6
RJ,Bharatpur,Rupbas,Bayana,26.90555556,77.37777778,"Bandh Bareta","Dug Well",W13780,1995,2.47,2.97,2.92,2.86
RJ,Bharatpur,Rupbas,Rupbas,27.03333333,77.55,Khanua,"Dug Well",W13788,1995,2.87,5.1,3.54,5.84
RJ,Bharatpur,Deeg,Deeg,27.445,77.25,Panhori-1,"Dug Well",W13759,1995,2.77,6.88,3.93,6.74
RJ,Bharatpur,Deeg,Deeg,27.46666667,77.33333333,Deeg-2,"Dug Well",W13757,1995,6.79,7.93,5.85,8.31
RJ,Bharatpur,Kaman,Nagar,27.60833333,77.07083333,Jhantli,"Dug Well",W13763,1995,1.6,5.08,3.63,6.16
RJ,Bharatpur,Nagar,Nagar,27.46,76.95277778,Bhuraka,"Dug Well",W13777,1995,14.6,15.66,13.93,16.25
RJ,Bharatpur,Kaman,Kaman,27.66388889,77.295,Kaman1,"Dug Well",W13765,1995,9.5,9.42,9.01,10.56
RJ,Bharatpur,Rupbas,Bayana,26.96388889,77.35972222,"Bawari Baroda","Dug Well",W13781,1995,1.34,3.69,2.53,3.77
RJ,Bharatpur,Rupbas,Bayana,26.96805556,77.25166667,Bhagori,"Dug Well",W13783,1995,1.69,7.75,4.5,11.3
RJ,Bharatpur,Rupbas,Bayana,27.00833333,77.38333333,Biraitha,"Dug Well",W13784,1995,1.05,2.9,2.27,4.77
RJ,Bharatpur,Rupbas,Rupbas,26.95833333,77.41666667,Rudhawal-1,"Dug Well",W13789,1995,4.21,6.14,4.87,7.04
RJ,Bharatpur,Weir,Weir,27.03333333,77.06666667,Sadpura,"Dug Well",W13797,1995,10.5,12.89,'0,13.19
RJ,Bharatpur,Rupbas,Rupbas,27.09222222,77.41083333,Uchain-1,"Dug Well",W13792,1994,6.9,7.7,8.02,'0
RJ,Bharatpur,Rupbas,Rupbas,26.975,77.6375,"Khan Surjapur","Dug Well",W13787,1994,1.49,4.18,3.74,'0
RJ,Bharatpur,Bharatpur,Sewar,27.10833333,77.51666667,Kalyanpura2,"Dug Well",W13756,1994,4.2,4.6,4.22,'0
RJ,Bharatpur,Bharatpur,Sewar,27.18333333,77.66666667,Chiksana,"Tube Well",W13754,1994,7.35,8,7.92,'0
RJ,Bharatpur,Bharatpur,Sewar,27.21666667,77.5,Bharatpur,"Dug Well",W13753,1994,7.25,7.4,6.28,'0
RJ,Bharatpur,Nadbai,Nadbai,27.16666667,77.26666667,Lulhara-1,"Dug Well",W13773,1994,11.48,11.44,11.68,'0
RJ,Bharatpur,Rupbas,Rupbas,26.99583333,77.49166667,Dahinagaon,"Dug Well",W13785,1994,4.73,5.52,4.74,'0
RJ,Bharatpur,Rupbas,Bayana,26.80416667,77.43055556,Rudhawal-2,"Dug Well",W13790,1994,7,8.13,7.8,'0
RJ,Bharatpur,Kumher,Kumher,27.31666667,77.38333333,Kumher1,"Slim Hole",W13771,1994,3.87,5.68,4.43,'0
RJ,Bharatpur,Deeg,Deeg,27.395,77.3525,Mandhera,"Dug Well",W13758,1994,8.03,8.6,8.35,'0
RJ,Bharatpur,Kaman,Deeg,27.55,77.3,Sihora,"Dug Well",W13769,1994,5.07,'0,5.07,'0
RJ,Bharatpur,Kaman,Nagar,27.53333333,77.125,Gulpura,"Dug Well",W13762,1994,5.95,5.88,5.34,'0
RJ,Bharatpur,Kaman,Kaman,27.73333333,77.16666667,"Sahsin Pz","Tube Well",W13768,1994,12.38,'0,'0,'0
RJ,Bharatpur,Kaman,Kaman,27.78222222,77.22666667,Jurahra,"Dug Well",W13764,1994,6.41,8.1,6.04,'0
RJ,Bharatpur,Rupbas,Bayana,26.90555556,77.37777778,"Bandh Bareta","Dug Well",W13780,1994,2.98,3,3.06,'0
RJ,Bharatpur,Rupbas,Rupbas,27.03333333,77.55,Khanua,"Dug Well",W13788,1994,4.98,9.89,4.91,'0
RJ,Bharatpur,Deeg,Deeg,27.445,77.25,Panhori-1,"Dug Well",W13759,1994,4.43,8.67,6.47,'0
RJ,Bharatpur,Deeg,Deeg,27.46666667,77.33333333,Deeg-2,"Dug Well",W13757,1994,6.98,7.42,7.28,'0
RJ,Bharatpur,Kaman,Nagar,27.60833333,77.07083333,Jhantli,"Dug Well",W13763,1994,3.37,5.3,5.27,'0
RJ,Bharatpur,Nagar,Nagar,27.46,76.95277778,Bhuraka,"Dug Well",W13777,1994,13.63,4.2,13.95,'0
RJ,Bharatpur,Kaman,Kaman,27.66388889,77.295,Kaman1,"Dug Well",W13765,1994,9.29,9.01,9.37,'0
RJ,Bharatpur,Rupbas,Bayana,26.96388889,77.35972222,"Bawari Baroda","Dug Well",W13781,1994,2.93,4.2,4.77,'0
RJ,Bharatpur,Rupbas,Bayana,26.96805556,77.25166667,Bhagori,"Dug Well",W13783,1994,1.97,7.2,4.23,'0
RJ,Bharatpur,Rupbas,Bayana,27.00833333,77.38333333,Biraitha,"Dug Well",W13784,1994,2.48,'0,2.96,'0
RJ,Bharatpur,Rupbas,Rupbas,26.95833333,77.41666667,Rudhawal-1,"Dug Well",W13789,1994,5.48,6.47,5.93,'0
RJ,Bharatpur,Weir,Weir,27.03333333,77.06666667,Sadpura,"Dug Well",W13797,1994,12.59,11.5,12.55,'0
