STATE,DISTRICT,TEH_NAME,BLOCK_NAME,LAT,LON,SITE_NAME,SITE_TYPE,WLCODE,YEAR_OBS,MONSOON,POMRB,POMKH,PREMON
RJ,Dausa,Lalsot,Lalsot,26.68333333,76.2,Prahladpura,"Tube Well",W14013,2018,'0,60.1,'0,'0
RJ,Dausa,Mahuwa,Mahwa,26.975,76.95555556,Ghazipur-Pz,"Tube Well",W29702,2018,'0,'0,'0,16.2
RJ,Dausa,Sikrai,Sikrai,26.95,76.73333333,"Langra Balaji-1","Tube Well",W18173,2018,'0,'0,'0,49.9
RJ,Dausa,Dausa,Dausa,26.96666667,76.33333333,Jasuta,"Dug Well",W22224,2018,'0,13.9,'0,'0
RJ,Dausa,Dausa,Dausa,26.96666667,76.33333333,Jasuta,"Dug Well",W22224,2018,'0,'0,'0,13.65
RJ,Dausa,Dausa,Dausa,26.975,76.29166667,Bapi-1,"Dug Well",W13998,2018,'0,10.02,'0,'0
RJ,Dausa,Dausa,Dausa,26.975,76.29166667,Bapi-1,"Dug Well",W13998,2018,'0,'0,'0,14.52
RJ,Dausa,Dausa,Dausa,26.98333333,76.40833333,Kalipahari,"Tube Well",W18168,2018,'0,31.85,'0,'0
RJ,Dausa,Dausa,Dausa,26.98333333,76.40833333,Kalipahari,"Tube Well",W18168,2018,'0,'0,'0,32
RJ,Dausa,Dausa,Dausa,26.78333333,76.21666667,Lawan1,"Tube Well",W14004,2018,'0,41.6,'0,'0
RJ,Dausa,Dausa,Dausa,26.78333333,76.21666667,Lawan1,"Tube Well",W14004,2018,'0,'0,'0,41.85
RJ,Dausa,Dausa,Dausa,26.91666667,76.4,Bhandarej,"Dug Well",W13999,2018,'0,26.7,'0,'0
RJ,Dausa,Dausa,Dausa,26.91666667,76.4,Bhandarej,"Dug Well",W13999,2018,'0,'0,'0,26.6
RJ,Dausa,Bandikui,Bandikui,27.16666667,76.58333333,Baswa1,"Bore Well",W20620,2018,'0,46.1,'0,'0
RJ,Dausa,Bandikui,Bandikui,27.16666667,76.58333333,Baswa1,"Bore Well",W20620,2018,'0,'0,'0,45.9
RJ,Dausa,Mahwa,Mahwa,27.075,76.95,Mahwa,"Tube Well",W14016,2018,'0,48.82,'0,'0
RJ,Dausa,Mahwa,Mahwa,27.075,76.95,Mahwa,"Tube Well",W14016,2018,'0,'0,'0,49.72
RJ,Dausa,Mahwa,Mahwa,26.9,77.03333333,Dhand1,"Tube Well",W18172,2018,'0,19.15,'0,'0
RJ,Dausa,Mahwa,Mahwa,26.9,77.03333333,Dhand1,"Tube Well",W18172,2018,'0,'0,'0,34.2
RJ,Dausa,BANDIKUI,Bandikui,27.09722222,76.78666667,"Sodan Ka Bas","Tube Well",W33288,2018,'0,38.8,'0,'0
RJ,Dausa,BANDIKUI,Bandikui,27.09722222,76.78666667,"Sodan Ka Bas","Tube Well",W33288,2018,'0,'0,'0,39.1
RJ,Dausa,MAHUWA,Mahwa,26.91666667,77.01666667,Talchidi,"Tube Well",W33284,2018,'0,19.15,'0,'0
RJ,Dausa,MAHUWA,Mahwa,26.91666667,77.01666667,Talchidi,"Tube Well",W33284,2018,'0,'0,'0,24.5
RJ,Dausa,Dausa,Dausa,26.89583333,76.325,Dausa,"Bore Well",W29690,2018,'0,18.35,'0,'0
RJ,Dausa,Dausa,Dausa,26.89583333,76.325,Dausa,"Bore Well",W29690,2018,'0,'0,'0,23.8
RJ,Dausa,Lalsot,Dausa,26.74583333,76.33611111,"Nagal Rajawatan","Tube Well",W29672,2018,'0,39.15,'0,'0
RJ,Dausa,Lalsot,Dausa,26.74583333,76.33611111,"Nagal Rajawatan","Tube Well",W29672,2018,'0,'0,'0,42.35
RJ,Dausa,Dausa,Dausa,26.98055556,76.28333333,BAPI_Pz,"Bore Well",W29704,2018,'0,12.95,'0,'0
RJ,Dausa,Dausa,Dausa,26.98055556,76.28333333,BAPI_Pz,"Bore Well",W29704,2018,'0,'0,'0,13.2
RJ,Dausa,Mahuwa,Mahwa,26.975,76.95555556,Ghazipur-Pz,"Tube Well",W29702,2018,'0,13.9,'0,'0
RJ,Dausa,Sikrai,Sikrai,26.95,76.73333333,"Langra Balaji-1","Tube Well",W18173,2018,'0,42.7,'0,'0
RJ,Dausa,Lalsot,Lalsot,26.68333333,76.2,Prahladpura,"Tube Well",W14013,2017,57.25,58.7,'0,57.17
RJ,Dausa,Mahuwa,Mahwa,26.975,76.95555556,Ghazipur-Pz,"Tube Well",W29702,2017,'0,'0,13.85,'0
RJ,Dausa,Sikrai,Sikrai,26.95,76.73333333,"Langra Balaji-1","Tube Well",W18173,2017,43.28,40.4,'0,43.05
RJ,Dausa,Sikrai,Sikrai,26.95,76.73333333,"Langra Balaji-1","Tube Well",W18173,2017,'0,'0,41.2,'0
RJ,Dausa,Dausa,Dausa,26.96666667,76.33333333,Jasuta,"Dug Well",W22224,2017,9.55,8.05,'0,13.77
RJ,Dausa,Dausa,Dausa,26.96666667,76.33333333,Jasuta,"Dug Well",W22224,2017,'0,'0,13.4,'0
RJ,Dausa,Dausa,Dausa,26.975,76.29166667,Bapi-1,"Dug Well",W13998,2017,9.52,6.57,'0,10.74
RJ,Dausa,Dausa,Dausa,26.975,76.29166667,Bapi-1,"Dug Well",W13998,2017,'0,'0,9.82,'0
RJ,Dausa,Dausa,Dausa,26.98333333,76.40833333,Kalipahari,"Tube Well",W18168,2017,30.7,30.75,'0,30.88
RJ,Dausa,Dausa,Dausa,26.98333333,76.40833333,Kalipahari,"Tube Well",W18168,2017,'0,'0,31.05,'0
RJ,Dausa,Baswa,Bandikui,26.96666667,76.57916667,Sikandara,"Tube Well",W13997,2017,'0,'0,'0,49
RJ,Dausa,Baswa,Bandikui,26.96666667,76.57916667,Sikandara,"Tube Well",W13997,2017,'0,'0,44,'0
RJ,Dausa,Dausa,Sikrai,26.8125,76.50972222,"Garh Ranoli","Tube Well",W14002,2017,'0,39,'0,'0
RJ,Dausa,Dausa,Dausa,26.78333333,76.21666667,Lawan1,"Tube Well",W14004,2017,34.4,43,'0,33.86
RJ,Dausa,Dausa,Dausa,26.78333333,76.21666667,Lawan1,"Tube Well",W14004,2017,'0,'0,41.3,'0
RJ,Dausa,Dausa,Dausa,26.8,76.33333333,"Bigawas Mod","Dug Well",W20621,2017,'0,7.63,'0,'0
RJ,Dausa,Dausa,Dausa,26.89583333,76.325,Dausa1,"Dug Well",W14000,2017,27.31,17.17,'0,'0
RJ,Dausa,Dausa,Dausa,26.91666667,76.4,Bhandarej,"Dug Well",W13999,2017,26.7,29.5,'0,26.17
RJ,Dausa,Dausa,Dausa,26.91666667,76.4,Bhandarej,"Dug Well",W13999,2017,'0,'0,24.8,'0
RJ,Dausa,Bandikui,Bandikui,27.16666667,76.58333333,Baswa1,"Bore Well",W20620,2017,45.3,42.05,'0,44.92
RJ,Dausa,Bandikui,Bandikui,27.16666667,76.58333333,Baswa1,"Bore Well",W20620,2017,'0,'0,45.7,'0
RJ,Dausa,Mahwa,Mahwa,27.075,76.95,Mahwa,"Tube Well",W14016,2017,43.32,41.47,'0,43.02
RJ,Dausa,Mahwa,Mahwa,27.075,76.95,Mahwa,"Tube Well",W14016,2017,'0,'0,44.77,'0
RJ,Dausa,Mahwa,Mahwa,27.08333333,76.9,Rashidpura1,"Tube Well",W14018,2017,'0,44.1,'0,'0
RJ,Dausa,Mahwa,Mahwa,26.9,77.03333333,Dhand1,"Tube Well",W18172,2017,'0,37,'0,40
RJ,Dausa,Mahwa,Mahwa,26.9,77.03333333,Dhand1,"Tube Well",W18172,2017,'0,'0,35.9,'0
RJ,Dausa,BANDIKUI,Bandikui,27.07083333,76.73888889,"Digaria Bheem","Tube Well",W33287,2017,65,64.14,'0,65
RJ,Dausa,BANDIKUI,Bandikui,27.07083333,76.73888889,"Digaria Bheem","Tube Well",W33287,2017,'0,'0,65,'0
RJ,Dausa,BANDIKUI,Bandikui,27.09722222,76.78666667,"Sodan Ka Bas","Tube Well",W33288,2017,37.45,32.25,'0,37.11
RJ,Dausa,BANDIKUI,Bandikui,27.09722222,76.78666667,"Sodan Ka Bas","Tube Well",W33288,2017,'0,'0,38.1,'0
RJ,Dausa,MAHUWA,Mahwa,26.9,77.03333333,"Higetawari Dhani","Dug Well",W33283,2017,19.6,12.93,'0,18.4
RJ,Dausa,MAHUWA,Mahwa,26.9,77.03333333,"Higetawari Dhani","Dug Well",W33283,2017,'0,'0,19.3,'0
RJ,Dausa,MAHUWA,Mahwa,26.91666667,77.01666667,Talchidi,"Tube Well",W33284,2017,19.7,14.1,'0,18.11
RJ,Dausa,MAHUWA,Mahwa,26.91666667,77.01666667,Talchidi,"Tube Well",W33284,2017,'0,'0,18.8,'0
RJ,Dausa,Dausa,Dausa,26.89583333,76.325,Dausa,"Bore Well",W29690,2017,'0,19.8,'0,'0
RJ,Dausa,Dausa,Dausa,26.89583333,76.325,Dausa,"Bore Well",W29690,2017,'0,'0,17.6,'0
RJ,Dausa,Lalsot,Dausa,26.74583333,76.33611111,"Nagal Rajawatan","Tube Well",W29672,2017,36.1,31.68,'0,35.42
RJ,Dausa,Lalsot,Dausa,26.74583333,76.33611111,"Nagal Rajawatan","Tube Well",W29672,2017,'0,'0,38.6,'0
RJ,Dausa,Dausa,Dausa,26.98055556,76.28333333,BAPI_Pz,"Bore Well",W29704,2017,10.3,10.9,'0,16
RJ,Dausa,Dausa,Dausa,26.98055556,76.28333333,BAPI_Pz,"Bore Well",W29704,2017,'0,'0,12.6,'0
RJ,Dausa,Mahuwa,Mahwa,26.975,76.95555556,Ghazipur-Pz,"Tube Well",W29702,2017,21.4,18.06,'0,21.08
RJ,Dausa,Lalsot,Lalsot,26.68333333,76.2,Prahladpura,"Tube Well",W14013,2017,'0,'0,58.45,'0
RJ,Dausa,Lalsot,Lalsot,26.68333333,76.2,Prahladpura,"Tube Well",W14013,2016,58.3,'0,58.7,57.1
RJ,Dausa,Dausa,Dausa,26.95,76.31666667,Jasuta_Pz,"Bore Well",W31797,2016,'0,'0,'0,15.02
RJ,Dausa,Dausa,Dausa,26.96666667,76.33333333,Jasuta,"Dug Well",W22224,2016,6.75,'0,8.05,'0
RJ,Dausa,Dausa,Dausa,26.975,76.29166667,Bapi-1,"Dug Well",W13998,2016,5.12,'0,6.52,11.88
RJ,Dausa,Dausa,Dausa,26.98333333,76.40833333,Kalipahari,"Tube Well",W18168,2016,27.3,'0,30.7,28.4
RJ,Dausa,Baswa,Bandikui,26.96666667,76.57916667,Sikandara,"Tube Well",W13997,2016,34.8,'0,38.6,'0
RJ,Dausa,Dausa,Dausa,26.8,76.33333333,"Bigawas Mod","Dug Well",W20621,2016,3.1,'0,5.3,'0
RJ,Dausa,Dausa,Dausa,26.89583333,76.325,Dausa1,"Dug Well",W14000,2016,13.41,'0,'0,'0
RJ,Dausa,Dausa,Dausa,26.91666667,76.4,Bhandarej,"Dug Well",W13999,2016,21.65,'0,'0,25.17
RJ,Dausa,Bandikui,Bandikui,27.16666667,76.58333333,Baswa1,"Bore Well",W20620,2016,36.95,'0,41.8,47.54
RJ,Dausa,Mahwa,Mahwa,27.075,76.95,Mahwa,"Tube Well",W14016,2016,38.02,'0,41.72,41.62
RJ,Dausa,Mahwa,Mahwa,26.9,77.03333333,Dhand1,"Tube Well",W18172,2016,16.2,'0,18.3,29.5
RJ,Dausa,BANDIKUI,Bandikui,27.07083333,76.73888889,"Digaria Bheem","Tube Well",W33287,2016,52.45,'0,53.1,'0
RJ,Dausa,BANDIKUI,Bandikui,27.09722222,76.78666667,"Sodan Ka Bas","Tube Well",W33288,2016,31.1,'0,32.2,'0
RJ,Dausa,MAHUWA,Mahwa,26.9,77.03333333,"Higetawari Dhani","Dug Well",W33283,2016,8.8,'0,10.9,'0
RJ,Dausa,MAHUWA,Mahwa,26.91666667,77.01666667,Talchidi,"Tube Well",W33284,2016,15.47,'0,17.7,'0
RJ,Dausa,Lalsot,Lalsot,26.56666667,76.3375,LALSOT2,"Tube Well",W29620,2016,32.15,33.02,33.27,35.47
RJ,Dausa,Dausa,Dausa,26.89583333,76.325,Dausa,"Bore Well",W29690,2016,10.75,12.95,'0,18.35
RJ,Dausa,Lalsot,Dausa,26.74583333,76.33611111,"Nagal Rajawatan","Tube Well",W29672,2016,32.7,32.85,33.4,34.13
RJ,Dausa,Dausa,Dausa,26.98055556,76.28333333,BAPI_Pz,"Bore Well",W29704,2016,6.3,10.85,10.5,11.66
RJ,Dausa,Mahuwa,Mahwa,26.975,76.95555556,Ghazipur-Pz,"Tube Well",W29702,2016,11.7,13.2,'0,16.83
RJ,Dausa,Sikrai,Sikrai,26.95,76.73333333,"Langra Balaji-1","Tube Well",W18173,2016,37.7,'0,41.6,37.95
RJ,Dausa,Lalsot,Lalsot,26.68333333,76.2,Prahladpura,"Tube Well",W14013,2015,56.2,55.3,56.43,55.35
RJ,Dausa,Mahuwa,Mahwa,26.975,76.95555556,Ghazipur-Pz,"Tube Well",W29702,2015,12.05,'0,12.7,'0
RJ,Dausa,Dausa,Dausa,26.975,76.29166667,Bapi-1,"Dug Well",W13998,2015,8.62,6.97,11.82,8.22
RJ,Dausa,Dausa,Dausa,26.98333333,76.40833333,Kalipahari,"Tube Well",W18168,2015,26.15,27.7,26.2,27.85
RJ,Dausa,Lalsot,Lalsot,26.46666667,76.41666667,Mandawari,"Tube Well",W18170,2015,44.7,45.95,44.92,46.15
RJ,Dausa,Dausa,Sikrai,26.8125,76.50972222,"Garh Ranoli","Tube Well",W14002,2015,'0,38.3,'0,38.55
RJ,Dausa,Sikrai,Sikrai,26.88472222,76.64305556,Gijgarh,"Tube Well",W14021,2015,52.25,'0,'0,57
RJ,Dausa,Dausa,Dausa,26.78333333,76.21666667,Lawan1,"Tube Well",W14004,2015,'0,42.15,'0,42.4
RJ,Dausa,Dausa,Dausa,26.89583333,76.325,Dausa1,"Dug Well",W14000,2015,'0,14.76,'0,16.31
RJ,Dausa,Dausa,Dausa,26.91666667,76.4,Bhandarej,"Dug Well",W13999,2015,23.4,22.8,19.4,23.25
RJ,Dausa,Bandikui,Bandikui,27.16666667,76.58333333,Baswa1,"Bore Well",W20620,2015,43.62,41.6,44.18,42.85
RJ,Dausa,Mahwa,Mahwa,27.075,76.95,Mahwa,"Tube Well",W14016,2015,35.12,'0,36.62,34.37
RJ,Dausa,Mahwa,Mahwa,26.9,77.03333333,Dhand1,"Tube Well",W18172,2015,20.45,25.95,20.8,20.6
RJ,Dausa,Lalsot,Lalsot,26.56666667,76.3375,LALSOT2,"Tube Well",W29620,2015,32.32,35.37,32.75,35.07
RJ,Dausa,Dausa,Dausa,26.89583333,76.325,Dausa,"Bore Well",W29690,2015,12.1,9.95,12.3,10.7
RJ,Dausa,Sikrai,Sikrai,26.86666667,76.65,Gijgarh,"Tube Well",W29685,2015,'0,58.3,'0,'0
RJ,Dausa,Lalsot,Dausa,26.74583333,76.33611111,"Nagal Rajawatan","Tube Well",W29672,2015,32.3,'0,32.58,'0
RJ,Dausa,Dausa,Dausa,26.98055556,76.28333333,BAPI_Pz,"Bore Well",W29704,2015,9.1,7.35,10.63,8.9
RJ,Dausa,Mahuwa,Mahwa,26.97166667,76.94416667,Ghazipur,"Tube Well",W29701,2015,'0,11.14,'0,11.6
RJ,Dausa,Sikrai,Sikrai,26.95,76.73333333,"Langra Balaji-1","Tube Well",W18173,2015,34.45,34.7,34.68,34.9
RJ,Dausa,Lalsot,Lalsot,26.68333333,76.2,Prahladpura,"Tube Well",W14013,2014,'0,55.04,54.8,'0
RJ,Dausa,Dausa,Dausa,26.95,76.31666667,Jasuta_Pz,"Bore Well",W31797,2014,9.95,'0,9.4,'0
RJ,Dausa,Dausa,Dausa,26.975,76.29166667,Bapi-1,"Dug Well",W13998,2014,4.82,7.2,6.92,7.22
RJ,Dausa,Dausa,Dausa,26.98333333,76.28333333,Bapi-2,"Tube Well",W22104,2014,'0,'0,'0,7.98
RJ,Dausa,Dausa,Dausa,26.98333333,76.40833333,Kalipahari,"Tube Well",W18168,2014,26.72,25.02,27.2,'0
RJ,Dausa,Lalsot,Lalsot,26.46666667,76.41666667,Mandawari,"Tube Well",W18170,2014,'0,45.24,45.4,'0
RJ,Dausa,Dausa,Sikrai,26.8125,76.50972222,"Garh Ranoli","Tube Well",W14002,2014,38.25,36,38.1,37.1
RJ,Dausa,Sikrai,Sikrai,26.88472222,76.64305556,Gijgarh,"Tube Well",W14021,2014,49.35,'0,55.1,'0
RJ,Dausa,Dausa,Dausa,26.78333333,76.21666667,Lawan1,"Tube Well",W14004,2014,'0,32.56,41.25,'0
RJ,Dausa,Dausa,Dausa,26.8,76.33333333,"Bigawas Mod","Dug Well",W20621,2014,11.15,8.26,11.9,9.7
RJ,Dausa,Dausa,Dausa,26.89583333,76.325,Dausa1,"Dug Well",W14000,2014,14.01,11.21,13.91,13.51
RJ,Dausa,Dausa,Dausa,26.91666667,76.4,Bhandarej,"Dug Well",W13999,2014,18.2,17.24,22.3,16.9
RJ,Dausa,Baswa,Bandikui,27.08333333,76.58888889,"B Gurjran","Tube Well",W13993,2014,42.5,43.94,41.92,'0
RJ,Dausa,Bandikui,Bandikui,27.16666667,76.58333333,Baswa1,"Bore Well",W20620,2014,42.7,40.63,40.8,'0
RJ,Dausa,Mahwa,Mahwa,27.075,76.95,Mahwa,"Tube Well",W14016,2014,33.34,32.72,34.37,32.97
RJ,Dausa,Mahwa,Mahwa,27.08333333,76.9,Rashidpura1,"Tube Well",W14018,2014,'0,44.1,'0,'0
RJ,Dausa,Mahwa,Mahwa,26.9,77.03333333,Dhand1,"Tube Well",W18172,2014,18.9,15.95,25.3,'0
RJ,Dausa,Lalsot,Lalsot,26.56666667,76.3375,LALSOT2,"Tube Well",W29620,2014,41.67,37.61,34.47,40.17
RJ,Dausa,Dausa,Dausa,26.89583333,76.325,Dausa,"Bore Well",W29690,2014,10.2,7.3,9.1,9.8
RJ,Dausa,Lalsot,Dausa,26.74583333,76.33611111,"Nagal Rajawatan","Tube Well",W29672,2014,31.2,30.1,26.35,30.85
RJ,Dausa,Dausa,Dausa,26.98055556,76.28333333,BAPI_Pz,"Bore Well",W29704,2014,7.7,7.95,7.28,'0
RJ,Dausa,Mahuwa,Mahwa,26.97166667,76.94416667,Ghazipur,"Tube Well",W29701,2014,11.62,10.38,13.6,11.25
RJ,Dausa,Mahuwa,Mahwa,26.975,76.95555556,Ghazipur-Pz,"Tube Well",W29702,2014,'0,10.48,13.7,'0
RJ,Dausa,Sikrai,Sikrai,26.95,76.73333333,"Langra Balaji-1","Tube Well",W18173,2014,31.9,33.57,32.5,31.6
RJ,Dausa,Lalsot,Lalsot,26.68333333,76.2,Prahladpura,"Tube Well",W14013,2013,58.45,'0,59.67,53.33
RJ,Dausa,Mahuwa,Mahwa,26.97166667,76.94416667,Ghazipur,"Tube Well",W29701,2013,11.8,'0,8.77,'0
RJ,Dausa,Dausa,Dausa,26.975,76.29166667,Bapi-1,"Dug Well",W13998,2013,4.07,6.72,5.4,7.17
RJ,Dausa,Dausa,Dausa,26.98333333,76.40833333,Kalipahari,"Tube Well",W18168,2013,24.1,23.35,25.08,24.8
RJ,Dausa,Baswa,Bandikui,26.96666667,76.57916667,Sikandara,"Tube Well",W13997,2013,'0,'0,'0,33.97
RJ,Dausa,Lalsot,Lalsot,26.46666667,76.41666667,Mandawari,"Tube Well",W18170,2013,50.35,44.58,'0,'0
RJ,Dausa,Dausa,Sikrai,26.8125,76.50972222,"Garh Ranoli","Tube Well",W14002,2013,35.8,20.85,'0,33.32
RJ,Dausa,Sikrai,Sikrai,26.88472222,76.64305556,Gijgarh,"Tube Well",W14021,2013,26.7,'0,27.64,'0
RJ,Dausa,Dausa,Dausa,26.78333333,76.21666667,Lawan1,"Tube Well",W14004,2013,42.95,'0,'0,'0
RJ,Dausa,Dausa,Dausa,26.8,76.33333333,"Bigawas Mod","Dug Well",W20621,2013,3.4,7.68,3.86,11.9
RJ,Dausa,Dausa,Dausa,26.89583333,76.325,Dausa1,"Dug Well",W14000,2013,2.28,6.71,2.55,12.78
RJ,Dausa,Dausa,Dausa,26.91666667,76.4,Bhandarej,"Dug Well",W13999,2013,10.75,22.6,12.57,20.82
RJ,Dausa,Baswa,Bandikui,27.08333333,76.58888889,"B Gurjran","Tube Well",W13993,2013,'0,43.56,'0,43.75
RJ,Dausa,Bandikui,Bandikui,27.16666667,76.58333333,Baswa1,"Bore Well",W20620,2013,35.8,39.72,'0,'0
RJ,Dausa,Mahwa,Mahwa,27.075,76.95,Mahwa,"Tube Well",W14016,2013,30.32,31.42,30.43,32.71
RJ,Dausa,Mahwa,Mahwa,27.08333333,76.9,Rashidpura1,"Tube Well",W14018,2013,39.02,'0,39.27,'0
RJ,Dausa,Mahwa,Mahwa,26.9,77.03333333,Dhand1,"Tube Well",W18172,2013,14.1,21.62,14.19,16.42
RJ,Dausa,Lalsot,Lalsot,26.56666667,76.3375,LALSOT2,"Tube Well",W29620,2013,41.52,'0,'0,'0
RJ,Dausa,Dausa,Dausa,26.89583333,76.325,Dausa,"Bore Well",W29690,2013,4.65,6.6,'0,'0
RJ,Dausa,Lalsot,Dausa,26.74583333,76.33611111,"Nagal Rajawatan","Tube Well",W29672,2013,28.45,'0,'0,'0
RJ,Dausa,Sikrai,Sikrai,26.95,76.73333333,"Langra Balaji-1","Tube Well",W18173,2013,30.85,31.86,32.1,33.48
RJ,Dausa,Lalsot,Lalsot,26.68333333,76.2,Prahladpura,"Tube Well",W14013,2012,'0,56.44,56.84,56.95
RJ,Dausa,Dausa,Dausa,26.89583333,76.325,Dausa,"Bore Well",W29690,2012,'0,'0,6.86,'0
RJ,Dausa,Dausa,Dausa,26.975,76.29166667,Bapi-1,"Dug Well",W13998,2012,'0,'0,8.48,8.37
RJ,Dausa,Dausa,Dausa,26.98333333,76.40833333,Kalipahari,"Tube Well",W18168,2012,'0,23.89,24.07,24.9
RJ,Dausa,Baswa,Bandikui,26.96666667,76.57916667,Sikandara,"Tube Well",W13997,2012,'0,'0,'0,33.16
RJ,Dausa,Lalsot,Lalsot,26.46666667,76.41666667,Mandawari,"Tube Well",W18170,2012,'0,45.75,46.08,46.9
RJ,Dausa,Dausa,Sikrai,26.8125,76.50972222,"Garh Ranoli","Tube Well",W14002,2012,'0,35.56,21.98,'0
RJ,Dausa,Sikrai,Sikrai,26.88472222,76.64305556,Gijgarh,"Tube Well",W14021,2012,'0,48.2,'0,'0
RJ,Dausa,Dausa,Dausa,26.78333333,76.21666667,Lawan1,"Tube Well",W14004,2012,'0,32.04,38.77,39.75
RJ,Dausa,Dausa,Dausa,26.8,76.33333333,"Bigawas Mod","Dug Well",W20621,2012,'0,6.34,7.25,11.9
RJ,Dausa,Dausa,Dausa,26.89583333,76.325,Dausa1,"Dug Well",W14000,2012,'0,9.07,9.51,11.66
RJ,Dausa,Dausa,Dausa,26.91666667,76.4,Bhandarej,"Dug Well",W13999,2012,'0,14.45,18.88,20.1
RJ,Dausa,Baswa,Bandikui,27.08333333,76.58888889,"B Gurjran","Tube Well",W13993,2012,'0,'0,38.96,'0
RJ,Dausa,Bandikui,Bandikui,27.16666667,76.58333333,Baswa1,"Bore Well",W20620,2012,'0,40.52,36.72,42.3
RJ,Dausa,Mahwa,Mahwa,27.075,76.95,Mahwa,"Tube Well",W14016,2012,'0,29.17,'0,30.32
RJ,Dausa,Mahwa,Mahwa,27.08333333,76.9,Rashidpura1,"Tube Well",W14018,2012,'0,36.86,'0,'0
RJ,Dausa,Mahwa,Mahwa,26.9,77.03333333,Dhand1,"Tube Well",W18172,2012,'0,14.62,18.8,16.8
RJ,Dausa,Sikrai,Sikrai,26.95,76.73333333,"Langra Balaji-1","Tube Well",W18173,2012,'0,32.76,32.38,33.67
RJ,Dausa,Lalsot,Lalsot,26.68333333,76.2,Prahladpura,"Tube Well",W14013,2011,50.88,54.21,55.16,51.45
RJ,Dausa,Mahwa,Mahwa,26.90833333,76.975,Kherla,"Dug Well",W14015,2011,'0,6.66,10.59,11.18
RJ,Dausa,Dausa,Dausa,26.96666667,76.33333333,Jasuta,"Dug Well",W22224,2011,6.75,'0,6.63,11.1
RJ,Dausa,Dausa,Dausa,26.975,76.29166667,Bapi-1,"Dug Well",W13998,2011,4.12,'0,6.12,8.27
RJ,Dausa,Dausa,Dausa,26.98333333,76.28333333,Bapi-2,"Tube Well",W22104,2011,5.81,8.78,5.82,9.25
RJ,Dausa,Dausa,Dausa,26.98333333,76.40833333,Kalipahari,"Tube Well",W18168,2011,'0,26.44,22.19,24.06
RJ,Dausa,Baswa,Bandikui,26.96666667,76.57916667,Sikandara,"Tube Well",W13997,2011,31.1,30.48,'0,31.24
RJ,Dausa,Lalsot,Lalsot,26.46666667,76.41666667,Mandawari,"Tube Well",W18170,2011,48.57,44.82,46.19,45.66
RJ,Dausa,Lalsot,Lalsot,26.5875,76.34166667,Didwana2,"Tube Well",W14009,2011,'0,35.03,'0,'0
RJ,Dausa,Dausa,Sikrai,26.8125,76.50972222,"Garh Ranoli","Tube Well",W14002,2011,31.9,38.6,32.54,31.67
RJ,Dausa,Sikrai,Sikrai,26.88472222,76.64305556,Gijgarh,"Tube Well",W14021,2011,39.3,44.62,43.82,13.1
RJ,Dausa,Dausa,Dausa,26.78333333,76.21666667,Lawan1,"Tube Well",W14004,2011,28.72,29.37,30.88,29.6
RJ,Dausa,Dausa,Dausa,26.8,76.33333333,"Bigawas Mod","Dug Well",W20621,2011,5.2,8.63,5.8,9.65
RJ,Dausa,Dausa,Dausa,26.89583333,76.325,Dausa1,"Dug Well",W14000,2011,4.05,11.41,4,12.88
RJ,Dausa,Dausa,Dausa,26.91666667,76.4,Bhandarej,"Dug Well",W13999,2011,10,26.22,13.6,25
RJ,Dausa,Bandikui,Bandikui,27.16666667,76.58333333,Baswa1,"Bore Well",W20620,2011,39,40.04,38.82,20.4
RJ,Dausa,Mahwa,Mahwa,27.075,76.95,Mahwa,"Tube Well",W14016,2011,27.07,26.07,28.5,26.97
RJ,Dausa,Mahwa,Mahwa,27.08333333,76.9,Rashidpura1,"Tube Well",W14018,2011,32.64,34.5,34.92,36.33
RJ,Dausa,Mahwa,Mahwa,26.9,77.03333333,Dhand1,"Tube Well",W18172,2011,13.1,18,14.21,14.68
RJ,Dausa,Sikrai,Sikrai,26.95,76.73333333,"Langra Balaji-1","Tube Well",W18173,2011,30.04,31.06,31.49,31.75
RJ,Dausa,Lalsot,Lalsot,26.68333333,76.2,Prahladpura,"Tube Well",W14013,2010,50.51,51.45,51.88,51.6
RJ,Dausa,Mahwa,Mahwa,26.90833333,76.975,Kherla,"Dug Well",W14015,2010,'0,15.78,'0,'0
RJ,Dausa,Dausa,Dausa,26.975,76.29166667,Bapi-1,"Dug Well",W13998,2010,'0,'0,'0,13.22
RJ,Dausa,Dausa,Dausa,26.98333333,76.40833333,Kalipahari,"Tube Well",W18168,2010,12.75,22.33,23.68,23.5
RJ,Dausa,Baswa,Bandikui,26.96666667,76.57916667,Sikandara,"Tube Well",W13997,2010,31.3,'0,29.48,26.85
RJ,Dausa,Lalsot,Lalsot,26.46666667,76.41666667,Mandawari,"Tube Well",W18170,2010,'0,48.9,44.28,'0
RJ,Dausa,Lalsot,Lalsot,26.5875,76.34166667,Didwana2,"Tube Well",W14009,2010,35.1,'0,34.78,33.48
RJ,Dausa,Dausa,Sikrai,26.8125,76.50972222,"Garh Ranoli","Tube Well",W14002,2010,35.17,34.9,33.82,35.2
RJ,Dausa,Sikrai,Sikrai,26.88472222,76.64305556,Gijgarh,"Tube Well",W14021,2010,37.17,40.94,37.11,'0
RJ,Dausa,Dausa,Dausa,26.78333333,76.21666667,Lawan1,"Tube Well",W14004,2010,28.95,29.62,'0,30.95
RJ,Dausa,Dausa,Dausa,26.8,76.33333333,"Bigawas Mod","Dug Well",W20621,2010,2.6,'0,2.51,'0
RJ,Dausa,Dausa,Dausa,26.89583333,76.325,Dausa1,"Dug Well",W14000,2010,5.48,11.71,12.03,14.15
RJ,Dausa,Dausa,Dausa,26.91666667,76.4,Bhandarej,"Dug Well",W13999,2010,'0,27.2,'0,25.23
RJ,Dausa,Bandikui,Bandikui,27.16666667,76.58333333,Baswa1,"Bore Well",W20620,2010,42.1,42.1,41.92,44.05
RJ,Dausa,Mahwa,Mahwa,27.075,76.95,Mahwa,"Tube Well",W14016,2010,24.27,22.12,24.07,'0
RJ,Dausa,Mahwa,Mahwa,27.08333333,76.9,Rashidpura1,"Tube Well",W14018,2010,28.62,33.57,31.6,31.1
RJ,Dausa,Mahwa,Mahwa,26.9,77.03333333,Dhand1,"Tube Well",W18172,2010,'0,20.2,'0,20.25
RJ,Dausa,Sikrai,Sikrai,26.95,76.73333333,"Langra Balaji-1","Tube Well",W18173,2010,29.75,29.5,29.75,30.5
RJ,Dausa,Lalsot,Lalsot,26.525,76.2,"Shiv Singhpura","Tube Well",W18171,2009,'0,44.32,'0,'0
RJ,Dausa,Mahwa,Mahwa,26.90833333,76.975,Kherla,"Dug Well",W14015,2009,15.28,'0,12.88,15.68
RJ,Dausa,Lalsot,Lalsot,26.56666667,76.3375,Lalsot1,"Dug Well",W14011,2009,'0,25.59,'0,'0
RJ,Dausa,Lalsot,Lalsot,26.68333333,76.2,Prahladpura,"Tube Well",W14013,2009,49.2,49.37,50.94,49.4
RJ,Dausa,Sikrai,Sikrai,26.95,76.73333333,"Langra Balaji-1","Tube Well",W18173,2009,28.75,27.88,27.85,29.2
RJ,Dausa,Dausa,Dausa,26.975,76.29166667,Bapi-1,"Dug Well",W13998,2009,9.27,10.41,12.88,10.52
RJ,Dausa,Dausa,Dausa,26.98333333,76.40833333,Kalipahari,"Tube Well",W18168,2009,20.95,21.42,21.7,23.2
RJ,Dausa,Dausa,Bandikui,26.93333333,76.51666667,Dubbi,"Tube Well",W14001,2009,27.15,25.57,'0,24.13
RJ,Dausa,Baswa,Bandikui,26.96666667,76.57916667,Sikandara,"Tube Well",W13997,2009,26.81,25.79,27.25,25.4
RJ,Dausa,Lalsot,Lalsot,26.46666667,76.41666667,Mandawari,"Tube Well",W18170,2009,'0,45.66,44.32,'0
RJ,Dausa,Lalsot,Lalsot,26.48333333,76.375,Bagri-Bilona,"Dug Well",W14007,2009,'0,11.64,'0,'0
RJ,Dausa,Lalsot,Lalsot,26.5875,76.34166667,Didwana2,"Tube Well",W14009,2009,31.8,31.13,33.38,33.2
RJ,Dausa,Dausa,Sikrai,26.8125,76.50972222,"Garh Ranoli","Tube Well",W14002,2009,33.1,30.95,33.05,31.3
RJ,Dausa,Sikrai,Sikrai,26.88472222,76.64305556,Gijgarh,"Tube Well",W14021,2009,35.1,35.17,37.85,35.2
RJ,Dausa,Dausa,Dausa,26.78333333,76.21666667,Lawan1,"Tube Well",W14004,2009,28.47,29.3,32.85,30.9
RJ,Dausa,Dausa,Dausa,26.8,76.33333333,"Bigawas Mod","Dug Well",W20621,2009,10.1,8.55,9.6,'0
RJ,Dausa,Dausa,Dausa,26.89583333,76.325,Dausa1,"Dug Well",W14000,2009,10.11,10.75,12.88,12.65
RJ,Dausa,Dausa,Dausa,26.91666667,76.4,Bhandarej,"Dug Well",W13999,2009,23.33,24.79,23.9,23.54
RJ,Dausa,Baswa,Bandikui,27.08333333,76.58888889,"B Gurjran","Tube Well",W13993,2009,45.2,43.03,'0,44.2
RJ,Dausa,Bandikui,Bandikui,27.16666667,76.58333333,Baswa1,"Bore Well",W20620,2009,45.8,40.15,41,43.1
RJ,Dausa,Mahwa,Mahwa,27.075,76.95,Mahwa,"Tube Well",W14016,2009,21.22,20.94,'0,'0
RJ,Dausa,Mahwa,Mahwa,27.08333333,76.9,Rashidpura1,"Tube Well",W14018,2009,25.88,29.94,41.6,26.4
RJ,Dausa,Mahwa,Mahwa,27.10972222,76.87083333,Ukrund,"Tube Well",W14019,2009,27.03,31.03,'0,26.92
RJ,Dausa,Mahwa,Mahwa,26.9,77.03333333,Dhand1,"Tube Well",W18172,2009,14.4,14.62,16.9,14.2
RJ,Dausa,Lalsot,Lalsot,26.52916667,76.19722222,Hodayli,"Tube Well",W14010,2009,'0,45.02,'0,47.2
RJ,Dausa,Lalsot,Lalsot,26.525,76.2,"Shiv Singhpura","Tube Well",W18171,2008,43.9,'0,43.3,'0
RJ,Dausa,Mahwa,Mahwa,26.90833333,76.975,Kherla,"Dug Well",W14015,2008,11.78,'0,13.18,'0
RJ,Dausa,Lalsot,Lalsot,26.56666667,76.3375,Lalsot1,"Dug Well",W14011,2008,22.07,27.44,24.32,'0
RJ,Dausa,Lalsot,Lalsot,26.68333333,76.2,Prahladpura,"Tube Well",W14013,2008,48.5,47.35,49.9,47.48
RJ,Dausa,Sikrai,Sikrai,26.95,76.73333333,"Langra Balaji-1","Tube Well",W18173,2008,26.7,26.38,27.15,26.9
RJ,Dausa,Dausa,Dausa,26.975,76.29166667,Bapi-1,"Dug Well",W13998,2008,2.92,9.44,8.95,10.62
RJ,Dausa,Dausa,Dausa,26.98333333,76.40833333,Kalipahari,"Tube Well",W18168,2008,24.9,19.42,22.02,20.4
RJ,Dausa,Dausa,Bandikui,26.93333333,76.51666667,Dubbi,"Tube Well",W14001,2008,'0,'0,15.05,'0
RJ,Dausa,Baswa,Bandikui,26.96666667,76.57916667,Sikandara,"Tube Well",W13997,2008,34.8,24.32,25.45,24.85
RJ,Dausa,Baswa,Bandikui,26.98333333,76.48333333,Kolwa,"Tube Well",W13994,2008,35.18,33.7,'0,38.7
RJ,Dausa,Lalsot,Lalsot,26.46666667,76.41666667,Mandawari,"Tube Well",W18170,2008,43.2,43.56,44.41,43.9
RJ,Dausa,Lalsot,Lalsot,26.5875,76.34166667,Didwana2,"Tube Well",W14009,2008,31.2,29.71,31.03,31.75
RJ,Dausa,Dausa,Sikrai,26.8125,76.50972222,"Garh Ranoli","Tube Well",W14002,2008,28.9,25.27,29,27.2
RJ,Dausa,Sikrai,Sikrai,26.88333333,76.58333333,Achalpura,"Tube Well",W14020,2008,32.8,28.56,29.84,'0
RJ,Dausa,Sikrai,Sikrai,26.88472222,76.64305556,Gijgarh,"Tube Well",W14021,2008,'0,'0,34.9,29.4
RJ,Dausa,Dausa,Dausa,26.78333333,76.21666667,Lawan1,"Tube Well",W14004,2008,42.9,28.91,30.14,28.4
RJ,Dausa,Dausa,Dausa,26.8,76.33333333,"Bigawas Mod","Dug Well",W20621,2008,.9,7.01,7.8,9.1
RJ,Dausa,Dausa,Dausa,26.8,76.36666667,Aluda1,"Tube Well",W18167,2008,12.2,'0,'0,'0
RJ,Dausa,Dausa,Dausa,26.89583333,76.325,Dausa1,"Dug Well",W14000,2008,5.81,12.18,9.61,12.41
RJ,Dausa,Dausa,Dausa,26.91666667,76.4,Bhandarej,"Dug Well",W13999,2008,17.3,'0,23.72,'0
RJ,Dausa,Baswa,Bandikui,27.08333333,76.58888889,"B Gurjran","Tube Well",W13993,2008,38.7,36.59,'0,39.4
RJ,Dausa,Bandikui,Bandikui,27.16666667,76.58333333,Baswa1,"Bore Well",W20620,2008,'0,41.86,30.84,40.9
RJ,Dausa,Mahwa,Mahwa,27.075,76.95,Mahwa,"Tube Well",W14016,2008,18.82,20.08,19.32,19.32
RJ,Dausa,Mahwa,Mahwa,27.08333333,76.9,Rashidpura1,"Tube Well",W14018,2008,22.35,20.3,'0,22.9
RJ,Dausa,Mahwa,Mahwa,27.10972222,76.87083333,Ukrund,"Tube Well",W14019,2008,24.2,'0,25.1,'0
RJ,Dausa,Mahwa,Mahwa,26.9,77.03333333,Dhand1,"Tube Well",W18172,2008,12.18,24.72,12.9,'0
RJ,Dausa,Lalsot,Lalsot,26.52916667,76.19722222,Hodayli,"Tube Well",W14010,2008,43.4,44.11,44.3,'0
RJ,Dausa,Lalsot,Lalsot,26.525,76.2,"Shiv Singhpura","Tube Well",W18171,2007,41.4,'0,'0,'0
RJ,Dausa,Mahwa,Mahwa,26.90833333,76.975,Kherla,"Dug Well",W14015,2007,'0,9.38,'0,10.47
RJ,Dausa,Lalsot,Lalsot,26.56666667,76.3375,Lalsot1,"Dug Well",W14011,2007,23.07,'0,25.57,'0
RJ,Dausa,Lalsot,Lalsot,26.68333333,76.2,Prahladpura,"Tube Well",W14013,2007,45.8,46.05,45.9,46.52
RJ,Dausa,Sikrai,Sikrai,26.95,76.73333333,"Langra Balaji-1","Tube Well",W18173,2007,25.08,24.65,27.95,24.2
RJ,Dausa,Dausa,Dausa,26.975,76.29166667,Bapi-1,"Dug Well",W13998,2007,9.26,12.02,15.02,12.7
RJ,Dausa,Dausa,Dausa,26.98333333,76.40833333,Kalipahari,"Tube Well",W18168,2007,19.82,'0,'0,'0
RJ,Dausa,Dausa,Bandikui,26.93333333,76.51666667,Dubbi,"Tube Well",W14001,2007,21.84,21.38,'0,21.25
RJ,Dausa,Baswa,Bandikui,26.96666667,76.57916667,Sikandara,"Tube Well",W13997,2007,23.57,22,23.4,22.62
RJ,Dausa,Baswa,Bandikui,26.98333333,76.48333333,Kolwa,"Tube Well",W13994,2007,36.57,'0,35.44,'0
RJ,Dausa,Lalsot,Lalsot,26.46666667,76.41666667,Mandawari,"Tube Well",W18170,2007,41.88,41.57,42.1,42.89
RJ,Dausa,Lalsot,Lalsot,26.48333333,76.375,Bagri-Bilona,"Dug Well",W14007,2007,'0,11.59,'0,12.04
RJ,Dausa,Lalsot,Lalsot,26.5875,76.34166667,Didwana2,"Tube Well",W14009,2007,29.63,28.23,32.5,29.34
RJ,Dausa,Dausa,Sikrai,26.8125,76.50972222,"Garh Ranoli","Tube Well",W14002,2007,25.19,25.23,31,25.44
RJ,Dausa,Sikrai,Sikrai,26.88333333,76.58333333,Achalpura,"Tube Well",W14020,2007,28.47,25.9,29.5,27.04
RJ,Dausa,Dausa,Dausa,26.78333333,76.21666667,Lawan1,"Tube Well",W14004,2007,26.8,27.6,27.3,28.12
RJ,Dausa,Dausa,Dausa,26.8,76.33333333,"Bigawas Mod","Dug Well",W20621,2007,6.86,'0,'0,'0
RJ,Dausa,Dausa,Dausa,26.89583333,76.325,Dausa1,"Dug Well",W14000,2007,7.82,10.81,11.76,12
RJ,Dausa,Dausa,Dausa,26.91666667,76.4,Bhandarej,"Dug Well",W13999,2007,18.15,'0,'0,24.28
RJ,Dausa,Baswa,Bandikui,27.08333333,76.58888889,"B Gurjran","Tube Well",W13993,2007,36.47,37.47,36.08,37.38
RJ,Dausa,Bandikui,Bandikui,27.16666667,76.58333333,Baswa1,"Bore Well",W20620,2007,41.22,42.15,42.1,42.27
RJ,Dausa,Mahwa,Mahwa,27.075,76.95,Mahwa,"Tube Well",W14016,2007,16.64,17.32,18.07,17.82
RJ,Dausa,Mahwa,Mahwa,27.08333333,76.9,Rashidpura1,"Tube Well",W14018,2007,20.18,21.73,21.4,20.33
RJ,Dausa,Mahwa,Mahwa,27.10972222,76.87083333,Ukrund,"Tube Well",W14019,2007,22.17,'0,'0,19.38
RJ,Dausa,Mahwa,Mahwa,26.9,77.03333333,Dhand1,"Tube Well",W18172,2007,11.61,12.75,11.76,13.25
RJ,Dausa,Lalsot,Lalsot,26.52916667,76.19722222,Hodayli,"Tube Well",W14010,2007,41.59,50.86,47,51.47
RJ,Dausa,Lalsot,Lalsot,26.525,76.2,"Shiv Singhpura","Tube Well",W18171,2006,'0,45.4,'0,'0
RJ,Dausa,Mahwa,Mahwa,26.90833333,76.975,Kherla,"Dug Well",W14015,2006,6.88,3.84,8.93,6.43
RJ,Dausa,Lalsot,Lalsot,26.56666667,76.3375,Lalsot1,"Dug Well",W14011,2006,23.69,25.77,24.97,'0
RJ,Dausa,Lalsot,Lalsot,26.68333333,76.2,Prahladpura,"Tube Well",W14013,2006,44.8,44.25,45.6,44.95
RJ,Dausa,Sikrai,Sikrai,26.95,76.73333333,"Langra Balaji-1","Tube Well",W18173,2006,23.63,23.11,24.03,23.65
RJ,Dausa,Dausa,Dausa,26.975,76.29166667,Bapi-1,"Dug Well",W13998,2006,7.74,12.02,10.22,10.26
RJ,Dausa,Dausa,Dausa,26.98333333,76.40833333,Kalipahari,"Tube Well",W18168,2006,14.44,18.65,'0,18.88
RJ,Dausa,Dausa,Bandikui,26.93333333,76.51666667,Dubbi,"Tube Well",W14001,2006,17.88,19.58,21.48,18.8
RJ,Dausa,Baswa,Bandikui,26.96666667,76.57916667,Sikandara,"Tube Well",W13997,2006,20.98,20.37,21.3,20.9
RJ,Dausa,Baswa,Bandikui,26.98333333,76.48333333,Kolwa,"Tube Well",W13994,2006,30.53,30.8,'0,32.09
RJ,Dausa,Lalsot,Lalsot,26.46666667,76.41666667,Mandawari,"Tube Well",W18170,2006,40.43,36.5,41.5,40.57
RJ,Dausa,Lalsot,Lalsot,26.48333333,76.375,Bagri-Bilona,"Dug Well",W14007,2006,10.99,10.49,11.49,10.94
RJ,Dausa,Lalsot,Lalsot,26.5875,76.34166667,Didwana2,"Tube Well",W14009,2006,27.65,26.53,27.9,27.27
RJ,Dausa,Dausa,Sikrai,26.8125,76.50972222,"Garh Ranoli","Tube Well",W14002,2006,23.83,23.6,24.36,23.76
RJ,Dausa,Sikrai,Sikrai,26.88333333,76.58333333,Achalpura,"Tube Well",W14020,2006,'0,24.23,25.54,26.49
RJ,Dausa,Sikrai,Sikrai,26.88472222,76.64305556,Gijgarh,"Tube Well",W14021,2006,25,24.9,26.9,24.9
RJ,Dausa,Dausa,Dausa,26.78333333,76.21666667,Lawan1,"Tube Well",W14004,2006,25.5,26.6,27.1,25.89
RJ,Dausa,Dausa,Dausa,26.8,76.33333333,"Bigawas Mod","Dug Well",W20621,2006,10.3,10.2,'0,'0
RJ,Dausa,Dausa,Dausa,26.8,76.36666667,Aluda1,"Tube Well",W18167,2006,10.43,11.3,'0,11.21
RJ,Dausa,Dausa,Dausa,26.89583333,76.325,Dausa1,"Dug Well",W14000,2006,9.62,8.28,10.41,10.01
RJ,Dausa,Dausa,Dausa,26.91666667,76.4,Bhandarej,"Dug Well",W13999,2006,'0,21.94,'0,21.28
RJ,Dausa,Baswa,Bandikui,27.08333333,76.58888889,"B Gurjran","Tube Well",W13993,2006,24.97,35.73,36.7,35.53
RJ,Dausa,Bandikui,Bandikui,27.16666667,76.58333333,Baswa1,"Bore Well",W20620,2006,42.1,41.1,41.6,41.42
RJ,Dausa,Mahwa,Mahwa,27.075,76.95,Mahwa,"Tube Well",W14016,2006,15.92,14.97,16.52,16.56
RJ,Dausa,Mahwa,Mahwa,27.08333333,76.9,Rashidpura1,"Tube Well",W14018,2006,19.42,19.63,21.1,19.42
RJ,Dausa,Mahwa,Mahwa,27.10972222,76.87083333,Ukrund,"Tube Well",W14019,2006,'0,'0,'0,19.2
RJ,Dausa,Mahwa,Mahwa,26.9,77.03333333,Dhand1,"Tube Well",W18172,2006,10.48,10.9,11.14,11.18
RJ,Dausa,Lalsot,Lalsot,26.52916667,76.19722222,Hodayli,"Tube Well",W14010,2006,47.95,43.23,49.95,47.25
RJ,Dausa,Lalsot,Lalsot,26.525,76.2,"Shiv Singhpura","Tube Well",W18171,2005,'0,41.92,41.06,44.3
RJ,Dausa,Lalsot,Lalsot,26.52916667,76.19722222,Hodayli,"Tube Well",W14010,2005,'0,40.42,42.24,49.2
RJ,Dausa,Lalsot,Lalsot,26.56666667,76.3375,Lalsot1,"Dug Well",W14011,2005,22.7,24.17,24.92,26.23
RJ,Dausa,Lalsot,Lalsot,26.68333333,76.2,Prahladpura,"Tube Well",W14013,2005,'0,43.63,44.32,43.75
RJ,Dausa,Sikrai,Sikrai,26.95,76.73333333,"Langra Balaji-1","Tube Well",W18173,2005,22.2,21.78,22.65,22.14
RJ,Dausa,Dausa,Dausa,26.975,76.29166667,Bapi-1,"Dug Well",W13998,2005,6.52,11.87,8.54,10.12
RJ,Dausa,Dausa,Dausa,26.98333333,76.40833333,Kalipahari,"Tube Well",W18168,2005,'0,19.18,18.13,22.36
RJ,Dausa,Dausa,Bandikui,26.93333333,76.51666667,Dubbi,"Tube Well",W14001,2005,'0,'0,18.8,'0
RJ,Dausa,Baswa,Bandikui,26.96666667,76.57916667,Sikandara,"Tube Well",W13997,2005,19.92,19.4,20.05,22.9
RJ,Dausa,Baswa,Bandikui,26.98333333,76.48333333,Kolwa,"Tube Well",W13994,2005,29.06,28.98,30.47,30.47
RJ,Dausa,Lalsot,Lalsot,26.46666667,76.41666667,Mandawari,"Tube Well",W18170,2005,38.22,38.77,38.71,39.8
RJ,Dausa,Lalsot,Lalsot,26.48333333,76.375,Bagri-Bilona,"Dug Well",W14007,2005,'0,9.92,10.23,10.35
RJ,Dausa,Lalsot,Lalsot,26.5875,76.34166667,Didwana2,"Tube Well",W14009,2005,25.03,25.02,26.29,25.7
RJ,Dausa,Dausa,Sikrai,26.8125,76.50972222,"Garh Ranoli","Tube Well",W14002,2005,23.5,24.02,23.2,25.32
RJ,Dausa,Sikrai,Sikrai,26.88333333,76.58333333,Achalpura,"Tube Well",W14020,2005,23.52,22.9,24.58,'0
RJ,Dausa,Sikrai,Sikrai,26.88472222,76.64305556,Gijgarh,"Tube Well",W14021,2005,23.66,24.12,25.05,'0
RJ,Dausa,Dausa,Dausa,26.78333333,76.21666667,Lawan1,"Tube Well",W14004,2005,24.36,27.4,25.32,24.92
RJ,Dausa,Dausa,Dausa,26.8,76.33333333,"Bigawas Mod","Dug Well",W20621,2005,'0,'0,9.02,'0
RJ,Dausa,Dausa,Dausa,26.8,76.36666667,Aluda1,"Tube Well",W18167,2005,9.48,10.51,9.41,14.3
RJ,Dausa,Dausa,Dausa,26.89583333,76.325,Dausa1,"Dug Well",W14000,2005,4.73,7.13,6.57,9.13
RJ,Dausa,Dausa,Dausa,26.91666667,76.4,Bhandarej,"Dug Well",W13999,2005,10.18,24.77,16.1,'0
RJ,Dausa,Baswa,Bandikui,27.08333333,76.58888889,"B Gurjran","Tube Well",W13993,2005,'0,'0,34.07,36.3
RJ,Dausa,Bandikui,Bandikui,27.16666667,76.58333333,Baswa1,"Bore Well",W20620,2005,'0,'0,39.93,'0
RJ,Dausa,Mahwa,Mahwa,27.075,76.95,Mahwa,"Tube Well",W14016,2005,14.57,15.7,14.7,16.42
RJ,Dausa,Mahwa,Mahwa,27.08333333,76.9,Rashidpura1,"Tube Well",W14018,2005,18.33,19.8,19.98,19.05
RJ,Dausa,Mahwa,Mahwa,27.10972222,76.87083333,Ukrund,"Tube Well",W14019,2005,20.66,'0,'0,26.65
RJ,Dausa,Mahwa,Mahwa,26.9,77.03333333,Dhand1,"Tube Well",W18172,2005,9.04,10.75,10.05,10.5
RJ,Dausa,Mahwa,Mahwa,26.90833333,76.975,Kherla,"Dug Well",W14015,2005,3.55,7.63,3.29,9.88
RJ,Dausa,Dausa,Dausa,27.00833333,76.40833333,Abhaneri,"Tube Well",W20213,2005,'0,'0,'0,23.26
RJ,Dausa,Dausa,Dausa,26.78333333,76.21666667,Lawan1,"Tube Well",W14004,2003,'0,22.95,'0,22.67
RJ,Dausa,Sikrai,Sikrai,26.88472222,76.64305556,Gijgarh,"Tube Well",W14021,2003,'0,'0,'0,19.85
RJ,Dausa,Dausa,Dausa,26.91666667,76.4,Bhandarej,"Dug Well",W13999,2003,'0,'0,'0,19.19
RJ,Dausa,Mahwa,Mahwa,27.01666667,76.86666667,Pipalkheda,"Dug Well",W14017,2003,'0,18.06,'0,15.72
RJ,Dausa,Mahwa,Mahwa,27.075,76.95,Mahwa,"Tube Well",W14016,2003,'0,'0,'0,14.71
RJ,Dausa,Mahwa,Mahwa,27.08333333,76.9,Rashidpura1,"Tube Well",W14018,2003,'0,16.3,'0,16.4
RJ,Dausa,Mahwa,Mahwa,27.10972222,76.87083333,Ukrund,"Tube Well",W14019,2003,'0,20.7,'0,20.32
RJ,Dausa,Mahwa,Mahwa,26.9,77.0375,"Genoli Mod","Tube Well",W14014,2003,'0,9.4,'0,9.76
RJ,Dausa,Mahwa,Mahwa,26.90833333,76.975,Kherla,"Dug Well",W14015,2003,'0,9.67,'0,10.04
RJ,Dausa,Lalsot,Lalsot,26.52916667,76.19722222,Hodayli,"Tube Well",W14010,2003,'0,37.8,'0,39.2
RJ,Dausa,Lalsot,Lalsot,26.56666667,76.3375,Lalsot1,"Dug Well",W14011,2003,'0,24.92,'0,26.47
RJ,Dausa,Lalsot,Lalsot,26.68333333,76.2,Prahladpura,"Tube Well",W14013,2003,'0,38.15,'0,39.88
RJ,Dausa,Baswa,Sikrai,26.95,76.68333333,Manpura1,"Tube Well",W13996,2003,'0,15.2,'0,18.17
RJ,Dausa,Baswa,Sikrai,26.96944444,76.775,"Langra Balaji-2","Tube Well",W13995,2003,'0,19.65,'0,20.06
RJ,Dausa,Dausa,Dausa,26.975,76.29166667,Bapi-1,"Dug Well",W13998,2003,'0,14.62,'0,14.65
RJ,Dausa,Dausa,Bandikui,26.93333333,76.51666667,Dubbi,"Tube Well",W14001,2003,'0,15.58,'0,15.7
RJ,Dausa,Baswa,Bandikui,26.96666667,76.57916667,Sikandara,"Tube Well",W13997,2003,'0,17.45,'0,18.94
RJ,Dausa,Baswa,Bandikui,26.98333333,76.48333333,Kolwa,"Tube Well",W13994,2003,'0,25.1,'0,26.31
RJ,Dausa,Lalsot,Lalsot,26.48333333,76.375,Bagri-Bilona,"Dug Well",W14007,2003,'0,8.74,'0,9.03
RJ,Dausa,Lalsot,Lalsot,26.5875,76.34166667,Didwana2,"Tube Well",W14009,2003,'0,22.18,'0,22.72
RJ,Dausa,Dausa,Sikrai,26.8125,76.50972222,"Garh Ranoli","Tube Well",W14002,2003,'0,21.5,'0,22.46
RJ,Dausa,Dausa,Sikrai,26.83333333,76.51666667,Gumanpura,"Dug Well",W14003,2003,'0,'0,'0,18.56
RJ,Dausa,Sikrai,Sikrai,26.88333333,76.58333333,Achalpura,"Tube Well",W14020,2003,'0,'0,'0,18.92
RJ,Dausa,Dausa,Dausa,26.89583333,76.325,Dausa1,"Dug Well",W14000,2003,'0,11.11,'0,11.93
RJ,Dausa,Dausa,Dausa,26.89583333,76.325,Dausa1,"Dug Well",W14000,2002,9.78,8.12,10.91,9.88
RJ,Dausa,Dausa,Dausa,26.91666667,76.4,Bhandarej,"Dug Well",W13999,2002,17.01,'0,'0,'0
RJ,Dausa,Baswa,Bandikui,27.08333333,76.58888889,"B Gurjran","Tube Well",W13993,2002,'0,30.19,'0,'0
RJ,Dausa,Mahwa,Mahwa,27.01666667,76.86666667,Pipalkheda,"Dug Well",W14017,2002,15.52,14.91,16.72,'0
RJ,Dausa,Mahwa,Mahwa,27.075,76.95,Mahwa,"Tube Well",W14016,2002,13.45,12.41,13.9,13.22
RJ,Dausa,Mahwa,Mahwa,27.08333333,76.9,Rashidpura1,"Tube Well",W14018,2002,15.38,14.7,16.35,14.79
RJ,Dausa,Mahwa,Mahwa,27.10972222,76.87083333,Ukrund,"Tube Well",W14019,2002,15.8,15.4,18.7,15.2
RJ,Dausa,Mahwa,Mahwa,26.9,77.0375,"Genoli Mod","Tube Well",W14014,2002,7.78,7.27,8.82,7.89
RJ,Dausa,Mahwa,Mahwa,26.90833333,76.975,Kherla,"Dug Well",W14015,2002,7.37,'0,8.32,'0
RJ,Dausa,Lalsot,Lalsot,26.52916667,76.19722222,Hodayli,"Tube Well",W14010,2002,37,36.21,38.68,38.1
RJ,Dausa,Lalsot,Lalsot,26.56666667,76.3375,Lalsot1,"Dug Well",W14011,2002,25.42,25.37,44.27,26.67
RJ,Dausa,Lalsot,Lalsot,26.68333333,76.2,Prahladpura,"Tube Well",W14013,2002,37.18,34.69,38.03,'0
RJ,Dausa,Baswa,Sikrai,26.95,76.68333333,Manpura1,"Tube Well",W13996,2002,14.02,13.15,21.63,14.5
RJ,Dausa,Baswa,Sikrai,26.96944444,76.775,"Langra Balaji-2","Tube Well",W13995,2002,18.71,18.4,19.24,18.8
RJ,Dausa,Dausa,Dausa,26.975,76.29166667,Bapi-1,"Dug Well",W13998,2002,11.29,9.14,14.34,13.43
RJ,Dausa,Dausa,Bandikui,26.93333333,76.51666667,Dubbi,"Tube Well",W14001,2002,13.83,12.66,14.9,'0
RJ,Dausa,Baswa,Bandikui,26.96666667,76.57916667,Sikandara,"Tube Well",W13997,2002,16.68,17.8,17.07,16.25
RJ,Dausa,Baswa,Bandikui,26.98333333,76.48333333,Kolwa,"Tube Well",W13994,2002,23.8,26.31,24.97,'0
RJ,Dausa,Dausa,Lalsot,26.725,76.32916667,Nayawas,"Dug Well",W14006,2002,'0,13.4,'0,'0
RJ,Dausa,Lalsot,Lalsot,26.48333333,76.375,Bagri-Bilona,"Dug Well",W14007,2002,8.4,7.69,8.57,7.74
RJ,Dausa,Lalsot,Lalsot,26.5875,76.34166667,Didwana2,"Tube Well",W14009,2002,'0,20.1,21.84,21.2
RJ,Dausa,Dausa,Sikrai,26.8125,76.50972222,"Garh Ranoli","Tube Well",W14002,2002,20.68,19.69,21.18,20.9
RJ,Dausa,Sikrai,Sikrai,26.88333333,76.58333333,Achalpura,"Tube Well",W14020,2002,19.52,18.71,19.9,19.82
RJ,Dausa,Sikrai,Sikrai,26.88472222,76.64305556,Gijgarh,"Tube Well",W14021,2002,17.99,17.8,19.66,18.7
RJ,Dausa,Dausa,Dausa,26.78333333,76.21666667,Lawan1,"Tube Well",W14004,2002,21.2,20.97,22.67,22.3
RJ,Dausa,Dausa,Dausa,26.89583333,76.325,Dausa1,"Dug Well",W14000,2001,5.4,7.42,6.69,9.35
RJ,Dausa,Sikrai,Sikrai,26.88472222,76.64305556,Gijgarh,"Tube Well",W14021,2001,16.27,17.1,17.16,16.4
RJ,Dausa,Sikrai,Sikrai,26.88333333,76.58333333,Achalpura,"Tube Well",W14020,2001,19.07,18.67,19.52,19.24
RJ,Dausa,Dausa,Sikrai,26.8125,76.50972222,"Garh Ranoli","Tube Well",W14002,2001,20.19,19.49,19.4,20.3
RJ,Dausa,Lalsot,Lalsot,26.5875,76.34166667,Didwana2,"Tube Well",W14009,2001,16.33,16.3,15.45,16.5
RJ,Dausa,Lalsot,Lalsot,26.48333333,76.375,Bagri-Bilona,"Dug Well",W14007,2001,8.64,8.69,8.92,9.29
RJ,Dausa,Dausa,Lalsot,26.725,76.32916667,Nayawas,"Dug Well",W14006,2001,'0,'0,13.22,'0
RJ,Dausa,Baswa,Bandikui,26.98333333,76.48333333,Kolwa,"Tube Well",W13994,2001,22.59,21.51,23.07,22.74
RJ,Dausa,Baswa,Bandikui,26.96666667,76.57916667,Sikandara,"Tube Well",W13997,2001,15.97,15.6,17.54,16.16
RJ,Dausa,Dausa,Bandikui,26.93333333,76.51666667,Dubbi,"Tube Well",W14001,2001,'0,11.2,12.17,'0
RJ,Dausa,Dausa,Dausa,26.975,76.29166667,Bapi-1,"Dug Well",W13998,2001,11.33,8.52,8.97,12.04
RJ,Dausa,Baswa,Sikrai,26.96944444,76.775,"Langra Balaji-2","Tube Well",W13995,2001,18.5,18.04,18.08,18.8
RJ,Dausa,Baswa,Sikrai,26.95,76.68333333,Manpura1,"Tube Well",W13996,2001,13.34,13.21,12.68,13.93
RJ,Dausa,Lalsot,Lalsot,26.68333333,76.2,Prahladpura,"Tube Well",W14013,2001,35.72,36.31,35.48,36.15
RJ,Dausa,Lalsot,Lalsot,26.56666667,76.3375,Lalsot1,"Dug Well",W14011,2001,26.08,25.88,24.66,26.66
RJ,Dausa,Lalsot,Lalsot,26.52916667,76.19722222,Hodayli,"Tube Well",W14010,2001,36.79,36.53,37.05,36.85
RJ,Dausa,Mahwa,Mahwa,26.90833333,76.975,Kherla,"Dug Well",W14015,2001,3.7,3.61,'0,7.16
RJ,Dausa,Mahwa,Mahwa,26.9,77.0375,"Genoli Mod","Tube Well",W14014,2001,13.79,'0,8.02,13.99
RJ,Dausa,Mahwa,Mahwa,27.10972222,76.87083333,Ukrund,"Tube Well",W14019,2001,13.83,13.17,14.72,14.16
RJ,Dausa,Mahwa,Mahwa,27.08333333,76.9,Rashidpura1,"Tube Well",W14018,2001,13.92,14.67,14.74,14.45
RJ,Dausa,Mahwa,Mahwa,27.075,76.95,Mahwa,"Tube Well",W14016,2001,'0,'0,12.8,12.62
RJ,Dausa,Mahwa,Mahwa,27.01666667,76.86666667,Pipalkheda,"Dug Well",W14017,2001,13.9,13.39,14.25,15.78
RJ,Dausa,Baswa,Bandikui,27.08333333,76.58888889,"B Gurjran","Tube Well",W13993,2001,30.62,'0,29.57,30.85
RJ,Dausa,Dausa,Dausa,26.91666667,76.4,Bhandarej,"Dug Well",W13999,2001,14.88,16.72,'0,15.19
RJ,Dausa,Dausa,Dausa,26.78333333,76.21666667,Lawan1,"Tube Well",W14004,2001,20.46,18.9,20.84,21
RJ,Dausa,Lalsot,Lalsot,26.48333333,76.375,Bagri-Bilona,"Dug Well",W14007,2000,8.36,7,8.48,'0
RJ,Dausa,Dausa,Dausa,26.89583333,76.325,Dausa1,"Dug Well",W14000,2000,5.13,5.43,5.74,8.03
RJ,Dausa,Lalsot,Lalsot,26.68333333,76.2,Prahladpura,"Tube Well",W14013,2000,33.82,33.23,36.02,33.9
RJ,Dausa,Dausa,Sikrai,26.83333333,76.51666667,Gumanpura,"Dug Well",W14003,2000,14.28,'0,'0,14.99
RJ,Dausa,Dausa,Lalsot,26.725,76.32916667,Nayawas,"Dug Well",W14006,2000,12.48,11.87,'0,12.49
RJ,Dausa,Lalsot,Lalsot,26.56666667,76.3375,Lalsot1,"Dug Well",W14011,2000,24.3,26,25.62,25.85
RJ,Dausa,Sikrai,Sikrai,26.88472222,76.64305556,Gijgarh,"Tube Well",W14021,2000,15.02,'0,16.35,14.6
RJ,Dausa,Lalsot,Lalsot,26.52916667,76.19722222,Hodayli,"Tube Well",W14010,2000,35.37,34.26,36.95,35.43
RJ,Dausa,Baswa,Bandikui,26.98333333,76.48333333,Kolwa,"Tube Well",W13994,2000,20.65,'0,21.22,'0
RJ,Dausa,Mahwa,Mahwa,26.90833333,76.975,Kherla,"Dug Well",W14015,2000,2.6,2.87,3.43,11.78
RJ,Dausa,Dausa,Sikrai,26.8125,76.50972222,"Garh Ranoli","Tube Well",W14002,2000,19.74,18.41,19.38,19.15
RJ,Dausa,Mahwa,Mahwa,26.9,77.0375,"Genoli Mod","Tube Well",W14014,2000,6.85,'0,7.29,7.45
RJ,Dausa,Baswa,Bandikui,26.96666667,76.57916667,Sikandara,"Tube Well",W13997,2000,14.74,14.39,15.25,15.12
RJ,Dausa,Mahwa,Mahwa,27.10972222,76.87083333,Ukrund,"Tube Well",W14019,2000,12.74,12.45,12.94,12.63
RJ,Dausa,Dausa,Dausa,26.78333333,76.21666667,Lawan1,"Tube Well",W14004,2000,19.44,20.16,19.87,19.58
RJ,Dausa,Mahwa,Mahwa,27.08333333,76.9,Rashidpura1,"Tube Well",W14018,2000,12.66,'0,14.53,11.73
RJ,Dausa,Dausa,Bandikui,26.93333333,76.51666667,Dubbi,"Tube Well",W14001,2000,10.12,9.25,10.92,10.04
RJ,Dausa,Mahwa,Mahwa,27.075,76.95,Mahwa,"Tube Well",W14016,2000,9.78,'0,'0,10.99
RJ,Dausa,Lalsot,Lalsot,26.5875,76.34166667,Didwana2,"Tube Well",W14009,2000,19.13,18.92,19.38,18.78
RJ,Dausa,Mahwa,Mahwa,27.01666667,76.86666667,Pipalkheda,"Dug Well",W14017,2000,11.77,12.2,13.18,12.72
RJ,Dausa,Dausa,Dausa,26.975,76.29166667,Bapi-1,"Dug Well",W13998,2000,7.52,7.33,8.35,8.52
RJ,Dausa,Sikrai,Sikrai,26.88333333,76.58333333,Achalpura,"Tube Well",W14020,2000,18.68,19.02,18.5,18.26
RJ,Dausa,Dausa,Dausa,26.91666667,76.4,Bhandarej,"Dug Well",W13999,2000,9.68,15.07,'0,13.81
RJ,Dausa,Baswa,Sikrai,26.96944444,76.775,"Langra Balaji-2","Tube Well",W13995,2000,17.3,16.87,17.7,17.4
RJ,Dausa,Baswa,Sikrai,26.95,76.68333333,Manpura1,"Tube Well",W13996,2000,12.28,12.1,13.04,12.53
RJ,Dausa,Dausa,Sikrai,26.8125,76.50972222,"Garh Ranoli","Tube Well",W14002,1999,'0,18.41,18.36,17.84
RJ,Dausa,Lalsot,Lalsot,26.5875,76.34166667,Didwana2,"Tube Well",W14009,1999,17.48,17.34,17.8,17.2
RJ,Dausa,Sikrai,Sikrai,26.88333333,76.58333333,Achalpura,"Tube Well",W14020,1999,'0,'0,17.9,18.1
RJ,Dausa,Sikrai,Sikrai,26.88472222,76.64305556,Gijgarh,"Tube Well",W14021,1999,'0,13.68,'0,13.9
RJ,Dausa,Dausa,Dausa,26.78333333,76.21666667,Lawan1,"Tube Well",W14004,1999,18.48,20.17,19.07,19.86
RJ,Dausa,Dausa,Dausa,26.89583333,76.325,Dausa1,"Dug Well",W14000,1999,4.5,3.32,4.6,5.3
RJ,Dausa,Dausa,Dausa,26.91666667,76.4,Bhandarej,"Dug Well",W13999,1999,8.81,'0,'0,11.32
RJ,Dausa,Mahwa,Mahwa,27.01666667,76.86666667,Pipalkheda,"Dug Well",W14017,1999,9,11.33,11.58,10.73
RJ,Dausa,Mahwa,Mahwa,27.075,76.95,Mahwa,"Tube Well",W14016,1999,7.35,7.02,8.9,6.85
RJ,Dausa,Mahwa,Mahwa,27.08333333,76.9,Rashidpura1,"Tube Well",W14018,1999,'0,12.5,12.03,11.9
RJ,Dausa,Mahwa,Mahwa,27.10972222,76.87083333,Ukrund,"Tube Well",W14019,1999,12.05,12.23,12.14,11.52
RJ,Dausa,Mahwa,Mahwa,26.9,77.0375,"Genoli Mod","Tube Well",W14014,1999,6.74,7.19,'0,7.69
RJ,Dausa,Mahwa,Mahwa,26.90833333,76.975,Kherla,"Dug Well",W14015,1999,1.98,1.8,2.41,4.12
RJ,Dausa,Lalsot,Lalsot,26.52916667,76.19722222,Hodayli,"Tube Well",W14010,1999,33.76,33.73,33.87,34.76
RJ,Dausa,Lalsot,Lalsot,26.56666667,76.3375,Lalsot1,"Dug Well",W14011,1999,22.3,23.25,25.47,25.07
RJ,Dausa,Lalsot,Lalsot,26.68333333,76.2,Prahladpura,"Tube Well",W14013,1999,32.4,30.63,31.54,32.32
RJ,Dausa,Baswa,Sikrai,26.95,76.68333333,Manpura1,"Tube Well",W13996,1999,11.1,11.52,11.15,11.9
RJ,Dausa,Baswa,Sikrai,26.96944444,76.775,"Langra Balaji-2","Tube Well",W13995,1999,16.37,16.47,16.65,16.65
RJ,Dausa,Dausa,Dausa,26.975,76.29166667,Bapi-1,"Dug Well",W13998,1999,7.17,6.3,7.07,7.97
RJ,Dausa,Dausa,Bandikui,26.93333333,76.51666667,Dubbi,"Tube Well",W14001,1999,8.32,'0,8.75,12.03
RJ,Dausa,Baswa,Bandikui,26.96666667,76.57916667,Sikandara,"Tube Well",W13997,1999,13.43,13.35,13.88,14
RJ,Dausa,Baswa,Bandikui,26.98333333,76.48333333,Kolwa,"Tube Well",W13994,1999,17.98,'0,19.01,19.45
RJ,Dausa,Dausa,Lalsot,26.725,76.32916667,Nayawas,"Dug Well",W14006,1999,10.92,10.5,10.5,11.42
RJ,Dausa,Lalsot,Lalsot,26.48333333,76.375,Bagri-Bilona,"Dug Well",W14007,1999,7.1,7.46,7.01,6.56
RJ,Dausa,Dausa,Sikrai,26.83333333,76.51666667,Gumanpura,"Dug Well",W14003,1999,12.64,13.03,12.98,12.7
RJ,Dausa,Dausa,Sikrai,26.8125,76.50972222,"Garh Ranoli","Tube Well",W14002,1998,17.92,'0,17.51,17.99
RJ,Dausa,Dausa,Sikrai,26.83333333,76.51666667,Gumanpura,"Dug Well",W14003,1998,10.62,'0,10.9,12.48
RJ,Dausa,Sikrai,Sikrai,26.88472222,76.64305556,Gijgarh,"Tube Well",W14021,1998,13.04,13.1,12.83,13.79
RJ,Dausa,Dausa,Dausa,26.78333333,76.21666667,Lawan1,"Tube Well",W14004,1998,'0,'0,19.3,'0
RJ,Dausa,Dausa,Dausa,26.89583333,76.325,Dausa1,"Dug Well",W14000,1998,1.86,3.26,2.5,4.65
RJ,Dausa,Dausa,Dausa,26.91666667,76.4,Bhandarej,"Dug Well",W13999,1998,13.36,'0,12.5,11.38
RJ,Dausa,Mahwa,Mahwa,27.01666667,76.86666667,Pipalkheda,"Dug Well",W14017,1998,11.95,13.07,8.63,13.11
RJ,Dausa,Mahwa,Mahwa,27.075,76.95,Mahwa,"Tube Well",W14016,1998,6.56,17.94,4.34,11.93
RJ,Dausa,Mahwa,Mahwa,27.08333333,76.9,Rashidpura1,"Tube Well",W14018,1998,11.57,12.29,11.14,12.29
RJ,Dausa,Mahwa,Mahwa,27.10972222,76.87083333,Ukrund,"Tube Well",W14019,1998,11.59,'0,10.84,11.6
RJ,Dausa,Mahwa,Mahwa,26.9,77.0375,"Genoli Mod","Tube Well",W14014,1998,6.66,'0,6.48,'0
RJ,Dausa,Mahwa,Mahwa,26.90833333,76.975,Kherla,"Dug Well",W14015,1998,1.59,3.32,1.63,'0
RJ,Dausa,Lalsot,Lalsot,26.52916667,76.19722222,Hodayli,"Tube Well",W14010,1998,'0,32.3,'0,32.4
RJ,Dausa,Lalsot,Lalsot,26.56666667,76.3375,Lalsot1,"Dug Well",W14011,1998,21.47,24.14,21.08,25.13
RJ,Dausa,Lalsot,Lalsot,26.68333333,76.2,Prahladpura,"Tube Well",W14013,1998,30.77,'0,30.83,'0
RJ,Dausa,Baswa,Sikrai,26.95,76.68333333,Manpura1,"Tube Well",W13996,1998,11.01,10.7,11.08,11.53
RJ,Dausa,Baswa,Sikrai,26.96944444,76.775,"Langra Balaji-2","Tube Well",W13995,1998,16.81,17.05,16.46,17.2
RJ,Dausa,Dausa,Dausa,26.975,76.29166667,Bapi-1,"Dug Well",W13998,1998,3.07,5.38,4.37,6.02
RJ,Dausa,Dausa,Bandikui,26.93333333,76.51666667,Dubbi,"Tube Well",W14001,1998,6.95,8.52,7.65,'0
RJ,Dausa,Baswa,Bandikui,26.96666667,76.57916667,Sikandara,"Tube Well",W13997,1998,11.54,14.15,12.26,14.06
RJ,Dausa,Dausa,Lalsot,26.725,76.32916667,Nayawas,"Dug Well",W14006,1998,10.17,10.9,10.18,10.99
RJ,Dausa,Lalsot,Lalsot,26.48333333,76.375,Bagri-Bilona,"Dug Well",W14007,1998,7.8,7,7.75,7.91
RJ,Dausa,Lalsot,Lalsot,26.5875,76.34166667,Didwana2,"Tube Well",W14009,1998,17.31,15.83,17.14,16.94
RJ,Dausa,Dausa,Sikrai,26.83333333,76.51666667,Gumanpura,"Dug Well",W14003,1997,10.55,13.09,10.46,11.17
RJ,Dausa,Dausa,Sikrai,26.8125,76.50972222,"Garh Ranoli","Tube Well",W14002,1997,16.92,16.33,16.6,16.75
RJ,Dausa,Dausa,Dausa,26.89583333,76.325,Dausa1,"Dug Well",W14000,1997,2.88,3.34,3.06,5.47
RJ,Dausa,Dausa,Dausa,26.91666667,76.4,Bhandarej,"Dug Well",W13999,1997,9.47,19.17,10.08,'0
RJ,Dausa,Mahwa,Mahwa,27.01666667,76.86666667,Pipalkheda,"Dug Well",W14017,1997,12.13,12.45,12.37,12.9
RJ,Dausa,Mahwa,Mahwa,27.075,76.95,Mahwa,"Tube Well",W14016,1997,11.12,'0,11.57,'0
RJ,Dausa,Mahwa,Mahwa,27.08333333,76.9,Rashidpura1,"Tube Well",W14018,1997,12.14,15.09,11.95,12.35
RJ,Dausa,Mahwa,Mahwa,27.10972222,76.87083333,Ukrund,"Tube Well",W14019,1997,11.58,14.78,11.71,11.5
RJ,Dausa,Mahwa,Mahwa,26.90833333,76.975,Kherla,"Dug Well",W14015,1997,3.6,2.62,3.46,6.01
RJ,Dausa,Lalsot,Lalsot,26.52916667,76.19722222,Hodayli,"Tube Well",W14010,1997,'0,26.21,'0,31.35
RJ,Dausa,Lalsot,Lalsot,26.56666667,76.3375,Lalsot1,"Dug Well",W14011,1997,22.98,23.53,23.56,24.25
RJ,Dausa,Baswa,Sikrai,26.95,76.68333333,Manpura1,"Tube Well",W13996,1997,10.8,11.02,10.32,11.42
RJ,Dausa,Baswa,Sikrai,26.96944444,76.775,"Langra Balaji-2","Tube Well",W13995,1997,16.71,16.79,16.74,16.84
RJ,Dausa,Dausa,Dausa,26.975,76.29166667,Bapi-1,"Dug Well",W13998,1997,4.63,6.16,3.9,7
RJ,Dausa,Dausa,Bandikui,26.93333333,76.51666667,Dubbi,"Tube Well",W14001,1997,7.87,6.39,'0,7.45
RJ,Dausa,Baswa,Bandikui,26.96666667,76.57916667,Sikandara,"Tube Well",W13997,1997,13.46,12.82,13.35,13.58
RJ,Dausa,Dausa,Lalsot,26.725,76.32916667,Nayawas,"Dug Well",W14006,1997,9.55,7.49,9.75,8.96
RJ,Dausa,Lalsot,Lalsot,26.48333333,76.375,Bagri-Bilona,"Dug Well",W14007,1997,8.22,8.53,'0,8.02
RJ,Dausa,Lalsot,Lalsot,26.5875,76.34166667,Didwana2,"Tube Well",W14009,1997,15.48,14.55,16.73,15.17
RJ,Dausa,Sikrai,Sikrai,26.88472222,76.64305556,Gijgarh,"Tube Well",W14021,1997,12.56,13.01,13.08,12.75
RJ,Dausa,Dausa,Sikrai,26.83333333,76.51666667,Gumanpura,"Dug Well",W14003,1996,8.57,12.67,8.33,13.36
RJ,Dausa,Dausa,Sikrai,26.8125,76.50972222,"Garh Ranoli","Tube Well",W14002,1996,16.23,17.13,16.4,19.11
RJ,Dausa,Dausa,Dausa,26.89583333,76.325,Dausa1,"Dug Well",W14000,1996,1.59,3.3,2.54,5.33
RJ,Dausa,Dausa,Dausa,26.91666667,76.4,Bhandarej,"Dug Well",W13999,1996,1.21,16.41,15.56,14.18
RJ,Dausa,Mahwa,Mahwa,27.01666667,76.86666667,Pipalkheda,"Dug Well",W14017,1996,10.83,12.37,10.15,12.96
RJ,Dausa,Mahwa,Mahwa,27.08333333,76.9,Rashidpura1,"Tube Well",W14018,1996,'0,'0,12.2,15.37
RJ,Dausa,Mahwa,Mahwa,27.10972222,76.87083333,Ukrund,"Tube Well",W14019,1996,13.42,13.92,11.1,14.92
RJ,Dausa,Mahwa,Mahwa,26.90833333,76.975,Kherla,"Dug Well",W14015,1996,'0,3.35,2.02,'0
RJ,Dausa,Lalsot,Lalsot,26.52916667,76.19722222,Hodayli,"Tube Well",W14010,1996,30.22,'0,31.5,27.88
RJ,Dausa,Lalsot,Lalsot,26.56666667,76.3375,Lalsot1,"Dug Well",W14011,1996,21.18,21.22,21.5,24.95
RJ,Dausa,Baswa,Sikrai,26.95,76.68333333,Manpura1,"Tube Well",W13996,1996,11.42,12.19,10.8,11.44
RJ,Dausa,Baswa,Sikrai,26.96944444,76.775,"Langra Balaji-2","Tube Well",W13995,1996,16.9,17.45,16.76,17.26
RJ,Dausa,Dausa,Dausa,26.975,76.29166667,Bapi-1,"Dug Well",W13998,1996,4.74,5.12,4.95,6.07
RJ,Dausa,Dausa,Bandikui,26.93333333,76.51666667,Dubbi,"Tube Well",W14001,1996,6,7.85,6.5,8.45
RJ,Dausa,Baswa,Bandikui,26.96666667,76.57916667,Sikandara,"Tube Well",W13997,1996,12.86,13.38,12.4,13.68
RJ,Dausa,Dausa,Lalsot,26.725,76.32916667,Nayawas,"Dug Well",W14006,1996,7.7,6.87,6.67,7.94
RJ,Dausa,Lalsot,Lalsot,26.48333333,76.375,Bagri-Bilona,"Dug Well",W14007,1996,6.24,7.12,8.26,8.65
RJ,Dausa,Lalsot,Lalsot,26.5875,76.34166667,Didwana2,"Tube Well",W14009,1996,14.97,14.09,14.48,14.65
RJ,Dausa,Sikrai,Sikrai,26.88472222,76.64305556,Gijgarh,"Tube Well",W14021,1996,'0,'0,'0,14.11
RJ,Dausa,Dausa,Sikrai,26.83333333,76.51666667,Gumanpura,"Dug Well",W14003,1995,'0,15.4,11.07,'0
RJ,Dausa,Dausa,Sikrai,26.8125,76.50972222,"Garh Ranoli","Tube Well",W14002,1995,'0,'0,17.34,19.2
RJ,Dausa,Dausa,Dausa,26.89583333,76.325,Dausa1,"Dug Well",W14000,1995,1.45,5.9,2.73,8.35
RJ,Dausa,Dausa,Dausa,26.91666667,76.4,Bhandarej,"Dug Well",W13999,1995,5.85,13.2,10.47,14.25
RJ,Dausa,Mahwa,Mahwa,27.01666667,76.86666667,Pipalkheda,"Dug Well",W14017,1995,15.59,15.9,11.03,16.95
RJ,Dausa,Mahwa,Mahwa,27.08333333,76.9,Rashidpura1,"Tube Well",W14018,1995,'0,16.17,'0,15.9
RJ,Dausa,Mahwa,Mahwa,27.10972222,76.87083333,Ukrund,"Tube Well",W14019,1995,'0,'0,13.14,15.18
RJ,Dausa,Mahwa,Mahwa,26.90833333,76.975,Kherla,"Dug Well",W14015,1995,1.95,4.26,2.85,'0
RJ,Dausa,Lalsot,Lalsot,26.52916667,76.19722222,Hodayli,"Tube Well",W14010,1995,'0,'0,27.88,'0
RJ,Dausa,Lalsot,Lalsot,26.56666667,76.3375,Lalsot1,"Dug Well",W14011,1995,18.02,24.7,18.26,26.1
RJ,Dausa,Baswa,Sikrai,26.95,76.68333333,Manpura1,"Tube Well",W13996,1995,10.73,12.24,11.05,9.4
RJ,Dausa,Baswa,Sikrai,26.96944444,76.775,"Langra Balaji-2","Tube Well",W13995,1995,17.9,17.19,17.22,18.15
RJ,Dausa,Dausa,Dausa,26.975,76.29166667,Bapi-1,"Dug Well",W13998,1995,1.6,7.75,3.68,6.16
RJ,Dausa,Dausa,Bandikui,26.93333333,76.51666667,Dubbi,"Tube Well",W14001,1995,8.45,10.02,7.95,11.72
RJ,Dausa,Baswa,Bandikui,26.96666667,76.57916667,Sikandara,"Tube Well",W13997,1995,13.65,14.45,11.7,14.75
RJ,Dausa,Dausa,Lalsot,26.725,76.32916667,Nayawas,"Dug Well",W14006,1995,7.68,8.32,6.58,9.82
RJ,Dausa,Lalsot,Lalsot,26.48333333,76.375,Bagri-Bilona,"Dug Well",W14007,1995,9.62,9.87,8.35,'0
RJ,Dausa,Lalsot,Lalsot,26.5875,76.34166667,Didwana2,"Tube Well",W14009,1995,15.48,15.14,14.12,15.5
RJ,Dausa,Sikrai,Sikrai,26.88472222,76.64305556,Gijgarh,"Tube Well",W14021,1995,'0,'0,'0,18.5
RJ,Dausa,Dausa,Sikrai,26.83333333,76.51666667,Gumanpura,"Dug Well",W14003,1994,11.37,12.8,14.72,'0
RJ,Dausa,Dausa,Dausa,26.89583333,76.325,Dausa1,"Dug Well",W14000,1994,2.48,4.25,4.73,9.38
RJ,Dausa,Dausa,Dausa,26.91666667,76.4,Bhandarej,"Dug Well",W13999,1994,9.42,12.3,12.67,15.6
RJ,Dausa,Mahwa,Mahwa,27.01666667,76.86666667,Pipalkheda,"Dug Well",W14017,1994,15.91,10.1,16.38,'0
RJ,Dausa,Mahwa,Mahwa,26.90833333,76.975,Kherla,"Dug Well",W14015,1994,3.21,3.5,4.45,'0
RJ,Dausa,Lalsot,Lalsot,26.56666667,76.3375,Lalsot1,"Dug Well",W14011,1994,20.7,22.75,23.4,26.34
RJ,Dausa,Lalsot,Lalsot,26.5875,76.34166667,Didwana2,"Tube Well",W14009,1994,15.08,'0,14.96,'0
RJ,Dausa,Baswa,Sikrai,26.96944444,76.775,"Langra Balaji-2","Tube Well",W13995,1994,'0,'0,17.91,'0
RJ,Dausa,Dausa,Dausa,26.975,76.29166667,Bapi-1,"Dug Well",W13998,1994,4.57,9.1,7.6,9.65
RJ,Dausa,Dausa,Bandikui,26.93333333,76.51666667,Dubbi,"Tube Well",W14001,1994,9.7,'0,10.25,10.56
RJ,Dausa,Dausa,Lalsot,26.725,76.32916667,Nayawas,"Dug Well",W14006,1994,8.05,7.37,8,9.15
RJ,Dausa,Lalsot,Lalsot,26.48333333,76.375,Bagri-Bilona,"Dug Well",W14007,1994,9.55,9.15,9.8,'0
RJ,Dausa,Baswa,Sikrai,26.95,76.68333333,Manpura1,"Tube Well",W13996,1994,11.12,11.2,11.66,'0
