STATE,DISTRICT,TEH_NAME,BLOCK_NAME,LAT,LON,SITE_NAME,SITE_TYPE,WLCODE,YEAR_OBS,MONSOON,POMRB,POMKH,PREMON
TN,Karur,Kulithalai,Thogaimalai,10.72916667,78.425,Thogamalai,"Dug Well",W02208,2018,'0,1.97,'0,'0
TN,Karur,Karur,Karur,10.95833333,78.08333333,Karur2,"Dug Well",W30936,2018,'0,4.05,'0,'0
TN,Karur,Kulithalai,Thogaimalai,10.73166667,78.525,Vaducheri,"Bore Well",W02209,2018,'0,'0,'0,11.08
TN,Karur,Aravakurichi,Aravakurichi,10.775,77.925,Aravakurichi-2,"Dug Well",W02193,2018,'0,5.85,'0,'0
TN,Karur,Aravakurichi,Aravakurichi,10.775,77.925,Aravakurichi-2,"Dug Well",W02193,2018,'0,'0,'0,9.35
TN,Karur,Aravakurichi,K.paramathy,10.86666667,77.9,C.Dharapuram,"Dug Well",W02194,2018,'0,2.3,'0,'0
TN,Karur,Krishnarayanpuram,Krishnarayapuram,10.94166667,78.24166667,Mayanur,"Dug Well",W02205,2018,'0,8.9,'0,'0
TN,Karur,Krishnarayanpuram,Krishnarayapuram,10.94166667,78.24166667,Mayanur,"Dug Well",W02205,2018,'0,'0,'0,10
TN,Karur,Karur,Thanthoni,10.84166667,78.16666667,Jagatabi,"Dug Well",W02202,2018,'0,10.69,'0,'0
TN,Karur,Karur,Thanthoni,10.84166667,78.16666667,Jagatabi,"Dug Well",W02202,2018,'0,'0,'0,11.39
TN,Karur,Aravakurichi,K.paramathy,10.96666667,77.9125,Paramatti1,"Dug Well",W02196,2018,'0,2.88,'0,'0
TN,Karur,Aravakurichi,K.paramathy,10.96666667,77.9125,Paramatti1,"Dug Well",W02196,2018,'0,'0,'0,2.5
TN,Karur,Karur,Karur,10.95833333,78.08333333,Karur-2,"Dug Well",W02199,2018,'0,'0,'0,4.4
TN,Karur,Karur,Karur,11.05222222,77.925,Noyyil,"Dug Well",W02200,2018,'0,'0,'0,4.15
TN,Karur,Aravakurichi,K.paramathy,10.86666667,77.9,"Chinna Dharapuram","Dug Well",W23627,2018,'0,'0,'0,5.2
TN,Karur,Karur,Karur,11.05222222,77.925,Noyyil1,"Dug Well",W23659,2018,'0,4.4,'0,'0
TN,Karur,Kulithalai,Thogaimalai,10.73166667,78.525,Vaducheri,"Bore Well",W02209,2018,'0,11.79,'0,'0
TN,Karur,Kulithalai,Thogaimalai,10.72916667,78.425,Thogamalai,"Dug Well",W02208,2017,4.82,4.57,'0,4.92
TN,Karur,Karur,Karur,10.95833333,78.08333333,Karur2,"Dug Well",W30936,2017,'0,'0,3.2,'0
TN,Karur,Kulithalai,Thogaimalai,10.73166667,78.525,Vaducheri,"Bore Well",W02209,2017,'0,12.15,'0,'0
TN,Karur,Kulithalai,Thogaimalai,10.73166667,78.525,Vaducheri,"Bore Well",W02209,2017,'0,'0,10.95,'0
TN,Karur,Aravakurichi,Aravakurichi,10.725,77.875,Aravakurichi-1,"Bore Well",W02192,2017,'0,9.75,'0,10.04
TN,Karur,Aravakurichi,Aravakurichi,10.775,77.925,Aravakurichi-2,"Dug Well",W02193,2017,10.5,'0,'0,12.35
TN,Karur,Aravakurichi,Aravakurichi,10.775,77.925,Aravakurichi-2,"Dug Well",W02193,2017,'0,'0,4.65,'0
TN,Karur,Krishnarayanpuram,Krishnarayapuram,10.94166667,78.24166667,Mayanur,"Dug Well",W02205,2017,8.9,8.7,'0,9.05
TN,Karur,Krishnarayanpuram,Krishnarayapuram,10.94166667,78.24166667,Mayanur,"Dug Well",W02205,2017,'0,'0,9.9,'0
TN,Karur,Karur,Thanthoni,10.84166667,78.16666667,Jagatabi,"Dug Well",W02202,2017,11.09,11.39,'0,11.19
TN,Karur,Karur,Thanthoni,10.84166667,78.16666667,Jagatabi,"Dug Well",W02202,2017,'0,'0,10.19,'0
TN,Karur,Aravakurichi,K.paramathy,10.96666667,77.9125,Paramatti1,"Dug Well",W02196,2017,7.29,5.38,'0,'0
TN,Karur,Aravakurichi,K.paramathy,10.96666667,77.9125,Paramatti1,"Dug Well",W02196,2017,'0,'0,4.38,'0
TN,Karur,Aravakurichi,K.paramathy,10.86666667,77.9,"Chinna Dharapuram","Dug Well",W23627,2017,5.35,7.35,'0,7.23
TN,Karur,Aravakurichi,K.paramathy,10.86666667,77.9,"Chinna Dharapuram","Dug Well",W23627,2017,'0,'0,1.88,'0
TN,Karur,Karur,Karur,11.05222222,77.925,Noyyil1,"Dug Well",W23659,2017,4.45,3.9,'0,4.55
TN,Karur,Karur,Karur,11.05222222,77.925,Noyyil1,"Dug Well",W23659,2017,'0,'0,5.4,'0
TN,Karur,Karur,Karur,10.95833333,78.08333333,Karur2,"Dug Well",W30936,2017,4.65,6.2,'0,5.65
TN,Karur,Kulithalai,Thogaimalai,10.72916667,78.425,Thogamalai,"Dug Well",W02208,2017,'0,'0,1.52,'0
TN,Karur,Kulithalai,Thogaimalai,10.72916667,78.425,Thogamalai,"Dug Well",W02208,2016,4.1,'0,4.42,3.52
TN,Karur,Kulithalai,Thogaimalai,10.73166667,78.525,Vaducheri,"Bore Well",W02209,2016,12.02,'0,12.85,12.3
TN,Karur,Aravakurichi,Aravakurichi,10.775,77.925,Aravakurichi-2,"Dug Well",W02193,2016,8.23,'0,9.6,5.65
TN,Karur,Krishnarayanpuram,Kadavur,10.73055556,78.24777778,Tarangampatti,"Bore Well",W02204,2016,12.22,'0,14.3,9.1
TN,Karur,Krishnarayanpuram,Krishnarayapuram,10.94166667,78.24166667,Mayanur,"Dug Well",W02205,2016,8.41,'0,'0,7.8
TN,Karur,Karur,Karur,10.95833333,78.08333333,Karur2,"Dug Well",W30936,2016,4.57,1.76,5.21,'0
TN,Karur,Aravakurichi,K.paramathy,10.96666667,77.9125,Paramatti1,"Dug Well",W02196,2016,3.39,'0,5.73,2.3
TN,Karur,Karur,Karur,10.95833333,78.08333333,Karur-2,"Dug Well",W02199,2016,'0,'0,'0,2.85
TN,Karur,Aravakurichi,K.paramathy,10.86666667,77.9,"Chinna Dharapuram","Dug Well",W23627,2016,7,2.03,7.15,5.1
TN,Karur,Karur,Karur,11.05222222,77.925,Noyyil1,"Dug Well",W23659,2016,3.32,3.03,'0,3.12
TN,Karur,Karur,Thanthoni,10.84166667,78.16666667,Jagatabi,"Dug Well",W02202,2016,11.39,'0,11.19,11.55
TN,Karur,Kulithalai,Thogaimalai,10.72916667,78.425,Thogamalai,"Dug Well",W02208,2015,4.32,2.17,3.92,2.07
TN,Karur,Kulithalai,Thogaimalai,10.73166667,78.525,Vaducheri,"Bore Well",W02209,2015,10.16,7.2,10.88,8.75
TN,Karur,Aravakurichi,Aravakurichi,10.775,77.925,Aravakurichi-2,"Dug Well",W02193,2015,8,6.1,7.25,6.4
TN,Karur,Krishnarayanpuram,Kadavur,10.73055556,78.24777778,Tarangampatti,"Bore Well",W02204,2015,14.27,14,12.88,11.66
TN,Karur,Aravakurichi,K.paramathy,10.86666667,77.9,C.Dharapuram,"Dug Well",W02194,2015,5.76,'0,'0,5.76
TN,Karur,Krishnarayanpuram,Krishnarayapuram,10.94166667,78.24166667,Mayanur,"Dug Well",W02205,2015,8.2,8.2,7.74,8.45
TN,Karur,Karur,Karur,10.95833333,78.08333333,Karur2,"Dug Well",W30936,2015,'0,'0,2.16,'0
TN,Karur,Aravakurichi,K.paramathy,10.96666667,77.9125,Paramatti1,"Dug Well",W02196,2015,3.15,1.88,2.88,2.16
TN,Karur,Karur,Karur,10.95833333,78.08333333,Karur-2,"Dug Well",W02199,2015,6.16,4,'0,4.38
TN,Karur,Karur,Karur,11.05222222,77.925,Noyyil,"Dug Well",W02200,2015,'0,3.3,'0,3.3
TN,Karur,Aravakurichi,K.paramathy,10.86666667,77.9,"Chinna Dharapuram","Dug Well",W23627,2015,'0,1.45,4.8,3.45
TN,Karur,Karur,Karur,11.05222222,77.925,Noyyil1,"Dug Well",W23659,2015,3.3,'0,3.1,'0
TN,Karur,Karur,Thanthoni,10.84166667,78.16666667,Jagatabi,"Dug Well",W02202,2015,11.44,10.69,10.29,10.57
TN,Karur,Kulithalai,Thogaimalai,10.72916667,78.425,Thogamalai,"Dug Well",W02208,2014,4.95,2.86,'0,4.66
TN,Karur,Kulithalai,Thogaimalai,10.73166667,78.525,Vaducheri,"Bore Well",W02209,2014,14.25,4.73,'0,13.89
TN,Karur,Aravakurichi,Aravakurichi,10.725,77.875,Aravakurichi-1,"Bore Well",W02192,2014,'0,6.2,'0,'0
TN,Karur,Aravakurichi,Aravakurichi,10.775,77.925,Aravakurichi-2,"Dug Well",W02193,2014,14.82,9.02,'0,11.42
TN,Karur,Krishnarayanpuram,Kadavur,10.73055556,78.24777778,Tarangampatti,"Bore Well",W02204,2014,14.37,13.23,'0,14.74
TN,Karur,Karur,Karur,10.95833333,78.08333333,Karur2,"Dug Well",W30936,2014,6.82,4.84,'0,6.93
TN,Karur,Karur,Thanthoni,10.84166667,78.16666667,Jagatabi,"Dug Well",W02202,2014,11.71,10.94,'0,12.28
TN,Karur,Aravakurichi,K.paramathy,10.96666667,77.9125,Paramatti1,"Dug Well",W02196,2014,7.54,4.9,'0,6.72
TN,Karur,Aravakurichi,K.paramathy,10.86666667,77.9,"Chinna Dharapuram","Dug Well",W23627,2014,5.48,4.05,2.22,6.75
TN,Karur,Karur,Karur,11.05222222,77.925,Noyyil1,"Dug Well",W23659,2014,6,4.3,1.77,5.32
TN,Karur,Krishnarayanpuram,Krishnarayapuram,10.94166667,78.24166667,Mayanur,"Dug Well",W02205,2014,10.54,8.02,'0,10.54
TN,Karur,Kulithalai,Thogaimalai,10.72916667,78.425,Thogamalai,"Dug Well",W02208,2013,'0,2.82,3.83,5.14
TN,Karur,Kulithalai,Thogaimalai,10.73166667,78.525,Vaducheri,"Bore Well",W02209,2013,13.53,.05,9.71,'0
TN,Karur,Aravakurichi,Aravakurichi,10.725,77.875,Aravakurichi-1,"Bore Well",W02192,2013,5.03,4.7,4.58,'0
TN,Karur,Aravakurichi,Aravakurichi,10.775,77.925,Aravakurichi-2,"Dug Well",W02193,2013,9.51,7,9.51,9.51
TN,Karur,Krishnarayanpuram,Kadavur,10.73055556,78.24777778,Tarangampatti,"Bore Well",W02204,2013,'0,'0,13.61,'0
TN,Karur,Karur,Karur,10.95833333,78.08333333,Karur2,"Dug Well",W30936,2013,9.41,'0,5.56,8.01
TN,Karur,Karur,Thanthoni,10.84166667,78.16666667,Jagatabi,"Dug Well",W02202,2013,11.89,11.04,10.6,11.59
TN,Karur,Karur,Thanthoni,10.86666667,78.13333333,Velliyanai,"Bore Well",W02203,2013,'0,17.8,'0,'0
TN,Karur,Aravakurichi,K.paramathy,10.96666667,77.9125,Paramatti1,"Dug Well",W02196,2013,'0,3.78,5.24,5.74
TN,Karur,Aravakurichi,K.paramathy,10.86666667,77.9,"Chinna Dharapuram","Dug Well",W23627,2013,3.02,1.8,2.49,6.8
TN,Karur,Karur,Karur,11.05222222,77.925,Noyyil1,"Dug Well",W23659,2013,5.32,3.9,4.98,5.06
TN,Karur,Krishnarayanpuram,Krishnarayapuram,10.94166667,78.24166667,Mayanur,"Dug Well",W02205,2013,'0,5.74,8.44,'0
TN,Karur,Kulithalai,Thogaimalai,10.72916667,78.425,Thogamalai,"Dug Well",W02208,2012,'0,1.12,1.52,2.52
TN,Karur,Kulithalai,Thogaimalai,10.73166667,78.525,Vaducheri,"Bore Well",W02209,2012,'0,5.25,6.81,8.51
TN,Karur,Aravakurichi,Aravakurichi,10.725,77.875,Aravakurichi-1,"Bore Well",W02192,2012,'0,3.5,2.58,4.11
TN,Karur,Aravakurichi,Aravakurichi,10.775,77.925,Aravakurichi-2,"Dug Well",W02193,2012,'0,5,6.7,6.42
TN,Karur,Krishnarayanpuram,Kadavur,10.73055556,78.24777778,Tarangampatti,"Bore Well",W02204,2012,'0,'0,5.15,7.51
TN,Karur,Krishnarayanpuram,Kadavur,10.77888889,78.1975,Veerampalayam,"Dug Well",W22469,2012,'0,6.3,'0,'0
TN,Karur,Karur,Karur,11.05222222,77.925,Noyyil1,"Dug Well",W23659,2012,'0,'0,3.7,'0
TN,Karur,Karur,Thanthoni,10.84166667,78.16666667,Jagatabi,"Dug Well",W02202,2012,'0,6.97,9.29,10.39
TN,Karur,Karur,Thanthoni,10.86666667,78.13333333,Velliyanai,"Bore Well",W02203,2012,'0,6.45,11.86,8.5
TN,Karur,Karur,Thanthoni,10.95555556,78.09166667,Karur-1,"Bore Well",W02198,2012,'0,'0,'0,6.52
TN,Karur,Aravakurichi,K.paramathy,10.96666667,77.9125,Paramatti1,"Dug Well",W02196,2012,'0,1.03,3.18,2.52
TN,Karur,Karur,Karur,10.95833333,78.08333333,Karur-2,"Dug Well",W02199,2012,'0,2.55,'0,'0
TN,Karur,Aravakurichi,K.paramathy,10.86666667,77.9,"Chinna Dharapuram","Dug Well",W23627,2012,'0,'0,1.6,'0
TN,Karur,Krishnarayanpuram,Krishnarayapuram,10.94166667,78.24166667,Mayanur,"Dug Well",W02205,2012,'0,4.24,4.89,3.79
TN,Karur,Kulithalai,Thogaimalai,10.72916667,78.425,Thogamalai,"Dug Well",W02208,2011,3.52,1.67,1.12,3.82
TN,Karur,Kulithalai,Thogaimalai,10.73166667,78.525,Vaducheri,"Bore Well",W02209,2011,11.95,6.85,6.6,8.05
TN,Karur,Aravakurichi,Aravakurichi,10.725,77.875,Aravakurichi-1,"Bore Well",W02192,2011,4.4,2.5,2.4,3.8
TN,Karur,Aravakurichi,Aravakurichi,10.775,77.925,Aravakurichi-2,"Dug Well",W02193,2011,7.15,4.07,4.5,5.2
TN,Karur,Aravakurichi,K.paramathy,10.96666667,77.9125,Paramatti1,"Dug Well",W02196,2011,3.58,1.28,3.18,3.38
TN,Karur,Krishnarayanpuram,Kadavur,10.77888889,78.1975,Veerampalayam,"Dug Well",W22469,2011,9.3,'0,9.8,'0
TN,Karur,Krishnarayanpuram,Krishnarayapuram,10.94166667,78.24166667,Mayanur,"Dug Well",W02205,2011,6.34,'0,4.24,5.14
TN,Karur,Karur,Thanthoni,10.84166667,78.16666667,Jagatabi,"Dug Well",W02202,2011,9.09,4.14,6.99,8.49
TN,Karur,Karur,Thanthoni,10.86666667,78.13333333,Velliyanai,"Bore Well",W02203,2011,12.25,2.05,7.7,8.65
TN,Karur,Krishnarayanpuram,Kadavur,10.73055556,78.24777778,Tarangampatti,"Bore Well",W02204,2011,10,3.4,5.8,5.8
TN,Karur,Kulithalai,Thogaimalai,10.72916667,78.425,Thogamalai,"Dug Well",W02208,2010,4.62,1.72,3.07,4.32
TN,Karur,Kulithalai,Thogaimalai,10.73166667,78.525,Vaducheri,"Bore Well",W02209,2010,9.36,7.63,9.09,'0
TN,Karur,Aravakurichi,Aravakurichi,10.725,77.875,Aravakurichi-1,"Bore Well",W02192,2010,4.71,5.7,2.6,5.4
TN,Karur,Aravakurichi,K.paramathy,10.96666667,77.9125,Paramatti1,"Dug Well",W02196,2010,'0,3.42,5.65,2.23
TN,Karur,Krishnarayanpuram,Kadavur,10.73055556,78.24777778,Tarangampatti,"Bore Well",W02204,2010,13.72,4.2,7.66,12.55
TN,Karur,Krishnarayanpuram,Krishnarayapuram,10.94166667,78.24166667,Mayanur,"Dug Well",W02205,2010,'0,3.39,'0,'0
TN,Karur,Karur,Thanthoni,10.84166667,78.16666667,Jagatabi,"Dug Well",W02202,2010,11.39,9.84,10.04,10.07
TN,Karur,Aravakurichi,Aravakurichi,10.775,77.925,Aravakurichi-2,"Dug Well",W02193,2010,8.5,5.3,4.25,8.1
TN,Karur,Kulithalai,Thogaimalai,10.72916667,78.425,Thogamalai,"Dug Well",W02208,2009,5.34,1.22,4.52,4.4
TN,Karur,Kulithalai,Thogaimalai,10.73166667,78.525,Vaducheri,"Bore Well",W02209,2009,9,'0,9.1,26.9
TN,Karur,Aravakurichi,Aravakurichi,10.725,77.875,Aravakurichi-1,"Bore Well",W02192,2009,6.98,3.22,3.1,6.2
TN,Karur,Aravakurichi,Aravakurichi,10.775,77.925,Aravakurichi-2,"Dug Well",W02193,2009,9.56,4.78,6.24,7.95
TN,Karur,Aravakurichi,K.paramathy,10.96666667,77.9125,Paramatti1,"Dug Well",W02196,2009,4.98,2.08,2.38,3.48
TN,Karur,Krishnarayanpuram,Krishnarayapuram,10.94166667,78.24166667,Mayanur,"Dug Well",W02205,2009,'0,3.27,'0,'0
TN,Karur,Karur,Thanthoni,10.84166667,78.16666667,Jagatabi,"Dug Well",W02202,2009,11.79,11.57,10.36,11.89
TN,Karur,Karur,Thanthoni,10.86666667,78.13333333,Velliyanai,"Bore Well",W02203,2009,'0,'0,'0,9.5
TN,Karur,Krishnarayanpuram,Kadavur,10.73055556,78.24777778,Tarangampatti,"Bore Well",W02204,2009,13.19,3.38,10.7,11.15
TN,Karur,Kulithalai,Thogaimalai,10.72916667,78.425,Thogamalai,"Dug Well",W02208,2008,4.22,.91,'0,3.55
TN,Karur,Kulithalai,Thogaimalai,10.73166667,78.525,Vaducheri,"Bore Well",W02209,2008,6.65,'0,'0,'0
TN,Karur,Aravakurichi,Aravakurichi,10.725,77.875,Aravakurichi-1,"Bore Well",W02192,2008,6.08,2.87,4.14,5.1
TN,Karur,Aravakurichi,Aravakurichi,10.775,77.925,Aravakurichi-2,"Dug Well",W02193,2008,7.43,4.11,'0,7.3
TN,Karur,Aravakurichi,K.paramathy,10.96666667,77.9125,Paramatti1,"Dug Well",W02196,2008,3.96,3.13,'0,3.21
TN,Karur,Krishnarayanpuram,Krishnarayapuram,10.94166667,78.24166667,Mayanur,"Dug Well",W02205,2008,6.76,2.63,'0,6.04
TN,Karur,Karur,Thanthoni,10.84166667,78.16666667,Jagatabi,"Dug Well",W02202,2008,11.49,7.51,'0,10.79
TN,Karur,Karur,Thanthoni,10.86666667,78.13333333,Velliyanai,"Bore Well",W02203,2008,13.06,11.88,10.78,17.89
TN,Karur,Krishnarayanpuram,Kadavur,10.73055556,78.24777778,Tarangampatti,"Bore Well",W02204,2008,10.64,1.5,'0,8.65
TN,Karur,Kulithalai,Thogaimalai,10.72916667,78.425,Thogamalai,"Dug Well",W02208,2007,4.58,2.08,2.87,4.38
TN,Karur,Kulithalai,Thogaimalai,10.73166667,78.525,Vaducheri,"Bore Well",W02209,2007,8.55,'0,6.24,'0
TN,Karur,Aravakurichi,Aravakurichi,10.725,77.875,Aravakurichi-1,"Bore Well",W02192,2007,6.75,5.15,4.74,7.46
TN,Karur,Aravakurichi,Aravakurichi,10.775,77.925,Aravakurichi-2,"Dug Well",W02193,2007,8.46,6.53,6.9,9.2
TN,Karur,Aravakurichi,K.paramathy,10.96666667,77.9125,Paramatti1,"Dug Well",W02196,2007,4.74,2.13,4.4,3.77
TN,Karur,Krishnarayanpuram,Krishnarayapuram,10.94166667,78.24166667,Mayanur,"Dug Well",W02205,2007,8.72,6.83,3.16,8.08
TN,Karur,Karur,Thanthoni,10.84166667,78.16666667,Jagatabi,"Dug Well",W02202,2007,11.39,5.47,9.37,10.61
TN,Karur,Karur,Thanthoni,10.86666667,78.13333333,Velliyanai,"Bore Well",W02203,2007,33.54,2.04,14.31,29.76
TN,Karur,Karur,Thanthoni,10.95555556,78.09166667,Karur-1,"Bore Well",W02198,2007,'0,7.59,'0,6.55
TN,Karur,Krishnarayanpuram,Kadavur,10.73055556,78.24777778,Tarangampatti,"Bore Well",W02204,2007,14.7,5.57,6,14.5
TN,Karur,Kulithalai,Thogaimalai,10.72916667,78.425,Thogamalai,"Dug Well",W02208,2006,3.22,1.02,1.85,1.97
TN,Karur,Kulithalai,Thogaimalai,10.73166667,78.525,Vaducheri,"Bore Well",W02209,2006,6.01,2.22,5.52,4.85
TN,Karur,Aravakurichi,Aravakurichi,10.725,77.875,Aravakurichi-1,"Bore Well",W02192,2006,5.95,'0,4.03,5.34
TN,Karur,Aravakurichi,Aravakurichi,10.775,77.925,Aravakurichi-2,"Dug Well",W02193,2006,8.06,3.65,6.16,7.8
TN,Karur,Krishnarayanpuram,Kadavur,10.73055556,78.24777778,Tarangampatti,"Bore Well",W02204,2006,9.05,1.95,'0,5.26
TN,Karur,Krishnarayanpuram,Krishnarayapuram,10.94166667,78.24166667,Mayanur,"Dug Well",W02205,2006,7.54,2.44,6.58,6.15
TN,Karur,Karur,Thanthoni,10.84166667,78.16666667,Jagatabi,"Dug Well",W02202,2006,7.59,.93,5.64,3.61
TN,Karur,Karur,Thanthoni,10.86666667,78.13333333,Velliyanai,"Bore Well",W02203,2006,7.9,1.9,6.83,4.49
TN,Karur,Karur,Thanthoni,10.95555556,78.09166667,Karur-1,"Bore Well",W02198,2006,12.97,3.15,'0,3.53
TN,Karur,Aravakurichi,K.paramathy,10.96666667,77.9125,Paramatti1,"Dug Well",W02196,2006,3.48,2.01,2.48,2.86
TN,Karur,Karur,Karur,10.95833333,78.08333333,Karur-2,"Dug Well",W02199,2006,'0,'0,2.02,'0
TN,Karur,Karur,Thanthoni,10.95555556,78.09166667,Karur-1,"Bore Well",W02198,2005,'0,63.4,'0,63.4
TN,Karur,Kulithalai,Thogaimalai,10.72916667,78.425,Thogamalai,"Dug Well",W02208,2005,'0,1.5,.72,3.06
TN,Karur,Karur,Thanthoni,10.86666667,78.13333333,Velliyanai,"Bore Well",W02203,2005,'0,54.4,'0,47.63
TN,Karur,Aravakurichi,K.paramathy,10.96666667,77.9125,Paramatti1,"Dug Well",W02196,2005,'0,7.68,8.28,9.78
TN,Karur,Karur,Karur,10.95833333,78.08333333,Karur-2,"Dug Well",W02199,2005,'0,2.42,3.17,5.41
TN,Karur,Kulithalai,Thogaimalai,10.73166667,78.525,Vaducheri,"Bore Well",W02209,2005,'0,5.1,'0,9.06
TN,Karur,Krishnarayanpuram,Krishnarayapuram,10.94166667,78.24166667,Mayanur,"Dug Well",W02205,2005,'0,6.39,6.34,8.14
TN,Karur,Krishnarayanpuram,Kadavur,10.73055556,78.24777778,Tarangampatti,"Bore Well",W02204,2005,'0,45.4,'0,8.46
TN,Karur,Aravakurichi,Aravakurichi,10.775,77.925,Aravakurichi-2,"Dug Well",W02193,2005,'0,7.46,6.15,7.9
TN,Karur,Aravakurichi,Aravakurichi,10.725,77.875,Aravakurichi-1,"Bore Well",W02192,2005,'0,6.11,'0,6.72
TN,Karur,Karur,Thanthoni,10.84166667,78.16666667,Jagatabi,"Dug Well",W02202,2005,'0,11.33,9.69,11.73
TN,Karur,Kulithalai,Thogaimalai,10.72916667,78.425,Thogamalai,"Dug Well",W02208,2004,8.32,4.26,1.41,5.12
TN,Karur,Karur,Karur,10.95833333,78.08333333,Karur-2,"Dug Well",W02199,2004,4.41,1.46,6.51,3.16
TN,Karur,Aravakurichi,K.paramathy,10.96666667,77.9125,Paramatti1,"Dug Well",W02196,2004,9.61,6.98,7.2,8.52
TN,Karur,Karur,Thanthoni,10.95555556,78.09166667,Karur-1,"Bore Well",W02198,2004,'0,'0,7.72,30.38
TN,Karur,Karur,Thanthoni,10.86666667,78.13333333,Velliyanai,"Bore Well",W02203,2004,51.97,43.4,54.4,46.74
TN,Karur,Karur,Thanthoni,10.84166667,78.16666667,Jagatabi,"Dug Well",W02202,2004,11.84,10.64,10.94,10.96
TN,Karur,Krishnarayanpuram,Krishnarayapuram,10.94166667,78.24166667,Mayanur,"Dug Well",W02205,2004,9.19,7.89,7.16,8.7
TN,Karur,Kulithalai,Kulithalai,10.93333333,78.43333333,Kulithalai1,"Dug Well",W02207,2004,'0,1.44,'0,'0
TN,Karur,Krishnarayanpuram,Kadavur,10.73055556,78.24777778,Tarangampatti,"Bore Well",W02204,2004,9.48,'0,6.5,'0
TN,Karur,Aravakurichi,Aravakurichi,10.775,77.925,Aravakurichi-2,"Dug Well",W02193,2004,9.43,9.7,7.85,12.98
TN,Karur,Aravakurichi,Aravakurichi,10.725,77.875,Aravakurichi-1,"Bore Well",W02192,2004,12.34,8.87,6.22,11.31
TN,Karur,Kulithalai,Thogaimalai,10.73166667,78.525,Vaducheri,"Bore Well",W02209,2004,10.7,9.6,5.25,9.59
TN,Karur,Aravakurichi,K.paramathy,10.96666667,77.9125,Paramatti1,"Dug Well",W02196,2003,10.64,6.46,8.38,9.43
TN,Karur,Karur,Thanthoni,10.84166667,78.16666667,Jagatabi,"Dug Well",W02202,2003,12.04,11.77,10.54,11.8
TN,Karur,Karur,Karur,10.95833333,78.08333333,Karur-2,"Dug Well",W02199,2003,'0,3.24,'0,4.36
TN,Karur,Aravakurichi,Aravakurichi,10.725,77.875,Aravakurichi-1,"Bore Well",W02192,2003,12.67,12.3,11.36,11.59
TN,Karur,Aravakurichi,K.paramathy,10.95833333,77.85833333,Thennilai,"Bore Well",W02197,2003,29.5,11.54,11.67,18.9
TN,Karur,Kulithalai,Thogaimalai,10.72916667,78.425,Thogamalai,"Dug Well",W02208,2003,6.3,'0,5.59,6.2
TN,Karur,Kulithalai,Kulithalai,10.93333333,78.43333333,Kulithalai1,"Dug Well",W02207,2003,2.98,3.15,1.63,'0
TN,Karur,Kulithalai,Thogaimalai,10.73166667,78.525,Vaducheri,"Bore Well",W02209,2003,11.64,.2,'0,10.7
TN,Karur,Karur,Karur,11.05222222,77.925,Noyyil,"Dug Well",W02200,2003,'0,3.93,'0,'0
TN,Karur,Aravakurichi,K.paramathy,10.86666667,77.9,C.Dharapuram,"Dug Well",W02194,2003,'0,6.47,'0,'0
TN,Karur,Karur,Thanthoni,10.86666667,78.13333333,Velliyanai,"Bore Well",W02203,2003,'0,'0,46.9,50.1
TN,Karur,Aravakurichi,Aravakurichi,10.775,77.925,Aravakurichi-2,"Dug Well",W02193,2003,15.7,'0,12.7,14.55
TN,Karur,Karur,Thanthoni,10.95555556,78.09166667,Karur-1,"Bore Well",W02198,2003,'0,'0,37.8,'0
TN,Karur,Krishnarayanpuram,Krishnarayapuram,10.94166667,78.24166667,Mayanur,"Dug Well",W02205,2003,9.27,6.47,8.44,8.45
TN,Karur,Aravakurichi,K.paramathy,10.96666667,77.9125,Paramatti1,"Dug Well",W02196,2002,7.22,4.77,16.58,6
TN,Karur,Karur,Thanthoni,10.84166667,78.16666667,Jagatabi,"Dug Well",W02202,2002,'0,10.99,10.55,11.99
TN,Karur,Aravakurichi,Aravakurichi,10.775,77.925,Aravakurichi-2,"Dug Well",W02193,2002,14.4,10.99,12.83,16.1
TN,Karur,Krishnarayanpuram,Krishnarayapuram,10.94166667,78.24166667,Mayanur,"Dug Well",W02205,2002,'0,'0,4.05,8.84
TN,Karur,Karur,Karur,10.95833333,78.08333333,Karur-2,"Dug Well",W02199,2002,'0,4.77,'0,'0
TN,Karur,Kulithalai,Kulithalai,10.93333333,78.43333333,Kulithalai1,"Dug Well",W02207,2002,2.25,1.73,1.93,'0
TN,Karur,Aravakurichi,K.paramathy,10.86666667,77.9,C.Dharapuram,"Dug Well",W02194,2002,'0,2,'0,5.36
TN,Karur,Aravakurichi,Aravakurichi,10.725,77.875,Aravakurichi-1,"Bore Well",W02192,2002,9.54,'0,10.89,15.22
TN,Karur,Kulithalai,Thogaimalai,10.72916667,78.425,Thogamalai,"Dug Well",W02208,2002,5.92,'0,3.57,17.97
TN,Karur,Aravakurichi,K.paramathy,10.95833333,77.85833333,Thennilai,"Bore Well",W02197,2002,'0,8.46,'0,'0
TN,Karur,Kulithalai,Thogaimalai,10.73166667,78.525,Vaducheri,"Bore Well",W02209,2002,8.95,'0,6.88,8
TN,Karur,Kulithalai,Thogaimalai,10.73166667,78.525,Vaducheri,"Bore Well",W02209,2001,7.5,'0,7.4,6
TN,Karur,Aravakurichi,Aravakurichi,10.725,77.875,Aravakurichi-1,"Bore Well",W02192,2001,12.72,7.75,11.85,10.55
TN,Karur,Karur,Thanthoni,10.95555556,78.09166667,Karur-1,"Bore Well",W02198,2001,30.4,10.79,'0,'0
TN,Karur,Karur,Thanthoni,10.86666667,78.13333333,Velliyanai,"Bore Well",W02203,2001,'0,'0,'0,17.97
TN,Karur,Karur,Thanthoni,10.84166667,78.16666667,Jagatabi,"Dug Well",W02202,2001,11.62,9.75,'0,10.69
TN,Karur,Aravakurichi,K.paramathy,10.96666667,77.9125,Paramatti1,"Dug Well",W02196,2001,8.35,'0,3.52,6.62
TN,Karur,Krishnarayanpuram,Krishnarayapuram,10.94166667,78.24166667,Mayanur,"Dug Well",W02205,2001,'0,4.69,7.04,7.44
TN,Karur,Kulithalai,Kulithalai,10.93333333,78.43333333,Kulithalai1,"Dug Well",W02207,2001,'0,'0,1.67,2.12
TN,Karur,Aravakurichi,K.paramathy,10.86666667,77.9,C.Dharapuram,"Dug Well",W02194,2001,4.08,'0,2.25,3.75
TN,Karur,Karur,Karur,11.05222222,77.925,Noyyil,"Dug Well",W02200,2001,3.09,2.69,'0,3.3
TN,Karur,Karur,Karur,10.95833333,78.08333333,Karur-2,"Dug Well",W02199,2001,6.45,10.19,3.45,4.01
TN,Karur,Kulithalai,Thogaimalai,10.72916667,78.425,Thogamalai,"Dug Well",W02208,2001,'0,'0,'0,5.4
TN,Karur,Aravakurichi,Aravakurichi,10.775,77.925,Aravakurichi-2,"Dug Well",W02193,2001,'0,'0,'0,10.15
TN,Karur,Aravakurichi,K.paramathy,10.95833333,77.85833333,Thennilai,"Bore Well",W02197,2000,9.54,7.92,'0,9.15
TN,Karur,Karur,Karur,11.05222222,77.925,Noyyil,"Dug Well",W02200,2000,1.78,2.58,2.68,2.34
TN,Karur,Kulithalai,Thogaimalai,10.72916667,78.425,Thogamalai,"Dug Well",W02208,2000,4.02,6.22,2.22,2.83
TN,Karur,Kulithalai,Thogaimalai,10.73166667,78.525,Vaducheri,"Bore Well",W02209,2000,'0,3.7,'0,4.53
TN,Karur,Aravakurichi,Aravakurichi,10.725,77.875,Aravakurichi-1,"Bore Well",W02192,2000,8.31,5.77,'0,'0
TN,Karur,Aravakurichi,Aravakurichi,10.775,77.925,Aravakurichi-2,"Dug Well",W02193,2000,8.99,6.95,9.05,7.9
TN,Karur,Aravakurichi,K.paramathy,10.86666667,77.9,C.Dharapuram,"Dug Well",W02194,2000,3.6,1.76,2.34,3.45
TN,Karur,Kulithalai,Kulithalai,10.93333333,78.43333333,Kulithalai1,"Dug Well",W02207,2000,1.7,1.73,1.5,1.28
TN,Karur,Krishnarayanpuram,Krishnarayapuram,10.94166667,78.24166667,Mayanur,"Dug Well",W02205,2000,1.94,2.84,5.66,6.44
TN,Karur,Karur,Thanthoni,10.84166667,78.16666667,Jagatabi,"Dug Well",W02202,2000,7.29,1.69,7.42,6.29
TN,Karur,Karur,Thanthoni,10.86666667,78.13333333,Velliyanai,"Bore Well",W02203,2000,6.17,3.67,'0,4.35
TN,Karur,Karur,Thanthoni,10.95555556,78.09166667,Karur-1,"Bore Well",W02198,2000,8.55,3.97,'0,5.65
TN,Karur,Aravakurichi,K.paramathy,10.96666667,77.9125,Paramatti1,"Dug Well",W02196,2000,'0,3.25,5.04,4.05
TN,Karur,Karur,Karur,10.95833333,78.08333333,Karur-2,"Dug Well",W02199,2000,'0,'0,3.07,6.25
TN,Karur,Kulithalai,Thogaimalai,10.72916667,78.425,Thogamalai,"Dug Well",W02208,1999,4.16,2.48,.72,.22
TN,Karur,Aravakurichi,K.paramathy,10.86666667,77.9,C.Dharapuram,"Dug Well",W02194,1999,5.69,2.1,2.12,3.02
TN,Karur,Krishnarayanpuram,Krishnarayapuram,10.94166667,78.24166667,Mayanur,"Dug Well",W02205,1999,7.34,2.54,4.39,6.19
TN,Karur,Karur,Karur,10.95833333,78.08333333,Karur-2,"Dug Well",W02199,1999,2.6,2.51,.85,1.5
TN,Karur,Kulithalai,Thogaimalai,10.73166667,78.525,Vaducheri,"Bore Well",W02209,1999,'0,4.4,'0,'0
TN,Karur,Aravakurichi,Aravakurichi,10.725,77.875,Aravakurichi-1,"Bore Well",W02192,1999,'0,7.4,'0,'0
TN,Karur,Aravakurichi,K.paramathy,10.96666667,77.9125,Paramatti1,"Dug Well",W02196,1999,11.15,.13,4.93,9.98
TN,Karur,Karur,Thanthoni,10.95555556,78.09166667,Karur-1,"Bore Well",W02198,1999,'0,18.6,'0,'0
TN,Karur,Aravakurichi,K.paramathy,10.95833333,77.85833333,Thennilai,"Bore Well",W02197,1999,'0,13.2,'0,'0
TN,Karur,Aravakurichi,Aravakurichi,10.775,77.925,Aravakurichi-2,"Dug Well",W02193,1999,9.93,7.8,7.96,8
TN,Karur,Krishnarayanpuram,Kadavur,10.73055556,78.24777778,Tarangampatti,"Bore Well",W02204,1999,'0,7.25,'0,'0
TN,Karur,Krishnarayanpuram,Krishnarayapuram,10.84722222,78.33055556,Panjapatti,"Bore Well",W02206,1999,'0,2.85,'0,'0
TN,Karur,Karur,Thanthoni,10.86666667,78.13333333,Velliyanai,"Bore Well",W02203,1999,'0,7.4,'0,'0
TN,Karur,Karur,Thanthoni,10.84166667,78.16666667,Jagatabi,"Dug Well",W02202,1999,8.69,2.71,5.44,5.82
TN,Karur,Karur,Karur,11.05222222,77.925,Noyyil,"Dug Well",W02200,1999,3.31,3,2.19,'0
TN,Karur,Kulithalai,Kulithalai,10.93333333,78.43333333,Kulithalai1,"Dug Well",W02207,1999,1.6,1.63,1.53,2.13
TN,Karur,Kulithalai,Kulithalai,10.93333333,78.43333333,Kulithalai1,"Dug Well",W02207,1998,1.48,1.58,1.78,4.83
TN,Karur,Aravakurichi,K.paramathy,10.86666667,77.9,C.Dharapuram,"Dug Well",W02194,1998,3.82,1.73,1.25,3.15
TN,Karur,Aravakurichi,Aravakurichi,10.775,77.925,Aravakurichi-2,"Dug Well",W02193,1998,10.3,5.7,9.07,'0
TN,Karur,Kulithalai,Thogaimalai,10.72916667,78.425,Thogamalai,"Dug Well",W02208,1998,'0,.7,4.35,4.47
TN,Karur,Karur,Karur,11.05222222,77.925,Noyyil,"Dug Well",W02200,1998,3.08,2.11,1.06,2.86
TN,Karur,Karur,Karur,10.95833333,78.08333333,Karur-2,"Dug Well",W02199,1998,2.6,1.37,4.36,2.15
TN,Karur,Aravakurichi,K.paramathy,10.96666667,77.9125,Paramatti1,"Dug Well",W02196,1998,16.17,9.59,14.27,15.17
TN,Karur,Karur,Thanthoni,10.84166667,78.16666667,Jagatabi,"Dug Well",W02202,1998,7.89,4.62,4.39,7.16
TN,Karur,Krishnarayanpuram,Krishnarayapuram,10.94166667,78.24166667,Mayanur,"Dug Well",W02205,1998,6.99,3.54,4.36,6.54
TN,Karur,Aravakurichi,K.paramathy,10.86666667,77.9,C.Dharapuram,"Dug Well",W02194,1997,4.35,1.9,1.66,3.04
TN,Karur,Krishnarayanpuram,Krishnarayapuram,10.94166667,78.24166667,Mayanur,"Dug Well",W02205,1997,8.44,6.19,2.29,1.47
TN,Karur,Aravakurichi,K.paramathy,10.96666667,77.9125,Paramatti1,"Dug Well",W02196,1997,16.58,11.17,10.47,14.35
TN,Karur,Kulithalai,Thogaimalai,10.72916667,78.425,Thogamalai,"Dug Well",W02208,1997,'0,7.14,'0,'0
TN,Karur,Kulithalai,Kulithalai,10.93333333,78.43333333,Kulithalai1,"Dug Well",W02207,1997,1.54,1.56,1.65,'0
TN,Karur,Karur,Karur,11.05222222,77.925,Noyyil,"Dug Well",W02200,1997,2.86,2.51,2.68,2.99
TN,Karur,Karur,Karur,10.95833333,78.08333333,Karur-2,"Dug Well",W02199,1997,4.1,3.35,1.12,4.09
TN,Karur,Karur,Thanthoni,10.84166667,78.16666667,Jagatabi,"Dug Well",W02202,1997,12.29,10.83,4.89,12.44
TN,Karur,Aravakurichi,Aravakurichi,10.775,77.925,Aravakurichi-2,"Dug Well",W02193,1997,11.35,7.87,'0,9.75
TN,Karur,Krishnarayanpuram,Krishnarayapuram,10.94166667,78.24166667,Mayanur,"Dug Well",W02205,1996,7.64,7.24,4.62,7.32
TN,Karur,Kulithalai,Thogaimalai,10.72916667,78.425,Thogamalai,"Dug Well",W02208,1996,8.42,7.96,7.51,9.88
TN,Karur,Kulithalai,Kulithalai,10.93333333,78.43333333,Kulithalai1,"Dug Well",W02207,1996,1.63,1.78,1.48,2.06
TN,Karur,Karur,Thanthoni,10.84166667,78.16666667,Jagatabi,"Dug Well",W02202,1996,11.99,7.89,11.4,11.79
TN,Karur,Karur,Karur,10.95833333,78.08333333,Karur-2,"Dug Well",W02199,1996,5.55,5.2,4.04,5.95
TN,Karur,Karur,Karur,11.05222222,77.925,Noyyil,"Dug Well",W02200,1996,2.91,2.94,2.71,3.06
TN,Karur,Aravakurichi,K.paramathy,10.96666667,77.9125,Paramatti1,"Dug Well",W02196,1996,11.16,8.42,12.02,9.97
TN,Karur,Aravakurichi,K.paramathy,10.86666667,77.9,C.Dharapuram,"Dug Well",W02194,1996,4.9,3,2.5,5.8
TN,Karur,Aravakurichi,Aravakurichi,10.775,77.925,Aravakurichi-2,"Dug Well",W02193,1996,12.72,10.25,8.68,13.15
