STATE,DISTRICT,TEH_NAME,BLOCK_NAME,LAT,LON,SITE_NAME,SITE_TYPE,WLCODE,YEAR_OBS,MONSOON,POMRB,POMKH,PREMON
TN,Theni,Theni,Theni,9.9625,77.45,Veerapandi,"Dug Well",W02532,2018,'0,2.21,'0,'0
TN,Theni,Theni,Theni,10.02777778,77.475,Theni-2,"Dug Well",W02531,2018,'0,'0,'0,10.2
TN,Theni,Andipatti,Andipatti,9.99166667,77.61666667,Andipatti-1,"Bore Well",W02522,2018,'0,17.21,'0,'0
TN,Theni,Andipatti,Andipatti,9.99166667,77.61666667,Andipatti-1,"Bore Well",W02522,2018,'0,'0,'0,17.4
TN,Theni,Andipatti,Andipatti,9.99583333,77.62916667,Andipatti-2,"Dug Well",W02523,2018,'0,10.95,'0,'0
TN,Theni,Andipatti,Andipatti,9.99583333,77.62916667,Andipatti-2,"Dug Well",W02523,2018,'0,'0,'0,10.55
TN,Theni,Bodinayakanur,Bodinayakanur,10.00416667,77.28472222,Theni-1,"Bore Well",W02526,2018,'0,6.45,'0,'0
TN,Theni,Bodinayakanur,Bodinayakanur,10.00416667,77.28472222,Theni-1,"Bore Well",W02526,2018,'0,'0,'0,7.1
TN,Theni,Periyakulam,Theni,10.12083333,77.55,Periyakulam,"Dug Well",W02528,2018,'0,'0,'0,4.62
TN,Theni,Periyakulam,Periyakulam,10.15277778,77.65833333,Devadanapatti,"Dug Well",W02527,2018,'0,8.2,'0,'0
TN,Theni,Uttamapalayam,Uthamapalayam,9.74166667,77.28472222,Cumbam-2,"Dug Well",W02535,2018,'0,15.2,'0,'0
TN,Theni,Uttamapalayam,Uthamapalayam,9.74166667,77.28472222,Cumbam-2,"Dug Well",W02535,2018,'0,'0,'0,15.4
TN,Theni,Uttamapalayam,Uthamapalayam,9.7,77.3,Gudalur2,"Dug Well",W02536,2018,'0,17,'0,'0
TN,Theni,Uttamapalayam,Uthamapalayam,9.7,77.3,Gudalur2,"Dug Well",W02536,2018,'0,'0,'0,17.15
TN,Theni,Uttamapalayam,Chinnamanur,9.80833333,77.33333333,Uttamapalayam,"Dug Well",W02538,2018,'0,2.21,'0,'0
TN,Theni,Uttamapalayam,Chinnamanur,9.80833333,77.33333333,Uttamapalayam,"Dug Well",W02538,2018,'0,'0,'0,4.12
TN,Theni,Uttamapalayam,Uthamapalayam,9.88472222,77.28472222,Thevaram,"Bore Well",W02537,2018,'0,39.67,'0,'0
TN,Theni,Uttamapalayam,Uthamapalayam,9.88472222,77.28472222,Thevaram,"Bore Well",W02537,2018,'0,'0,'0,35.95
TN,Theni,Andipatti,Andipatti,9.91833333,77.52166667,Gandamanur,"Dug Well",W02525,2018,'0,5,'0,'0
TN,Theni,Andipatti,Andipatti,9.91833333,77.52166667,Gandamanur,"Dug Well",W02525,2018,'0,'0,'0,11.05
TN,Theni,Andipatti,Andipatti,9.925,77.54166667,Erasakkanaayakanur,"Bore Well",W02524,2018,'0,'0,'0,.6
TN,Theni,Theni,Bodinayakanur,9.99166667,77.43611111,Kodangipatti,"Dug Well",W02529,2018,'0,.01,'0,'0
TN,Theni,Theni,Bodinayakanur,9.99166667,77.43611111,Kodangipatti,"Dug Well",W02529,2018,'0,'0,'0,6.22
TN,Theni,Theni,Theni,10.02777778,77.475,Theni-2,"Dug Well",W02531,2018,'0,6.65,'0,'0
TN,Theni,Theni,Theni,9.9625,77.45,Veerapandi,"Dug Well",W02532,2018,'0,'0,'0,4.18
TN,Theni,Theni,Theni,9.9625,77.45,Veerapandi,"Dug Well",W02532,2017,7.23,2.88,'0,5.74
TN,Theni,Theni,Theni,10.02777778,77.475,Theni-2,"Dug Well",W02531,2017,'0,'0,8.45,'0
TN,Theni,Andipatti,Andipatti,9.99166667,77.61666667,Andipatti-1,"Bore Well",W02522,2017,'0,13.98,'0,11.3
TN,Theni,Andipatti,Andipatti,9.99583333,77.62916667,Andipatti-2,"Dug Well",W02523,2017,10.97,10.87,'0,14.2
TN,Theni,Bodinayakanur,Bodinayakanur,10.00416667,77.28472222,Theni-1,"Bore Well",W02526,2017,11.15,9.9,'0,9.55
TN,Theni,Bodinayakanur,Bodinayakanur,10.00416667,77.28472222,Theni-1,"Bore Well",W02526,2017,'0,'0,6.05,'0
TN,Theni,Periyakulam,Theni,10.12083333,77.55,Periyakulam,"Dug Well",W02528,2017,4.61,4.59,'0,4.6
TN,Theni,Periyakulam,Periyakulam,10.15277778,77.65833333,Devadanapatti,"Dug Well",W02527,2017,3.5,7.55,'0,10.5
TN,Theni,Periyakulam,Periyakulam,10.15277778,77.65833333,Devadanapatti,"Dug Well",W02527,2017,'0,'0,7.98,'0
TN,Theni,Uttamapalayam,Uthamapalayam,9.74166667,77.28472222,Cumbam-2,"Dug Well",W02535,2017,17.5,14.92,'0,16.4
TN,Theni,Uttamapalayam,Uthamapalayam,9.74166667,77.28472222,Cumbam-2,"Dug Well",W02535,2017,'0,'0,16.6,'0
TN,Theni,Uttamapalayam,Uthamapalayam,9.7,77.3,Gudalur2,"Dug Well",W02536,2017,17.8,17.4,'0,16.4
TN,Theni,Uttamapalayam,Uthamapalayam,9.7,77.3,Gudalur2,"Dug Well",W02536,2017,'0,'0,18.7,'0
TN,Theni,Uttamapalayam,Chinnamanur,9.80833333,77.33333333,Uttamapalayam,"Dug Well",W02538,2017,7.37,7.19,'0,8.42
TN,Theni,Uttamapalayam,Chinnamanur,9.80833333,77.33333333,Uttamapalayam,"Dug Well",W02538,2017,'0,'0,2.92,'0
TN,Theni,Uttamapalayam,Uthamapalayam,9.88472222,77.28472222,Thevaram,"Bore Well",W02537,2017,37.6,35.3,'0,36.6
TN,Theni,Uttamapalayam,Uthamapalayam,9.88472222,77.28472222,Thevaram,"Bore Well",W02537,2017,'0,'0,39.45,'0
TN,Theni,Andipatti,Andipatti,9.91833333,77.52166667,Gandamanur,"Dug Well",W02525,2017,17.6,18.7,'0,18.65
TN,Theni,Andipatti,Andipatti,9.91833333,77.52166667,Gandamanur,"Dug Well",W02525,2017,'0,'0,2.83,'0
TN,Theni,Andipatti,Andipatti,9.925,77.54166667,Erasakkanaayakanur,"Bore Well",W02524,2017,17.75,13.73,'0,16.35
TN,Theni,Andipatti,Andipatti,9.925,77.54166667,Erasakkanaayakanur,"Bore Well",W02524,2017,'0,'0,9.94,'0
TN,Theni,Theni,Bodinayakanur,9.99166667,77.43611111,Kodangipatti,"Dug Well",W02529,2017,.96,1.08,'0,.57
TN,Theni,Theni,Theni,10.02777778,77.475,Theni-2,"Dug Well",W02531,2017,17.15,18.05,'0,'0
TN,Theni,Theni,Theni,9.9625,77.45,Veerapandi,"Dug Well",W02532,2017,'0,'0,5.84,'0
TN,Theni,Theni,Theni,9.9625,77.45,Veerapandi,"Dug Well",W02532,2016,5.2,'0,3.52,3.05
TN,Theni,Andipatti,Andipatti,9.99166667,77.61666667,Andipatti-1,"Bore Well",W02522,2016,7.34,'0,11.57,6.9
TN,Theni,Andipatti,Andipatti,9.99583333,77.62916667,Andipatti-2,"Dug Well",W02523,2016,11.22,'0,12.02,9.42
TN,Theni,Bodinayakanur,Bodinayakanur,10.00416667,77.28472222,Theni-1,"Bore Well",W02526,2016,9.75,'0,8.1,'0
TN,Theni,Periyakulam,Periyakulam,10.15277778,77.65833333,Devadanapatti,"Dug Well",W02527,2016,4.75,'0,5.78,3.15
TN,Theni,Uttamapalayam,Uthamapalayam,9.74166667,77.28472222,Cumbam-2,"Dug Well",W02535,2016,14.55,'0,14.45,13.65
TN,Theni,Theni,Theni,10.02777778,77.475,Theni-2,"Dug Well",W02531,2016,17.55,'0,12.65,15.7
TN,Theni,Uttamapalayam,Chinnamanur,9.80833333,77.33333333,Uttamapalayam,"Dug Well",W02538,2016,4.35,'0,6,'0
TN,Theni,Uttamapalayam,Uthamapalayam,9.88472222,77.28472222,Thevaram,"Bore Well",W02537,2016,31.64,'0,33.24,28
TN,Theni,Andipatti,Andipatti,9.91833333,77.52166667,Gandamanur,"Dug Well",W02525,2016,11.6,'0,18.6,9.6
TN,Theni,Andipatti,Andipatti,9.925,77.54166667,Erasakkanaayakanur,"Bore Well",W02524,2016,9.75,'0,'0,7.3
TN,Theni,Theni,Bodinayakanur,9.99166667,77.43611111,Kodangipatti,"Dug Well",W02529,2016,1.47,'0,'0,1
TN,Theni,Uttamapalayam,Uthamapalayam,9.7,77.3,Gudalur2,"Dug Well",W02536,2016,17.27,'0,14.62,15.12
TN,Theni,Theni,Theni,9.9625,77.45,Veerapandi,"Dug Well",W02532,2015,4.4,2.83,'0,2.98
TN,Theni,Theni,Theni,10.02777778,77.475,Theni-2,"Dug Well",W02531,2015,16.2,12.35,'0,9.85
TN,Theni,Andipatti,Andipatti,9.99583333,77.62916667,Andipatti-2,"Dug Well",W02523,2015,9.47,10.75,'0,9.47
TN,Theni,Bodinayakanur,Bodinayakanur,10.00416667,77.28472222,Theni-1,"Bore Well",W02526,2015,6.6,6.2,'0,4.38
TN,Theni,Periyakulam,Theni,10.12083333,77.55,Periyakulam,"Dug Well",W02528,2015,4.5,'0,'0,4.5
TN,Theni,Periyakulam,Periyakulam,10.15277778,77.65833333,Devadanapatti,"Dug Well",W02527,2015,3.8,5,'0,2.91
TN,Theni,Uttamapalayam,Uthamapalayam,9.74166667,77.28472222,Cumbam-2,"Dug Well",W02535,2015,13.5,16.2,'0,14.53
TN,Theni,Uttamapalayam,Uthamapalayam,9.7,77.3,Gudalur2,"Dug Well",W02536,2015,13.74,15.6,'0,14.2
TN,Theni,Uttamapalayam,Chinnamanur,9.80833333,77.33333333,Uttamapalayam,"Dug Well",W02538,2015,2.6,2.37,'0,3.07
TN,Theni,Uttamapalayam,Uthamapalayam,9.88472222,77.28472222,Thevaram,"Bore Well",W02537,2015,33.88,27.95,'0,31.1
TN,Theni,Andipatti,Andipatti,9.91833333,77.52166667,Gandamanur,"Dug Well",W02525,2015,4.75,5.7,'0,2.5
TN,Theni,Andipatti,Andipatti,9.925,77.54166667,Erasakkanaayakanur,"Bore Well",W02524,2015,10.3,14.75,'0,9
TN,Theni,Theni,Bodinayakanur,9.99166667,77.43611111,Kodangipatti,"Dug Well",W02529,2015,1.23,.22,'0,1.23
TN,Theni,Theni,Theni,9.89166667,77.39722222,Seelayampatti,"Dug Well",W02530,2015,'0,4.8,'0,'0
TN,Theni,Andipatti,Andipatti,9.99166667,77.61666667,Andipatti-1,"Bore Well",W02522,2015,6.63,6.4,'0,4.12
TN,Theni,Theni,Theni,9.9625,77.45,Veerapandi,"Dug Well",W02532,2014,3.94,3.3,'0,5
TN,Theni,Andipatti,Andipatti,9.99166667,77.61666667,Andipatti-1,"Bore Well",W02522,2014,14.76,6.57,'0,11.19
TN,Theni,Andipatti,Andipatti,9.99583333,77.62916667,Andipatti-2,"Dug Well",W02523,2014,12.99,11.97,'0,11.57
TN,Theni,Bodinayakanur,Bodinayakanur,10.00416667,77.28472222,Theni-1,"Bore Well",W02526,2014,'0,8.83,'0,'0
TN,Theni,Periyakulam,Periyakulam,10.15277778,77.65833333,Devadanapatti,"Dug Well",W02527,2014,10.8,10.8,'0,10.8
TN,Theni,Uttamapalayam,Uthamapalayam,9.74166667,77.28472222,Cumbam-2,"Dug Well",W02535,2014,16.22,18.72,'0,19.2
TN,Theni,Theni,Theni,10.02777778,77.475,Theni-2,"Dug Well",W02531,2014,17.25,15.37,'0,15.05
TN,Theni,Uttamapalayam,Chinnamanur,9.80833333,77.33333333,Uttamapalayam,"Dug Well",W02538,2014,3.88,3.36,'0,6.04
TN,Theni,Uttamapalayam,Uthamapalayam,9.88472222,77.28472222,Thevaram,"Bore Well",W02537,2014,35.83,33.82,'0,35.24
TN,Theni,Andipatti,Andipatti,9.91833333,77.52166667,Gandamanur,"Dug Well",W02525,2014,18.95,9.75,'0,17.85
TN,Theni,Andipatti,Andipatti,9.925,77.54166667,Erasakkanaayakanur,"Bore Well",W02524,2014,19.21,22.8,'0,15.4
TN,Theni,Theni,Bodinayakanur,9.99166667,77.43611111,Kodangipatti,"Dug Well",W02529,2014,2.88,2.36,'0,1.7
TN,Theni,Theni,Theni,9.89166667,77.39722222,Seelayampatti,"Dug Well",W02530,2014,10.95,7.05,'0,9.55
TN,Theni,Uttamapalayam,Uthamapalayam,9.7,77.3,Gudalur2,"Dug Well",W02536,2014,17.82,18.14,'0,17.02
TN,Theni,Theni,Theni,9.9625,77.45,Veerapandi,"Dug Well",W02532,2013,3.5,4.32,3.35,6.8
TN,Theni,Andipatti,Andipatti,9.99166667,77.61666667,Andipatti-1,"Bore Well",W02522,2013,7.05,6.33,11,'0
TN,Theni,Andipatti,Andipatti,9.99583333,77.62916667,Andipatti-2,"Dug Well",W02523,2013,7.02,9.19,9.97,11.37
TN,Theni,Bodinayakanur,Bodinayakanur,10.00416667,77.28472222,Theni-1,"Bore Well",W02526,2013,9.9,'0,15.4,'0
TN,Theni,Periyakulam,Periyakulam,10.15277778,77.65833333,Devadanapatti,"Dug Well",W02527,2013,10.8,7.69,7.8,9
TN,Theni,Uttamapalayam,Uthamapalayam,9.74166667,77.28472222,Cumbam-2,"Dug Well",W02535,2013,19.6,18.93,9.4,13.8
TN,Theni,Theni,Theni,10.02777778,77.475,Theni-2,"Dug Well",W02531,2013,15.75,'0,13.25,10.55
TN,Theni,Uttamapalayam,Chinnamanur,9.80833333,77.33333333,Uttamapalayam,"Dug Well",W02538,2013,3.75,'0,3.75,8.45
TN,Theni,Uttamapalayam,Uthamapalayam,9.88472222,77.28472222,Thevaram,"Bore Well",W02537,2013,36.6,33.3,36.5,'0
TN,Theni,Andipatti,Andipatti,9.91833333,77.52166667,Gandamanur,"Dug Well",W02525,2013,18.95,7.86,11.85,'0
TN,Theni,Andipatti,Andipatti,9.925,77.54166667,Erasakkanaayakanur,"Bore Well",W02524,2013,16.88,11.05,52.1,'0
TN,Theni,Theni,Bodinayakanur,9.99166667,77.43611111,Kodangipatti,"Dug Well",W02529,2013,1.35,'0,.85,1.05
TN,Theni,Theni,Theni,9.89166667,77.39722222,Seelayampatti,"Dug Well",W02530,2013,10.4,'0,8.6,9.4
TN,Theni,Uttamapalayam,Uthamapalayam,9.7,77.3,Gudalur2,"Dug Well",W02536,2013,19.02,'0,19.2,19.02
TN,Theni,Theni,Theni,9.955,77.44666667,Veerapandi1,"Bore Well",W22798,2012,'0,'0,'0,5.15
TN,Theni,Theni,Theni,9.9625,77.45,Veerapandi,"Dug Well",W02532,2012,'0,'0,4.35,'0
TN,Theni,Andipatti,Andipatti,10.00638889,77.65472222,T.Subbalapuram,"Bore Well",W22783,2012,'0,'0,'0,10.1
TN,Theni,Andipatti,Andipatti,9.99166667,77.61666667,Andipatti-1,"Bore Well",W02522,2012,'0,1.6,8.65,3.75
TN,Theni,Andipatti,Andipatti,9.99583333,77.62916667,Andipatti-2,"Dug Well",W02523,2012,'0,3.92,8.8,6.05
TN,Theni,Bodinayakanur,Bodinayakanur,9.99944444,77.3375,B.Karathupatti,"Bore Well",W22786,2012,'0,'0,'0,23.4
TN,Theni,Bodinayakanur,Bodinayakanur,10.00416667,77.28472222,Theni-1,"Bore Well",W02526,2012,'0,'0,5.58,'0
TN,Theni,Bodinayakanur,Bodinayakanur,10.09416667,77.29805556,Kombai,"Bore Well",W22789,2012,'0,'0,'0,36.1
TN,Theni,Periyakulam,Periyakulam,10.09583333,77.68805556,A.Vadipatti,"Bore Well",W22791,2012,'0,'0,'0,29
TN,Theni,Periyakulam,Periyakulam,10.14444444,77.64055556,Devadhapatti,"Bore Well",W22792,2012,'0,'0,'0,11.8
TN,Theni,Periyakulam,Periyakulam,10.15277778,77.65833333,Devadanapatti,"Dug Well",W02527,2012,'0,1.65,6.49,'0
TN,Theni,Periyakulam,Periyakulam,10.16694444,77.69444444,Ganguvarpatti,"Bore Well",W22793,2012,'0,'0,'0,3.85
TN,Theni,Uttamapalayam,Uthamapalayam,9.72833333,77.27833333,Cumbam-1,"Bore Well",W22804,2012,'0,'0,'0,16.5
TN,Theni,Uttamapalayam,Uthamapalayam,9.73666667,77.31694444,Kanyagoundampatti-1,"Bore Well",W22806,2012,'0,'0,'0,13.3
TN,Theni,Uttamapalayam,Uthamapalayam,9.74166667,77.28472222,Cumbam-2,"Dug Well",W02535,2012,'0,14.4,18.74,'0
TN,Theni,Uttamapalayam,Uthamapalayam,9.77972222,77.31555556,Govindampatty,"Bore Well",W22805,2012,'0,'0,'0,11.5
TN,Theni,Uttamapalayam,Uthamapalayam,9.7,77.3,Gudalur2,"Dug Well",W02536,2012,'0,13.22,18.25,15.22
TN,Theni,Uttamapalayam,Uthamapalayam,9.78722222,77.30055556,Kanyagoundampatti-2,"Bore Well",W22807,2012,'0,'0,'0,14.6
TN,Theni,Andipatti,Andipatti,9.80722222,77.50305556,Kadamalaikundu,"Bore Well",W22785,2012,'0,'0,'0,6
TN,Theni,Uttamapalayam,Chinnamanur,9.80833333,77.33333333,Uttamapalayam,"Dug Well",W02538,2012,'0,1.77,4.04,4.87
TN,Theni,Uttamapalayam,Chinnamanur,9.84722222,77.3825,Chinnamanur-2,"Bore Well",W22800,2012,'0,'0,'0,5
TN,Theni,Uttamapalayam,Chinnamanur,9.81,77.41,"Appipatti alagapuri","Bore Well",W22799,2012,'0,'0,'0,23.3
TN,Theni,Uttamapalayam,Chinnamanur,9.85,77.45,Seepalakkottai,"Bore Well",W22803,2012,'0,'0,'0,48.1
TN,Theni,Uttamapalayam,Uthamapalayam,9.88472222,77.28472222,Thevaram,"Bore Well",W02537,2012,'0,40.4,31.9,24.75
TN,Theni,Uttamapalayam,Uthamapalayam,9.90361111,77.29805556,Thambinaickanpatti,"Bore Well",W22809,2012,'0,'0,'0,37.25
TN,Theni,Uttamapalayam,Uthamapalayam,9.90361111,77.30944444,Lakshminaickanpatti,"Bore Well",W22808,2012,'0,'0,'0,51
TN,Theni,Uttamapalayam,Bodinayakanur,9.90694444,77.32972222,Sankarapuram2,"Bore Well",W22802,2012,'0,'0,'0,16.15
TN,Theni,Uttamapalayam,Bodinayakanur,9.93916667,77.30166667,Chinnamanur-3,"Bore Well",W22801,2012,'0,'0,'0,32.74
TN,Theni,Uttamapalayam,Bodinayakanur,9.83944444,77.34472222,U.Ammapatty,"Bore Well",W22810,2012,'0,'0,'0,19.9
TN,Theni,Andipatti,Andipatti,9.90361111,77.62333333,Balakombai,"Bore Well",W22784,2012,'0,'0,'0,24.3
TN,Theni,Theni,Theni,9.90611111,77.48916667,Koduvilarpatti,"Bore Well",W22795,2012,'0,'0,'0,6.55
TN,Theni,Andipatti,Andipatti,9.91833333,77.52166667,Gandamanur,"Dug Well",W02525,2012,'0,2.3,7.6,5.1
TN,Theni,Theni,Andipatti,9.92,77.515,Gandamanur1,"Bore Well",W22794,2012,'0,'0,'0,6.2
TN,Theni,Andipatti,Andipatti,9.925,77.54166667,Erasakkanaayakanur,"Bore Well",W02524,2012,'0,3.15,9.8,7
TN,Theni,Andipatti,Andipatti,9.9625,77.56944444,Okkaraipatti,"Bore Well",W22782,2012,'0,'0,'0,20.75
TN,Theni,Andipatti,Andipatti,9.97166667,77.55638889,M.Subbalapuram,"Bore Well",W22781,2012,'0,'0,'0,15.5
TN,Theni,Bodinayakanur,Bodinayakanur,9.95861111,77.39111111,Dumbacherry,"Bore Well",W22787,2012,'0,'0,'0,5.7
TN,Theni,Bodinayakanur,Bodinayakanur,9.99166667,77.43055556,Kodangipatti1,"Bore Well",W22788,2012,'0,'0,'0,3.35
TN,Theni,Theni,Bodinayakanur,9.99166667,77.43611111,Kodangipatti,"Dug Well",W02529,2012,'0,1.04,.02,.62
TN,Theni,Bodinayakanur,Bodinayakanur,9.95444444,77.33722222,Silamalai,"Bore Well",W22790,2012,'0,'0,'0,28.4
TN,Theni,Theni,Theni,9.87527778,77.39111111,Kottur2,"Bore Well",W22796,2012,'0,'0,'0,5.5
TN,Theni,Theni,Theni,9.89166667,77.39722222,Seelayampatti,"Dug Well",W02530,2012,'0,5.2,'0,'0
TN,Theni,Theni,Theni,10.02777778,77.475,Theni-2,"Dug Well",W02531,2012,'0,1.85,'0,'0
TN,Theni,Uttamapalayam,Uthamapalayam,9.7,77.3,Gudalur2,"Dug Well",W02536,2011,16.78,15.42,15.62,17.42
TN,Theni,Andipatti,Andipatti,9.925,77.54166667,Erasakkanaayakanur,"Bore Well",W02524,2011,10.62,3.2,3.21,6.5
TN,Theni,Uttamapalayam,Chinnamanur,9.80833333,77.33333333,Uttamapalayam,"Dug Well",W02538,2011,2.93,2.27,1.37,4.37
TN,Theni,Bodinayakanur,Bodinayakanur,10.00416667,77.28472222,Theni-1,"Bore Well",W02526,2011,'0,3.05,'0,'0
TN,Theni,Andipatti,Andipatti,9.99583333,77.62916667,Andipatti-2,"Dug Well",W02523,2011,9.65,7.15,8.1,2.95
TN,Theni,Uttamapalayam,Uthamapalayam,9.88472222,77.28472222,Thevaram,"Bore Well",W02537,2011,32.37,44.4,3.4,40.4
TN,Theni,Theni,Bodinayakanur,9.99166667,77.43611111,Kodangipatti,"Dug Well",W02529,2011,1.56,.08,-.33,1.12
TN,Theni,Andipatti,Andipatti,9.99166667,77.61666667,Andipatti-1,"Bore Well",W02522,2011,6.37,7.3,'0,4.55
TN,Theni,Andipatti,Andipatti,9.91833333,77.52166667,Gandamanur,"Dug Well",W02525,2011,8.72,4.1,1.8,3.8
TN,Theni,Uttamapalayam,Uthamapalayam,9.74166667,77.28472222,Cumbam-2,"Dug Well",W02535,2011,'0,18.4,'0,'0
TN,Theni,Theni,Theni,9.89166667,77.39722222,Seelayampatti,"Dug Well",W02530,2011,9.5,5.5,'0,6.5
TN,Theni,Periyakulam,Periyakulam,10.15277778,77.65833333,Devadanapatti,"Dug Well",W02527,2011,'0,6.05,'0,'0
TN,Theni,Theni,Theni,10.02777778,77.475,Theni-2,"Dug Well",W02531,2010,18.25,'0,4.15,14.95
TN,Theni,Theni,Theni,9.89166667,77.39722222,Seelayampatti,"Dug Well",W02530,2010,11.3,2.45,2.2,9
TN,Theni,Theni,Bodinayakanur,9.99166667,77.43611111,Kodangipatti,"Dug Well",W02529,2010,1.17,.42,.01,.22
TN,Theni,Andipatti,Andipatti,9.925,77.54166667,Erasakkanaayakanur,"Bore Well",W02524,2010,13.5,6.1,6.1,9.4
TN,Theni,Uttamapalayam,Uthamapalayam,9.74166667,77.28472222,Cumbam-2,"Dug Well",W02535,2010,18.6,'0,18.5,17.83
TN,Theni,Periyakulam,Periyakulam,10.15277778,77.65833333,Devadanapatti,"Dug Well",W02527,2010,6.73,'0,4.1,4.1
TN,Theni,Bodinayakanur,Bodinayakanur,10.00416667,77.28472222,Theni-1,"Bore Well",W02526,2010,17.9,7.4,'0,6.7
TN,Theni,Andipatti,Andipatti,9.99583333,77.62916667,Andipatti-2,"Dug Well",W02523,2010,11.55,7.05,9.7,7.9
TN,Theni,Andipatti,Andipatti,9.99166667,77.61666667,Andipatti-1,"Bore Well",W02522,2010,6.4,6.4,11.6,6.4
TN,Theni,Theni,Theni,9.9625,77.45,Veerapandi,"Dug Well",W02532,2010,'0,'0,3.2,8.08
TN,Theni,Andipatti,Andipatti,9.91833333,77.52166667,Gandamanur,"Dug Well",W02525,2010,8.08,4.5,5.6,6.3
TN,Theni,Uttamapalayam,Uthamapalayam,9.88472222,77.28472222,Thevaram,"Bore Well",W02537,2010,44,'0,39.4,45.85
TN,Theni,Uttamapalayam,Chinnamanur,9.80833333,77.33333333,Uttamapalayam,"Dug Well",W02538,2010,3.87,2.22,2.37,4.67
TN,Theni,Uttamapalayam,Uthamapalayam,9.7,77.3,Gudalur2,"Dug Well",W02536,2010,17.82,17.12,15.02,16.02
TN,Theni,Andipatti,Andipatti,9.91833333,77.52166667,Gandamanur,"Dug Well",W02525,2009,13.65,3.3,10.85,6.6
TN,Theni,Theni,Theni,10.02777778,77.475,Theni-2,"Dug Well",W02531,2009,15.75,4.23,16.85,11.25
TN,Theni,Uttamapalayam,Chinnamanur,9.80833333,77.33333333,Uttamapalayam,"Dug Well",W02538,2009,2.97,1.65,3.05,3.22
TN,Theni,Uttamapalayam,Uthamapalayam,9.88472222,77.28472222,Thevaram,"Bore Well",W02537,2009,42.5,38.35,43,41.4
TN,Theni,Periyakulam,Theni,10.12083333,77.55,Periyakulam,"Dug Well",W02528,2009,4.62,2.5,'0,4.09
TN,Theni,Bodinayakanur,Bodinayakanur,10.00416667,77.28472222,Theni-1,"Bore Well",W02526,2009,15.9,3.52,9.45,7.5
TN,Theni,Theni,Bodinayakanur,9.99166667,77.43611111,Kodangipatti,"Dug Well",W02529,2009,3.47,.77,.82,1.27
TN,Theni,Andipatti,Andipatti,9.925,77.54166667,Erasakkanaayakanur,"Bore Well",W02524,2009,14.5,5.7,15.2,11.2
TN,Theni,Andipatti,Andipatti,9.99583333,77.62916667,Andipatti-2,"Dug Well",W02523,2009,8.57,4.75,10.17,7.25
TN,Theni,Uttamapalayam,Uthamapalayam,9.74166667,77.28472222,Cumbam-2,"Dug Well",W02535,2009,16.7,15.45,17.7,16.7
TN,Theni,Andipatti,Andipatti,9.99166667,77.61666667,Andipatti-1,"Bore Well",W02522,2009,6.5,3.2,7.1,5.7
TN,Theni,Periyakulam,Periyakulam,10.15277778,77.65833333,Devadanapatti,"Dug Well",W02527,2009,4.45,1.02,5.92,2.5
TN,Theni,Theni,Theni,9.9625,77.45,Veerapandi,"Dug Well",W02532,2009,3.4,3.09,3.15,3.78
TN,Theni,Theni,Theni,9.89166667,77.39722222,Seelayampatti,"Dug Well",W02530,2009,11.4,4.37,9.96,8.2
TN,Theni,Uttamapalayam,Uthamapalayam,9.7,77.3,Gudalur2,"Dug Well",W02536,2009,18.72,16.35,18.62,14.82
TN,Theni,Uttamapalayam,Uthamapalayam,9.88472222,77.28472222,Thevaram,"Bore Well",W02537,2008,'0,42.4,'0,41.3
TN,Theni,Andipatti,Andipatti,9.91833333,77.52166667,Gandamanur,"Dug Well",W02525,2008,5.49,1.35,1.96,2.5
TN,Theni,Andipatti,Andipatti,9.99583333,77.62916667,Andipatti-2,"Dug Well",W02523,2008,4.93,4.32,'0,3.55
TN,Theni,Theni,Theni,9.89166667,77.39722222,Seelayampatti,"Dug Well",W02530,2008,3.12,3.65,4.25,'0
TN,Theni,Uttamapalayam,Chinnamanur,9.80833333,77.33333333,Uttamapalayam,"Dug Well",W02538,2008,2.43,.81,.93,3.03
TN,Theni,Theni,Theni,10.02777778,77.475,Theni-2,"Dug Well",W02531,2008,4.5,'0,2.55,'0
TN,Theni,Andipatti,Andipatti,9.99166667,77.61666667,Andipatti-1,"Bore Well",W02522,2008,3.47,1.67,4.81,1.7
TN,Theni,Uttamapalayam,Uthamapalayam,9.74166667,77.28472222,Cumbam-2,"Dug Well",W02535,2008,17.7,'0,17.06,'0
TN,Theni,Uttamapalayam,Uthamapalayam,9.7,77.3,Gudalur2,"Dug Well",W02536,2008,17.72,15.82,17.08,16.77
TN,Theni,Theni,Theni,9.9625,77.45,Veerapandi,"Dug Well",W02532,2008,3.23,'0,3.88,'0
TN,Theni,Andipatti,Andipatti,9.925,77.54166667,Erasakkanaayakanur,"Bore Well",W02524,2008,7.7,2.17,4.63,5.78
TN,Theni,Bodinayakanur,Bodinayakanur,10.00416667,77.28472222,Theni-1,"Bore Well",W02526,2008,4.35,3.17,'0,2.72
TN,Theni,Periyakulam,Periyakulam,10.15277778,77.65833333,Devadanapatti,"Dug Well",W02527,2008,1.9,'0,1.66,'0
TN,Theni,Periyakulam,Theni,10.12083333,77.55,Periyakulam,"Dug Well",W02528,2008,3.54,'0,3.09,'0
TN,Theni,Theni,Bodinayakanur,9.99166667,77.43611111,Kodangipatti,"Dug Well",W02529,2008,1.11,'0,.52,'0
TN,Theni,Theni,Theni,9.89166667,77.39722222,Seelayampatti,"Dug Well",W02530,2007,10.7,4.8,5.6,9.02
TN,Theni,Uttamapalayam,Uthamapalayam,9.7,77.3,Gudalur2,"Dug Well",W02536,2007,17.44,16.08,15.92,19.02
TN,Theni,Uttamapalayam,Chinnamanur,9.80833333,77.33333333,Uttamapalayam,"Dug Well",W02538,2007,4.45,2.68,1.55,6.41
TN,Theni,Uttamapalayam,Uthamapalayam,9.88472222,77.28472222,Thevaram,"Bore Well",W02537,2007,41.4,'0,42.4,40.72
TN,Theni,Andipatti,Andipatti,9.91833333,77.52166667,Gandamanur,"Dug Well",W02525,2007,8.32,4.57,2.23,6.32
TN,Theni,Andipatti,Andipatti,9.925,77.54166667,Erasakkanaayakanur,"Bore Well",W02524,2007,9.78,3.57,3.74,6.44
TN,Theni,Andipatti,Andipatti,9.99166667,77.61666667,Andipatti-1,"Bore Well",W02522,2007,'0,4.55,4.14,6.38
TN,Theni,Andipatti,Andipatti,9.99583333,77.62916667,Andipatti-2,"Dug Well",W02523,2007,9.67,6.2,7.23,8.44
TN,Theni,Bodinayakanur,Bodinayakanur,10.00416667,77.28472222,Theni-1,"Bore Well",W02526,2007,9.72,3.95,5.02,6.62
TN,Theni,Theni,Bodinayakanur,9.99166667,77.43611111,Kodangipatti,"Dug Well",W02529,2006,2.49,.2,'0,1.22
TN,Theni,Theni,Theni,9.89166667,77.39722222,Seelayampatti,"Dug Well",W02530,2006,8.2,4.15,7.12,6.28
TN,Theni,Uttamapalayam,Uthamapalayam,9.7,77.3,Gudalur2,"Dug Well",W02536,2006,18.92,14.92,16.32,19.18
TN,Theni,Uttamapalayam,Chinnamanur,9.80833333,77.33333333,Uttamapalayam,"Dug Well",W02538,2006,4.1,2.35,3.25,5.63
TN,Theni,Bodinayakanur,Bodinayakanur,10.00416667,77.28472222,Theni-1,"Bore Well",W02526,2006,6.83,6.15,5.1,4.71
TN,Theni,Andipatti,Andipatti,9.91833333,77.52166667,Gandamanur,"Dug Well",W02525,2006,12.01,1.6,7.05,5.42
TN,Theni,Andipatti,Andipatti,9.925,77.54166667,Erasakkanaayakanur,"Bore Well",W02524,2006,8.52,4.97,8.4,5.67
TN,Theni,Andipatti,Andipatti,9.99166667,77.61666667,Andipatti-1,"Bore Well",W02522,2006,4.61,1.8,5.3,3.87
TN,Theni,Andipatti,Andipatti,9.99583333,77.62916667,Andipatti-2,"Dug Well",W02523,2006,6.69,3.7,5.27,5.02
TN,Theni,Uttamapalayam,Uthamapalayam,9.88472222,77.28472222,Thevaram,"Bore Well",W02537,2006,'0,39.4,38.9,39.67
TN,Theni,Theni,Bodinayakanur,9.99166667,77.43611111,Kodangipatti,"Dug Well",W02529,2005,'0,1.03,-.2,.13
TN,Theni,Theni,Theni,9.89166667,77.39722222,Seelayampatti,"Dug Well",W02530,2005,'0,5,7.2,6.85
TN,Theni,Uttamapalayam,Uthamapalayam,9.7,77.3,Gudalur2,"Dug Well",W02536,2005,'0,16.51,16.12,18.27
TN,Theni,Uttamapalayam,Chinnamanur,9.80833333,77.33333333,Uttamapalayam,"Dug Well",W02538,2005,'0,3.64,4,7.25
TN,Theni,Bodinayakanur,Bodinayakanur,10.00416667,77.28472222,Theni-1,"Bore Well",W02526,2005,'0,4.92,6.18,4.65
TN,Theni,Andipatti,Andipatti,9.91833333,77.52166667,Gandamanur,"Dug Well",W02525,2005,'0,3.62,3.9,6.88
TN,Theni,Andipatti,Andipatti,9.925,77.54166667,Erasakkanaayakanur,"Bore Well",W02524,2005,'0,3.31,5.64,5
TN,Theni,Andipatti,Andipatti,9.99166667,77.61666667,Andipatti-1,"Bore Well",W02522,2005,'0,4.49,4.06,5.6
TN,Theni,Andipatti,Andipatti,9.99583333,77.62916667,Andipatti-2,"Dug Well",W02523,2005,'0,7.02,6.57,7.17
TN,Theni,Uttamapalayam,Uthamapalayam,9.88472222,77.28472222,Thevaram,"Bore Well",W02537,2005,'0,39.82,40.34,41
TN,Theni,Theni,Bodinayakanur,9.99166667,77.43611111,Kodangipatti,"Dug Well",W02529,2004,9.72,.95,.32,2.36
TN,Theni,Theni,Theni,9.89166667,77.39722222,Seelayampatti,"Dug Well",W02530,2004,12.2,9.9,6.2,11.01
TN,Theni,Uttamapalayam,Uthamapalayam,9.7,77.3,Gudalur2,"Dug Well",W02536,2004,16.02,16.02,17.62,'0
TN,Theni,Uttamapalayam,Chinnamanur,9.80833333,77.33333333,Uttamapalayam,"Dug Well",W02538,2004,7.2,'0,4.47,7
TN,Theni,Uttamapalayam,Chinnamanur,9.83611111,77.38111111,Chinnamanur-1,"Dug Well",W02533,2004,4.6,4.6,'0,5.5
TN,Theni,Bodinayakanur,Bodinayakanur,10.00416667,77.28472222,Theni-1,"Bore Well",W02526,2004,11.2,5,4.7,8.87
TN,Theni,Uttamapalayam,Uthamapalayam,9.88472222,77.28472222,Thevaram,"Bore Well",W02537,2004,41.9,'0,39.6,39.25
TN,Theni,Andipatti,Andipatti,9.91833333,77.52166667,Gandamanur,"Dug Well",W02525,2004,11,4.95,4.6,7.46
TN,Theni,Andipatti,Andipatti,9.925,77.54166667,Erasakkanaayakanur,"Bore Well",W02524,2004,18.25,5.12,5.8,15.16
TN,Theni,Andipatti,Andipatti,9.99166667,77.61666667,Andipatti-1,"Bore Well",W02522,2004,13.3,6.08,4.68,10.31
TN,Theni,Andipatti,Andipatti,9.99583333,77.62916667,Andipatti-2,"Dug Well",W02523,2004,11.85,11.2,10.15,10.68
TN,Theni,Uttamapalayam,Chinnamanur,9.8625,77.46666667,Chipalakottai,"Bore Well",W02534,2004,41.4,'0,'0,'0
TN,Theni,Theni,Bodinayakanur,9.99166667,77.43611111,Kodangipatti,"Dug Well",W02529,2003,3.2,2.52,.29,1.84
TN,Theni,Periyakulam,Periyakulam,10.15277778,77.65833333,Devadanapatti,"Dug Well",W02527,2003,'0,8.38,'0,9.04
TN,Theni,Theni,Theni,10.02777778,77.475,Theni-2,"Dug Well",W02531,2003,'0,13.8,'0,'0
TN,Theni,Uttamapalayam,Uthamapalayam,9.7,77.3,Gudalur2,"Dug Well",W02536,2003,18.61,16.42,'0,16.58
TN,Theni,Uttamapalayam,Chinnamanur,9.80833333,77.33333333,Uttamapalayam,"Dug Well",W02538,2003,9.3,4.5,'0,9.44
TN,Theni,Uttamapalayam,Chinnamanur,9.83611111,77.38111111,Chinnamanur-1,"Dug Well",W02533,2003,'0,4.6,4.6,'0
TN,Theni,Uttamapalayam,Uthamapalayam,9.88472222,77.28472222,Thevaram,"Bore Well",W02537,2003,'0,8,'0,'0
TN,Theni,Andipatti,Andipatti,9.91833333,77.52166667,Gandamanur,"Dug Well",W02525,2003,16.62,5.9,4.48,12.23
TN,Theni,Andipatti,Andipatti,9.925,77.54166667,Erasakkanaayakanur,"Bore Well",W02524,2003,16.97,15.1,14.7,14.6
TN,Theni,Theni,Theni,9.9625,77.45,Veerapandi,"Dug Well",W02532,2003,'0,4.6,'0,6.53
TN,Theni,Andipatti,Andipatti,9.99166667,77.61666667,Andipatti-1,"Bore Well",W02522,2003,6.91,6.3,6.05,6.3
TN,Theni,Andipatti,Andipatti,9.99583333,77.62916667,Andipatti-2,"Dug Well",W02523,2003,11.35,11.25,11.07,10.96
TN,Theni,Bodinayakanur,Bodinayakanur,10.00416667,77.28472222,Theni-1,"Bore Well",W02526,2003,9.77,8,4.35,'0
TN,Theni,Periyakulam,Theni,10.12083333,77.55,Periyakulam,"Dug Well",W02528,2003,'0,4.39,'0,'0
TN,Theni,Theni,Theni,9.89166667,77.39722222,Seelayampatti,"Dug Well",W02530,2003,12.68,9.1,11.18,9.89
TN,Theni,Theni,Bodinayakanur,9.99166667,77.43611111,Kodangipatti,"Dug Well",W02529,2002,1.51,1.09,2.91,1.57
TN,Theni,Uttamapalayam,Uthamapalayam,9.74166667,77.28472222,Cumbam-2,"Dug Well",W02535,2002,'0,19.9,'0,'0
TN,Theni,Theni,Theni,10.02777778,77.475,Theni-2,"Dug Well",W02531,2002,16.2,7.32,16.18,13.5
TN,Theni,Uttamapalayam,Uthamapalayam,9.7,77.3,Gudalur2,"Dug Well",W02536,2002,17.48,12.92,16.92,16.02
TN,Theni,Uttamapalayam,Chinnamanur,9.80833333,77.33333333,Uttamapalayam,"Dug Well",W02538,2002,'0,3.97,5.58,'0
TN,Theni,Uttamapalayam,Chinnamanur,9.83611111,77.38111111,Chinnamanur-1,"Dug Well",W02533,2002,'0,2.2,'0,8.52
TN,Theni,Andipatti,Andipatti,9.91833333,77.52166667,Gandamanur,"Dug Well",W02525,2002,10.53,3.6,6.4,6
TN,Theni,Andipatti,Andipatti,9.925,77.54166667,Erasakkanaayakanur,"Bore Well",W02524,2002,14.66,'0,14.36,12.85
TN,Theni,Theni,Theni,9.9625,77.45,Veerapandi,"Dug Well",W02532,2002,6.69,4.16,6.42,4.38
TN,Theni,Andipatti,Andipatti,9.99166667,77.61666667,Andipatti-1,"Bore Well",W02522,2002,7.9,'0,5.34,6.7
TN,Theni,Andipatti,Andipatti,9.99583333,77.62916667,Andipatti-2,"Dug Well",W02523,2002,11,11,10.9,10.95
TN,Theni,Bodinayakanur,Bodinayakanur,10.00416667,77.28472222,Theni-1,"Bore Well",W02526,2002,9.38,'0,7.57,6.35
TN,Theni,Periyakulam,Theni,10.12083333,77.55,Periyakulam,"Dug Well",W02528,2002,2.74,.44,1.96,4
TN,Theni,Periyakulam,Periyakulam,10.15277778,77.65833333,Devadanapatti,"Dug Well",W02527,2002,9.4,7.6,10.32,8.8
TN,Theni,Theni,Theni,9.89166667,77.39722222,Seelayampatti,"Dug Well",W02530,2002,11.23,4.65,9.17,6.2
TN,Theni,Theni,Bodinayakanur,9.99166667,77.43611111,Kodangipatti,"Dug Well",W02529,2001,2.37,1.3,1.62,1.47
TN,Theni,Uttamapalayam,Uthamapalayam,9.74166667,77.28472222,Cumbam-2,"Dug Well",W02535,2001,'0,13.78,'0,'0
TN,Theni,Theni,Theni,10.02777778,77.475,Theni-2,"Dug Well",W02531,2001,11.85,8.15,11.05,6.85
TN,Theni,Uttamapalayam,Uthamapalayam,9.7,77.3,Gudalur2,"Dug Well",W02536,2001,16.14,19.14,14.82,16.22
TN,Theni,Uttamapalayam,Chinnamanur,9.80833333,77.33333333,Uttamapalayam,"Dug Well",W02538,2001,5.15,5.15,4.51,8.97
TN,Theni,Uttamapalayam,Chinnamanur,9.83611111,77.38111111,Chinnamanur-1,"Dug Well",W02533,2001,3.88,2.33,2.8,8.97
TN,Theni,Uttamapalayam,Chinnamanur,9.8625,77.46666667,Chipalakottai,"Bore Well",W02534,2001,30.81,'0,'0,'0
TN,Theni,Uttamapalayam,Uthamapalayam,9.88472222,77.28472222,Thevaram,"Bore Well",W02537,2001,34.3,'0,'0,'0
TN,Theni,Andipatti,Andipatti,9.91833333,77.52166667,Gandamanur,"Dug Well",W02525,2001,9.32,5.3,4.8,6.12
TN,Theni,Andipatti,Andipatti,9.925,77.54166667,Erasakkanaayakanur,"Bore Well",W02524,2001,14.81,9.44,10.6,12.44
TN,Theni,Theni,Theni,9.9625,77.45,Veerapandi,"Dug Well",W02532,2001,4.57,1.99,1.58,6.05
TN,Theni,Andipatti,Andipatti,9.99166667,77.61666667,Andipatti-1,"Bore Well",W02522,2001,7.34,4.85,5.3,5.45
TN,Theni,Andipatti,Andipatti,9.99583333,77.62916667,Andipatti-2,"Dug Well",W02523,2001,10.97,10.78,11.1,11.1
TN,Theni,Bodinayakanur,Bodinayakanur,10.00416667,77.28472222,Theni-1,"Bore Well",W02526,2001,8.38,4.1,5.3,4.86
TN,Theni,Periyakulam,Theni,10.12083333,77.55,Periyakulam,"Dug Well",W02528,2001,'0,1.58,'0,2.39
TN,Theni,Periyakulam,Periyakulam,10.15277778,77.65833333,Devadanapatti,"Dug Well",W02527,2001,7.11,2.52,6.95,3.85
TN,Theni,Theni,Theni,9.89166667,77.39722222,Seelayampatti,"Dug Well",W02530,2001,9.9,5.54,6.9,7.7
TN,Theni,Theni,Bodinayakanur,9.99166667,77.43611111,Kodangipatti,"Dug Well",W02529,2000,2.58,1.66,1.72,1.92
TN,Theni,Uttamapalayam,Uthamapalayam,9.74166667,77.28472222,Cumbam-2,"Dug Well",W02535,2000,19.63,18.55,18.9,18.35
TN,Theni,Theni,Theni,10.02777778,77.475,Theni-2,"Dug Well",W02531,2000,11.97,6.08,10,7.8
TN,Theni,Uttamapalayam,Uthamapalayam,9.7,77.3,Gudalur2,"Dug Well",W02536,2000,5.12,12.52,13.42,17.12
TN,Theni,Uttamapalayam,Chinnamanur,9.80833333,77.33333333,Uttamapalayam,"Dug Well",W02538,2000,2.61,2.17,'0,5.63
TN,Theni,Uttamapalayam,Chinnamanur,9.83611111,77.38111111,Chinnamanur-1,"Dug Well",W02533,2000,3.23,1.33,2.68,3.35
TN,Theni,Uttamapalayam,Chinnamanur,9.8625,77.46666667,Chipalakottai,"Bore Well",W02534,2000,'0,'0,'0,24.73
TN,Theni,Uttamapalayam,Uthamapalayam,9.88472222,77.28472222,Thevaram,"Bore Well",W02537,2000,'0,'0,'0,30.15
TN,Theni,Andipatti,Andipatti,9.91833333,77.52166667,Gandamanur,"Dug Well",W02525,2000,7.23,6.25,5.95,6.75
TN,Theni,Andipatti,Andipatti,9.925,77.54166667,Erasakkanaayakanur,"Bore Well",W02524,2000,'0,6.01,9.7,6.92
TN,Theni,Theni,Theni,9.9625,77.45,Veerapandi,"Dug Well",W02532,2000,2.98,2.21,4.37,4.28
TN,Theni,Andipatti,Andipatti,9.99166667,77.61666667,Andipatti-1,"Bore Well",W02522,2000,'0,5.9,7.25,6.4
TN,Theni,Andipatti,Andipatti,9.99583333,77.62916667,Andipatti-2,"Dug Well",W02523,2000,10.81,7.15,10.95,8.95
TN,Theni,Bodinayakanur,Bodinayakanur,10.00416667,77.28472222,Theni-1,"Bore Well",W02526,2000,'0,5.8,6.1,5.15
TN,Theni,Periyakulam,Theni,10.12083333,77.55,Periyakulam,"Dug Well",W02528,2000,2.61,1.72,1.69,6.25
TN,Theni,Periyakulam,Periyakulam,10.15277778,77.65833333,Devadanapatti,"Dug Well",W02527,2000,5.44,2.25,5.5,2.7
TN,Theni,Theni,Theni,9.89166667,77.39722222,Seelayampatti,"Dug Well",W02530,2000,8.39,5.28,6.95,7.12
TN,Theni,Uttamapalayam,Uthamapalayam,9.88472222,77.28472222,Thevaram,"Bore Well",W02537,1999,19.8,'0,'0,'0
TN,Theni,Uttamapalayam,Chinnamanur,9.8625,77.46666667,Chipalakottai,"Bore Well",W02534,1999,14.9,'0,'0,'0
TN,Theni,Theni,Theni,9.89166667,77.39722222,Seelayampatti,"Dug Well",W02530,1999,9.3,2.1,5.91,6
TN,Theni,Andipatti,Andipatti,9.91833333,77.52166667,Gandamanur,"Dug Well",W02525,1999,6.7,.7,5.95,4.4
TN,Theni,Uttamapalayam,Uthamapalayam,9.7,77.3,Gudalur2,"Dug Well",W02536,1999,16.92,11.82,13.07,14.62
TN,Theni,Andipatti,Andipatti,9.99166667,77.61666667,Andipatti-1,"Bore Well",W02522,1999,45.5,'0,'0,'0
TN,Theni,Andipatti,Andipatti,9.925,77.54166667,Erasakkanaayakanur,"Bore Well",W02524,1999,7.2,'0,'0,'0
TN,Theni,Uttamapalayam,Uthamapalayam,9.74166667,77.28472222,Cumbam-2,"Dug Well",W02535,1999,19.05,17.6,19.33,18.8
TN,Theni,Theni,Theni,9.9625,77.45,Veerapandi,"Dug Well",W02532,1999,3.94,4.39,5.27,4.99
TN,Theni,Periyakulam,Periyakulam,10.15277778,77.65833333,Devadanapatti,"Dug Well",W02527,1999,3.3,1.7,2.87,2.4
TN,Theni,Theni,Bodinayakanur,9.99166667,77.43611111,Kodangipatti,"Dug Well",W02529,1999,3.22,.57,1.44,2.32
TN,Theni,Periyakulam,Theni,10.12083333,77.55,Periyakulam,"Dug Well",W02528,1999,3.64,1.34,1.76,5.09
TN,Theni,Theni,Theni,10.02777778,77.475,Theni-2,"Dug Well",W02531,1999,9.63,.85,6.15,2.85
TN,Theni,Uttamapalayam,Chinnamanur,9.83611111,77.38111111,Chinnamanur-1,"Dug Well",W02533,1999,3,1.2,1.47,3.8
TN,Theni,Uttamapalayam,Chinnamanur,9.80833333,77.33333333,Uttamapalayam,"Dug Well",W02538,1999,3.52,1.67,2.66,4.3
TN,Theni,Andipatti,Andipatti,9.99583333,77.62916667,Andipatti-2,"Dug Well",W02523,1999,7.75,3.05,6.85,5.05
TN,Theni,Bodinayakanur,Bodinayakanur,10.00416667,77.28472222,Theni-1,"Bore Well",W02526,1999,14.35,'0,'0,'0
TN,Theni,Periyakulam,Theni,10.12083333,77.55,Periyakulam,"Dug Well",W02528,1998,1.62,.91,2.19,2.87
TN,Theni,Uttamapalayam,Uthamapalayam,9.74166667,77.28472222,Cumbam-2,"Dug Well",W02535,1998,19,17.65,19.25,18.45
TN,Theni,Theni,Theni,9.89166667,77.39722222,Seelayampatti,"Dug Well",W02530,1998,8.8,3.9,'0,7.8
TN,Theni,Periyakulam,Periyakulam,10.15277778,77.65833333,Devadanapatti,"Dug Well",W02527,1998,2.94,2.17,3,2.7
TN,Theni,Theni,Theni,9.9625,77.45,Veerapandi,"Dug Well",W02532,1998,5.31,4.92,4.98,5.89
TN,Theni,Uttamapalayam,Chinnamanur,9.80833333,77.33333333,Uttamapalayam,"Dug Well",W02538,1998,3.58,2.37,3.22,'0
TN,Theni,Uttamapalayam,Uthamapalayam,9.7,77.3,Gudalur2,"Dug Well",W02536,1998,14.12,17.02,13.62,16.22
TN,Theni,Andipatti,Andipatti,9.91833333,77.52166667,Gandamanur,"Dug Well",W02525,1998,5.72,1.3,5.49,5.4
TN,Theni,Theni,Theni,10.02777778,77.475,Theni-2,"Dug Well",W02531,1998,8.55,3.95,7.65,7.25
TN,Theni,Uttamapalayam,Chinnamanur,9.83611111,77.38111111,Chinnamanur-1,"Dug Well",W02533,1998,2.43,1.3,1.25,3.15
TN,Theni,Theni,Bodinayakanur,9.99166667,77.43611111,Kodangipatti,"Dug Well",W02529,1998,1.35,.25,.04,2.22
TN,Theni,Andipatti,Andipatti,9.99583333,77.62916667,Andipatti-2,"Dug Well",W02523,1998,6.28,3.05,6.85,5.38
TN,Theni,Uttamapalayam,Chinnamanur,9.83611111,77.38111111,Chinnamanur-1,"Dug Well",W02533,1997,3.49,1.4,1.38,2.76
TN,Theni,Uttamapalayam,Chinnamanur,9.80833333,77.33333333,Uttamapalayam,"Dug Well",W02538,1997,'0,2.98,4.27,'0
TN,Theni,Uttamapalayam,Uthamapalayam,9.7,77.3,Gudalur2,"Dug Well",W02536,1997,16.97,14.74,17.27,'0
TN,Theni,Uttamapalayam,Uthamapalayam,9.74166667,77.28472222,Cumbam-2,"Dug Well",W02535,1997,'0,'0,19.9,'0
TN,Theni,Periyakulam,Periyakulam,10.15277778,77.65833333,Devadanapatti,"Dug Well",W02527,1997,4.65,2.6,2.59,2.7
TN,Theni,Periyakulam,Theni,10.12083333,77.55,Periyakulam,"Dug Well",W02528,1997,3.59,1.5,1.5,2.2
TN,Theni,Andipatti,Andipatti,9.99583333,77.62916667,Andipatti-2,"Dug Well",W02523,1997,11,6.75,9.67,11.05
TN,Theni,Theni,Theni,9.9625,77.45,Veerapandi,"Dug Well",W02532,1997,5.17,3.71,4.79,3.84
TN,Theni,Theni,Theni,10.02777778,77.475,Theni-2,"Dug Well",W02531,1997,18.35,12.97,16.4,14.55
TN,Theni,Theni,Theni,9.89166667,77.39722222,Seelayampatti,"Dug Well",W02530,1997,11.03,6.04,5.8,8.3
TN,Theni,Theni,Bodinayakanur,9.99166667,77.43611111,Kodangipatti,"Dug Well",W02529,1997,'0,.92,1.57,3.41
TN,Theni,Andipatti,Andipatti,9.91833333,77.52166667,Gandamanur,"Dug Well",W02525,1997,8.65,3.28,3.6,3.99
TN,Theni,Theni,Bodinayakanur,9.99166667,77.43611111,Kodangipatti,"Dug Well",W02529,1996,4.37,2.37,.77,3.02
TN,Theni,Theni,Theni,10.02777778,77.475,Theni-2,"Dug Well",W02531,1996,18.95,16.27,13.1,'0
TN,Theni,Uttamapalayam,Uthamapalayam,9.74166667,77.28472222,Cumbam-2,"Dug Well",W02535,1996,19.5,19.04,19.9,21
TN,Theni,Periyakulam,Periyakulam,10.15277778,77.65833333,Devadanapatti,"Dug Well",W02527,1996,11.49,3.49,4.57,6.69
TN,Theni,Theni,Theni,9.89166667,77.39722222,Seelayampatti,"Dug Well",W02530,1996,11.4,4.55,7.76,10.1
TN,Theni,Andipatti,Andipatti,9.91833333,77.52166667,Gandamanur,"Dug Well",W02525,1996,9.62,8.75,3.86,7.6
TN,Theni,Periyakulam,Theni,10.12083333,77.55,Periyakulam,"Dug Well",W02528,1996,2.21,1.78,1.54,2.39
TN,Theni,Uttamapalayam,Uthamapalayam,9.7,77.3,Gudalur2,"Dug Well",W02536,1996,13.43,16.49,15.94,15.72
TN,Theni,Uttamapalayam,Chinnamanur,9.80833333,77.33333333,Uttamapalayam,"Dug Well",W02538,1996,3.98,2.5,3.42,'0
TN,Theni,Uttamapalayam,Chinnamanur,9.83611111,77.38111111,Chinnamanur-1,"Dug Well",W02533,1996,3.4,1.52,1.48,'0
TN,Theni,Andipatti,Andipatti,9.99583333,77.62916667,Andipatti-2,"Dug Well",W02523,1996,12.55,10.93,8.19,10.75
TN,Theni,Theni,Theni,9.9625,77.45,Veerapandi,"Dug Well",W02532,1996,5.47,4.78,2.72,6.28
