STATE,DISTRICT,TEH_NAME,BLOCK_NAME,LAT,LON,SITE_NAME,SITE_TYPE,WLCODE,YEAR_OBS,MONSOON,POMRB,POMKH,PREMON
PB,"Fatehgarh Sahib",Fatehgarh,Khera,30.61111111,76.57777778,Bhagrana,"Dug Well",W20909,2018,'0,3.88,'0,'0
PB,"Fatehgarh Sahib",Khamanon,Khamanon,30.81527778,76.34611111,Khamanon-pz,"Tube Well",W33579,2018,'0,19.7,'0,'0
PB,"Fatehgarh Sahib",Fatehgarh,Khera,30.64166667,76.51666667,Badalialasingh,"Tube Well",W13114,2018,'0,'0,'0,38.08
PB,"Fatehgarh Sahib","Bassi Pathana","Bassi Pathana",30.7,76.5375,Bhateri1,"Tube Well",W13112,2018,'0,33.95,'0,'0
PB,"Fatehgarh Sahib","Bassi Pathana","Bassi Pathana",30.7,76.5375,Bhateri1,"Tube Well",W13112,2018,'0,'0,'0,33.03
PB,"Fatehgarh Sahib","Bassi Pathana","Bassi Pathana",30.7125,76.37777778,"Bassi Pathana-1","Tube Well",W13109,2018,'0,19.85,'0,'0
PB,"Fatehgarh Sahib","Bassi Pathana","Bassi Pathana",30.7125,76.37777778,"Bassi Pathana-1","Tube Well",W13109,2018,'0,'0,'0,20.22
PB,"Fatehgarh Sahib",Fatehgarh,"Bassi Pathana",30.71527778,76.49361111,"Chunni Kalan","Dug Well",W20910,2018,'0,'0,'0,15.49
PB,"Fatehgarh Sahib",Amloh,Amloh,30.60527778,76.2625,Amloh1,"Dug Well",W20906,2018,'0,25.75,'0,'0
PB,"Fatehgarh Sahib",Fatehgarh,Sirhind,30.46666667,76.47361111,Tahalpur,"Tube Well",W30235,2018,'0,26,'0,'0
PB,"Fatehgarh Sahib",Samrala,Khamanon,30.82916667,76.2625,Hedon-Pz,"Tube Well",W30388,2018,'0,18.1,'0,'0
PB,"Fatehgarh Sahib",Fatehgarh,Sirhind,30.5,76.425,Nalini-Pz,"Tube Well",W30245,2018,'0,22.47,'0,'0
PB,"Fatehgarh Sahib",Fatehgarh,Sirhind,30.5,76.425,Nalini-Pz,"Tube Well",W30245,2018,'0,'0,'0,22.73
PB,"Fatehgarh Sahib",Fatehgarh,Sirhind,30.51805556,76.48194444,Mianpur-Pz,"Tube Well",W30250,2018,'0,21.5,'0,'0
PB,"Fatehgarh Sahib",Fatehgarh,Sirhind,30.60555556,76.42083333,"Sado Majra","Tube Well",W30290,2018,'0,20.6,'0,'0
PB,"Fatehgarh Sahib",Fatehgarh,Sirhind,30.60833333,76.31666667,"Alipur Sodhian-Pz","Tube Well",W30292,2018,'0,19.5,'0,'0
PB,"Fatehgarh Sahib",Fatehgarh,Sirhind,30.62777778,76.36944444,Sirhind-Pz,"Tube Well",W30302,2018,'0,23.2,'0,'0
PB,"Fatehgarh Sahib","Bassi Pathana",Sirhind,30.65,76.32916667,Talwara,"Tube Well",W30310,2018,'0,23.3,'0,'0
PB,"Fatehgarh Sahib","Bassi Pathana","Bassi Pathana",30.65,76.4,"Fatehgarh Sahib","Tube Well",W30311,2018,'0,22,'0,'0
PB,"Fatehgarh Sahib",Fatehgarh,"Bassi Pathana",30.66666667,76.34583333,"Fatehgarh Sahib-Pz","Tube Well",W30317,2018,'0,21.54,'0,'0
PB,"Fatehgarh Sahib",Fatehgarh,"Bassi Pathana",30.66666667,76.34583333,"Fatehgarh Sahib-Pz","Tube Well",W30317,2018,'0,'0,'0,21.91
PB,"Fatehgarh Sahib","Bassi Pathana","Bassi Pathana",30.70416667,76.50138889,"Nandpur Kalaur-Pz","Tube Well",W30333,2018,'0,33.5,'0,'0
PB,"Fatehgarh Sahib","Bassi Pathana","Bassi Pathana",30.73055556,76.47083333,"Jai Singh Wala","Tube Well",W30347,2018,'0,20.25,'0,'0
PB,"Fatehgarh Sahib",Amloh,Amloh,30.54166667,76.12916667,"Bagga Kalan","Tube Well",W30266,2018,'0,27.45,'0,'0
PB,"Fatehgarh Sahib",Amloh,Amloh,30.6625,76.23333333,Shahpur,"Tube Well",W30316,2018,'0,24.95,'0,'0
PB,"Fatehgarh Sahib",Patiala,Sirhind,30.45138889,76.36944444,Challeta-PZ,"Tube Well",W33556,2018,'0,25.35,'0,'0
PB,"Fatehgarh Sahib",Amloh,Amloh,30.61944444,76.24583333,"Saunti- Pz-Deep","Tube Well",W33567,2018,'0,26.3,'0,'0
PB,"Fatehgarh Sahib",Khamanon,Khamanon,30.7625,76.39166667,Burj,"Tube Well",W30366,2018,'0,19.15,'0,'0
PB,"Fatehgarh Sahib",Samrala,Khamanon,30.80416667,76.25833333,Sangatpura-Pz,"Tube Well",W30378,2018,'0,18.6,'0,'0
PB,"Fatehgarh Sahib",Fatehgarh,Khera,30.64166667,76.51666667,Badalialasingh,"Tube Well",W13114,2018,'0,38.7,'0,'0
PB,"Fatehgarh Sahib",Fatehgarh,Khera,30.61111111,76.57777778,Bhagrana,"Dug Well",W20909,2017,2.45,4.43,'0,4.8
PB,"Fatehgarh Sahib",Khamanon,Khamanon,30.81527778,76.34611111,Khamanon-pz,"Tube Well",W33579,2017,'0,'0,20.2,'0
PB,"Fatehgarh Sahib",Fatehgarh,Khera,30.64166667,76.51666667,Badalialasingh,"Tube Well",W13114,2017,39.8,37.53,'0,37.56
PB,"Fatehgarh Sahib",Fatehgarh,Khera,30.64166667,76.51666667,Badalialasingh,"Tube Well",W13114,2017,'0,'0,39.88,'0
PB,"Fatehgarh Sahib","Bassi Pathana","Bassi Pathana",30.7,76.5375,Bhateri1,"Tube Well",W13112,2017,34.4,32.9,'0,32.12
PB,"Fatehgarh Sahib","Bassi Pathana","Bassi Pathana",30.7,76.5375,Bhateri1,"Tube Well",W13112,2017,'0,'0,33.72,'0
PB,"Fatehgarh Sahib","Bassi Pathana","Bassi Pathana",30.7125,76.37777778,"Bassi Pathana-1","Tube Well",W13109,2017,21.34,19.2,'0,19.48
PB,"Fatehgarh Sahib","Bassi Pathana","Bassi Pathana",30.7125,76.37777778,"Bassi Pathana-1","Tube Well",W13109,2017,'0,'0,20.11,'0
PB,"Fatehgarh Sahib",Fatehgarh,"Bassi Pathana",30.71527778,76.49361111,"Chunni Kalan","Dug Well",W20910,2017,15.91,15.6,'0,'0
PB,"Fatehgarh Sahib",Fatehgarh,"Bassi Pathana",30.71527778,76.49361111,"Chunni Kalan","Dug Well",W20910,2017,'0,'0,15.55,'0
PB,"Fatehgarh Sahib",Amloh,Amloh,30.60527778,76.2625,Amloh1,"Dug Well",W20906,2017,'0,'0,26,'0
PB,"Fatehgarh Sahib",Fatehgarh,Sirhind,30.46666667,76.47361111,Tahalpur,"Tube Well",W30235,2017,'0,23.8,'0,'0
PB,"Fatehgarh Sahib",Fatehgarh,Sirhind,30.46666667,76.47361111,Tahalpur,"Tube Well",W30235,2017,'0,'0,26,'0
PB,"Fatehgarh Sahib",Samrala,Khamanon,30.82916667,76.2625,Hedon-Pz,"Tube Well",W30388,2017,'0,18.1,'0,'0
PB,"Fatehgarh Sahib",Samrala,Khamanon,30.82916667,76.2625,Hedon-Pz,"Tube Well",W30388,2017,'0,'0,19.2,'0
PB,"Fatehgarh Sahib",Fatehgarh,Sirhind,30.5,76.425,Nalini-Pz,"Tube Well",W30245,2017,21.99,21.25,'0,21.64
PB,"Fatehgarh Sahib",Fatehgarh,Sirhind,30.5,76.425,Nalini-Pz,"Tube Well",W30245,2017,'0,'0,23.15,'0
PB,"Fatehgarh Sahib",Fatehgarh,Sirhind,30.51805556,76.48194444,Mianpur-Pz,"Tube Well",W30250,2017,'0,20.6,'0,'0
PB,"Fatehgarh Sahib",Fatehgarh,Sirhind,30.51805556,76.48194444,Mianpur-Pz,"Tube Well",W30250,2017,'0,'0,21.6,'0
PB,"Fatehgarh Sahib",Fatehgarh,Sirhind,30.60555556,76.42083333,"Sado Majra","Tube Well",W30290,2017,'0,18.35,'0,'0
PB,"Fatehgarh Sahib",Fatehgarh,Sirhind,30.60555556,76.42083333,"Sado Majra","Tube Well",W30290,2017,'0,'0,20.2,'0
PB,"Fatehgarh Sahib",Fatehgarh,Sirhind,30.60833333,76.31666667,"Alipur Sodhian-Pz","Tube Well",W30292,2017,'0,17.9,'0,'0
PB,"Fatehgarh Sahib",Fatehgarh,Sirhind,30.60833333,76.31666667,"Alipur Sodhian-Pz","Tube Well",W30292,2017,'0,'0,19.2,'0
PB,"Fatehgarh Sahib",Fatehgarh,Sirhind,30.62777778,76.36944444,Sirhind-Pz,"Tube Well",W30302,2017,'0,21.45,'0,'0
PB,"Fatehgarh Sahib",Fatehgarh,Sirhind,30.62777778,76.36944444,Sirhind-Pz,"Tube Well",W30302,2017,'0,'0,22,'0
PB,"Fatehgarh Sahib","Bassi Pathana",Sirhind,30.65,76.32916667,Talwara,"Tube Well",W30310,2017,'0,20,'0,'0
PB,"Fatehgarh Sahib","Bassi Pathana",Sirhind,30.65,76.32916667,Talwara,"Tube Well",W30310,2017,'0,'0,22.8,'0
PB,"Fatehgarh Sahib","Bassi Pathana","Bassi Pathana",30.65,76.4,"Fatehgarh Sahib","Tube Well",W30311,2017,'0,22.05,'0,'0
PB,"Fatehgarh Sahib",Fatehgarh,"Bassi Pathana",30.66666667,76.34583333,"Fatehgarh Sahib-Pz","Tube Well",W30317,2017,21.77,20.1,'0,21.47
PB,"Fatehgarh Sahib",Fatehgarh,"Bassi Pathana",30.66666667,76.34583333,"Fatehgarh Sahib-Pz","Tube Well",W30317,2017,'0,'0,21.85,'0
PB,"Fatehgarh Sahib","Bassi Pathana","Bassi Pathana",30.70416667,76.50138889,"Nandpur Kalaur-Pz","Tube Well",W30333,2017,'0,30.95,'0,'0
PB,"Fatehgarh Sahib","Bassi Pathana","Bassi Pathana",30.70416667,76.50138889,"Nandpur Kalaur-Pz","Tube Well",W30333,2017,'0,'0,33,'0
PB,"Fatehgarh Sahib","Bassi Pathana","Bassi Pathana",30.73055556,76.47083333,"Jai Singh Wala","Tube Well",W30347,2017,'0,17.55,'0,'0
PB,"Fatehgarh Sahib","Bassi Pathana","Bassi Pathana",30.73055556,76.47083333,"Jai Singh Wala","Tube Well",W30347,2017,'0,'0,19.75,'0
PB,"Fatehgarh Sahib",Amloh,Amloh,30.54166667,76.12916667,"Bagga Kalan","Tube Well",W30266,2017,'0,24.75,'0,'0
PB,"Fatehgarh Sahib",Amloh,Amloh,30.6625,76.23333333,Shahpur,"Tube Well",W30316,2017,'0,23.25,'0,'0
PB,"Fatehgarh Sahib",Amloh,Amloh,30.6625,76.23333333,Shahpur,"Tube Well",W30316,2017,'0,'0,24.55,'0
PB,"Fatehgarh Sahib",Patiala,Sirhind,30.45138889,76.36944444,Challeta-PZ,"Tube Well",W33556,2017,'0,24.1,'0,'0
PB,"Fatehgarh Sahib",Patiala,Sirhind,30.45138889,76.36944444,Challeta-PZ,"Tube Well",W33556,2017,'0,'0,24.95,'0
PB,"Fatehgarh Sahib",Amloh,Amloh,30.61944444,76.24583333,"Saunti- Pz-Deep","Tube Well",W33567,2017,'0,25,'0,'0
PB,"Fatehgarh Sahib",Amloh,Amloh,30.61944444,76.24583333,"Saunti- Pz-Deep","Tube Well",W33567,2017,'0,'0,26.2,'0
PB,"Fatehgarh Sahib",Khamanon,Khamanon,30.7625,76.39166667,Burj,"Tube Well",W30366,2017,'0,17.85,'0,'0
PB,"Fatehgarh Sahib",Khamanon,Khamanon,30.7625,76.39166667,Burj,"Tube Well",W30366,2017,'0,'0,19.15,'0
PB,"Fatehgarh Sahib",Samrala,Khamanon,30.80416667,76.25833333,Sangatpura-Pz,"Tube Well",W30378,2017,'0,'0,19.2,'0
PB,"Fatehgarh Sahib",Khamanon,Khamanon,30.81527778,76.34611111,Khamanon-pz,"Tube Well",W33579,2017,'0,19.8,'0,'0
PB,"Fatehgarh Sahib",Fatehgarh,Khera,30.61111111,76.57777778,Bhagrana,"Dug Well",W20909,2017,'0,'0,3.19,'0
PB,"Fatehgarh Sahib",Fatehgarh,Khera,30.61111111,76.57777778,Bhagrana,"Dug Well",W20909,2016,4.7,'0,3.83,4.78
PB,"Fatehgarh Sahib",Fatehgarh,Khera,30.64166667,76.51666667,Badalialasingh,"Tube Well",W13114,2016,39.03,'0,38.29,32.72
PB,"Fatehgarh Sahib","Bassi Pathana","Bassi Pathana",30.7,76.5375,Bhateri1,"Tube Well",W13112,2016,'0,'0,33.01,30.92
PB,"Fatehgarh Sahib","Bassi Pathana","Bassi Pathana",30.7125,76.37777778,"Bassi Pathana-1","Tube Well",W13109,2016,19.4,'0,19.45,18.1
PB,"Fatehgarh Sahib",Fatehgarh,"Bassi Pathana",30.71527778,76.49361111,"Chunni Kalan","Dug Well",W20910,2016,16.14,'0,15.8,14.1
PB,"Fatehgarh Sahib",Fatehgarh,Sirhind,30.46666667,76.47361111,Tahalpur,"Tube Well",W30235,2016,'0,'0,23.12,'0
PB,"Fatehgarh Sahib",Samrala,Khamanon,30.82916667,76.2625,Hedon-Pz,"Tube Well",W30388,2016,'0,'0,18.9,'0
PB,"Fatehgarh Sahib",Fatehgarh,Sirhind,30.5,76.425,Nalini-Pz,"Tube Well",W30245,2016,22.63,20.07,22.49,20.15
PB,"Fatehgarh Sahib",Fatehgarh,Sirhind,30.51805556,76.48194444,Mianpur-Pz,"Tube Well",W30250,2016,'0,'0,19.95,'0
PB,"Fatehgarh Sahib",Fatehgarh,Sirhind,30.60555556,76.42083333,"Sado Majra","Tube Well",W30290,2016,'0,'0,18.32,'0
PB,"Fatehgarh Sahib",Fatehgarh,Sirhind,30.60833333,76.31666667,"Alipur Sodhian-Pz","Tube Well",W30292,2016,'0,'0,17.95,'0
PB,"Fatehgarh Sahib",Fatehgarh,Sirhind,30.62777778,76.36944444,Sirhind-Pz,"Tube Well",W30302,2016,'0,'0,21.55,'0
PB,"Fatehgarh Sahib","Bassi Pathana",Sirhind,30.65,76.32916667,Talwara,"Tube Well",W30310,2016,'0,'0,20,'0
PB,"Fatehgarh Sahib",Fatehgarh,Khera,30.60416667,76.49166667,Khara,"Tube Well",W30288,2016,'0,'0,25.15,'0
PB,"Fatehgarh Sahib","Bassi Pathana","Bassi Pathana",30.65,76.4,"Fatehgarh Sahib","Tube Well",W30311,2016,'0,'0,19.6,'0
PB,"Fatehgarh Sahib",Fatehgarh,"Bassi Pathana",30.66666667,76.34583333,"Fatehgarh Sahib-Pz","Tube Well",W30317,2016,20.9,19.97,21.38,21.31
PB,"Fatehgarh Sahib","Bassi Pathana","Bassi Pathana",30.70416667,76.50138889,"Nandpur Kalaur-Pz","Tube Well",W30333,2016,'0,'0,30.35,'0
PB,"Fatehgarh Sahib","Bassi Pathana","Bassi Pathana",30.73055556,76.47083333,"Jai Singh Wala","Tube Well",W30347,2016,'0,'0,17.5,'0
PB,"Fatehgarh Sahib",Amloh,Amloh,30.54166667,76.12916667,"Bagga Kalan","Tube Well",W30266,2016,'0,'0,24.5,'0
PB,"Fatehgarh Sahib",Amloh,Amloh,30.6625,76.23333333,Shahpur,"Tube Well",W30316,2016,'0,'0,23.3,'0
PB,"Fatehgarh Sahib",Patiala,Sirhind,30.45138889,76.36944444,Challeta-PZ,"Tube Well",W33556,2016,'0,'0,23.7,'0
PB,"Fatehgarh Sahib",Amloh,Amloh,30.61944444,76.24583333,"Saunti- Pz-Deep","Tube Well",W33567,2016,'0,'0,24.82,'0
PB,"Fatehgarh Sahib",Khamanon,Khamanon,30.7625,76.39166667,Burj,"Tube Well",W30366,2016,'0,'0,17.85,'0
PB,"Fatehgarh Sahib",Samrala,Khamanon,30.80416667,76.25833333,Sangatpura-Pz,"Tube Well",W30378,2016,'0,'0,20.4,'0
PB,"Fatehgarh Sahib",Khamanon,Khamanon,30.81527778,76.34611111,Khamanon-pz,"Tube Well",W33579,2016,'0,'0,19.85,'0
PB,"Fatehgarh Sahib",Fatehgarh,Sirhind,30.46666667,76.47361111,Tahalpur,"Tube Well",W30235,2015,'0,22.35,22.65,22.1
PB,"Fatehgarh Sahib",Fatehgarh,Khera,30.64166667,76.51666667,Badalialasingh,"Tube Well",W13114,2015,33.27,35.79,35.78,33.56
PB,"Fatehgarh Sahib",Fatehgarh,Sirhind,30.5,76.425,Nalini-Pz,"Tube Well",W30245,2015,19.58,20.02,20.7,19.64
PB,"Fatehgarh Sahib",Fatehgarh,Sirhind,30.51805556,76.48194444,Mianpur-Pz,"Tube Well",W30250,2015,'0,'0,19.55,19.3
PB,"Fatehgarh Sahib",Fatehgarh,Sirhind,30.60555556,76.42083333,"Sado Majra","Tube Well",W30290,2015,'0,17.9,18,17.4
PB,"Fatehgarh Sahib",Fatehgarh,Sirhind,30.60833333,76.31666667,"Alipur Sodhian-Pz","Tube Well",W30292,2015,'0,'0,17.22,17
PB,"Fatehgarh Sahib",Fatehgarh,Sirhind,30.62777778,76.36944444,Sirhind-Pz,"Tube Well",W30302,2015,'0,'0,20.9,20.7
PB,"Fatehgarh Sahib","Bassi Pathana",Sirhind,30.65,76.32916667,Talwara,"Tube Well",W30310,2015,'0,19.8,19.8,19.35
PB,"Fatehgarh Sahib",Fatehgarh,Khera,30.60416667,76.49166667,Khara,"Tube Well",W30288,2015,'0,25.1,24.6,24.4
PB,"Fatehgarh Sahib","Bassi Pathana","Bassi Pathana",30.65,76.4,"Fatehgarh Sahib","Tube Well",W30311,2015,'0,18.9,'0,20.2
PB,"Fatehgarh Sahib",Fatehgarh,"Bassi Pathana",30.66666667,76.34583333,"Fatehgarh Sahib-Pz","Tube Well",W30317,2015,19.77,19.82,19.85,18.3
PB,"Fatehgarh Sahib","Bassi Pathana","Bassi Pathana",30.70416667,76.50138889,"Nandpur Kalaur-Pz","Tube Well",W30333,2015,'0,'0,28.8,28.4
PB,"Fatehgarh Sahib","Bassi Pathana","Bassi Pathana",30.73055556,76.47083333,"Jai Singh Wala","Tube Well",W30347,2015,'0,16.85,16.95,16.55
PB,"Fatehgarh Sahib",Amloh,Amloh,30.54166667,76.12916667,"Bagga Kalan","Tube Well",W30266,2015,'0,22.55,24,23.35
PB,"Fatehgarh Sahib",Amloh,Amloh,30.6625,76.23333333,Shahpur,"Tube Well",W30316,2015,'0,23.35,22.85,22.55
PB,"Fatehgarh Sahib",Khamanon,Khamanon,30.7625,76.39166667,Burj,"Tube Well",W30366,2015,'0,17.4,17.4,16.95
PB,"Fatehgarh Sahib",Samrala,Khamanon,30.80416667,76.25833333,Sangatpura-Pz,"Tube Well",W30378,2015,'0,20.28,20.38,20.62
PB,"Fatehgarh Sahib","Bassi Pathana","Bassi Pathana",30.7,76.5375,Bhateri1,"Tube Well",W13112,2015,32.74,30.82,31.62,33.1
PB,"Fatehgarh Sahib","Bassi Pathana","Bassi Pathana",30.7125,76.37777778,"Bassi Pathana-1","Tube Well",W13109,2015,17.55,15.67,23.15,18.1
PB,"Fatehgarh Sahib",Fatehgarh,"Bassi Pathana",30.71527778,76.49361111,"Chunni Kalan","Dug Well",W20910,2015,'0,16.3,14.8,16.9
PB,"Fatehgarh Sahib",Amloh,Sirhind,30.62944444,76.355,"Tarkhan Majra","Dug Well",W20907,2015,12.45,'0,'0,12.45
PB,"Fatehgarh Sahib",Fatehgarh,Khera,30.61111111,76.57777778,Bhagrana,"Dug Well",W20909,2015,4.92,5.38,3.5,5.22
PB,"Fatehgarh Sahib",Samrala,Khamanon,30.82916667,76.2625,Hedon-Pz,"Tube Well",W30388,2015,'0,18.69,18.9,18.8
PB,"Fatehgarh Sahib",Fatehgarh,Sirhind,30.46666667,76.47361111,Tahalpur,"Tube Well",W30235,2014,20.7,'0,22.2,19.5
PB,"Fatehgarh Sahib",Fatehgarh,Khera,30.64166667,76.51666667,Badalialasingh,"Tube Well",W13114,2014,'0,33.4,35.88,32.26
PB,"Fatehgarh Sahib",Samrala,Khamanon,30.82916667,76.2625,Hedon-Pz,"Tube Well",W30388,2014,17.68,'0,18.6,17.29
PB,"Fatehgarh Sahib",Fatehgarh,Sirhind,30.5,76.425,Nalini-Pz,"Tube Well",W30245,2014,21.15,'0,20.15,18.7
PB,"Fatehgarh Sahib",Fatehgarh,Sirhind,30.60555556,76.42083333,"Sado Majra","Tube Well",W30290,2014,17.6,'0,17.9,16.35
PB,"Fatehgarh Sahib","Bassi Pathana",Sirhind,30.65,76.32916667,Talwara,"Tube Well",W30310,2014,20,'0,20.2,18.6
PB,"Fatehgarh Sahib",Fatehgarh,Khera,30.60416667,76.49166667,Khara,"Tube Well",W30288,2014,'0,'0,25.5,23.2
PB,"Fatehgarh Sahib","Bassi Pathana","Bassi Pathana",30.65,76.4,"Fatehgarh Sahib","Tube Well",W30311,2014,18.9,'0,19.25,18.9
PB,"Fatehgarh Sahib",Fatehgarh,"Bassi Pathana",30.66666667,76.34583333,"Fatehgarh Sahib-Pz","Tube Well",W30317,2014,20.28,17.55,20.45,19
PB,"Fatehgarh Sahib","Bassi Pathana","Bassi Pathana",30.73055556,76.47083333,"Jai Singh Wala","Tube Well",W30347,2014,15.55,'0,16.75,13.85
PB,"Fatehgarh Sahib",Amloh,Amloh,30.54166667,76.12916667,"Bagga Kalan","Tube Well",W30266,2014,21.9,20.9,22.25,20.55
PB,"Fatehgarh Sahib",Amloh,Amloh,30.6625,76.23333333,Shahpur,"Tube Well",W30316,2014,23.3,'0,23.45,22
PB,"Fatehgarh Sahib",Khamanon,Khamanon,30.7625,76.39166667,Burj,"Tube Well",W30366,2014,17.35,16.15,17.65,15.9
PB,"Fatehgarh Sahib",Samrala,Khamanon,30.80416667,76.25833333,Sangatpura-Pz,"Tube Well",W30378,2014,19.1,'0,20.18,18.07
PB,"Fatehgarh Sahib","Bassi Pathana","Bassi Pathana",30.7,76.5375,Bhateri1,"Tube Well",W13112,2014,31.41,29.82,31.42,29.12
PB,"Fatehgarh Sahib","Bassi Pathana","Bassi Pathana",30.7125,76.37777778,"Bassi Pathana-1","Tube Well",W13109,2014,20.69,15.68,21.05,17.09
PB,"Fatehgarh Sahib",Fatehgarh,"Bassi Pathana",30.71527778,76.49361111,"Chunni Kalan","Dug Well",W20910,2014,15.35,14.79,16.15,14.82
PB,"Fatehgarh Sahib",Amloh,Amloh,30.60527778,76.2625,Amloh1,"Dug Well",W20906,2014,'0,23.9,'0,23.7
PB,"Fatehgarh Sahib",Fatehgarh,Khera,30.61111111,76.57777778,Bhagrana,"Dug Well",W20909,2014,5.92,4.8,5.25,5.23
PB,"Fatehgarh Sahib",Fatehgarh,Sirhind,30.4875,76.38333333,Balpur,"Tube Well",W32155,2014,'0,20.5,'0,'0
PB,"Fatehgarh Sahib",Khamanon,Khamanon,30.7375,76.30555556,Bhahlolpur,"Dug Well",W13122,2013,'0,'0,'0,'0
PB,"Fatehgarh Sahib",Fatehgarh,Khera,30.64166667,76.51666667,Badalialasingh,"Tube Well",W13114,2013,49.92,37.15,34.94,33.36
PB,"Fatehgarh Sahib",Fatehgarh,Sirhind,30.4875,76.38333333,Balpur,"Tube Well",W32155,2013,'0,'0,'0,19.95
PB,"Fatehgarh Sahib",Fatehgarh,Sirhind,30.5,76.425,Nalini-Pz,"Tube Well",W30245,2013,19.98,19.05,'0,'0
PB,"Fatehgarh Sahib",Fatehgarh,Sirhind,30.60555556,76.42083333,"Sado Majra","Tube Well",W30290,2013,'0,'0,'0,15.8
PB,"Fatehgarh Sahib","Bassi Pathana",Sirhind,30.65,76.32916667,Talwara,"Tube Well",W30310,2013,'0,'0,'0,19.15
PB,"Fatehgarh Sahib",Fatehgarh,Khera,30.60416667,76.49166667,Khara,"Tube Well",W30288,2013,'0,'0,'0,23.62
PB,"Fatehgarh Sahib","Bassi Pathana","Bassi Pathana",30.65,76.4,"Fatehgarh Sahib","Tube Well",W30311,2013,'0,'0,'0,18.8
PB,"Fatehgarh Sahib",Fatehgarh,"Bassi Pathana",30.66666667,76.34583333,"Fatehgarh Sahib-Pz","Tube Well",W30317,2013,19.08,18.5,20.19,18.88
PB,"Fatehgarh Sahib","Bassi Pathana","Bassi Pathana",30.73055556,76.47083333,"Jai Singh Wala","Tube Well",W30347,2013,'0,'0,'0,14.15
PB,"Fatehgarh Sahib",Amloh,Amloh,30.54166667,76.12916667,"Bagga Kalan","Tube Well",W30266,2013,'0,'0,'0,21.05
PB,"Fatehgarh Sahib",Amloh,Amloh,30.6625,76.23333333,Shahpur,"Tube Well",W30316,2013,'0,'0,'0,20.8
PB,"Fatehgarh Sahib",Khamanon,Khamanon,30.7625,76.39166667,Burj,"Tube Well",W30366,2013,'0,'0,'0,17.2
PB,"Fatehgarh Sahib","Bassi Pathana","Bassi Pathana",30.7,76.5375,Bhateri1,"Tube Well",W13112,2013,29.22,30.75,30.39,29.15
PB,"Fatehgarh Sahib","Bassi Pathana","Bassi Pathana",30.7125,76.37777778,"Bassi Pathana-1","Tube Well",W13109,2013,17.92,16.66,17.35,17.17
PB,"Fatehgarh Sahib",Fatehgarh,"Bassi Pathana",30.71527778,76.49361111,"Chunni Kalan","Dug Well",W20910,2013,'0,'0,'0,15.62
PB,"Fatehgarh Sahib",Amloh,Amloh,30.60527778,76.2625,Amloh1,"Dug Well",W20906,2013,24.66,23.17,26.2,23.25
PB,"Fatehgarh Sahib",Fatehgarh,Khera,30.61111111,76.57777778,Bhagrana,"Dug Well",W20909,2013,10.4,5.8,3.74,6.04
PB,"Fatehgarh Sahib",Fatehgarh,Sirhind,30.46666667,76.47361111,Tahalpur,"Tube Well",W30235,2013,'0,'0,'0,19.6
PB,"Fatehgarh Sahib",Fatehgarh,Sirhind,30.46666667,76.47361111,Tahalpur,"Tube Well",W30235,2012,'0,'0,19.85,'0
PB,"Fatehgarh Sahib",Fatehgarh,Khera,30.64166667,76.51666667,Badalialasingh,"Tube Well",W13114,2012,'0,'0,33.58,32.5
PB,"Fatehgarh Sahib",Fatehgarh,Sirhind,30.5,76.425,Nalini-Pz,"Tube Well",W30245,2012,'0,'0,18.87,'0
PB,"Fatehgarh Sahib",Fatehgarh,Sirhind,30.60555556,76.42083333,"Sado Majra","Tube Well",W30290,2012,'0,'0,15.9,'0
PB,"Fatehgarh Sahib","Bassi Pathana",Sirhind,30.65,76.32916667,Talwara,"Tube Well",W30310,2012,'0,'0,19.2,'0
PB,"Fatehgarh Sahib","Bassi Pathana","Bassi Pathana",30.65,76.4,"Fatehgarh Sahib","Tube Well",W30311,2012,'0,'0,19,'0
PB,"Fatehgarh Sahib",Fatehgarh,"Bassi Pathana",30.66666667,76.34583333,"Fatehgarh Sahib-Pz","Tube Well",W30317,2012,'0,'0,18.42,'0
PB,"Fatehgarh Sahib","Bassi Pathana","Bassi Pathana",30.73055556,76.47083333,"Jai Singh Wala","Tube Well",W30347,2012,'0,'0,14.45,'0
PB,"Fatehgarh Sahib",Amloh,Amloh,30.54166667,76.12916667,"Bagga Kalan","Tube Well",W30266,2012,'0,'0,21.05,'0
PB,"Fatehgarh Sahib",Amloh,Amloh,30.6625,76.23333333,Shahpur,"Tube Well",W30316,2012,'0,'0,20.7,'0
PB,"Fatehgarh Sahib",Khamanon,Khamanon,30.7625,76.39166667,Burj,"Tube Well",W30366,2012,'0,'0,17.1,'0
PB,"Fatehgarh Sahib","Bassi Pathana","Bassi Pathana",30.7,76.5375,Bhateri1,"Tube Well",W13112,2012,'0,'0,29.5,29.25
PB,"Fatehgarh Sahib","Bassi Pathana","Bassi Pathana",30.7125,76.37777778,"Bassi Pathana-1","Tube Well",W13109,2012,'0,'0,16.36,16.13
PB,"Fatehgarh Sahib",Amloh,Amloh,30.60527778,76.2625,Amloh1,"Dug Well",W20906,2012,'0,21.14,23.1,21.92
PB,"Fatehgarh Sahib",Amloh,Sirhind,30.62944444,76.355,"Tarkhan Majra","Dug Well",W20907,2012,'0,14.85,'0,15.4
PB,"Fatehgarh Sahib",Fatehgarh,Khera,30.61111111,76.57777778,Bhagrana,"Dug Well",W20909,2012,'0,4.28,5.31,5.77
PB,"Fatehgarh Sahib",Fatehgarh,Sirhind,30.4875,76.38333333,Balpur,"Tube Well",W32155,2012,'0,'0,19.7,'0
PB,"Fatehgarh Sahib",Khamanon,Khamanon,30.7375,76.30555556,Bhahlolpur,"Dug Well",W13122,2011,'0,12.23,'0,12.46
PB,"Fatehgarh Sahib","Bassi Pathana","Bassi Pathana",30.7,76.5375,Bhateri1,"Tube Well",W13112,2011,29.84,27.16,29.18,28.22
PB,"Fatehgarh Sahib","Bassi Pathana","Bassi Pathana",30.7125,76.37777778,"Bassi Pathana-1","Tube Well",W13109,2011,16.55,15.44,15.52,16.7
PB,"Fatehgarh Sahib",Fatehgarh,"Bassi Pathana",30.71527778,76.49361111,"Chunni Kalan","Dug Well",W20910,2011,'0,15.09,'0,17
PB,"Fatehgarh Sahib",Fatehgarh,Khera,30.64166667,76.51666667,Badalialasingh,"Tube Well",W13114,2011,36.26,31.54,32.92,34.56
PB,"Fatehgarh Sahib",Fatehgarh,Sirhind,30.58,76.31333333,"Bir Bharmarsi","Dug Well",W21319,2011,'0,18.2,'0,19.5
PB,"Fatehgarh Sahib",Amloh,Sirhind,30.62944444,76.355,"Tarkhan Majra","Dug Well",W20907,2011,16.51,14.66,14.83,15.7
PB,"Fatehgarh Sahib",Fatehgarh,Khera,30.61111111,76.57777778,Bhagrana,"Dug Well",W20909,2011,3.58,4.87,3.35,6.5
PB,"Fatehgarh Sahib",Amloh,Amloh,30.60527778,76.2625,Amloh1,"Dug Well",W20906,2011,22.08,21.56,21.41,22.2
PB,"Fatehgarh Sahib","Bassi Pathana","Bassi Pathana",30.7,76.5375,Bhateri1,"Tube Well",W13112,2010,29.42,24.49,27.9,28.52
PB,"Fatehgarh Sahib","Bassi Pathana","Bassi Pathana",30.7125,76.37777778,"Bassi Pathana-1","Tube Well",W13109,2010,16.6,15.26,15.62,16.15
PB,"Fatehgarh Sahib",Fatehgarh,"Bassi Pathana",30.71527778,76.49361111,"Chunni Kalan","Dug Well",W20910,2010,'0,'0,'0,18
PB,"Fatehgarh Sahib",Amloh,Amloh,30.60527778,76.2625,Amloh1,"Dug Well",W20906,2010,22.55,21.75,21.96,22.4
PB,"Fatehgarh Sahib",Fatehgarh,Sirhind,30.58,76.31333333,"Bir Bharmarsi","Dug Well",W21319,2010,'0,'0,'0,25
PB,"Fatehgarh Sahib",Amloh,Sirhind,30.62944444,76.355,"Tarkhan Majra","Dug Well",W20907,2010,'0,15.03,15.11,15.68
PB,"Fatehgarh Sahib",Fatehgarh,Khera,30.61111111,76.57777778,Bhagrana,"Dug Well",W20909,2010,5.43,4.51,4.07,6.1
PB,"Fatehgarh Sahib",Fatehgarh,Khera,30.64166667,76.51666667,Badalialasingh,"Tube Well",W13114,2010,35.1,31.02,32.28,32.49
PB,"Fatehgarh Sahib",Khamanon,Khamanon,30.7375,76.30555556,Bhahlolpur,"Dug Well",W13122,2009,'0,12,11.66,12.58
PB,"Fatehgarh Sahib","Bassi Pathana","Bassi Pathana",30.7,76.5375,Bhateri1,"Tube Well",W13112,2009,29.05,26.12,21.42,27.38
PB,"Fatehgarh Sahib","Bassi Pathana","Bassi Pathana",30.7125,76.37777778,"Bassi Pathana-1","Tube Well",W13109,2009,'0,14.79,15.6,15.51
PB,"Fatehgarh Sahib",Fatehgarh,"Bassi Pathana",30.71527778,76.49361111,"Chunni Kalan","Dug Well",W20910,2009,15.64,16.74,'0,17.47
PB,"Fatehgarh Sahib",Fatehgarh,Khera,30.64166667,76.51666667,Badalialasingh,"Tube Well",W13114,2009,33.72,30.83,31.66,30.52
PB,"Fatehgarh Sahib",Fatehgarh,Sirhind,30.58,76.31333333,"Bir Bharmarsi","Dug Well",W21319,2009,'0,18.04,'0,18.11
PB,"Fatehgarh Sahib",Amloh,Sirhind,30.62944444,76.355,"Tarkhan Majra","Dug Well",W20907,2009,15.93,14.13,16.45,14.32
PB,"Fatehgarh Sahib",Fatehgarh,Khera,30.61111111,76.57777778,Bhagrana,"Dug Well",W20909,2009,6.29,4.89,3.76,6.59
PB,"Fatehgarh Sahib",Amloh,Amloh,30.60527778,76.2625,Amloh1,"Dug Well",W20906,2009,16.93,20.21,22,20.91
PB,"Fatehgarh Sahib",Khamanon,Khamanon,30.7375,76.30555556,Bhahlolpur,"Dug Well",W13122,2008,11.7,'0,11.61,12.58
PB,"Fatehgarh Sahib","Bassi Pathana","Bassi Pathana",30.7,76.5375,Bhateri1,"Tube Well",W13112,2008,28.62,26.6,26.4,27.1
PB,"Fatehgarh Sahib","Bassi Pathana","Bassi Pathana",30.7125,76.37777778,"Bassi Pathana-1","Tube Well",W13109,2008,15.84,15.62,14.87,17.08
PB,"Fatehgarh Sahib",Fatehgarh,"Bassi Pathana",30.71527778,76.49361111,"Chunni Kalan","Dug Well",W20910,2008,16,'0,'0,'0
PB,"Fatehgarh Sahib",Fatehgarh,Khera,30.64166667,76.51666667,Badalialasingh,"Tube Well",W13114,2008,32.64,'0,30.55,31.32
PB,"Fatehgarh Sahib",Fatehgarh,Sirhind,30.58,76.31333333,"Bir Bharmarsi","Dug Well",W21319,2008,'0,18,18.38,18.17
PB,"Fatehgarh Sahib",Amloh,Sirhind,30.62944444,76.355,"Tarkhan Majra","Dug Well",W20907,2008,15.44,14.4,14.49,14.82
PB,"Fatehgarh Sahib",Fatehgarh,Khera,30.61111111,76.57777778,Bhagrana,"Dug Well",W20909,2008,5.33,6.65,4.51,7.17
PB,"Fatehgarh Sahib",Amloh,Amloh,30.60527778,76.2625,Amloh1,"Dug Well",W20906,2008,21.12,21.3,20.48,21.12
PB,"Fatehgarh Sahib",Khamanon,Khamanon,30.7375,76.30555556,Bhahlolpur,"Dug Well",W13122,2007,'0,'0,12.15,12.68
PB,"Fatehgarh Sahib","Bassi Pathana","Bassi Pathana",30.7,76.5375,Bhateri1,"Tube Well",W13112,2007,27.47,24.62,26.67,25.97
PB,"Fatehgarh Sahib","Bassi Pathana","Bassi Pathana",30.7125,76.37777778,"Bassi Pathana-1","Tube Well",W13109,2007,16.1,14.55,16.77,15.12
PB,"Fatehgarh Sahib",Fatehgarh,"Bassi Pathana",30.71527778,76.49361111,"Chunni Kalan","Dug Well",W20910,2007,'0,15.72,'0,15.77
PB,"Fatehgarh Sahib",Fatehgarh,Khera,30.64166667,76.51666667,Badalialasingh,"Tube Well",W13114,2007,33.03,'0,31.25,29.66
PB,"Fatehgarh Sahib",Fatehgarh,Sirhind,30.58,76.31333333,"Bir Bharmarsi","Dug Well",W21319,2007,18.45,'0,20.05,16.77
PB,"Fatehgarh Sahib",Amloh,Sirhind,30.62944444,76.355,"Tarkhan Majra","Dug Well",W20907,2007,14.99,13.2,14.3,13.75
PB,"Fatehgarh Sahib",Fatehgarh,Khera,30.61111111,76.57777778,Bhagrana,"Dug Well",W20909,2007,6.57,7.4,6,6.47
PB,"Fatehgarh Sahib",Amloh,Amloh,30.60527778,76.2625,Amloh1,"Dug Well",W20906,2007,21.71,19.95,21.48,20.72
PB,"Fatehgarh Sahib","Bassi Pathana","Bassi Pathana",30.7,76.4,"Bassi Pathana-2","Dug Well",W13110,2006,'0,13.55,14.6,'0
PB,"Fatehgarh Sahib","Bassi Pathana","Bassi Pathana",30.7,76.5375,Bhateri1,"Tube Well",W13112,2006,23.32,23.12,25.8,23.27
PB,"Fatehgarh Sahib","Bassi Pathana","Bassi Pathana",30.7125,76.37777778,"Bassi Pathana-1","Tube Well",W13109,2006,14.9,13.6,'0,13.65
PB,"Fatehgarh Sahib",Fatehgarh,"Bassi Pathana",30.71527778,76.49361111,"Chunni Kalan","Dug Well",W20910,2006,15.71,'0,15.66,14.97
PB,"Fatehgarh Sahib","Bassi Pathana","Bassi Pathana",30.7525,76.44416667,Noganwan,"Dug Well",W20908,2006,'0,'0,'0,13.4
PB,"Fatehgarh Sahib",Fatehgarh,Khera,30.64166667,76.51666667,Badalialasingh,"Tube Well",W13114,2006,'0,26.8,30.06,27.24
PB,"Fatehgarh Sahib",Khamanon,Khamanon,30.7375,76.30555556,Bhahlolpur,"Dug Well",W13122,2006,12.51,'0,12.7,12.8
PB,"Fatehgarh Sahib",Fatehgarh,Sirhind,30.59861111,76.40277778,Madhopur1,"Dug Well",W13121,2006,12.15,11.15,12.42,11.43
PB,"Fatehgarh Sahib",Amloh,Sirhind,30.62944444,76.355,"Tarkhan Majra","Dug Well",W20907,2006,13.85,'0,13.7,12.37
PB,"Fatehgarh Sahib",Fatehgarh,Khera,30.61111111,76.57777778,Bhagrana,"Dug Well",W20909,2006,7.19,'0,7.02,7.65
PB,"Fatehgarh Sahib",Amloh,Amloh,30.60527778,76.2625,Amloh1,"Dug Well",W20906,2006,20.75,'0,20.19,19.35
PB,"Fatehgarh Sahib","Bassi Pathana","Bassi Pathana",30.7,76.4,"Bassi Pathana-2","Dug Well",W13110,2005,14.1,12.51,13.03,13.05
PB,"Fatehgarh Sahib","Bassi Pathana","Bassi Pathana",30.7,76.5375,Bhateri1,"Tube Well",W13112,2005,22.75,20.92,22.92,22.12
PB,"Fatehgarh Sahib","Bassi Pathana","Bassi Pathana",30.7125,76.37777778,"Bassi Pathana-1","Tube Well",W13109,2005,13.15,11.97,13.41,12.7
PB,"Fatehgarh Sahib",Fatehgarh,Khera,30.64861111,76.47916667,"Pir Jain","Dug Well",W13118,2005,'0,16.52,'0,16.5
PB,"Fatehgarh Sahib",Fatehgarh,Sirhind,30.57083333,76.44722222,Jalbera1,"Dug Well",W13120,2005,'0,11.18,'0,12
PB,"Fatehgarh Sahib",Fatehgarh,Sirhind,30.59861111,76.40277778,Madhopur1,"Dug Well",W13121,2005,11.25,10.04,10.93,10.5
PB,"Fatehgarh Sahib",Fatehgarh,Khera,30.64166667,76.51666667,Badalialasingh,"Tube Well",W13114,2005,28.85,25.55,28.35,26.2
PB,"Fatehgarh Sahib",Khamanon,Khamanon,30.7375,76.30555556,Bhahlolpur,"Dug Well",W13122,2005,12.28,12.55,'0,12.88
PB,"Fatehgarh Sahib","Bassi Pathana","Bassi Pathana",30.7,76.4,"Bassi Pathana-2","Dug Well",W13110,2004,12.6,11.3,12.44,11.84
PB,"Fatehgarh Sahib","Bassi Pathana","Bassi Pathana",30.7,76.5375,Bhateri1,"Tube Well",W13112,2004,21.92,21.67,21.12,21.27
PB,"Fatehgarh Sahib","Bassi Pathana","Bassi Pathana",30.7125,76.37777778,"Bassi Pathana-1","Tube Well",W13109,2004,12.16,10.62,11.85,11.16
PB,"Fatehgarh Sahib","Bassi Pathana","Bassi Pathana",30.74333333,76.485,Nanowal,"Dug Well",W13113,2004,'0,12.23,'0,13.36
PB,"Fatehgarh Sahib",Fatehgarh,Khera,30.64166667,76.51666667,Badalialasingh,"Tube Well",W13114,2004,27.77,25.11,26.31,25.6
PB,"Fatehgarh Sahib",Fatehgarh,Sirhind,30.51805556,76.34444444,Charnarthalkalan,"Dug Well",W13119,2004,17,'0,'0,'0
PB,"Fatehgarh Sahib",Fatehgarh,Sirhind,30.57083333,76.44722222,Jalbera1,"Dug Well",W13120,2004,15,10.86,11.59,11.3
PB,"Fatehgarh Sahib",Fatehgarh,Sirhind,30.59861111,76.40277778,Madhopur1,"Dug Well",W13121,2004,10.8,9.1,9.94,9.71
PB,"Fatehgarh Sahib",Khamanon,Khamanon,30.7375,76.30555556,Bhahlolpur,"Dug Well",W13122,2004,11.88,'0,12.33,'0
PB,"Fatehgarh Sahib",Samrala,Khamanon,30.82916667,76.26666667,Hedon,"Dug Well",W13341,2003,'0,11.89,'0,'0
PB,"Fatehgarh Sahib","Bassi Pathana","Bassi Pathana",30.7,76.4,"Bassi Pathana-2","Dug Well",W13110,2003,11.73,10.62,11.35,11.01
PB,"Fatehgarh Sahib","Bassi Pathana","Bassi Pathana",30.7,76.5375,Bhateri1,"Tube Well",W13112,2003,21.42,20.4,19.72,19.92
PB,"Fatehgarh Sahib","Bassi Pathana","Bassi Pathana",30.7125,76.37777778,"Bassi Pathana-1","Tube Well",W13109,2003,10.9,9.99,11.4,10.55
PB,"Fatehgarh Sahib",Fatehgarh,Khera,30.68472222,76.55833333,Pamour,"Dug Well",W13117,2003,'0,'0,'0,16.08
PB,"Fatehgarh Sahib",Fatehgarh,Sirhind,30.51805556,76.34444444,Charnarthalkalan,"Dug Well",W13119,2003,15.5,11.38,15.1,'0
PB,"Fatehgarh Sahib",Fatehgarh,Sirhind,30.57083333,76.44722222,Jalbera1,"Dug Well",W13120,2003,'0,10.1,10.7,10.94
PB,"Fatehgarh Sahib",Fatehgarh,Sirhind,30.59861111,76.40277778,Madhopur1,"Dug Well",W13121,2003,9.95,8.4,9.75,9.32
PB,"Fatehgarh Sahib",Fatehgarh,Khera,30.64166667,76.51666667,Badalialasingh,"Tube Well",W13114,2003,25.7,23.71,24.8,24.06
PB,"Fatehgarh Sahib","Bassi Pathana","Bassi Pathana",30.74333333,76.485,Nanowal,"Dug Well",W13113,2003,'0,'0,11.91,'0
PB,"Fatehgarh Sahib",Samrala,Khamanon,30.82916667,76.26666667,Hedon,"Dug Well",W13341,2002,'0,10.8,11.91,11.7
PB,"Fatehgarh Sahib","Bassi Pathana","Bassi Pathana",30.7,76.5375,Bhateri1,"Tube Well",W13112,2002,19.22,'0,19.31,18.82
PB,"Fatehgarh Sahib","Bassi Pathana","Bassi Pathana",30.7125,76.37777778,"Bassi Pathana-1","Tube Well",W13109,2002,10.6,'0,9.81,9.66
PB,"Fatehgarh Sahib","Bassi Pathana","Bassi Pathana",30.74333333,76.485,Nanowal,"Dug Well",W13113,2002,'0,10.24,'0,10.86
PB,"Fatehgarh Sahib","Bassi Pathana","Bassi Pathana",30.7,76.4,"Bassi Pathana-2","Dug Well",W13110,2002,'0,'0,10.45,10.4
PB,"Fatehgarh Sahib",Fatehgarh,Sirhind,30.51805556,76.34444444,Charnarthalkalan,"Dug Well",W13119,2002,12.2,8.69,'0,12.2
PB,"Fatehgarh Sahib",Fatehgarh,Sirhind,30.57083333,76.44722222,Jalbera1,"Dug Well",W13120,2002,12.1,8.3,10.19,12.1
PB,"Fatehgarh Sahib",Fatehgarh,Sirhind,30.59861111,76.40277778,Madhopur1,"Dug Well",W13121,2002,9.3,7.15,8.38,7.95
PB,"Fatehgarh Sahib",Fatehgarh,Khera,30.64166667,76.51666667,Badalialasingh,"Tube Well",W13114,2002,25,'0,23.79,23.45
PB,"Fatehgarh Sahib",Khamanon,Khamanon,30.7375,76.30555556,Bhahlolpur,"Dug Well",W13122,2002,'0,11.2,12.02,11.08
PB,"Fatehgarh Sahib",Samrala,Khamanon,30.82916667,76.26666667,Hedon,"Dug Well",W13341,2001,12.02,13.29,10.95,'0
PB,"Fatehgarh Sahib","Bassi Pathana","Bassi Pathana",30.7,76.5375,Bhateri1,"Tube Well",W13112,2001,17.05,'0,16.32,'0
PB,"Fatehgarh Sahib","Bassi Pathana","Bassi Pathana",30.7125,76.37777778,"Bassi Pathana-1","Tube Well",W13109,2001,8.75,'0,7.5,'0
PB,"Fatehgarh Sahib","Bassi Pathana","Bassi Pathana",30.74333333,76.485,Nanowal,"Dug Well",W13113,2001,9.69,8.81,9.81,9.91
PB,"Fatehgarh Sahib",Khamanon,Khamanon,30.7375,76.30555556,Bhahlolpur,"Dug Well",W13122,2001,11.55,11.69,11.58,12.37
PB,"Fatehgarh Sahib","Bassi Pathana","Bassi Pathana",30.7,76.4,"Bassi Pathana-2","Dug Well",W13110,2001,'0,8.42,8.9,'0
PB,"Fatehgarh Sahib",Fatehgarh,Sirhind,30.57083333,76.44722222,Jalbera1,"Dug Well",W13120,2001,6.4,8.46,7.64,8.41
PB,"Fatehgarh Sahib",Fatehgarh,Sirhind,30.59861111,76.40277778,Madhopur1,"Dug Well",W13121,2001,7.09,6.3,7.05,6.94
PB,"Fatehgarh Sahib",Fatehgarh,Khera,30.64166667,76.51666667,Badalialasingh,"Tube Well",W13114,2001,23.52,20.8,21.5,'0
PB,"Fatehgarh Sahib",Fatehgarh,Khera,30.68472222,76.55833333,Pamour,"Dug Well",W13117,2001,13.75,14.49,14.83,14.47
PB,"Fatehgarh Sahib",Fatehgarh,Sirhind,30.51805556,76.34444444,Charnarthalkalan,"Dug Well",W13119,2001,8.35,10.48,7.64,9.64
PB,"Fatehgarh Sahib",Samrala,Khamanon,30.82916667,76.26666667,Hedon,"Dug Well",W13341,2000,'0,10.4,'0,'0
PB,"Fatehgarh Sahib","Bassi Pathana","Bassi Pathana",30.74333333,76.485,Nanowal,"Dug Well",W13113,2000,9.34,7.61,9.17,9.16
PB,"Fatehgarh Sahib",Khamanon,Khamanon,30.7375,76.30555556,Bhahlolpur,"Dug Well",W13122,2000,11.56,'0,11.68,12.47
PB,"Fatehgarh Sahib",Fatehgarh,Sirhind,30.51805556,76.34444444,Charnarthalkalan,"Dug Well",W13119,2000,'0,'0,7.97,'0
PB,"Fatehgarh Sahib","Bassi Pathana","Bassi Pathana",30.7,76.4,"Bassi Pathana-2","Dug Well",W13110,2000,'0,5.58,8.41,'0
PB,"Fatehgarh Sahib",Fatehgarh,Sirhind,30.59861111,76.40277778,Madhopur1,"Dug Well",W13121,2000,6.91,5.9,6.1,6.45
PB,"Fatehgarh Sahib",Fatehgarh,Khera,30.64166667,76.51666667,Badalialasingh,"Tube Well",W13114,2000,22.45,'0,'0,'0
PB,"Fatehgarh Sahib",Fatehgarh,Khera,30.68472222,76.55833333,Pamour,"Dug Well",W13117,2000,'0,15.77,14.53,'0
PB,"Fatehgarh Sahib",Fatehgarh,Sirhind,30.57083333,76.44722222,Jalbera1,"Dug Well",W13120,2000,7,7.15,7.32,9.93
PB,"Fatehgarh Sahib","Bassi Pathana","Bassi Pathana",30.74222222,76.51805556,Bhateri,"Dug Well",W13111,1999,'0,'0,14.38,'0
PB,"Fatehgarh Sahib",Samrala,Khamanon,30.82916667,76.26666667,Hedon,"Dug Well",W13341,1999,11,12.29,11.4,13.01
PB,"Fatehgarh Sahib",Fatehgarh,Khera,30.68472222,76.55833333,Pamour,"Dug Well",W13117,1999,15.73,16.83,15.96,15.68
PB,"Fatehgarh Sahib",Fatehgarh,Sirhind,30.51805556,76.34444444,Charnarthalkalan,"Dug Well",W13119,1999,6.98,6,6.63,6.6
PB,"Fatehgarh Sahib","Bassi Pathana","Bassi Pathana",30.74333333,76.485,Nanowal,"Dug Well",W13113,1999,8.49,7.11,8.61,8.41
PB,"Fatehgarh Sahib",Fatehgarh,Khera,30.64166667,76.51666667,Badalialasingh,"Tube Well",W13114,1999,21,19.3,21.8,'0
PB,"Fatehgarh Sahib",Fatehgarh,Sirhind,30.59861111,76.40277778,Madhopur1,"Dug Well",W13121,1999,5.8,5.2,5.7,5.68
PB,"Fatehgarh Sahib",Fatehgarh,Sirhind,30.57083333,76.44722222,Jalbera1,"Dug Well",W13120,1999,5.55,5.7,'0,5.6
PB,"Fatehgarh Sahib",Khamanon,Khamanon,30.7375,76.30555556,Bhahlolpur,"Dug Well",W13122,1999,10.97,11.31,11.82,12.02
PB,"Fatehgarh Sahib","Bassi Pathana","Bassi Pathana",30.7,76.4,"Bassi Pathana-2","Dug Well",W13110,1999,7.55,6.9,7.25,7.42
PB,"Fatehgarh Sahib",Fatehgarh,Sirhind,30.59861111,76.40277778,Madhopur1,"Dug Well",W13121,1998,5.95,4.8,4.99,6.1
PB,"Fatehgarh Sahib","Bassi Pathana","Bassi Pathana",30.74333333,76.485,Nanowal,"Dug Well",W13113,1998,8.26,7.91,7.16,8.31
PB,"Fatehgarh Sahib",Khamanon,Khamanon,30.7375,76.30555556,Bhahlolpur,"Dug Well",W13122,1998,8.52,11.07,'0,12.2
PB,"Fatehgarh Sahib",Fatehgarh,Khera,30.64166667,76.51666667,Badalialasingh,"Tube Well",W13114,1998,21.8,19.76,'0,'0
PB,"Fatehgarh Sahib","Bassi Pathana","Bassi Pathana",30.74222222,76.51805556,Bhateri,"Dug Well",W13111,1998,'0,14.39,'0,14.29
PB,"Fatehgarh Sahib",Samrala,Khamanon,30.82916667,76.26666667,Hedon,"Dug Well",W13341,1998,11.9,11.05,12.35,11.02
PB,"Fatehgarh Sahib",Fatehgarh,Sirhind,30.51805556,76.34444444,Charnarthalkalan,"Dug Well",W13119,1998,7,6.5,6.03,6.8
PB,"Fatehgarh Sahib","Bassi Pathana","Bassi Pathana",30.7,76.4,"Bassi Pathana-2","Dug Well",W13110,1998,8.91,7.3,6.73,9.5
PB,"Fatehgarh Sahib",Fatehgarh,Khera,30.68472222,76.55833333,Pamour,"Dug Well",W13117,1998,16.18,16.13,16.63,16.73
PB,"Fatehgarh Sahib",Fatehgarh,Sirhind,30.57083333,76.44722222,Jalbera1,"Dug Well",W13120,1998,7,6.3,5.55,7.3
PB,"Fatehgarh Sahib","Bassi Pathana","Bassi Pathana",30.7,76.4,"Bassi Pathana-2","Dug Well",W13110,1997,'0,'0,7.59,8.25
PB,"Fatehgarh Sahib",Fatehgarh,Khera,30.68472222,76.55833333,Pamour,"Dug Well",W13117,1997,15.73,15.41,16.13,16.08
PB,"Fatehgarh Sahib",Fatehgarh,Khera,30.64166667,76.51666667,Badalialasingh,"Tube Well",W13114,1997,'0,'0,20.52,'0
PB,"Fatehgarh Sahib",Fatehgarh,Sirhind,30.59861111,76.40277778,Madhopur1,"Dug Well",W13121,1997,5.35,4.7,5,5.2
PB,"Fatehgarh Sahib",Fatehgarh,Sirhind,30.57083333,76.44722222,Jalbera1,"Dug Well",W13120,1997,6.43,6.3,5.85,6.6
PB,"Fatehgarh Sahib",Fatehgarh,Sirhind,30.51805556,76.34444444,Charnarthalkalan,"Dug Well",W13119,1997,7.4,6.23,6.74,6.6
PB,"Fatehgarh Sahib",Samrala,Khamanon,30.82916667,76.26666667,Hedon,"Dug Well",W13341,1997,10.25,11.25,10.75,11.55
PB,"Fatehgarh Sahib",Khamanon,Khamanon,30.7375,76.30555556,Bhahlolpur,"Dug Well",W13122,1997,11.37,11.92,'0,'0
PB,"Fatehgarh Sahib",Amloh,Amloh,30.60555556,76.26666667,Amloh,"Dug Well",W13108,1997,'0,11.97,'0,'0
PB,"Fatehgarh Sahib","Bassi Pathana","Bassi Pathana",30.74333333,76.485,Nanowal,"Dug Well",W13113,1997,9.08,8.51,8.33,8.93
PB,"Fatehgarh Sahib",Khamanon,Khamanon,30.7375,76.30555556,Bhahlolpur,"Dug Well",W13122,1996,10.87,11.82,11.72,12.27
PB,"Fatehgarh Sahib",Fatehgarh,Sirhind,30.51805556,76.34444444,Charnarthalkalan,"Dug Well",W13119,1996,6.64,5.5,6.14,6.33
PB,"Fatehgarh Sahib",Fatehgarh,Sirhind,30.59861111,76.40277778,Madhopur1,"Dug Well",W13121,1996,4.59,3.98,3.9,3.92
PB,"Fatehgarh Sahib",Fatehgarh,Sirhind,30.57083333,76.44722222,Jalbera1,"Dug Well",W13120,1996,5.76,4.9,5.39,6.4
PB,"Fatehgarh Sahib","Bassi Pathana","Bassi Pathana",30.74333333,76.485,Nanowal,"Dug Well",W13113,1996,8.34,8.68,8.35,9.64
PB,"Fatehgarh Sahib",Fatehgarh,Khera,30.68472222,76.55833333,Pamour,"Dug Well",W13117,1996,15.78,16.23,15.66,16.23
PB,"Fatehgarh Sahib","Bassi Pathana","Bassi Pathana",30.7,76.4,"Bassi Pathana-2","Dug Well",W13110,1996,7.9,'0,7.42,7.2
PB,"Fatehgarh Sahib",Khamanon,Khamanon,30.81583333,76.325,Manderan,"Dug Well",W13123,1996,'0,'0,'0,14.44
PB,"Fatehgarh Sahib",Samrala,Khamanon,30.82916667,76.26666667,Hedon,"Dug Well",W13341,1996,12.3,11.25,11.15,11.5
