STATE,DISTRICT,TEH_NAME,BLOCK_NAME,LAT,LON,SITE_NAME,SITE_TYPE,WLCODE,YEAR_OBS,MONSOON,POMRB,POMKH,PREMON
PY,Karaikal,Karaikal,Pondicherry,10.975,79.775,Tirunallar,"Tube Well",W32230,2018,'0,'0,'0,1.75
PY,Karaikal,Karaikal,Pondicherry,10.93333333,79.84166667,Kilakasakudi,"Dug Well",W17983,2018,'0,'0,'0,2.53
PY,Karaikal,Karaikal,Pondicherry,10.95833333,79.81666667,Kottucherry,"Dug Well",W17984,2018,'0,'0,'0,3.08
PY,Karaikal,Karaikal,Pondicherry,10.93333333,79.84166667,Kilakasakudi,"Dug Well",W17983,2017,'0,'0,'0,3.06
PY,Karaikal,Karaikal,Pondicherry,10.95833333,79.81666667,Kottucherry,"Dug Well",W17984,2017,'0,'0,'0,4.2
PY,Karaikal,Karaikal,Pondicherry,10.975,79.775,Nedungadu,"Dug Well",W17985,2017,'0,'0,'0,7.7
PY,Karaikal,Karaikal,Pondicherry,10.95833333,79.81666667,Kottucherry,"Dug Well",W17984,2016,3.8,'0,'0,2.8
PY,Karaikal,Karaikal,Pondicherry,10.975,79.775,Nedungadu,"Dug Well",W17985,2016,'0,'0,'0,2.25
PY,Karaikal,Karaikal,Pondicherry,10.975,79.775,Tirunallar,"Tube Well",W32230,2016,'0,'0,'0,2.85
PY,Karaikal,Karaikal,Pondicherry,10.93333333,79.84166667,Kilakasakudi,"Dug Well",W17983,2016,2.64,'0,'0,1.83
PY,Karaikal,Karaikal,Pondicherry,10.95833333,79.81666667,Kottucherry,"Dug Well",W17984,2014,3.68,'0,'0,'0
PY,Karaikal,Karaikal,Pondicherry,10.93333333,79.84166667,Kilakasakudi,"Dug Well",W17983,2014,2.86,'0,'0,'0
PY,Karaikal,Karaikal,Pondicherry,10.975,79.775,Nedungadu,"Dug Well",W17985,2014,2.7,'0,'0,'0
PY,Karaikal,Karaikal,Pondicherry,10.95833333,79.81666667,Kottucherry,"Dug Well",W17984,2013,'0,'0,'0,3.46
PY,Karaikal,Karaikal,Pondicherry,10.975,79.775,Nedungadu,"Dug Well",W17985,2013,'0,'0,'0,8.5
PY,Karaikal,Karaikal,Pondicherry,10.93333333,79.84166667,Kilakasakudi,"Dug Well",W17983,2013,'0,'0,'0,2.86
PY,Karaikal,Karaikal,Pondicherry,10.95833333,79.81666667,Kottucherry,"Dug Well",W17984,2012,'0,1.35,'0,'0
PY,Karaikal,Karaikal,Pondicherry,10.93333333,79.84166667,Kilakasakudi,"Dug Well",W17983,2012,'0,1.51,'0,'0
PY,Karaikal,Karaikal,Pondicherry,10.975,79.775,Nedungadu,"Dug Well",W17985,2012,'0,.25,'0,'0
PY,Karaikal,Karaikal,Pondicherry,10.93333333,79.84166667,Kilakasakudi,"Dug Well",W17983,2011,2.01,'0,1.18,2.04
PY,Karaikal,Karaikal,Pondicherry,10.975,79.775,Nedungadu,"Dug Well",W17985,2011,2.35,'0,1.85,2.5
PY,Karaikal,Karaikal,Pondicherry,10.95833333,79.81666667,Kottucherry,"Dug Well",W17984,2011,3.65,'0,2.5,3.57
PY,Karaikal,Karaikal,Pondicherry,10.975,79.775,Nedungadu,"Dug Well",W17985,2010,'0,2.05,2.65,2.7
PY,Karaikal,Karaikal,Pondicherry,10.93333333,79.84166667,Kilakasakudi,"Dug Well",W17983,2010,'0,1.16,1.71,1.91
PY,Karaikal,Karaikal,Pondicherry,10.95833333,79.81666667,Kottucherry,"Dug Well",W17984,2010,'0,1.35,2.46,3.05
PY,Karaikal,Karaikal,Pondicherry,10.975,79.775,Nedungadu,"Dug Well",W17985,2009,2.86,1.45,2.7,2.25
PY,Karaikal,Karaikal,Pondicherry,10.93333333,79.84166667,Kilakasakudi,"Dug Well",W17983,2009,3.06,1.16,.78,1.81
PY,Karaikal,Karaikal,Pondicherry,10.95833333,79.81666667,Kottucherry,"Dug Well",W17984,2009,2.25,1.45,3.05,2.78
PY,Karaikal,Karaikal,Pondicherry,10.95833333,79.81666667,Kottucherry,"Dug Well",W17984,2008,3.85,.75,2.8,2.17
PY,Karaikal,Karaikal,Pondicherry,10.93333333,79.84166667,Kilakasakudi,"Dug Well",W17983,2008,2.18,1.01,1.51,1.68
PY,Karaikal,Karaikal,Pondicherry,10.975,79.775,Nedungadu,"Dug Well",W17985,2008,2.4,2.25,2.2,2.5
PY,Karaikal,Karaikal,Pondicherry,10.975,79.775,Nedungadu,"Dug Well",W17985,2007,2.4,1.22,2.3,2.85
PY,Karaikal,Karaikal,Pondicherry,10.95833333,79.81666667,Kottucherry,"Dug Well",W17984,2007,3.35,1.38,1.6,2.95
PY,Karaikal,Karaikal,Pondicherry,10.93333333,79.84166667,Kilakasakudi,"Dug Well",W17983,2007,1.88,1.36,1.21,2.31
PY,Karaikal,Karaikal,Pondicherry,10.975,79.775,Nedungadu,"Dug Well",W17985,2006,2.5,2.23,2.2,2.78
PY,Karaikal,Karaikal,Pondicherry,10.93333333,79.84166667,Kilakasakudi,"Dug Well",W17983,2006,2.44,1.25,1.06,2.15
PY,Karaikal,Karaikal,Pondicherry,10.95833333,79.81666667,Kottucherry,"Dug Well",W17984,2006,3.25,1.02,1.8,2.6
PY,Karaikal,Karaikal,Pondicherry,10.95833333,79.81666667,Kottucherry,"Dug Well",W17984,2005,'0,1.6,.7,9.17
PY,Karaikal,Karaikal,Pondicherry,10.975,79.775,Nedungadu,"Dug Well",W17985,2005,'0,2.31,1.72,2.7
PY,Karaikal,Karaikal,Pondicherry,10.93333333,79.84166667,Kilakasakudi,"Dug Well",W17983,2005,'0,1.33,.71,6.06
