STATE,DISTRICT,TEH_NAME,BLOCK_NAME,LAT,LON,SITE_NAME,SITE_TYPE,WLCODE,YEAR_OBS,MONSOON,POMRB,POMKH,PREMON
RJ,Bhilwara,Mandalgarh,Mandalgarh,25.15416667,75.12138889,Ladpura,"Dug Well",W29155,2018,'0,2.83,'0,'0
RJ,Bhilwara,Mandalgarh,Mandalgarh,25.15416667,75.12138889,Ladpura,"Dug Well",W29155,2018,'0,'0,'0,4.98
RJ,Bhilwara,Asind,Mandal,25.52777778,74.30083333,Dahimatha,"Dug Well",W29298,2018,'0,14.07,'0,'0
RJ,Bhilwara,Asind,Mandal,25.52777778,74.30083333,Dahimatha,"Dug Well",W29298,2018,'0,'0,'0,22.75
RJ,Bhilwara,Raipur,Raipur,25.40361111,74.16111111,Raipur,"Dug Well",W31739,2018,'0,3.84,'0,'0
RJ,Bhilwara,Raipur,Raipur,25.40361111,74.16111111,Raipur,"Dug Well",W31739,2018,'0,'0,'0,8.5
RJ,Bhilwara,Jahazpur,Kotri,25.49111111,75.03666667,Bhagwanpura,"Dug Well",W31740,2018,'0,6.2,'0,'0
RJ,Bhilwara,Jahazpur,Kotri,25.49111111,75.03666667,Bhagwanpura,"Dug Well",W31740,2018,'0,'0,'0,11.3
RJ,Bhilwara,Hurda,Hurda,25.86666667,74.55,Gageda-2,"Dug Well",W18104,2018,'0,4.61,'0,'0
RJ,Bhilwara,Hurda,Hurda,25.86666667,74.55,Gageda-2,"Dug Well",W18104,2018,'0,'0,'0,5.99
RJ,Bhilwara,Raipur,Raipur,25.45416667,74.1875,Nangpura,"Dug Well",W13824,2018,'0,14.08,'0,'0
RJ,Bhilwara,Raipur,Raipur,25.45416667,74.1875,Nangpura,"Dug Well",W13824,2018,'0,'0,'0,16.68
RJ,Bhilwara,Kotri,Kotri,25.51777778,75.09166667,Paroli,"Dug Well",W13817,2018,'0,3.32,'0,'0
RJ,Bhilwara,Kotri,Kotri,25.51777778,75.09166667,Paroli,"Dug Well",W13817,2018,'0,'0,'0,5.1
RJ,Bhilwara,Jahazpur,Jahazpur,25.68333333,75.33333333,Borani,"Dug Well",W18105,2018,'0,5.82,'0,'0
RJ,Bhilwara,Jahazpur,Jahazpur,25.68333333,75.33333333,Borani,"Dug Well",W18105,2018,'0,'0,'0,16.89
RJ,Bhilwara,Jahazpur,Jahazpur,25.62083333,75.275,Jahajpur,"Dug Well",W13814,2018,'0,2.93,'0,'0
RJ,Bhilwara,Jahazpur,Jahazpur,25.62083333,75.275,Jahajpur,"Dug Well",W13814,2018,'0,'0,'0,8.1
RJ,Bhilwara,Jahazpur,Jahazpur,25.72083333,75.35416667,Amarwasi,"Dug Well",W13812,2018,'0,1.01,'0,'0
RJ,Bhilwara,Jahazpur,Jahazpur,25.72083333,75.35416667,Amarwasi,"Dug Well",W13812,2018,'0,'0,'0,3.19
RJ,Bhilwara,Jahazpur,Jahazpur,25.63888889,75.11527778,Gulabpura-2,"Dug Well",W13813,2018,'0,11.7,'0,'0
RJ,Bhilwara,Jahazpur,Jahazpur,25.63888889,75.11527778,Gulabpura-2,"Dug Well",W13813,2018,'0,'0,'0,11.6
RJ,Bhilwara,Banera,Mandal,25.51555556,74.55777778,Jiwanliyan,"Dug Well",W13802,2018,'0,3.3,'0,'0
RJ,Bhilwara,Banera,Mandal,25.51555556,74.55777778,Jiwanliyan,"Dug Well",W13802,2018,'0,'0,'0,14.4
RJ,Bhilwara,Mandal,Mandal,25.51666667,74.26666667,Karera,"Bore Well",W18109,2018,'0,14.87,'0,'0
RJ,Bhilwara,Mandal,Mandal,25.51666667,74.26666667,Karera,"Bore Well",W18109,2018,'0,'0,'0,18.19
RJ,Bhilwara,Banera,Banera,25.4875,74.7,Baneramataji,"Dug Well",W13801,2018,'0,13.25,'0,'0
RJ,Bhilwara,Banera,Banera,25.4875,74.7,Baneramataji,"Dug Well",W13801,2018,'0,'0,'0,14.8
RJ,Bhilwara,Banera,Banera,25.63333333,74.6,"Raila Road","Dug Well",W13803,2018,'0,8.35,'0,'0
RJ,Bhilwara,Banera,Banera,25.63333333,74.6,"Raila Road","Dug Well",W13803,2018,'0,'0,'0,14.45
RJ,Bhilwara,Shahpura,Shahpura,25.60416667,74.9,Sopura,"Dug Well",W13830,2018,'0,9.18,'0,'0
RJ,Bhilwara,Shahpura,Shahpura,25.60416667,74.9,Sopura,"Dug Well",W13830,2018,'0,'0,'0,9.28
RJ,Bhilwara,Shahpura,Shahpura,25.75555556,74.90555556,Kanchan-Kala,"Dug Well",W13828,2018,'0,.23,'0,'0
RJ,Bhilwara,Shahpura,Shahpura,25.75555556,74.90555556,Kanchan-Kala,"Dug Well",W13828,2018,'0,'0,'0,6.7
RJ,Bhilwara,Shahpura,Shahpura,25.56111111,74.8,"Taswaria Khurd","Dug Well",W13831,2018,'0,14.65,'0,'0
RJ,Bhilwara,Shahpura,Shahpura,25.56111111,74.8,"Taswaria Khurd","Dug Well",W13831,2018,'0,'0,'0,14.65
RJ,Bhilwara,Hurda,Hurda,25.9,74.68333333,Gulabpura-1,"Dug Well",W13810,2018,'0,2.55,'0,'0
RJ,Bhilwara,Hurda,Hurda,25.9,74.68333333,Gulabpura-1,"Dug Well",W13810,2018,'0,'0,'0,4.01
RJ,Bhilwara,Asind,Asind,25.5975,74.31333333,Tiloli,"Dug Well",W13800,2018,'0,1.37,'0,'0
RJ,Bhilwara,Asind,Asind,25.5975,74.31333333,Tiloli,"Dug Well",W13800,2018,'0,'0,'0,14.25
RJ,Bhilwara,Asind,Asind,25.75833333,74.46666667,Barasni,"Dug Well",W13799,2018,'0,9.32,'0,'0
RJ,Bhilwara,Asind,Asind,25.75833333,74.46666667,Barasni,"Dug Well",W13799,2018,'0,'0,'0,10.79
RJ,Bhilwara,Asind,Asind,25.63333333,74.27916667,Daulatgarh,"Dug Well",W22204,2018,'0,6.82,'0,'0
RJ,Bhilwara,Asind,Asind,25.63333333,74.27916667,Daulatgarh,"Dug Well",W22204,2018,'0,'0,'0,13.7
RJ,Bhilwara,Asind,Asind,25.83333333,74.28333333,Badnor,"Dug Well",W13798,2018,'0,11.19,'0,'0
RJ,Bhilwara,Asind,Asind,25.83333333,74.28333333,Badnor,"Dug Well",W13798,2018,'0,'0,'0,7.58
RJ,Bhilwara,Mandalgarh,Mandalgarh,25.28333333,75.09388889,Mandalgarh1,"Dug Well",W13821,2018,'0,8.4,'0,'0
RJ,Bhilwara,Mandalgarh,Mandalgarh,25.28333333,75.09388889,Mandalgarh1,"Dug Well",W13821,2018,'0,'0,'0,24.8
RJ,Bhilwara,Bhilwara,Suwana,25.26944444,74.6375,"Mandapia Rs","Dug Well",W13807,2018,'0,8.9,'0,'0
RJ,Bhilwara,Bhilwara,Suwana,25.26944444,74.6375,"Mandapia Rs","Dug Well",W13807,2018,'0,'0,'0,16.4
RJ,Bhilwara,Raipur,Raipur,25.28333333,74.15833333,Devaria,"Dug Well",W13823,2018,'0,23.95,'0,'0
RJ,Bhilwara,Raipur,Raipur,25.28333333,74.15833333,Devaria,"Dug Well",W13823,2018,'0,'0,'0,25.2
RJ,Bhilwara,Sahara,Sahara,25.21666667,74.25972222,Gangapur-2,"Dug Well",W13826,2018,'0,6.28,'0,'0
RJ,Bhilwara,Sahara,Sahara,25.21666667,74.25972222,Gangapur-2,"Dug Well",W13826,2018,'0,'0,'0,15.38
RJ,Bhilwara,Mandalgarh,Mandalgarh,25.11388889,75.26111111,Salawatia,"Dug Well",W13822,2018,'0,7.2,'0,'0
RJ,Bhilwara,Mandalgarh,Mandalgarh,25.11388889,75.26111111,Salawatia,"Dug Well",W13822,2018,'0,'0,'0,23.8
RJ,Bhilwara,Mandalgarh,Mandalgarh,25.17,75.32277778,Bijolia,"Dug Well",W13820,2018,'0,2.68,'0,'0
RJ,Bhilwara,Mandalgarh,Mandalgarh,25.17,75.32277778,Bijolia,"Dug Well",W13820,2018,'0,'0,'0,5.63
RJ,Bhilwara,Mandalgarh,Mandalgarh,25.24444444,75.04166667,Bigod,"Dug Well",W13819,2018,'0,'0,'0,7.77
RJ,Bhilwara,Bhilwara,Suwana,25.35,74.7,Suwana,"Dug Well",W13808,2018,'0,6.32,'0,'0
RJ,Bhilwara,Bhilwara,Suwana,25.35,74.7,Suwana,"Dug Well",W13808,2018,'0,'0,'0,22.5
RJ,Bhilwara,Bhilwara,Suwana,25.18055556,74.58055556,Hamirgarh,"Dug Well",W13806,2018,'0,'0,'0,20.49
RJ,Bhilwara,Kotri,Suwana,25.375,74.775,Kodukota,"Dug Well",W13815,2018,'0,9.55,'0,'0
RJ,Bhilwara,Kotri,Suwana,25.375,74.775,Kodukota,"Dug Well",W13815,2018,'0,'0,'0,20.95
RJ,Bhilwara,Raipur,Raipur,25.37388889,74.10833333,Pitakhera,"Dug Well",W13825,2018,'0,4.77,'0,'0
RJ,Bhilwara,Raipur,Raipur,25.37388889,74.10833333,Pitakhera,"Dug Well",W13825,2018,'0,'0,'0,19
RJ,Bhilwara,Kotri,Kotri,25.30694444,74.86666667,Sawaipur-1,"Dug Well",W13818,2018,'0,14.45,'0,'0
RJ,Bhilwara,Kotri,Kotri,25.30694444,74.86666667,Sawaipur-1,"Dug Well",W13818,2018,'0,'0,'0,15.65
RJ,Bhilwara,Kotri,Kotri,25.4,74.88333333,Kotri2,"Bore Well",W18107,2018,'0,12.15,'0,'0
RJ,Bhilwara,Kotri,Kotri,25.4,74.88333333,Kotri2,"Bore Well",W18107,2018,'0,'0,'0,15.9
RJ,Bhilwara,Kotri,Kotri,25.39722222,74.89166667,Kotari,"Dug Well",W13816,2018,'0,12.57,'0,'0
RJ,Bhilwara,Kotri,Kotri,25.39722222,74.89166667,Kotari,"Dug Well",W13816,2018,'0,'0,'0,11.17
RJ,Bhilwara,Kotri,Kotri,25.39722222,74.89166667,Kotari,"Dug Well",W13816,2017,6.77,6.57,'0,8.97
RJ,Bhilwara,Kotri,Kotri,25.39722222,74.89166667,Kotari,"Dug Well",W13816,2017,'0,'0,6.7,'0
RJ,Bhilwara,Mandalgarh,Mandalgarh,25.15416667,75.12138889,Ladpura,"Dug Well",W29155,2017,3.9,5.3,'0,6.5
RJ,Bhilwara,Mandalgarh,Mandalgarh,25.15416667,75.12138889,Ladpura,"Dug Well",W29155,2017,'0,'0,2.8,'0
RJ,Bhilwara,Asind,Mandal,25.52777778,74.30083333,Dahimatha,"Dug Well",W29298,2017,'0,'0,16.9,'0
RJ,Bhilwara,Raipur,Raipur,25.40361111,74.16111111,Raipur,"Dug Well",W31739,2017,3.35,6,'0,'0
RJ,Bhilwara,Raipur,Raipur,25.40361111,74.16111111,Raipur,"Dug Well",W31739,2017,'0,'0,2.7,'0
RJ,Bhilwara,Jahazpur,Kotri,25.49111111,75.03666667,Bhagwanpura,"Dug Well",W31740,2017,6.28,'0,'0,11.3
RJ,Bhilwara,Jahazpur,Kotri,25.49111111,75.03666667,Bhagwanpura,"Dug Well",W31740,2017,'0,'0,6.13,'0
RJ,Bhilwara,Asind,Mandal,25.52777778,74.30083333,Dahimatha,"Dug Well",W29298,2017,13.05,17.25,'0,17.37
RJ,Bhilwara,Hurda,Hurda,25.86666667,74.55,Gageda-2,"Dug Well",W18104,2017,4.39,8.59,'0,11.41
RJ,Bhilwara,Hurda,Hurda,25.86666667,74.55,Gageda-2,"Dug Well",W18104,2017,'0,'0,4.31,'0
RJ,Bhilwara,Raipur,Raipur,25.45416667,74.1875,Nangpura,"Dug Well",W13824,2017,13.43,20.28,'0,26.4
RJ,Bhilwara,Raipur,Raipur,25.45416667,74.1875,Nangpura,"Dug Well",W13824,2017,'0,'0,13.11,'0
RJ,Bhilwara,Kotri,Kotri,25.51777778,75.09166667,Paroli,"Dug Well",W13817,2017,2.9,2,'0,3.45
RJ,Bhilwara,Kotri,Kotri,25.51777778,75.09166667,Paroli,"Dug Well",W13817,2017,'0,'0,3.22,'0
RJ,Bhilwara,Jahazpur,Jahazpur,25.68333333,75.33333333,Borani,"Dug Well",W18105,2017,5.24,16.49,'0,10.69
RJ,Bhilwara,Jahazpur,Jahazpur,25.68333333,75.33333333,Borani,"Dug Well",W18105,2017,'0,'0,5.16,'0
RJ,Bhilwara,Jahazpur,Jahazpur,25.62083333,75.275,Jahajpur,"Dug Well",W13814,2017,3.45,3.6,'0,5.65
RJ,Bhilwara,Jahazpur,Jahazpur,25.62083333,75.275,Jahajpur,"Dug Well",W13814,2017,'0,'0,3.6,'0
RJ,Bhilwara,Jahazpur,Jahazpur,25.72083333,75.35416667,Amarwasi,"Dug Well",W13812,2017,.49,.99,'0,2.14
RJ,Bhilwara,Jahazpur,Jahazpur,25.72083333,75.35416667,Amarwasi,"Dug Well",W13812,2017,'0,'0,.93,'0
RJ,Bhilwara,Jahazpur,Jahazpur,25.63888889,75.11527778,Gulabpura-2,"Dug Well",W13813,2017,9.95,7.2,'0,7.9
RJ,Bhilwara,Jahazpur,Jahazpur,25.63888889,75.11527778,Gulabpura-2,"Dug Well",W13813,2017,'0,'0,10,'0
RJ,Bhilwara,Banera,Mandal,25.51555556,74.55777778,Jiwanliyan,"Dug Well",W13802,2017,3.2,8.5,'0,13.35
RJ,Bhilwara,Banera,Mandal,25.51555556,74.55777778,Jiwanliyan,"Dug Well",W13802,2017,'0,'0,7.52,'0
RJ,Bhilwara,Mandal,Mandal,25.51666667,74.26666667,Karera,"Bore Well",W18109,2017,13.9,20.15,'0,20.4
RJ,Bhilwara,Mandal,Mandal,25.51666667,74.26666667,Karera,"Bore Well",W18109,2017,'0,'0,15.03,'0
RJ,Bhilwara,Banera,Banera,25.4875,74.7,Baneramataji,"Dug Well",W13801,2017,4.48,14.8,'0,13.4
RJ,Bhilwara,Banera,Banera,25.4875,74.7,Baneramataji,"Dug Well",W13801,2017,'0,'0,11.8,'0
RJ,Bhilwara,Banera,Banera,25.63333333,74.6,"Raila Road","Dug Well",W13803,2017,4.65,7.55,'0,13.33
RJ,Bhilwara,Banera,Banera,25.63333333,74.6,"Raila Road","Dug Well",W13803,2017,'0,'0,4.52,'0
RJ,Bhilwara,Shahpura,Shahpura,25.60416667,74.9,Sopura,"Dug Well",W13830,2017,4.38,8.33,'0,5.86
RJ,Bhilwara,Shahpura,Shahpura,25.60416667,74.9,Sopura,"Dug Well",W13830,2017,'0,'0,4.41,'0
RJ,Bhilwara,Shahpura,Shahpura,25.75555556,74.90555556,Kanchan-Kala,"Dug Well",W13828,2017,.05,3.8,'0,6.76
RJ,Bhilwara,Shahpura,Shahpura,25.75555556,74.90555556,Kanchan-Kala,"Dug Well",W13828,2017,'0,'0,.12,'0
RJ,Bhilwara,Shahpura,Shahpura,25.56111111,74.8,"Taswaria Khurd","Dug Well",W13831,2017,4.4,10.45,'0,11.8
RJ,Bhilwara,Shahpura,Shahpura,25.56111111,74.8,"Taswaria Khurd","Dug Well",W13831,2017,'0,'0,4.37,'0
RJ,Bhilwara,Hurda,Hurda,25.9,74.68333333,Gulabpura-1,"Dug Well",W13810,2017,2.67,13.31,'0,7.01
RJ,Bhilwara,Hurda,Hurda,25.9,74.68333333,Gulabpura-1,"Dug Well",W13810,2017,'0,'0,2.68,'0
RJ,Bhilwara,Asind,Asind,25.5975,74.31333333,Tiloli,"Dug Well",W13800,2017,.95,2.15,'0,4.37
RJ,Bhilwara,Asind,Asind,25.5975,74.31333333,Tiloli,"Dug Well",W13800,2017,'0,'0,.91,'0
RJ,Bhilwara,Asind,Asind,25.75833333,74.46666667,Barasni,"Dug Well",W13799,2017,7.78,14.58,'0,18.53
RJ,Bhilwara,Asind,Asind,25.75833333,74.46666667,Barasni,"Dug Well",W13799,2017,'0,'0,8,'0
RJ,Bhilwara,Asind,Asind,25.63333333,74.27916667,Daulatgarh,"Dug Well",W22204,2017,6.26,3,'0,7.56
RJ,Bhilwara,Asind,Asind,25.63333333,74.27916667,Daulatgarh,"Dug Well",W22204,2017,'0,'0,6.25,'0
RJ,Bhilwara,Asind,Asind,25.83333333,74.28333333,Badnor,"Dug Well",W13798,2017,8.88,6.13,'0,9.38
RJ,Bhilwara,Asind,Asind,25.83333333,74.28333333,Badnor,"Dug Well",W13798,2017,'0,'0,9.1,'0
RJ,Bhilwara,Mandalgarh,Mandalgarh,25.28333333,75.09388889,Mandalgarh1,"Dug Well",W13821,2017,8.3,8,'0,19.36
RJ,Bhilwara,Mandalgarh,Mandalgarh,25.28333333,75.09388889,Mandalgarh1,"Dug Well",W13821,2017,'0,'0,8.35,'0
RJ,Bhilwara,Bhilwara,Suwana,25.26944444,74.6375,"Mandapia Rs","Dug Well",W13807,2017,7.65,6.7,'0,12.05
RJ,Bhilwara,Bhilwara,Suwana,25.26944444,74.6375,"Mandapia Rs","Dug Well",W13807,2017,'0,'0,7.62,'0
RJ,Bhilwara,Raipur,Raipur,25.28333333,74.15833333,Devaria,"Dug Well",W13823,2017,24.2,7.4,'0,19.1
RJ,Bhilwara,Raipur,Raipur,25.28333333,74.15833333,Devaria,"Dug Well",W13823,2017,'0,'0,24.4,'0
RJ,Bhilwara,Sahara,Sahara,25.17083333,74.3,Lakola,"Dug Well",W13827,2017,'0,2.5,'0,'0
RJ,Bhilwara,Sahara,Sahara,25.21666667,74.25972222,Gangapur-2,"Dug Well",W13826,2017,5.88,5.48,'0,10.23
RJ,Bhilwara,Sahara,Sahara,25.21666667,74.25972222,Gangapur-2,"Dug Well",W13826,2017,'0,'0,5.81,'0
RJ,Bhilwara,Mandalgarh,Mandalgarh,25.11388889,75.26111111,Salawatia,"Dug Well",W13822,2017,7.1,16,'0,24.8
RJ,Bhilwara,Mandalgarh,Mandalgarh,25.11388889,75.26111111,Salawatia,"Dug Well",W13822,2017,'0,'0,7.07,'0
RJ,Bhilwara,Mandalgarh,Mandalgarh,25.17,75.32277778,Bijolia,"Dug Well",W13820,2017,2.43,4.03,'0,5.33
RJ,Bhilwara,Mandalgarh,Mandalgarh,25.17,75.32277778,Bijolia,"Dug Well",W13820,2017,'0,'0,2.37,'0
RJ,Bhilwara,Mandalgarh,Mandalgarh,25.24444444,75.04166667,Bigod,"Dug Well",W13819,2017,4.6,3.3,'0,10.1
RJ,Bhilwara,Mandalgarh,Mandalgarh,25.24444444,75.04166667,Bigod,"Dug Well",W13819,2017,'0,'0,4.7,'0
RJ,Bhilwara,Bhilwara,Suwana,25.35,74.7,Suwana,"Dug Well",W13808,2017,6.1,17.2,'0,9.3
RJ,Bhilwara,Bhilwara,Suwana,25.35,74.7,Suwana,"Dug Well",W13808,2017,'0,'0,5.98,'0
RJ,Bhilwara,Bhilwara,Suwana,25.18055556,74.58055556,Hamirgarh,"Dug Well",W13806,2017,4.24,2.09,'0,'0
RJ,Bhilwara,Bhilwara,Suwana,25.18055556,74.58055556,Hamirgarh,"Dug Well",W13806,2017,'0,'0,4.27,'0
RJ,Bhilwara,Kotri,Suwana,25.375,74.775,Kodukota,"Dug Well",W13815,2017,1.4,4,'0,6.89
RJ,Bhilwara,Kotri,Suwana,25.375,74.775,Kodukota,"Dug Well",W13815,2017,'0,'0,1.38,'0
RJ,Bhilwara,Raipur,Raipur,25.37388889,74.10833333,Pitakhera,"Dug Well",W13825,2017,4.7,13.7,'0,19.16
RJ,Bhilwara,Raipur,Raipur,25.37388889,74.10833333,Pitakhera,"Dug Well",W13825,2017,'0,'0,4.63,'0
RJ,Bhilwara,Kotri,Kotri,25.30694444,74.86666667,Sawaipur-1,"Dug Well",W13818,2017,7.1,9.35,'0,14.21
RJ,Bhilwara,Kotri,Kotri,25.30694444,74.86666667,Sawaipur-1,"Dug Well",W13818,2017,'0,'0,7.05,'0
RJ,Bhilwara,Kotri,Kotri,25.4,74.88333333,Kotri2,"Bore Well",W18107,2017,'0,8.4,'0,'0
RJ,Bhilwara,Hurda,Hurda,25.86666667,74.55,Gageda-2,"Dug Well",W18104,2016,6.06,'0,5,'0
RJ,Bhilwara,Asind,Mandal,25.52777778,74.30083333,Dahimatha,"Dug Well",W29298,2016,24.01,23.91,23.2,24.2
RJ,Bhilwara,Kotri,Kotri,25.51777778,75.09166667,Paroli,"Dug Well",W13817,2016,2.82,'0,2.71,3.2
RJ,Bhilwara,Jahazpur,Jahazpur,25.68333333,75.33333333,Borani,"Dug Well",W18105,2016,18.85,'0,16.94,16.79
RJ,Bhilwara,Jahazpur,Jahazpur,25.62083333,75.275,Jahajpur,"Dug Well",W13814,2016,4.15,'0,3.47,4.3
RJ,Bhilwara,Jahazpur,Jahazpur,25.72083333,75.35416667,Amarwasi,"Dug Well",W13812,2016,3.81,'0,3.61,3.97
RJ,Bhilwara,Jahazpur,Jahazpur,25.63888889,75.11527778,Gulabpura-2,"Dug Well",W13813,2016,7.72,'0,4.92,7.82
RJ,Bhilwara,Banera,Mandal,25.51555556,74.55777778,Jiwanliyan,"Dug Well",W13802,2016,2.35,'0,2.64,'0
RJ,Bhilwara,Mandal,Mandal,25.51666667,74.26666667,Karera,"Bore Well",W18109,2016,20.37,'0,19.35,20.1
RJ,Bhilwara,Banera,Banera,25.4875,74.7,Baneramataji,"Dug Well",W13801,2016,16.45,'0,15.87,17.5
RJ,Bhilwara,Banera,Banera,25.63333333,74.6,"Raila Road","Dug Well",W13803,2016,15.15,'0,13.46,15.2
RJ,Bhilwara,Shahpura,Shahpura,25.60416667,74.9,Sopura,"Dug Well",W13830,2016,9.91,'0,8.35,10.26
RJ,Bhilwara,Shahpura,Shahpura,25.75555556,74.90555556,Kanchan-Kala,"Dug Well",W13828,2016,6.14,'0,4.15,7.73
RJ,Bhilwara,Shahpura,Shahpura,25.56111111,74.8,"Taswaria Khurd","Dug Well",W13831,2016,13.65,'0,11.85,14.55
RJ,Bhilwara,Hurda,Hurda,25.9,74.68333333,Gulabpura-1,"Dug Well",W13810,2016,6.96,'0,5.43,7.33
RJ,Bhilwara,Asind,Asind,25.5975,74.31333333,Tiloli,"Dug Well",W13800,2016,10.85,'0,7.65,12.57
RJ,Bhilwara,Asind,Asind,25.75833333,74.46666667,Barasni,"Dug Well",W13799,2016,16.53,'0,15.38,16.68
RJ,Bhilwara,Asind,Asind,25.63333333,74.27916667,Daulatgarh,"Dug Well",W22204,2016,4,'0,7.77,9.1
RJ,Bhilwara,Asind,Asind,25.83333333,74.28333333,Badnor,"Dug Well",W13798,2016,3.98,'0,3.08,4.01
RJ,Bhilwara,Mandalgarh,Mandalgarh,25.28333333,75.09388889,Mandalgarh1,"Dug Well",W13821,2016,'0,'0,22.72,'0
RJ,Bhilwara,Bhilwara,Suwana,25.26944444,74.6375,"Mandapia Rs","Dug Well",W13807,2016,'0,'0,8.21,'0
RJ,Bhilwara,Raipur,Raipur,25.28333333,74.15833333,Devaria,"Dug Well",W13823,2016,26.69,'0,23.95,26.98
RJ,Bhilwara,Sahara,Sahara,25.17083333,74.3,Lakola,"Dug Well",W13827,2016,'0,'0,10.83,'0
RJ,Bhilwara,Sahara,Sahara,25.21666667,74.25972222,Gangapur-2,"Dug Well",W13826,2016,18.66,'0,17.31,18.64
RJ,Bhilwara,Mandalgarh,Mandalgarh,25.11388889,75.26111111,Salawatia,"Dug Well",W13822,2016,21.5,'0,20.6,21.68
RJ,Bhilwara,Mandalgarh,Mandalgarh,25.17,75.32277778,Bijolia,"Dug Well",W13820,2016,8.54,'0,6.88,8.65
RJ,Bhilwara,Mandalgarh,Mandalgarh,25.24444444,75.04166667,Bigod,"Dug Well",W13819,2016,3.86,'0,3.62,4.17
RJ,Bhilwara,Bhilwara,Suwana,25.35,74.7,Suwana,"Dug Well",W13808,2016,13.95,'0,13.6,14.72
RJ,Bhilwara,Bhilwara,Suwana,25.18055556,74.58055556,Hamirgarh,"Dug Well",W13806,2016,'0,'0,6.4,'0
RJ,Bhilwara,Kotri,Suwana,25.375,74.775,Kodukota,"Dug Well",W13815,2016,7.8,'0,6.24,8
RJ,Bhilwara,Raipur,Raipur,25.37388889,74.10833333,Pitakhera,"Dug Well",W13825,2016,15.15,'0,13.48,16.35
RJ,Bhilwara,Kotri,Kotri,25.30694444,74.86666667,Sawaipur-1,"Dug Well",W13818,2016,12.89,'0,11.95,13.85
RJ,Bhilwara,Kotri,Kotri,25.39722222,74.89166667,Kotari,"Dug Well",W13816,2016,9.12,'0,7.2,9.87
RJ,Bhilwara,Mandalgarh,Mandalgarh,25.15416667,75.12138889,Ladpura,"Dug Well",W29155,2016,4.67,4.96,4.5,4.98
RJ,Bhilwara,Raipur,Raipur,25.40361111,74.16111111,Raipur,"Dug Well",W31739,2016,'0,12.53,'0,12.9
RJ,Bhilwara,Jahazpur,Kotri,25.49111111,75.03666667,Bhagwanpura,"Dug Well",W31740,2016,'0,6,'0,6.2
RJ,Bhilwara,Raipur,Raipur,25.45416667,74.1875,Nangpura,"Dug Well",W13824,2016,27.87,'0,27.68,29.38
RJ,Bhilwara,Hurda,Hurda,25.86666667,74.55,Gageda-2,"Dug Well",W18104,2015,7.57,7.34,10.34,7.57
RJ,Bhilwara,Asind,Mandal,25.52777778,74.30083333,Dahimatha,"Dug Well",W29298,2015,20.25,23.4,23.85,23.97
RJ,Bhilwara,Kotri,Kotri,25.51777778,75.09166667,Paroli,"Dug Well",W13817,2015,2.5,1.7,2.1,4.54
RJ,Bhilwara,Jahazpur,Jahazpur,25.68333333,75.33333333,Borani,"Dug Well",W18105,2015,9.44,16.39,6.61,13.07
RJ,Bhilwara,Jahazpur,Jahazpur,25.62083333,75.275,Jahajpur,"Dug Well",W13814,2015,5.8,3.4,5.05,6.64
RJ,Bhilwara,Jahazpur,Jahazpur,25.72083333,75.35416667,Amarwasi,"Dug Well",W13812,2015,1.69,1.09,1.29,1.76
RJ,Bhilwara,Jahazpur,Jahazpur,25.63888889,75.11527778,Gulabpura-2,"Dug Well",W13813,2015,3.48,9.1,7.9,8.8
RJ,Bhilwara,Banera,Mandal,25.51555556,74.55777778,Jiwanliyan,"Dug Well",W13802,2015,'0,8.2,13.3,11.93
RJ,Bhilwara,Mandal,Mandal,25.51666667,74.26666667,Karera,"Bore Well",W18109,2015,18.6,18.32,'0,21.45
RJ,Bhilwara,Banera,Banera,25.4875,74.7,Baneramataji,"Dug Well",W13801,2015,14.66,15.85,15.3,16.97
RJ,Bhilwara,Banera,Banera,25.63333333,74.6,"Raila Road","Dug Well",W13803,2015,7.87,6.75,11.95,11.35
RJ,Bhilwara,Shahpura,Shahpura,25.60416667,74.9,Sopura,"Dug Well",W13830,2015,3.48,5.08,8.98,6.08
RJ,Bhilwara,Shahpura,Shahpura,25.75555556,74.90555556,Kanchan-Kala,"Dug Well",W13828,2015,1.5,.75,5.1,2.34
RJ,Bhilwara,Shahpura,Shahpura,25.56111111,74.8,"Taswaria Khurd","Dug Well",W13831,2015,9.68,11.42,11.55,13.8
RJ,Bhilwara,Hurda,Hurda,25.9,74.68333333,Gulabpura-1,"Dug Well",W13810,2015,5.11,17.01,2.53,6.23
RJ,Bhilwara,Asind,Asind,25.5975,74.31333333,Tiloli,"Dug Well",W13800,2015,1.65,'0,3.15,1.18
RJ,Bhilwara,Asind,Asind,25.75833333,74.46666667,Barasni,"Dug Well",W13799,2015,11.72,5.98,14.38,18.68
RJ,Bhilwara,Asind,Asind,25.83333333,74.28333333,Badnor,"Dug Well",W13798,2015,1.08,.51,2.9,1.98
RJ,Bhilwara,Bhilwara,Suwana,25.26944444,74.6375,"Mandapia Rs","Dug Well",W13807,2015,7.8,7.7,10.4,9.36
RJ,Bhilwara,Raipur,Raipur,25.28333333,74.15833333,Devaria,"Dug Well",W13823,2015,15.5,17.05,23.95,15.5
RJ,Bhilwara,Sahara,Sahara,25.17083333,74.3,Lakola,"Dug Well",W13827,2015,14.8,8.57,'0,12.7
RJ,Bhilwara,Sahara,Sahara,25.21666667,74.25972222,Gangapur-2,"Dug Well",W13826,2015,'0,7.6,13.83,15.88
RJ,Bhilwara,Mandalgarh,Mandalgarh,25.11388889,75.26111111,Salawatia,"Dug Well",W13822,2015,12.75,21.2,20.8,26.5
RJ,Bhilwara,Mandalgarh,Mandalgarh,25.17,75.32277778,Bijolia,"Dug Well",W13820,2015,3.53,4.13,4.68,5.27
RJ,Bhilwara,Mandalgarh,Mandalgarh,25.24444444,75.04166667,Bigod,"Dug Well",W13819,2015,3.6,2.55,4.6,9.26
RJ,Bhilwara,Bhilwara,Suwana,25.35,74.7,Suwana,"Dug Well",W13808,2015,'0,17.8,15.75,12.13
RJ,Bhilwara,Bhilwara,Suwana,25.18055556,74.58055556,Hamirgarh,"Dug Well",W13806,2015,5.42,15.99,7.99,8.35
RJ,Bhilwara,Kotri,Suwana,25.375,74.775,Kodukota,"Dug Well",W13815,2015,10.45,6,3.4,11.47
RJ,Bhilwara,Raipur,Raipur,25.37388889,74.10833333,Pitakhera,"Dug Well",W13825,2015,10.7,5.9,13.6,13.53
RJ,Bhilwara,Kotri,Kotri,25.30694444,74.86666667,Sawaipur-1,"Dug Well",W13818,2015,5.95,13.35,13.8,15.23
RJ,Bhilwara,Kotri,Kotri,25.4,74.88333333,Kotri2,"Bore Well",W18107,2015,5.82,'0,'0,5.82
RJ,Bhilwara,Kotri,Kotri,25.39722222,74.89166667,Kotari,"Dug Well",W13816,2015,3.97,8.27,8.31,9.39
RJ,Bhilwara,Mandalgarh,Mandalgarh,25.15416667,75.12138889,Ladpura,"Dug Well",W29155,2015,'0,4.3,5.1,4.34
RJ,Bhilwara,Raipur,Raipur,25.40361111,74.16111111,Raipur,"Dug Well",W31739,2015,'0,'0,11.1,'0
RJ,Bhilwara,Jahazpur,Kotri,25.49111111,75.03666667,Bhagwanpura,"Dug Well",W31740,2015,'0,'0,4.8,'0
RJ,Bhilwara,Raipur,Raipur,25.45416667,74.1875,Nangpura,"Dug Well",W13824,2015,19.98,18.08,21.38,21.54
RJ,Bhilwara,Hurda,Hurda,25.86666667,74.55,Gageda-2,"Dug Well",W18104,2014,5.54,7.48,4.06,'0
RJ,Bhilwara,Asind,Mandal,25.52777778,74.30083333,Dahimatha,"Dug Well",W29298,2014,'0,'0,23.23,'0
RJ,Bhilwara,Kotri,Kotri,25.51777778,75.09166667,Paroli,"Dug Well",W13817,2014,.8,2.1,1.2,4.9
RJ,Bhilwara,Jahazpur,Jahazpur,25.68333333,75.33333333,Borani,"Dug Well",W18105,2014,3.89,8.79,12.99,17.49
RJ,Bhilwara,Jahazpur,Jahazpur,25.62083333,75.275,Jahajpur,"Dug Well",W13814,2014,4.1,3.21,4.3,14.25
RJ,Bhilwara,Jahazpur,Jahazpur,25.72083333,75.35416667,Amarwasi,"Dug Well",W13812,2014,.94,1.24,1.19,3.4
RJ,Bhilwara,Jahazpur,Jahazpur,25.63888889,75.11527778,Gulabpura-2,"Dug Well",W13813,2014,7.4,7.4,9,8.3
RJ,Bhilwara,Jahazpur,Jahazpur,25.64166667,75.18333333,Pander,"Bore Well",W18106,2014,'0,1.66,'0,'0
RJ,Bhilwara,Banera,Mandal,25.51555556,74.55777778,Jiwanliyan,"Dug Well",W13802,2014,7.9,6.58,6.27,'0
RJ,Bhilwara,Mandal,Mandal,25.51666667,74.26666667,Karera,"Bore Well",W18109,2014,13.8,'0,15.44,20.2
RJ,Bhilwara,Banera,Banera,25.4875,74.7,Baneramataji,"Dug Well",W13801,2014,9.05,'0,11.3,18.3
RJ,Bhilwara,Banera,Banera,25.63333333,74.6,"Raila Road","Dug Well",W13803,2014,4.55,8.35,5.99,19.15
RJ,Bhilwara,Shahpura,Shahpura,25.60416667,74.9,Sopura,"Dug Well",W13830,2014,3.33,8.78,4.6,8.68
RJ,Bhilwara,Shahpura,Shahpura,25.75555556,74.90555556,Kanchan-Kala,"Dug Well",W13828,2014,1.7,1.98,.7,'0
RJ,Bhilwara,Shahpura,Shahpura,25.56111111,74.8,"Taswaria Khurd","Dug Well",W13831,2014,5.95,12.55,8.47,12.68
RJ,Bhilwara,Hurda,Hurda,25.9,74.68333333,Gulabpura-1,"Dug Well",W13810,2014,2.46,2.01,3.33,8.46
RJ,Bhilwara,Asind,Asind,25.5975,74.31333333,Tiloli,"Dug Well",W13800,2014,.6,.18,-.05,13.55
RJ,Bhilwara,Asind,Asind,25.75833333,74.46666667,Barasni,"Dug Well",W13799,2014,4.36,6.9,3.38,15.68
RJ,Bhilwara,Asind,Asind,25.83333333,74.28333333,Badnor,"Dug Well",W13798,2014,1.38,2.08,.72,'0
RJ,Bhilwara,Bhilwara,Suwana,25.26944444,74.6375,"Mandapia Rs","Dug Well",W13807,2014,4.6,6.23,7.66,8
RJ,Bhilwara,Raipur,Raipur,25.28333333,74.15833333,Devaria,"Dug Well",W13823,2014,16.14,7.37,15.85,9.5
RJ,Bhilwara,Sahara,Sahara,25.17083333,74.3,Lakola,"Dug Well",W13827,2014,1.33,5.38,1.58,6.7
RJ,Bhilwara,Sahara,Sahara,25.21666667,74.25972222,Gangapur-2,"Dug Well",W13826,2014,7.48,9.58,5.38,14.58
RJ,Bhilwara,Mandalgarh,Mandalgarh,25.11388889,75.26111111,Salawatia,"Dug Well",W13822,2014,7.2,20.3,17.73,15.6
RJ,Bhilwara,Mandalgarh,Mandalgarh,25.17,75.32277778,Bijolia,"Dug Well",W13820,2014,1.98,5.39,3.65,8.13
RJ,Bhilwara,Mandalgarh,Mandalgarh,25.24444444,75.04166667,Bigod,"Dug Well",W13819,2014,3.15,4.9,7,10.2
RJ,Bhilwara,Bhilwara,Suwana,25.35,74.7,Suwana,"Dug Well",W13808,2014,'0,5.21,'0,'0
RJ,Bhilwara,Bhilwara,Suwana,25.18055556,74.58055556,Hamirgarh,"Dug Well",W13806,2014,10.99,11.59,13.72,7.49
RJ,Bhilwara,Kotri,Suwana,25.375,74.775,Kodukota,"Dug Well",W13815,2014,2.45,2.76,2.85,10.19
RJ,Bhilwara,Raipur,Raipur,25.37388889,74.10833333,Pitakhera,"Dug Well",W13825,2014,3.6,10.8,2.73,'0
RJ,Bhilwara,Kotri,Kotri,25.30694444,74.86666667,Sawaipur-1,"Dug Well",W13818,2014,6.73,12.16,11.8,8.55
RJ,Bhilwara,Kotri,Kotri,25.30833333,74.83333333,Sawaipur-2,"Bore Well",W18108,2014,'0,'0,'0,21.6
RJ,Bhilwara,Kotri,Kotri,25.4,74.88333333,Kotri2,"Bore Well",W18107,2014,'0,7.5,'0,'0
RJ,Bhilwara,Kotri,Kotri,25.39722222,74.89166667,Kotari,"Dug Well",W13816,2014,5.12,7.28,7.19,10.87
RJ,Bhilwara,Mandalgarh,Mandalgarh,25.15416667,75.12138889,Ladpura,"Dug Well",W29155,2014,'0,'0,4.91,'0
RJ,Bhilwara,Raipur,Raipur,25.45416667,74.1875,Nangpura,"Dug Well",W13824,2014,14.88,11.38,13.08,12.38
RJ,Bhilwara,Hurda,Hurda,25.86666667,74.55,Gageda-2,"Dug Well",W18104,2013,7.52,3.81,3.78,10.14
RJ,Bhilwara,Kotri,Kotri,25.39722222,74.89166667,Kotari,"Dug Well",W13816,2013,6.27,5.89,5.93,8.62
RJ,Bhilwara,Kotri,Kotri,25.51777778,75.09166667,Paroli,"Dug Well",W13817,2013,1.85,7.72,1.9,4.53
RJ,Bhilwara,Jahazpur,Jahazpur,25.68333333,75.33333333,Borani,"Dug Well",W18105,2013,7.82,'0,2.87,17.34
RJ,Bhilwara,Jahazpur,Jahazpur,25.62083333,75.275,Jahajpur,"Dug Well",W13814,2013,6.85,7.16,4.04,8.8
RJ,Bhilwara,Jahazpur,Jahazpur,25.72083333,75.35416667,Amarwasi,"Dug Well",W13812,2013,.77,1.78,.93,3.38
RJ,Bhilwara,Jahazpur,Jahazpur,25.63888889,75.11527778,Gulabpura-2,"Dug Well",W13813,2013,4.23,8.06,4.22,10.8
RJ,Bhilwara,Jahazpur,Jahazpur,25.64166667,75.18333333,Pander,"Bore Well",W18106,2013,6.43,'0,6.17,4
RJ,Bhilwara,Banera,Mandal,25.51555556,74.55777778,Jiwanliyan,"Dug Well",W13802,2013,5.3,6.55,5.16,13.3
RJ,Bhilwara,Mandal,Mandal,25.51666667,74.26666667,Karera,"Bore Well",W18109,2013,16.02,'0,12.27,18.9
RJ,Bhilwara,Banera,Banera,25.4875,74.7,Baneramataji,"Dug Well",W13801,2013,16.34,9.38,16.21,17.6
RJ,Bhilwara,Banera,Banera,25.63333333,74.6,"Raila Road","Dug Well",W13803,2013,16.63,4.5,15.15,24.15
RJ,Bhilwara,Shahpura,Shahpura,25.60416667,74.9,Sopura,"Dug Well",W13830,2013,5.04,9.58,6.2,8.73
RJ,Bhilwara,Shahpura,Shahpura,25.75555556,74.90555556,Kanchan-Kala,"Dug Well",W13828,2013,1.1,1.83,.78,5.01
RJ,Bhilwara,Shahpura,Shahpura,25.56111111,74.8,"Taswaria Khurd","Dug Well",W13831,2013,7.84,8.06,7.75,12.77
RJ,Bhilwara,Hurda,Hurda,25.9,74.68333333,Gulabpura-1,"Dug Well",W13810,2013,2.15,4.91,3.73,12.46
RJ,Bhilwara,Asind,Asind,25.5975,74.31333333,Tiloli,"Dug Well",W13800,2013,.4,.01,.45,13.44
RJ,Bhilwara,Asind,Asind,25.75833333,74.46666667,Barasni,"Dug Well",W13799,2013,13.21,.4,12.76,16.43
RJ,Bhilwara,Asind,Asind,25.83333333,74.28333333,Badnor,"Dug Well",W13798,2013,1.08,1.37,1.26,13.98
RJ,Bhilwara,Mandalgarh,Mandalgarh,25.28333333,75.09388889,Mandalgarh1,"Dug Well",W13821,2013,'0,'0,'0,4.73
RJ,Bhilwara,Bhilwara,Suwana,25.26944444,74.6375,"Mandapia Rs","Dug Well",W13807,2013,8.03,5.76,7.7,10.03
RJ,Bhilwara,Raipur,Raipur,25.28333333,74.15833333,Devaria,"Dug Well",W13823,2013,11.88,13.06,11.8,16.6
RJ,Bhilwara,Sahara,Sahara,25.17083333,74.3,Lakola,"Dug Well",W13827,2013,3.6,5.65,3.69,17.23
RJ,Bhilwara,Sahara,Sahara,25.21666667,74.25972222,Gangapur-2,"Dug Well",W13826,2013,16.78,10.69,15.36,18.44
RJ,Bhilwara,Mandalgarh,Mandalgarh,25.11388889,75.26111111,Salawatia,"Dug Well",W13822,2013,14.06,13.99,13.98,24.5
RJ,Bhilwara,Mandalgarh,Mandalgarh,25.17,75.32277778,Bijolia,"Dug Well",W13820,2013,5.9,6.08,3.33,7.06
RJ,Bhilwara,Mandalgarh,Mandalgarh,25.24444444,75.04166667,Bigod,"Dug Well",W13819,2013,4.7,6.71,4.2,10
RJ,Bhilwara,Bhilwara,Suwana,25.35,74.7,Suwana,"Dug Well",W13808,2013,'0,5.05,'0,'0
RJ,Bhilwara,Bhilwara,Suwana,25.18055556,74.58055556,Hamirgarh,"Dug Well",W13806,2013,6.27,11.74,6.41,12.99
RJ,Bhilwara,Kotri,Suwana,25.375,74.775,Kodukota,"Dug Well",W13815,2013,5.17,4.44,18.25,10.1
RJ,Bhilwara,Raipur,Raipur,25.37388889,74.10833333,Pitakhera,"Dug Well",W13825,2013,13,6.46,13.03,14.59
RJ,Bhilwara,Kotri,Kotri,25.30694444,74.86666667,Sawaipur-1,"Dug Well",W13818,2013,12.92,12.81,12.1,16
RJ,Bhilwara,Kotri,Kotri,25.30833333,74.83333333,Sawaipur-2,"Bore Well",W18108,2013,17.83,'0,'0,18.5
RJ,Bhilwara,Raipur,Raipur,25.45416667,74.1875,Nangpura,"Dug Well",W13824,2013,18.86,12.84,17.63,20.68
RJ,Bhilwara,Hurda,Hurda,25.86666667,74.55,Gageda-2,"Dug Well",W18104,2012,'0,3.71,4.52,11.39
RJ,Bhilwara,Kotri,Kotri,25.39722222,74.89166667,Kotari,"Dug Well",W13816,2012,'0,5.67,4.64,9.47
RJ,Bhilwara,Kotri,Kotri,25.51777778,75.09166667,Paroli,"Dug Well",W13817,2012,'0,1.06,7.26,7.7
RJ,Bhilwara,Jahazpur,Jahazpur,25.68333333,75.33333333,Borani,"Dug Well",W18105,2012,'0,6.61,11.79,16.54
RJ,Bhilwara,Jahazpur,Jahazpur,25.62083333,75.275,Jahajpur,"Dug Well",W13814,2012,'0,11.06,6.75,7.75
RJ,Bhilwara,Jahazpur,Jahazpur,25.72083333,75.35416667,Amarwasi,"Dug Well",W13812,2012,'0,2.17,1.59,2.89
RJ,Bhilwara,Jahazpur,Jahazpur,25.63888889,75.11527778,Gulabpura-2,"Dug Well",W13813,2012,'0,10.1,7.82,4.7
RJ,Bhilwara,Jahazpur,Jahazpur,25.64166667,75.18333333,Pander,"Bore Well",W18106,2012,'0,3.01,'0,5.1
RJ,Bhilwara,Banera,Mandal,25.51555556,74.55777778,Jiwanliyan,"Dug Well",W13802,2012,'0,11.94,7.12,8.58
RJ,Bhilwara,Mandal,Mandal,25.51666667,74.26666667,Karera,"Bore Well",W18109,2012,'0,15.5,'0,'0
RJ,Bhilwara,Banera,Banera,25.4875,74.7,Baneramataji,"Dug Well",W13801,2012,'0,12,8.85,17.24
RJ,Bhilwara,Banera,Banera,25.63333333,74.6,"Raila Road","Dug Well",W13803,2012,'0,7.03,4.38,15.95
RJ,Bhilwara,Shahpura,Shahpura,25.60416667,74.9,Sopura,"Dug Well",W13830,2012,'0,9.68,9.33,6.62
RJ,Bhilwara,Shahpura,Shahpura,25.75555556,74.90555556,Kanchan-Kala,"Dug Well",W13828,2012,'0,2.1,2.56,4.7
RJ,Bhilwara,Shahpura,Shahpura,25.56111111,74.8,"Taswaria Khurd","Dug Well",W13831,2012,'0,13.05,6.3,14.63
RJ,Bhilwara,Hurda,Hurda,25.9,74.68333333,Gulabpura-1,"Dug Well",W13810,2012,'0,7.61,3.98,17.81
RJ,Bhilwara,Asind,Asind,25.5975,74.31333333,Tiloli,"Dug Well",W13800,2012,'0,8.06,.68,1.25
RJ,Bhilwara,Asind,Asind,25.75833333,74.46666667,Barasni,"Dug Well",W13799,2012,'0,8.66,7.46,13.4
RJ,Bhilwara,Asind,Asind,25.83333333,74.28333333,Badnor,"Dug Well",W13798,2012,'0,12.18,5.77,13.98
RJ,Bhilwara,Mandalgarh,Mandalgarh,25.28333333,75.09388889,Mandalgarh1,"Dug Well",W13821,2012,'0,21.92,4.73,21.92
RJ,Bhilwara,Bhilwara,Suwana,25.26944444,74.6375,"Mandapia Rs","Dug Well",W13807,2012,'0,6.05,3.59,9.55
RJ,Bhilwara,Raipur,Raipur,25.28333333,74.15833333,Devaria,"Dug Well",W13823,2012,'0,10.1,10.63,25
RJ,Bhilwara,Sahara,Sahara,25.17083333,74.3,Lakola,"Dug Well",W13827,2012,'0,6.75,4.96,10.5
RJ,Bhilwara,Sahara,Sahara,25.21666667,74.25972222,Gangapur-2,"Dug Well",W13826,2012,'0,11.08,7.28,20.68
RJ,Bhilwara,Mandalgarh,Mandalgarh,25.11388889,75.26111111,Salawatia,"Dug Well",W13822,2012,'0,14.5,11.48,29.75
RJ,Bhilwara,Mandalgarh,Mandalgarh,25.17,75.32277778,Bijolia,"Dug Well",W13820,2012,'0,11.53,3.86,7.13
RJ,Bhilwara,Mandalgarh,Mandalgarh,25.24444444,75.04166667,Bigod,"Dug Well",W13819,2012,'0,2.67,6.38,10
RJ,Bhilwara,Bhilwara,Suwana,25.35,74.7,Suwana,"Dug Well",W13808,2012,'0,'0,'0,21.3
RJ,Bhilwara,Bhilwara,Suwana,25.18055556,74.58055556,Hamirgarh,"Dug Well",W13806,2012,'0,15.7,11.44,19.09
RJ,Bhilwara,Kotri,Suwana,25.375,74.775,Kodukota,"Dug Well",W13815,2012,'0,13.33,11.53,18.25
RJ,Bhilwara,Raipur,Raipur,25.37388889,74.10833333,Pitakhera,"Dug Well",W13825,2012,'0,7.44,2.63,23.3
RJ,Bhilwara,Kotri,Kotri,25.30694444,74.86666667,Sawaipur-1,"Dug Well",W13818,2012,'0,9.43,8.17,14.85
RJ,Bhilwara,Kotri,Kotri,25.30833333,74.83333333,Sawaipur-2,"Bore Well",W18108,2012,'0,12.6,'0,14.15
RJ,Bhilwara,Kotri,Kotri,25.4,74.88333333,Kotri2,"Bore Well",W18107,2012,'0,'0,'0,9.62
RJ,Bhilwara,Raipur,Raipur,25.45416667,74.1875,Nangpura,"Dug Well",W13824,2012,'0,'0,7.36,'0
RJ,Bhilwara,Hurda,Hurda,25.86666667,74.55,Gageda-2,"Dug Well",W18104,2011,'0,6.86,8.77,10.88
RJ,Bhilwara,Sahara,Sahara,25.21666667,74.25,Gangapur-1,"Bore Well",W22347,2011,11.48,'0,'0,'0
RJ,Bhilwara,Kotri,Kotri,25.51777778,75.09166667,Paroli,"Dug Well",W13817,2011,.85,3.92,1.06,3.12
RJ,Bhilwara,Jahazpur,Jahazpur,25.68333333,75.33333333,Borani,"Dug Well",W18105,2011,9.33,10.01,7.22,11.31
RJ,Bhilwara,Jahazpur,Jahazpur,25.62083333,75.275,Jahajpur,"Dug Well",W13814,2011,13.54,15.36,11.66,17.67
RJ,Bhilwara,Jahazpur,Jahazpur,25.72083333,75.35416667,Amarwasi,"Dug Well",W13812,2011,1.85,3.41,2.22,4.59
RJ,Bhilwara,Jahazpur,Jahazpur,25.63888889,75.11527778,Gulabpura-2,"Dug Well",W13813,2011,7.96,11.88,8.87,11.48
RJ,Bhilwara,Jahazpur,Jahazpur,25.64166667,75.18333333,Pander,"Bore Well",W18106,2011,4.06,9.1,2.94,5.77
RJ,Bhilwara,Mandal,Mandal,25.56111111,74.22638889,Dimta,"Dug Well",W22206,2011,22.3,'0,20.27,28.5
RJ,Bhilwara,Banera,Mandal,25.51555556,74.55777778,Jiwanliyan,"Dug Well",W13802,2011,14.4,5.93,13.14,15.63
RJ,Bhilwara,Mandal,Mandal,25.51666667,74.26666667,Karera,"Bore Well",W18109,2011,19.11,19.8,16.5,22.25
RJ,Bhilwara,Banera,Banera,25.4875,74.7,Baneramataji,"Dug Well",W13801,2011,11.04,14.93,10.5,18.68
RJ,Bhilwara,Banera,Banera,25.63333333,74.6,"Raila Road","Dug Well",W13803,2011,'0,6.45,5.05,8.97
RJ,Bhilwara,Shahpura,Shahpura,25.60416667,74.9,Sopura,"Dug Well",W13830,2011,7.97,7.02,9.78,9.34
RJ,Bhilwara,Shahpura,Shahpura,25.75555556,74.90555556,Kanchan-Kala,"Dug Well",W13828,2011,1.74,6.28,2.12,3.25
RJ,Bhilwara,Shahpura,Shahpura,25.56111111,74.8,"Taswaria Khurd","Dug Well",W13831,2011,9.82,12.49,8.86,12.7
RJ,Bhilwara,Hurda,Hurda,25.9,74.68333333,Gulabpura-1,"Dug Well",W13810,2011,8.21,16.41,10.31,15.15
RJ,Bhilwara,Asind,Asind,25.5975,74.31333333,Tiloli,"Dug Well",W13800,2011,'0,14.11,1.05,10.35
RJ,Bhilwara,Asind,Asind,25.75833333,74.46666667,Barasni,"Dug Well",W13799,2011,'0,13,9.4,12.04
RJ,Bhilwara,Asind,Asind,25.63333333,74.27916667,Daulatgarh,"Dug Well",W22204,2011,3.1,'0,2.6,11.1
RJ,Bhilwara,Asind,Asind,25.78055556,74.34166667,Parasoli,"Dug Well",W22205,2011,25.15,'0,22.73,27.3
RJ,Bhilwara,Asind,Asind,25.83333333,74.28333333,Badnor,"Dug Well",W13798,2011,'0,'0,27.68,'0
RJ,Bhilwara,Mandalgarh,Mandalgarh,25.28333333,75.09388889,Mandalgarh1,"Dug Well",W13821,2011,10.5,16.42,'0,18.1
RJ,Bhilwara,Bhilwara,Suwana,25.26944444,74.6375,"Mandapia Rs","Dug Well",W13807,2011,2.74,6.9,5.1,9.9
RJ,Bhilwara,Raipur,Raipur,25.28333333,74.15833333,Devaria,"Dug Well",W13823,2011,9.3,8.94,'0,9.7
RJ,Bhilwara,Sahara,Sahara,25.17083333,74.3,Lakola,"Dug Well",W13827,2011,12.72,14.36,7,15.4
RJ,Bhilwara,Sahara,Sahara,25.21666667,74.25972222,Gangapur-2,"Dug Well",W13826,2011,'0,11.11,11.48,17.88
RJ,Bhilwara,Mandalgarh,Mandalgarh,25.11388889,75.26111111,Salawatia,"Dug Well",W13822,2011,16.73,17.5,14.53,20.36
RJ,Bhilwara,Mandalgarh,Mandalgarh,25.17,75.32277778,Bijolia,"Dug Well",W13820,2011,13.07,13.75,11.68,19.33
RJ,Bhilwara,Mandalgarh,Mandalgarh,25.24444444,75.04166667,Bigod,"Dug Well",W13819,2011,2.1,4.55,6.92,8.05
RJ,Bhilwara,Bhilwara,Suwana,25.18055556,74.58055556,Hamirgarh,"Dug Well",W13806,2011,9.49,16.41,12.39,18.49
RJ,Bhilwara,Kotri,Suwana,25.375,74.775,Kodukota,"Dug Well",W13815,2011,18.52,21.25,13.53,'0
RJ,Bhilwara,Raipur,Raipur,25.37388889,74.10833333,Pitakhera,"Dug Well",W13825,2011,8.63,8.68,7.44,9.06
RJ,Bhilwara,Kotri,Kotri,25.30694444,74.86666667,Sawaipur-1,"Dug Well",W13818,2011,7.45,14.05,9.53,19.22
RJ,Bhilwara,Kotri,Kotri,25.4,74.88333333,Kotri2,"Bore Well",W18107,2011,12.44,11.63,'0,13.6
RJ,Bhilwara,Kotri,Kotri,25.39722222,74.89166667,Kotari,"Dug Well",W13816,2011,8.68,9.2,5.8,11.67
RJ,Bhilwara,Asind,Asind,25.63333333,74.58333333,Raila,"Bore Well",W21174,2011,6.05,'0,'0,'0
RJ,Bhilwara,Raipur,Raipur,25.45416667,74.1875,Nangpura,"Dug Well",W13824,2011,17.68,24.45,13.98,23.08
RJ,Bhilwara,Hurda,Hurda,25.86666667,74.55,Gageda-2,"Dug Well",W18104,2010,7.7,14.92,6.29,16.34
RJ,Bhilwara,Kotri,Kotri,25.39722222,74.89166667,Kotari,"Dug Well",W13816,2010,11.53,12.21,8.97,14.32
RJ,Bhilwara,Kotri,Kotri,25.51777778,75.09166667,Paroli,"Dug Well",W13817,2010,1.2,5.83,1.5,8
RJ,Bhilwara,Jahazpur,Jahazpur,25.68333333,75.33333333,Borani,"Dug Well",W18105,2010,12.99,15.12,12.79,17.22
RJ,Bhilwara,Jahazpur,Jahazpur,25.62083333,75.275,Jahajpur,"Dug Well",W13814,2010,11.62,13.84,7.6,16.15
RJ,Bhilwara,Jahazpur,Jahazpur,25.72083333,75.35416667,Amarwasi,"Dug Well",W13812,2010,2.35,5.87,3.19,8.05
RJ,Bhilwara,Jahazpur,Jahazpur,25.63888889,75.11527778,Gulabpura-2,"Dug Well",W13813,2010,10.5,20.54,9.8,21.85
RJ,Bhilwara,Jahazpur,Jahazpur,25.64166667,75.18333333,Pander,"Bore Well",W18106,2010,7.96,8.18,4.24,9.27
RJ,Bhilwara,Banera,Mandal,25.51555556,74.55777778,Jiwanliyan,"Dug Well",W13802,2010,9.01,11.09,7.9,'0
RJ,Bhilwara,Mandal,Mandal,25.51666667,74.26666667,Karera,"Bore Well",W18109,2010,18.94,20.6,17.74,22.15
RJ,Bhilwara,Banera,Banera,25.4875,74.7,Baneramataji,"Dug Well",W13801,2010,17.17,16.72,16.53,'0
RJ,Bhilwara,Banera,Banera,25.63333333,74.6,"Raila Road","Dug Well",W13803,2010,17.65,16.06,'0,19.75
RJ,Bhilwara,Shahpura,Shahpura,25.60416667,74.9,Sopura,"Dug Well",W13830,2010,5.86,9.62,6.93,10.88
RJ,Bhilwara,Shahpura,Shahpura,25.75555556,74.90555556,Kanchan-Kala,"Dug Well",W13828,2010,3.68,8.21,3.5,8.4
RJ,Bhilwara,Shahpura,Shahpura,25.56111111,74.8,"Taswaria Khurd","Dug Well",W13831,2010,10.85,19.69,11.21,18.85
RJ,Bhilwara,Hurda,Hurda,25.9,74.68333333,Gulabpura-1,"Dug Well",W13810,2010,9.98,'0,9.21,17.98
RJ,Bhilwara,Hurda,Hurda,25.72777778,74.63055556,Kanwaliawas,"Dug Well",W13811,2010,'0,'0,'0,15.94
RJ,Bhilwara,Asind,Asind,25.5975,74.31333333,Tiloli,"Dug Well",W13800,2010,7,6.68,3.85,9.25
RJ,Bhilwara,Asind,Asind,25.75833333,74.46666667,Barasni,"Dug Well",W13799,2010,15.48,11.04,12.48,16.9
RJ,Bhilwara,Bhilwara,Suwana,25.26944444,74.6375,"Mandapia Rs","Dug Well",W13807,2010,7.97,14.11,7.73,'0
RJ,Bhilwara,Raipur,Raipur,25.28333333,74.15833333,Devaria,"Dug Well",W13823,2010,13.7,20.96,11.7,22.82
RJ,Bhilwara,Sahara,Sahara,25.17083333,74.3,Lakola,"Dug Well",W13827,2010,14.56,12.47,10,15.73
RJ,Bhilwara,Sahara,Sahara,25.21666667,74.25972222,Gangapur-2,"Dug Well",W13826,2010,16.55,23.4,11.06,27.88
RJ,Bhilwara,Mandalgarh,Mandalgarh,25.11388889,75.26111111,Salawatia,"Dug Well",W13822,2010,1.67,23.4,1.5,22.7
RJ,Bhilwara,Mandalgarh,Mandalgarh,25.17,75.32277778,Bijolia,"Dug Well",W13820,2010,1.09,7.43,.98,9.68
RJ,Bhilwara,Mandalgarh,Mandalgarh,25.24444444,75.04166667,Bigod,"Dug Well",W13819,2010,2.32,10.27,2.15,12.4
RJ,Bhilwara,Bhilwara,Suwana,25.18055556,74.58055556,Hamirgarh,"Dug Well",W13806,2010,'0,12.98,10.64,19.29
RJ,Bhilwara,Kotri,Suwana,25.375,74.775,Kodukota,"Dug Well",W13815,2010,6.81,9.86,5.2,'0
RJ,Bhilwara,Raipur,Raipur,25.37388889,74.10833333,Pitakhera,"Dug Well",W13825,2010,7.07,14.13,5.5,15.2
RJ,Bhilwara,Kotri,Kotri,25.30694444,74.86666667,Sawaipur-1,"Dug Well",W13818,2010,17.95,16.68,10.95,28.07
RJ,Bhilwara,Kotri,Kotri,25.4,74.88333333,Kotri2,"Bore Well",W18107,2010,20.9,14.37,16.1,15.3
RJ,Bhilwara,Raipur,Raipur,25.45416667,74.1875,Nangpura,"Dug Well",W13824,2010,21.22,21.06,18.22,'0
RJ,Bhilwara,Hurda,Hurda,25.86666667,74.55,Gageda-2,"Dug Well",W18104,2009,13.39,12.19,13.63,14.34
RJ,Bhilwara,Kotri,Kotri,25.39722222,74.89166667,Kotari,"Dug Well",W13816,2009,9.49,9.02,11.41,10.17
RJ,Bhilwara,Kotri,Kotri,25.51777778,75.09166667,Paroli,"Dug Well",W13817,2009,3.77,'0,4.59,5.4
RJ,Bhilwara,Jahazpur,Jahazpur,25.68333333,75.33333333,Borani,"Dug Well",W18105,2009,12.35,11.24,12.41,12.14
RJ,Bhilwara,Jahazpur,Jahazpur,25.62083333,75.275,Jahajpur,"Dug Well",W13814,2009,12.68,'0,11.96,13.75
RJ,Bhilwara,Jahazpur,Jahazpur,25.72083333,75.35416667,Amarwasi,"Dug Well",W13812,2009,4.77,4.59,5.31,5.64
RJ,Bhilwara,Jahazpur,Jahazpur,25.63888889,75.11527778,Gulabpura-2,"Dug Well",W13813,2009,16.24,17.8,13.54,17.39
RJ,Bhilwara,Jahazpur,Jahazpur,25.64166667,75.18333333,Pander,"Bore Well",W18106,2009,6.97,6.43,7.83,6.8
RJ,Bhilwara,Banera,Mandal,25.51555556,74.55777778,Jiwanliyan,"Dug Well",W13802,2009,9.59,8.59,10.19,'0
RJ,Bhilwara,Mandal,Mandal,25.51666667,74.26666667,Karera,"Bore Well",W18109,2009,18.3,20.57,19.58,21.05
RJ,Bhilwara,Banera,Banera,25.4875,74.7,Baneramataji,"Dug Well",W13801,2009,16.6,16.83,15.88,17.05
RJ,Bhilwara,Banera,Banera,25.63333333,74.6,"Raila Road","Dug Well",W13803,2009,10.45,13.85,10.84,20.3
RJ,Bhilwara,Shahpura,Shahpura,25.60416667,74.9,Sopura,"Dug Well",W13830,2009,5.98,5.45,8.95,8.88
RJ,Bhilwara,Shahpura,Shahpura,25.75555556,74.90555556,Kanchan-Kala,"Dug Well",W13828,2009,6.17,6.94,6.87,'0
RJ,Bhilwara,Shahpura,Shahpura,25.56111111,74.8,"Taswaria Khurd","Dug Well",W13831,2009,10.85,15.32,15.99,16.12
RJ,Bhilwara,Hurda,Hurda,25.9,74.68333333,Gulabpura-1,"Dug Well",W13810,2009,17.53,18.49,16.91,20.16
RJ,Bhilwara,Asind,Asind,25.5975,74.31333333,Tiloli,"Dug Well",W13800,2009,5.88,11.23,6.14,12.6
RJ,Bhilwara,Asind,Asind,25.75833333,74.46666667,Barasni,"Dug Well",W13799,2009,15.99,14.06,9.6,16.28
RJ,Bhilwara,Mandalgarh,Mandalgarh,25.28333333,75.09388889,Mandalgarh1,"Dug Well",W13821,2009,19.2,17.9,'0,20.45
RJ,Bhilwara,Bhilwara,Suwana,25.26944444,74.6375,"Mandapia Rs","Dug Well",W13807,2009,12.16,10.85,12.53,8.15
RJ,Bhilwara,Raipur,Raipur,25.28333333,74.15833333,Devaria,"Dug Well",W13823,2009,9.92,16.36,12.43,16.15
RJ,Bhilwara,Sahara,Sahara,25.17083333,74.3,Lakola,"Dug Well",W13827,2009,11.14,12.9,11.15,13.65
RJ,Bhilwara,Sahara,Sahara,25.21666667,74.25972222,Gangapur-2,"Dug Well",W13826,2009,13.95,21.19,19.74,25.78
RJ,Bhilwara,Mandalgarh,Mandalgarh,25.11388889,75.26111111,Salawatia,"Dug Well",W13822,2009,13.28,21.64,22.27,21.35
RJ,Bhilwara,Mandalgarh,Mandalgarh,25.17,75.32277778,Bijolia,"Dug Well",W13820,2009,2.74,6.83,5.77,7.98
RJ,Bhilwara,Mandalgarh,Mandalgarh,25.24444444,75.04166667,Bigod,"Dug Well",W13819,2009,3.27,1.1,5.13,10.55
RJ,Bhilwara,Bhilwara,Suwana,25.35,74.7,Suwana,"Dug Well",W13808,2009,'0,'0,'0,8.79
RJ,Bhilwara,Bhilwara,Suwana,25.18055556,74.58055556,Hamirgarh,"Dug Well",W13806,2009,11.97,13.2,11.87,16.84
RJ,Bhilwara,Kotri,Suwana,25.375,74.775,Kodukota,"Dug Well",W13815,2009,5.23,16.15,6.77,17.1
RJ,Bhilwara,Raipur,Raipur,25.37388889,74.10833333,Pitakhera,"Dug Well",W13825,2009,8.78,14.02,13.57,10.5
RJ,Bhilwara,Kotri,Kotri,25.30694444,74.86666667,Sawaipur-1,"Dug Well",W13818,2009,14.47,13.97,16.32,21.75
RJ,Bhilwara,Kotri,Kotri,25.30833333,74.83333333,Sawaipur-2,"Bore Well",W18108,2009,'0,'0,'0,21.5
RJ,Bhilwara,Kotri,Kotri,25.4,74.88333333,Kotri2,"Bore Well",W18107,2009,12.32,10.95,13.69,11.25
RJ,Bhilwara,Raipur,Raipur,25.45416667,74.1875,Nangpura,"Dug Well",W13824,2009,20.5,24.94,20.87,25.28
RJ,Bhilwara,Hurda,Hurda,25.86666667,74.55,Gageda-2,"Dug Well",W18104,2008,8.79,10.33,11.68,17.33
RJ,Bhilwara,Kotri,Kotri,25.39722222,74.89166667,Kotari,"Dug Well",W13816,2008,6.68,9.68,8.25,9.27
RJ,Bhilwara,Kotri,Kotri,25.51777778,75.09166667,Paroli,"Dug Well",W13817,2008,3.97,3.87,3.98,4.03
RJ,Bhilwara,Jahazpur,Jahazpur,25.68333333,75.33333333,Borani,"Dug Well",W18105,2008,10.77,11.24,10.84,11.08
RJ,Bhilwara,Jahazpur,Jahazpur,25.62083333,75.275,Jahajpur,"Dug Well",W13814,2008,9.01,8.55,8.82,9.99
RJ,Bhilwara,Jahazpur,Jahazpur,25.72083333,75.35416667,Amarwasi,"Dug Well",W13812,2008,5.61,5.44,4.21,5.84
RJ,Bhilwara,Jahazpur,Jahazpur,25.63888889,75.11527778,Gulabpura-2,"Dug Well",W13813,2008,13.63,15.01,14.69,10.76
RJ,Bhilwara,Jahazpur,Jahazpur,25.64166667,75.18333333,Pander,"Bore Well",W18106,2008,6.52,6.21,5.55,9.72
RJ,Bhilwara,Banera,Mandal,25.51555556,74.55777778,Jiwanliyan,"Dug Well",W13802,2008,8.01,7.46,8.3,8.17
RJ,Bhilwara,Mandal,Mandal,25.51666667,74.26666667,Karera,"Bore Well",W18109,2008,17.03,16.76,19.74,18.75
RJ,Bhilwara,Banera,Banera,25.4875,74.7,Baneramataji,"Dug Well",W13801,2008,16.49,16.35,17.04,16.48
RJ,Bhilwara,Banera,Banera,25.63333333,74.6,"Raila Road","Dug Well",W13803,2008,11.17,9.57,12.88,17.77
RJ,Bhilwara,Shahpura,Shahpura,25.60416667,74.9,Sopura,"Dug Well",W13830,2008,3.4,4.47,5.2,5.79
RJ,Bhilwara,Shahpura,Shahpura,25.75555556,74.90555556,Kanchan-Kala,"Dug Well",W13828,2008,4.41,4.18,7,4.4
RJ,Bhilwara,Shahpura,Shahpura,25.56111111,74.8,"Taswaria Khurd","Dug Well",W13831,2008,13.7,13.28,14.83,16.44
RJ,Bhilwara,Hurda,Hurda,25.9,74.68333333,Gulabpura-1,"Dug Well",W13810,2008,'0,14.71,14.01,10.38
RJ,Bhilwara,Asind,Asind,25.5975,74.31333333,Tiloli,"Dug Well",W13800,2008,3.14,2.87,7.85,3.7
RJ,Bhilwara,Asind,Asind,25.75833333,74.46666667,Barasni,"Dug Well",W13799,2008,11.71,11.92,13.74,12.55
RJ,Bhilwara,Bhilwara,Suwana,25.26944444,74.6375,"Mandapia Rs","Dug Well",W13807,2008,'0,10.45,10.87,15.65
RJ,Bhilwara,Raipur,Raipur,25.28333333,74.15833333,Devaria,"Dug Well",W13823,2008,11.24,10.57,16.06,16.67
RJ,Bhilwara,Sahara,Sahara,25.17083333,74.3,Lakola,"Dug Well",W13827,2008,8.82,8.18,12.68,10.14
RJ,Bhilwara,Sahara,Sahara,25.21666667,74.25972222,Gangapur-2,"Dug Well",W13826,2008,12.64,17.02,21.53,12.72
RJ,Bhilwara,Mandalgarh,Mandalgarh,25.11388889,75.26111111,Salawatia,"Dug Well",W13822,2008,13.18,21.59,23.4,19.5
RJ,Bhilwara,Mandalgarh,Mandalgarh,25.17,75.32277778,Bijolia,"Dug Well",W13820,2008,2.78,7.19,6.21,6.66
RJ,Bhilwara,Mandalgarh,Mandalgarh,25.24444444,75.04166667,Bigod,"Dug Well",W13819,2008,7.15,1.18,1.1,10.2
RJ,Bhilwara,Bhilwara,Suwana,25.18055556,74.58055556,Hamirgarh,"Dug Well",W13806,2008,'0,16.24,12.92,6.53
RJ,Bhilwara,Kotri,Suwana,25.375,74.775,Kodukota,"Dug Well",W13815,2008,3.68,16.1,16.89,7.64
RJ,Bhilwara,Raipur,Raipur,25.37388889,74.10833333,Pitakhera,"Dug Well",W13825,2008,18.07,11.72,13.66,13.57
RJ,Bhilwara,Kotri,Kotri,25.30694444,74.86666667,Sawaipur-1,"Dug Well",W13818,2008,13.1,13.54,13.77,16.09
RJ,Bhilwara,Kotri,Kotri,25.30833333,74.83333333,Sawaipur-2,"Bore Well",W18108,2008,11.13,12.48,12.22,12.65
RJ,Bhilwara,Kotri,Kotri,25.4,74.88333333,Kotri2,"Bore Well",W18107,2008,'0,12.66,10.56,12.28
RJ,Bhilwara,Raipur,Raipur,25.45416667,74.1875,Nangpura,"Dug Well",W13824,2008,12.5,12.42,24.92,6.7
RJ,Bhilwara,Hurda,Hurda,25.86666667,74.55,Gageda-2,"Dug Well",W18104,2007,5.89,6.6,8.69,10.09
RJ,Bhilwara,Raipur,Raipur,25.45416667,74.1875,Nangpura,"Dug Well",W13824,2007,11.38,11.76,11.59,'0
RJ,Bhilwara,Kotri,Kotri,25.51777778,75.09166667,Paroli,"Dug Well",W13817,2007,'0,5.18,3.57,4.9
RJ,Bhilwara,Jahazpur,Jahazpur,25.68333333,75.33333333,Borani,"Dug Well",W18105,2007,10.29,7.76,8.89,12.09
RJ,Bhilwara,Jahazpur,Jahazpur,25.62083333,75.275,Jahajpur,"Dug Well",W13814,2007,7.8,8.28,8.72,10.7
RJ,Bhilwara,Jahazpur,Jahazpur,25.72083333,75.35416667,Amarwasi,"Dug Well",W13812,2007,3.29,2.96,4.39,6.09
RJ,Bhilwara,Jahazpur,Jahazpur,25.63888889,75.11527778,Gulabpura-2,"Dug Well",W13813,2007,11.9,16.34,10.73,'0
RJ,Bhilwara,Jahazpur,Jahazpur,25.64166667,75.18333333,Pander,"Bore Well",W18106,2007,'0,4.48,5.09,'0
RJ,Bhilwara,Banera,Mandal,25.51555556,74.55777778,Jiwanliyan,"Dug Well",W13802,2007,'0,6.74,6.98,'0
RJ,Bhilwara,Mandal,Mandal,25.51666667,74.26666667,Karera,"Bore Well",W18109,2007,10.5,11.54,'0,15.2
RJ,Bhilwara,Banera,Banera,25.4875,74.7,Baneramataji,"Dug Well",W13801,2007,13.82,15.99,17.9,4.52
RJ,Bhilwara,Banera,Banera,25.63333333,74.6,"Raila Road","Dug Well",W13803,2007,'0,6.65,11.75,10.16
RJ,Bhilwara,Shahpura,Shahpura,25.60416667,74.9,Sopura,"Dug Well",W13830,2007,2.88,2.55,9.73,4.88
RJ,Bhilwara,Shahpura,Shahpura,25.75555556,74.90555556,Kanchan-Kala,"Dug Well",W13828,2007,3,5.27,2.96,3.91
RJ,Bhilwara,Shahpura,Shahpura,25.56111111,74.8,"Taswaria Khurd","Dug Well",W13831,2007,6.25,10.89,9.85,14.55
RJ,Bhilwara,Hurda,Hurda,25.9,74.68333333,Gulabpura-1,"Dug Well",W13810,2007,9.01,9.87,16.51,13.66
RJ,Bhilwara,Asind,Asind,25.5975,74.31333333,Tiloli,"Dug Well",W13800,2007,1.05,.59,2.04,3.07
RJ,Bhilwara,Asind,Asind,25.75833333,74.46666667,Barasni,"Dug Well",W13799,2007,7.08,10.1,7.52,14.3
RJ,Bhilwara,Shahpura,Shahpura,25.83611111,74.975,Phulia1,"Dug Well",W13829,2007,15.7,'0,10.5,'0
RJ,Bhilwara,Asind,Asind,25.83333333,74.28333333,Badnor,"Dug Well",W13798,2007,12.84,11.62,'0,13.27
RJ,Bhilwara,Mandalgarh,Mandalgarh,25.28333333,75.09388889,Mandalgarh1,"Dug Well",W13821,2007,13.1,16.7,'0,'0
RJ,Bhilwara,Bhilwara,Suwana,25.25,74.46666667,Gurla,"Dug Well",W13805,2007,'0,15.87,'0,'0
RJ,Bhilwara,Bhilwara,Suwana,25.26944444,74.6375,"Mandapia Rs","Dug Well",W13807,2007,5.3,6.23,9.7,'0
RJ,Bhilwara,Raipur,Raipur,25.28333333,74.15833333,Devaria,"Dug Well",W13823,2007,12.8,5.22,14.12,10.72
RJ,Bhilwara,Sahara,Sahara,25.17083333,74.3,Lakola,"Dug Well",W13827,2007,5.1,4.24,11.65,7.63
RJ,Bhilwara,Sahara,Sahara,25.21666667,74.25972222,Gangapur-2,"Dug Well",W13826,2007,11.28,8.8,13,23.66
RJ,Bhilwara,Mandalgarh,Mandalgarh,25.11388889,75.26111111,Salawatia,"Dug Well",W13822,2007,10.85,21.86,21.87,28.59
RJ,Bhilwara,Mandalgarh,Mandalgarh,25.17,75.32277778,Bijolia,"Dug Well",W13820,2007,3.33,5.61,6.15,7.56
RJ,Bhilwara,Mandalgarh,Mandalgarh,25.24444444,75.04166667,Bigod,"Dug Well",W13819,2007,3.4,2.91,1.15,9.32
RJ,Bhilwara,Bhilwara,Suwana,25.35,74.7,Suwana,"Dug Well",W13808,2007,'0,2.45,4.37,'0
RJ,Bhilwara,Bhilwara,Suwana,25.18055556,74.58055556,Hamirgarh,"Dug Well",W13806,2007,'0,7.78,14.34,'0
RJ,Bhilwara,Kotri,Suwana,25.375,74.775,Kodukota,"Dug Well",W13815,2007,1.95,14.02,7.02,18.76
RJ,Bhilwara,Raipur,Raipur,25.37388889,74.10833333,Pitakhera,"Dug Well",W13825,2007,2.8,3.88,5.97,7.22
RJ,Bhilwara,Kotri,Kotri,25.30694444,74.86666667,Sawaipur-1,"Dug Well",W13818,2007,12.25,12.72,13.15,14.45
RJ,Bhilwara,Kotri,Kotri,25.30833333,74.83333333,Sawaipur-2,"Bore Well",W18108,2007,9.7,12.54,11.7,12.38
RJ,Bhilwara,Kotri,Kotri,25.4,74.88333333,Kotri2,"Bore Well",W18107,2007,9.9,12.1,11.48,11.9
RJ,Bhilwara,Kotri,Kotri,25.39722222,74.89166667,Kotari,"Dug Well",W13816,2007,8.12,9.53,8.94,11.78
RJ,Bhilwara,Asind,Asind,25.63333333,74.58333333,Raila,"Bore Well",W21174,2007,'0,7.59,'0,10.6
RJ,Bhilwara,Kotri,Kotri,25.39722222,74.89166667,Kotari,"Dug Well",W13816,2006,6.27,9.48,8.71,11.44
RJ,Bhilwara,Shahpura,Shahpura,25.60416667,74.9,Sopura,"Dug Well",W13830,2006,1.48,4.15,1.97,5.97
RJ,Bhilwara,Sahara,Sahara,25.21666667,74.25972222,Gangapur-2,"Dug Well",W13826,2006,4.85,12.1,7.64,23.21
RJ,Bhilwara,Mandalgarh,Mandalgarh,25.11388889,75.26111111,Salawatia,"Dug Well",W13822,2006,14,22.6,16.2,18.7
RJ,Bhilwara,Mandalgarh,Mandalgarh,25.17,75.32277778,Bijolia,"Dug Well",W13820,2006,5.93,6.26,4.49,9.23
RJ,Bhilwara,Mandalgarh,Mandalgarh,25.24444444,75.04166667,Bigod,"Dug Well",W13819,2006,1.7,1.27,1.5,11.9
RJ,Bhilwara,Bhilwara,Suwana,25.35,74.7,Suwana,"Dug Well",W13808,2006,.9,11.35,1.87,12.55
RJ,Bhilwara,Bhilwara,Suwana,25.18055556,74.58055556,Hamirgarh,"Dug Well",W13806,2006,5.1,10.19,6.05,14.15
RJ,Bhilwara,Kotri,Suwana,25.375,74.775,Kodukota,"Dug Well",W13815,2006,1.1,11.12,6.95,14.83
RJ,Bhilwara,Raipur,Raipur,25.37388889,74.10833333,Pitakhera,"Dug Well",W13825,2006,2.4,8.46,2.22,13.6
RJ,Bhilwara,Kotri,Kotri,25.30694444,74.86666667,Sawaipur-1,"Dug Well",W13818,2006,4,13.69,10.32,15.4
RJ,Bhilwara,Kotri,Kotri,25.30833333,74.83333333,Sawaipur-2,"Bore Well",W18108,2006,2.4,11.87,9.57,13.78
RJ,Bhilwara,Kotri,Kotri,25.4,74.88333333,Kotri2,"Bore Well",W18107,2006,8.84,12.48,11.12,10.48
RJ,Bhilwara,Shahpura,Shahpura,25.75555556,74.90555556,Kanchan-Kala,"Dug Well",W13828,2006,'0,4.32,4.2,7.68
RJ,Bhilwara,Shahpura,Shahpura,25.56111111,74.8,"Taswaria Khurd","Dug Well",W13831,2006,3.08,16.4,8.3,5.85
RJ,Bhilwara,Hurda,Hurda,25.9,74.68333333,Gulabpura-1,"Dug Well",W13810,2006,7.01,16.71,13.01,20.05
RJ,Bhilwara,Asind,Asind,25.5975,74.31333333,Tiloli,"Dug Well",W13800,2006,.47,2.11,.52,5.05
RJ,Bhilwara,Asind,Asind,25.75833333,74.46666667,Barasni,"Dug Well",W13799,2006,'0,11.45,'0,'0
RJ,Bhilwara,Asind,Asind,25.83333333,74.28333333,Badnor,"Dug Well",W13798,2006,11.17,7.58,9.4,12.03
RJ,Bhilwara,Mandalgarh,Mandalgarh,25.28333333,75.09388889,Mandalgarh1,"Dug Well",W13821,2006,14.7,18.23,'0,'0
RJ,Bhilwara,Bhilwara,Suwana,25.26944444,74.6375,"Mandapia Rs","Dug Well",W13807,2006,3,10.46,6.75,12.56
RJ,Bhilwara,Raipur,Raipur,25.28333333,74.15833333,Devaria,"Dug Well",W13823,2006,3.75,17.14,8.01,20.65
RJ,Bhilwara,Hurda,Hurda,25.86666667,74.55,Gageda-2,"Dug Well",W18104,2006,1.95,8.91,3.09,12.69
RJ,Bhilwara,Raipur,Raipur,25.45416667,74.1875,Nangpura,"Dug Well",W13824,2006,'0,24.88,11.81,'0
RJ,Bhilwara,Kotri,Kotri,25.51777778,75.09166667,Paroli,"Dug Well",W13817,2006,4.02,3.3,2.59,'0
RJ,Bhilwara,Jahazpur,Jahazpur,25.68333333,75.33333333,Borani,"Dug Well",W18105,2006,7.89,9.29,7.07,4.94
RJ,Bhilwara,Jahazpur,Jahazpur,25.62083333,75.275,Jahajpur,"Dug Well",W13814,2006,3.48,5.25,7.55,7.25
RJ,Bhilwara,Jahazpur,Jahazpur,25.72083333,75.35416667,Amarwasi,"Dug Well",W13812,2006,1.46,2.96,2.59,5.09
RJ,Bhilwara,Jahazpur,Jahazpur,25.63888889,75.11527778,Gulabpura-2,"Dug Well",W13813,2006,7.42,16.19,12.24,12.5
RJ,Bhilwara,Jahazpur,Jahazpur,25.64166667,75.18333333,Pander,"Bore Well",W18106,2006,'0,'0,4.55,'0
RJ,Bhilwara,Banera,Mandal,25.51555556,74.55777778,Jiwanliyan,"Dug Well",W13802,2006,6.56,6.5,4.26,8.66
RJ,Bhilwara,Mandal,Mandal,25.51666667,74.26666667,Karera,"Bore Well",W18109,2006,14.3,19.15,'0,22.46
RJ,Bhilwara,Banera,Banera,25.4875,74.7,Baneramataji,"Dug Well",W13801,2006,4.23,16.13,13.66,18.26
RJ,Bhilwara,Banera,Banera,25.63333333,74.6,"Raila Road","Dug Well",W13803,2006,7.22,13.91,7.11,16.75
RJ,Bhilwara,Sahara,Sahara,25.17083333,74.3,Lakola,"Dug Well",W13827,2006,1.67,5.05,2.83,8.14
RJ,Bhilwara,Kotri,Kotri,25.39722222,74.89166667,Kotari,"Dug Well",W13816,2005,9.57,7.32,8.62,9.17
RJ,Bhilwara,Shahpura,Shahpura,25.60416667,74.9,Sopura,"Dug Well",W13830,2005,4.52,2.68,3.44,4.07
RJ,Bhilwara,Sahara,Sahara,25.21666667,74.25972222,Gangapur-2,"Dug Well",W13826,2005,16.28,16.76,9.08,23.06
RJ,Bhilwara,Mandalgarh,Mandalgarh,25.11388889,75.26111111,Salawatia,"Dug Well",W13822,2005,18.68,20.35,21.26,26.01
RJ,Bhilwara,Mandalgarh,Mandalgarh,25.17,75.32277778,Bijolia,"Dug Well",W13820,2005,3.78,5.03,5.11,8.21
RJ,Bhilwara,Mandalgarh,Mandalgarh,25.24444444,75.04166667,Bigod,"Dug Well",W13819,2005,'0,1.34,1.78,9.27
RJ,Bhilwara,Bhilwara,Suwana,25.33333333,74.63333333,Bhilwara,"Dug Well",W13804,2005,'0,12.15,'0,'0
RJ,Bhilwara,Bhilwara,Suwana,25.35,74.7,Suwana,"Dug Well",W13808,2005,10.7,11.05,10.92,12.5
RJ,Bhilwara,Bhilwara,Suwana,25.18055556,74.58055556,Hamirgarh,"Dug Well",W13806,2005,13.11,12.42,10.44,13.87
RJ,Bhilwara,Kotri,Suwana,25.375,74.775,Kodukota,"Dug Well",W13815,2005,8.41,13.98,9.15,12.79
RJ,Bhilwara,Raipur,Raipur,25.37388889,74.10833333,Pitakhera,"Dug Well",W13825,2005,4.33,18.33,4.6,15.28
RJ,Bhilwara,Kotri,Kotri,25.30694444,74.86666667,Sawaipur-1,"Dug Well",W13818,2005,13.75,13.45,13.4,14.45
RJ,Bhilwara,Kotri,Kotri,25.30833333,74.83333333,Sawaipur-2,"Bore Well",W18108,2005,14.3,12.06,'0,'0
RJ,Bhilwara,Kotri,Kotri,25.4,74.88333333,Kotri2,"Bore Well",W18107,2005,11,9.3,11.45,'0
RJ,Bhilwara,Shahpura,Shahpura,25.75555556,74.90555556,Kanchan-Kala,"Dug Well",W13828,2005,7.74,5.7,3.44,5.39
RJ,Bhilwara,Shahpura,Shahpura,25.56111111,74.8,"Taswaria Khurd","Dug Well",W13831,2005,12.99,9.55,11.52,13.65
RJ,Bhilwara,Hurda,Hurda,25.9,74.68333333,Gulabpura-1,"Dug Well",W13810,2005,8.84,19.78,18.38,19.75
RJ,Bhilwara,Asind,Asind,25.5975,74.31333333,Tiloli,"Dug Well",W13800,2005,2.95,5.15,1,3.17
RJ,Bhilwara,Asind,Asind,25.75833333,74.46666667,Barasni,"Dug Well",W13799,2005,11.13,9.2,8.66,14.85
RJ,Bhilwara,Shahpura,Shahpura,25.83611111,74.975,Phulia1,"Dug Well",W13829,2005,'0,8.85,'0,'0
RJ,Bhilwara,Asind,Asind,25.83333333,74.28333333,Badnor,"Dug Well",W13798,2005,7.48,5.18,7.56,8.66
RJ,Bhilwara,Mandalgarh,Mandalgarh,25.28333333,75.09388889,Mandalgarh1,"Dug Well",W13821,2005,23.6,15.44,17.76,19.5
RJ,Bhilwara,Bhilwara,Suwana,25.25,74.46666667,Gurla,"Dug Well",W13805,2005,'0,24.68,'0,'0
RJ,Bhilwara,Bhilwara,Suwana,25.26944444,74.6375,"Mandapia Rs","Dug Well",W13807,2005,11.8,17.26,9.95,12.53
RJ,Bhilwara,Raipur,Raipur,25.28333333,74.15833333,Devaria,"Dug Well",W13823,2005,17.5,17.26,16.94,17.18
RJ,Bhilwara,Hurda,Hurda,25.86666667,74.55,Gageda-2,"Dug Well",W18104,2005,11.42,12.11,6.95,14.15
RJ,Bhilwara,Raipur,Raipur,25.45416667,74.1875,Nangpura,"Dug Well",W13824,2005,23.58,19.91,20.88,24.48
RJ,Bhilwara,Kotri,Kotri,25.51777778,75.09166667,Paroli,"Dug Well",W13817,2005,3.3,'0,2.82,3.65
RJ,Bhilwara,Jahazpur,Jahazpur,25.68333333,75.33333333,Borani,"Dug Well",W18105,2005,8.93,8.05,'0,10.1
RJ,Bhilwara,Jahazpur,Jahazpur,25.62083333,75.275,Jahajpur,"Dug Well",W13814,2005,4.65,6.76,4.67,9.38
RJ,Bhilwara,Jahazpur,Jahazpur,25.72083333,75.35416667,Amarwasi,"Dug Well",W13812,2005,2.34,1.83,2.39,3.25
RJ,Bhilwara,Jahazpur,Jahazpur,25.63888889,75.11527778,Gulabpura-2,"Dug Well",W13813,2005,20.8,11.8,15.07,'0
RJ,Bhilwara,Jahazpur,Jahazpur,25.64166667,75.18333333,Pander,"Bore Well",W18106,2005,8.2,8.24,'0,'0
RJ,Bhilwara,Banera,Mandal,25.51555556,74.55777778,Jiwanliyan,"Dug Well",W13802,2005,8.2,5.93,6.2,7.2
RJ,Bhilwara,Mandal,Mandal,25.51666667,74.26666667,Karera,"Bore Well",W18109,2005,17.9,21.7,18.32,'0
RJ,Bhilwara,Banera,Banera,25.4875,74.7,Baneramataji,"Dug Well",W13801,2005,14.5,7.83,15.8,16.61
RJ,Bhilwara,Banera,Banera,25.63333333,74.6,"Raila Road","Dug Well",W13803,2005,14.05,10.79,12.92,12.55
RJ,Bhilwara,Sahara,Sahara,25.17083333,74.3,Lakola,"Dug Well",W13827,2005,5.65,8.4,3.94,12.38
RJ,Bhilwara,Kotri,Kotri,25.39722222,74.89166667,Kotari,"Dug Well",W13816,2003,'0,12.08,'0,14.58
RJ,Bhilwara,Sahara,Sahara,25.17083333,74.3,Lakola,"Dug Well",W13827,2003,'0,15.42,'0,'0
RJ,Bhilwara,Sahara,Sahara,25.21666667,74.25972222,Gangapur-2,"Dug Well",W13826,2003,'0,24.8,'0,25.1
RJ,Bhilwara,Mandalgarh,Mandalgarh,25.11388889,75.26111111,Salawatia,"Dug Well",W13822,2003,'0,26.64,'0,25.29
RJ,Bhilwara,Mandalgarh,Mandalgarh,25.17,75.32277778,Bijolia,"Dug Well",W13820,2003,'0,6.55,'0,9.95
RJ,Bhilwara,Mandalgarh,Mandalgarh,25.24444444,75.04166667,Bigod,"Dug Well",W13819,2003,'0,2.28,'0,20.36
RJ,Bhilwara,Kotri,Suwana,25.375,74.775,Kodukota,"Dug Well",W13815,2003,'0,18.72,'0,18.4
RJ,Bhilwara,Raipur,Raipur,25.37388889,74.10833333,Pitakhera,"Dug Well",W13825,2003,'0,14.92,'0,16.43
RJ,Bhilwara,Kotri,Kotri,25.30694444,74.86666667,Sawaipur-1,"Dug Well",W13818,2003,'0,14.27,'0,27.85
RJ,Bhilwara,Shahpura,Shahpura,25.56111111,74.8,"Taswaria Khurd","Dug Well",W13831,2003,'0,18.8,'0,19.85
RJ,Bhilwara,Hurda,Hurda,25.9,74.68333333,Gulabpura-1,"Dug Well",W13810,2003,'0,20.04,'0,19.94
RJ,Bhilwara,Hurda,Hurda,25.86333333,74.55777778,Gageda-1,"Dug Well",W13809,2003,'0,12.38,'0,14
RJ,Bhilwara,Asind,Asind,25.5975,74.31333333,Tiloli,"Dug Well",W13800,2003,'0,6.02,'0,14.64
RJ,Bhilwara,Asind,Asind,25.75833333,74.46666667,Barasni,"Dug Well",W13799,2003,'0,15.48,'0,18.21
RJ,Bhilwara,Shahpura,Shahpura,25.83611111,74.975,Phulia1,"Dug Well",W13829,2003,'0,'0,'0,8.38
RJ,Bhilwara,Asind,Asind,25.83333333,74.28333333,Badnor,"Dug Well",W13798,2003,'0,8.8,'0,10.55
RJ,Bhilwara,Bhilwara,Suwana,25.25,74.46666667,Gurla,"Dug Well",W13805,2003,'0,16.15,'0,'0
RJ,Bhilwara,Raipur,Raipur,25.28333333,74.15833333,Devaria,"Dug Well",W13823,2003,'0,32.88,'0,16.91
RJ,Bhilwara,Raipur,Raipur,25.45416667,74.1875,Nangpura,"Dug Well",W13824,2003,'0,21.21,'0,'0
RJ,Bhilwara,Kotri,Kotri,25.51777778,75.09166667,Paroli,"Dug Well",W13817,2003,'0,5.79,'0,'0
RJ,Bhilwara,Jahazpur,Jahazpur,25.62083333,75.275,Jahajpur,"Dug Well",W13814,2003,'0,11.63,'0,12.82
RJ,Bhilwara,Jahazpur,Jahazpur,25.72083333,75.35416667,Amarwasi,"Dug Well",W13812,2003,'0,5.76,'0,5.92
RJ,Bhilwara,Jahazpur,Jahazpur,25.63888889,75.11527778,Gulabpura-2,"Dug Well",W13813,2003,'0,17.05,'0,'0
RJ,Bhilwara,Banera,Banera,25.4875,74.7,Baneramataji,"Dug Well",W13801,2003,'0,18.37,'0,18.09
RJ,Bhilwara,Banera,Banera,25.63333333,74.6,"Raila Road","Dug Well",W13803,2003,'0,16.36,'0,17.22
RJ,Bhilwara,Shahpura,Shahpura,25.60416667,74.9,Sopura,"Dug Well",W13830,2003,'0,8.56,'0,9.56
RJ,Bhilwara,Shahpura,Shahpura,25.75555556,74.90555556,Kanchan-Kala,"Dug Well",W13828,2003,'0,10.06,'0,12.26
RJ,Bhilwara,Kotri,Kotri,25.39722222,74.89166667,Kotari,"Dug Well",W13816,2002,9.67,9.12,10.59,12.15
RJ,Bhilwara,Shahpura,Shahpura,25.75555556,74.90555556,Kanchan-Kala,"Dug Well",W13828,2002,6.19,2.89,9.8,6.4
RJ,Bhilwara,Mandalgarh,Mandalgarh,25.11388889,75.26111111,Salawatia,"Dug Well",W13822,2002,12.47,21.99,21.98,27.8
RJ,Bhilwara,Mandalgarh,Mandalgarh,25.17,75.32277778,Bijolia,"Dug Well",W13820,2002,2.91,5.59,5.73,8.8
RJ,Bhilwara,Mandalgarh,Mandalgarh,25.24444444,75.04166667,Bigod,"Dug Well",W13819,2002,11.21,1.44,10.9,'0
RJ,Bhilwara,Bhilwara,Suwana,25.33333333,74.63333333,Bhilwara,"Dug Well",W13804,2002,'0,'0,14.75,'0
RJ,Bhilwara,Bhilwara,Suwana,25.35,74.7,Suwana,"Dug Well",W13808,2002,'0,8.92,'0,'0
RJ,Bhilwara,Bhilwara,Suwana,25.18055556,74.58055556,Hamirgarh,"Dug Well",W13806,2002,20.33,'0,21.04,'0
RJ,Bhilwara,Kotri,Suwana,25.375,74.775,Kodukota,"Dug Well",W13815,2002,5.53,6.05,12.37,17.07
RJ,Bhilwara,Raipur,Raipur,25.37388889,74.10833333,Pitakhera,"Dug Well",W13825,2002,14.87,12.73,13.26,'0
RJ,Bhilwara,Kotri,Kotri,25.30694444,74.86666667,Sawaipur-1,"Dug Well",W13818,2002,13.69,14.47,14.41,21.2
RJ,Bhilwara,Shahpura,Shahpura,25.56111111,74.8,"Taswaria Khurd","Dug Well",W13831,2002,11.21,13.89,18.52,17.7
RJ,Bhilwara,Hurda,Hurda,25.9,74.68333333,Gulabpura-1,"Dug Well",W13810,2002,'0,9.15,15.49,'0
RJ,Bhilwara,Hurda,Hurda,25.86333333,74.55777778,Gageda-1,"Dug Well",W13809,2002,10.87,7.09,'0,'0
RJ,Bhilwara,Asind,Asind,25.5975,74.31333333,Tiloli,"Dug Well",W13800,2002,6.9,2.85,13.01,13.94
RJ,Bhilwara,Asind,Asind,25.75833333,74.46666667,Barasni,"Dug Well",W13799,2002,9.45,6.82,14.33,8.9
RJ,Bhilwara,Shahpura,Shahpura,25.83611111,74.975,Phulia1,"Dug Well",W13829,2002,'0,9.87,'0,'0
RJ,Bhilwara,Asind,Asind,25.83333333,74.28333333,Badnor,"Dug Well",W13798,2002,6.58,4.21,9.35,6.82
RJ,Bhilwara,Mandalgarh,Mandalgarh,25.28333333,75.09388889,Mandalgarh1,"Dug Well",W13821,2002,'0,18.25,19.88,'0
RJ,Bhilwara,Bhilwara,Suwana,25.25,74.46666667,Gurla,"Dug Well",W13805,2002,16.26,13.86,19.1,'0
RJ,Bhilwara,Bhilwara,Suwana,25.26944444,74.6375,"Mandapia Rs","Dug Well",W13807,2002,22.17,11.77,'0,'0
RJ,Bhilwara,Raipur,Raipur,25.28333333,74.15833333,Devaria,"Dug Well",W13823,2002,25.68,14.82,'0,23.16
RJ,Bhilwara,Sahara,Sahara,25.17083333,74.3,Lakola,"Dug Well",W13827,2002,15.93,9.19,15.13,14.5
RJ,Bhilwara,Raipur,Raipur,25.45416667,74.1875,Nangpura,"Dug Well",W13824,2002,25.49,24.46,21.75,'0
RJ,Bhilwara,Kotri,Kotri,25.51777778,75.09166667,Paroli,"Dug Well",W13817,2002,3.83,2.48,3.68,'0
RJ,Bhilwara,Jahazpur,Jahazpur,25.62083333,75.275,Jahajpur,"Dug Well",W13814,2002,8.89,4.59,10.74,7.45
RJ,Bhilwara,Jahazpur,Jahazpur,25.72083333,75.35416667,Amarwasi,"Dug Well",W13812,2002,3.64,1.96,4.87,3.36
RJ,Bhilwara,Jahazpur,Jahazpur,25.63888889,75.11527778,Gulabpura-2,"Dug Well",W13813,2002,15.43,15.5,'0,'0
RJ,Bhilwara,Banera,Banera,25.4875,74.7,Baneramataji,"Dug Well",W13801,2002,18.15,13.32,17.97,19.4
RJ,Bhilwara,Banera,Banera,25.63333333,74.6,"Raila Road","Dug Well",W13803,2002,14.35,10.45,15.17,14.4
RJ,Bhilwara,Shahpura,Shahpura,25.60416667,74.9,Sopura,"Dug Well",W13830,2002,6.31,8.41,7.67,6.8
RJ,Bhilwara,Sahara,Sahara,25.21666667,74.25972222,Gangapur-2,"Dug Well",W13826,2002,24.78,23.81,24.94,25.24
RJ,Bhilwara,Kotri,Kotri,25.39722222,74.89166667,Kotari,"Dug Well",W13816,2001,7.01,11.75,7.46,14.24
RJ,Bhilwara,Shahpura,Shahpura,25.75555556,74.90555556,Kanchan-Kala,"Dug Well",W13828,2001,4.45,6.03,4.6,7.74
RJ,Bhilwara,Mandalgarh,Mandalgarh,25.11388889,75.26111111,Salawatia,"Dug Well",W13822,2001,25.31,'0,'0,29.03
RJ,Bhilwara,Mandalgarh,Mandalgarh,25.17,75.32277778,Bijolia,"Dug Well",W13820,2001,3.28,7.88,3.56,8.85
RJ,Bhilwara,Mandalgarh,Mandalgarh,25.24444444,75.04166667,Bigod,"Dug Well",W13819,2001,7.55,6.63,7.32,'0
RJ,Bhilwara,Bhilwara,Suwana,25.33333333,74.63333333,Bhilwara,"Dug Well",W13804,2001,7.65,'0,7.66,'0
RJ,Bhilwara,Bhilwara,Suwana,25.35,74.7,Suwana,"Dug Well",W13808,2001,5.15,7.24,4.99,'0
RJ,Bhilwara,Bhilwara,Suwana,25.18055556,74.58055556,Hamirgarh,"Dug Well",W13806,2001,11.16,16.21,14.41,22.22
RJ,Bhilwara,Kotri,Suwana,25.375,74.775,Kodukota,"Dug Well",W13815,2001,7.02,3.3,7.17,'0
RJ,Bhilwara,Raipur,Raipur,25.37388889,74.10833333,Pitakhera,"Dug Well",W13825,2001,17.05,15.68,17.07,17.15
RJ,Bhilwara,Kotri,Kotri,25.30694444,74.86666667,Sawaipur-1,"Dug Well",W13818,2001,13.05,14.76,14.12,25.57
RJ,Bhilwara,Shahpura,Shahpura,25.56111111,74.8,"Taswaria Khurd","Dug Well",W13831,2001,6.17,13.82,10.57,19.36
RJ,Bhilwara,Hurda,Hurda,25.9,74.68333333,Gulabpura-1,"Dug Well",W13810,2001,12.17,21.2,8.3,20.94
RJ,Bhilwara,Hurda,Hurda,25.86333333,74.55777778,Gageda-1,"Dug Well",W13809,2001,12.01,10.87,10.51,13.01
RJ,Bhilwara,Asind,Asind,25.5975,74.31333333,Tiloli,"Dug Well",W13800,2001,10.09,3.87,6.9,14.96
RJ,Bhilwara,Asind,Asind,25.75833333,74.46666667,Barasni,"Dug Well",W13799,2001,9.92,13.85,7.21,20.33
RJ,Bhilwara,Shahpura,Shahpura,25.83611111,74.975,Phulia1,"Dug Well",W13829,2001,9.42,10.23,8.91,'0
RJ,Bhilwara,Asind,Asind,25.83333333,74.28333333,Badnor,"Dug Well",W13798,2001,6.1,6.8,5,'0
RJ,Bhilwara,Mandalgarh,Mandalgarh,25.28333333,75.09388889,Mandalgarh1,"Dug Well",W13821,2001,15.25,19.36,17.26,'0
RJ,Bhilwara,Bhilwara,Suwana,25.26944444,74.6375,"Mandapia Rs","Dug Well",W13807,2001,7.29,10,8.88,15.67
RJ,Bhilwara,Raipur,Raipur,25.28333333,74.15833333,Devaria,"Dug Well",W13823,2001,18.25,18.08,13.72,18.61
RJ,Bhilwara,Sahara,Sahara,25.17083333,74.3,Lakola,"Dug Well",W13827,2001,15.22,15.05,13.28,16.19
RJ,Bhilwara,Raipur,Raipur,25.45416667,74.1875,Nangpura,"Dug Well",W13824,2001,3.15,'0,'0,'0
RJ,Bhilwara,Kotri,Kotri,25.51777778,75.09166667,Paroli,"Dug Well",W13817,2001,2.2,4.25,1.77,6.4
RJ,Bhilwara,Jahazpur,Jahazpur,25.62083333,75.275,Jahajpur,"Dug Well",W13814,2001,6.27,4.87,7.22,11.04
RJ,Bhilwara,Jahazpur,Jahazpur,25.72083333,75.35416667,Amarwasi,"Dug Well",W13812,2001,1.65,2.05,3.34,4.37
RJ,Bhilwara,Jahazpur,Jahazpur,25.63888889,75.11527778,Gulabpura-2,"Dug Well",W13813,2001,7.52,'0,8.5,'0
RJ,Bhilwara,Banera,Mandal,25.51555556,74.55777778,Jiwanliyan,"Dug Well",W13802,2001,9.25,'0,8.07,'0
RJ,Bhilwara,Banera,Banera,25.4875,74.7,Baneramataji,"Dug Well",W13801,2001,12.65,17.8,16.15,7.25
RJ,Bhilwara,Banera,Banera,25.63333333,74.6,"Raila Road","Dug Well",W13803,2001,12.52,15.72,9.47,18.47
RJ,Bhilwara,Shahpura,Shahpura,25.60416667,74.9,Sopura,"Dug Well",W13830,2001,6.06,8.66,7.43,9.55
RJ,Bhilwara,Sahara,Sahara,25.21666667,74.25972222,Gangapur-2,"Dug Well",W13826,2001,15.09,20.6,23.18,23.87
RJ,Bhilwara,Sahara,Sahara,25.21666667,74.25972222,Gangapur-2,"Dug Well",W13826,2000,16.97,19.66,19.74,20.35
RJ,Bhilwara,Shahpura,Shahpura,25.75555556,74.90555556,Kanchan-Kala,"Dug Well",W13828,2000,1.92,9.76,3.99,3.96
RJ,Bhilwara,Mandalgarh,Mandalgarh,25.17,75.32277778,Bijolia,"Dug Well",W13820,2000,4.45,6.55,6.04,7.85
RJ,Bhilwara,Mandalgarh,Mandalgarh,25.24444444,75.04166667,Bigod,"Dug Well",W13819,2000,5.82,2.55,2.6,'0
RJ,Bhilwara,Bhilwara,Suwana,25.33333333,74.63333333,Bhilwara,"Dug Well",W13804,2000,7.77,10.43,9.62,'0
RJ,Bhilwara,Bhilwara,Suwana,25.35,74.7,Suwana,"Dug Well",W13808,2000,4.03,7.09,4.33,'0
RJ,Bhilwara,Bhilwara,Suwana,25.18055556,74.58055556,Hamirgarh,"Dug Well",W13806,2000,6.43,10.68,'0,15.42
RJ,Bhilwara,Kotri,Suwana,25.375,74.775,Kodukota,"Dug Well",W13815,2000,1.8,3.89,2.59,15.25
RJ,Bhilwara,Raipur,Raipur,25.37388889,74.10833333,Pitakhera,"Dug Well",W13825,2000,9.46,14.06,15.09,17.8
RJ,Bhilwara,Kotri,Kotri,25.30694444,74.86666667,Sawaipur-1,"Dug Well",W13818,2000,11.15,14.43,14.02,17.6
RJ,Bhilwara,Kotri,Kotri,25.39722222,74.89166667,Kotari,"Dug Well",W13816,2000,9.85,11.01,10.48,14.47
RJ,Bhilwara,Shahpura,Shahpura,25.56111111,74.8,"Taswaria Khurd","Dug Well",W13831,2000,5.8,14.05,10.58,18.38
RJ,Bhilwara,Hurda,Hurda,25.9,74.68333333,Gulabpura-1,"Dug Well",W13810,2000,19.28,18.51,15.52,20.71
RJ,Bhilwara,Hurda,Hurda,25.86333333,74.55777778,Gageda-1,"Dug Well",W13809,2000,8.16,10.94,9.26,12.83
RJ,Bhilwara,Asind,Asind,25.5975,74.31333333,Tiloli,"Dug Well",W13800,2000,3.56,2.76,13.7,13.8
RJ,Bhilwara,Asind,Asind,25.75833333,74.46666667,Barasni,"Dug Well",W13799,2000,9.26,12.84,12.1,15.6
RJ,Bhilwara,Shahpura,Shahpura,25.83611111,74.975,Phulia1,"Dug Well",W13829,2000,9.62,12.09,9.21,'0
RJ,Bhilwara,Asind,Asind,25.83333333,74.28333333,Badnor,"Dug Well",W13798,2000,8.94,7.22,7,10
RJ,Bhilwara,Mandalgarh,Mandalgarh,25.28333333,75.09388889,Mandalgarh1,"Dug Well",W13821,2000,20.9,'0,18.37,'0
RJ,Bhilwara,Bhilwara,Suwana,25.25,74.46666667,Gurla,"Dug Well",W13805,2000,'0,15.92,'0,'0
RJ,Bhilwara,Bhilwara,Suwana,25.26944444,74.6375,"Mandapia Rs","Dug Well",W13807,2000,4.9,6.66,8.28,11.3
RJ,Bhilwara,Raipur,Raipur,25.28333333,74.15833333,Devaria,"Dug Well",W13823,2000,21.98,18.04,21.65,18.18
RJ,Bhilwara,Sahara,Sahara,25.17083333,74.3,Lakola,"Dug Well",W13827,2000,13.92,11.5,14.67,13.73
RJ,Bhilwara,Raipur,Raipur,25.45416667,74.1875,Nangpura,"Dug Well",W13824,2000,'0,'0,'0,14.48
RJ,Bhilwara,Kotri,Kotri,25.51777778,75.09166667,Paroli,"Dug Well",W13817,2000,6.15,4.06,3.79,6.28
RJ,Bhilwara,Jahazpur,Jahazpur,25.62083333,75.275,Jahajpur,"Dug Well",W13814,2000,4.73,7.03,8.95,11.66
RJ,Bhilwara,Jahazpur,Jahazpur,25.72083333,75.35416667,Amarwasi,"Dug Well",W13812,2000,1.24,5.25,1.83,6.66
RJ,Bhilwara,Jahazpur,Jahazpur,25.63888889,75.11527778,Gulabpura-2,"Dug Well",W13813,2000,7.97,'0,17.8,'0
RJ,Bhilwara,Banera,Mandal,25.51555556,74.55777778,Jiwanliyan,"Dug Well",W13802,2000,8.15,'0,8.08,'0
RJ,Bhilwara,Banera,Banera,25.4875,74.7,Baneramataji,"Dug Well",W13801,2000,12.35,15.92,13.22,19.79
RJ,Bhilwara,Banera,Banera,25.63333333,74.6,"Raila Road","Dug Well",W13803,2000,13.96,15.16,15.49,21.28
RJ,Bhilwara,Shahpura,Shahpura,25.60416667,74.9,Sopura,"Dug Well",W13830,2000,6.8,7.57,7.95,8.78
RJ,Bhilwara,Mandalgarh,Mandalgarh,25.11388889,75.26111111,Salawatia,"Dug Well",W13822,2000,3.97,25.02,18.52,'0
RJ,Bhilwara,Kotri,Kotri,25.30694444,74.86666667,Sawaipur-1,"Dug Well",W13818,1999,12.1,14.72,14.18,19.04
RJ,Bhilwara,Shahpura,Shahpura,25.75555556,74.90555556,Kanchan-Kala,"Dug Well",W13828,1999,2.47,'0,4.57,5.19
RJ,Bhilwara,Raipur,Raipur,25.28333333,74.15833333,Devaria,"Dug Well",W13823,1999,21.03,22.12,20.9,23.31
RJ,Bhilwara,Sahara,Sahara,25.17083333,74.3,Lakola,"Dug Well",W13827,1999,10.37,7.72,10.56,8.7
RJ,Bhilwara,Sahara,Sahara,25.21666667,74.25972222,Gangapur-2,"Dug Well",W13826,1999,18.52,19.07,18.38,17.37
RJ,Bhilwara,Mandalgarh,Mandalgarh,25.11388889,75.26111111,Salawatia,"Dug Well",W13822,1999,2.4,24.7,17.33,'0
RJ,Bhilwara,Mandalgarh,Mandalgarh,25.17,75.32277778,Bijolia,"Dug Well",W13820,1999,2.73,6.18,5.14,8.68
RJ,Bhilwara,Mandalgarh,Mandalgarh,25.24444444,75.04166667,Bigod,"Dug Well",W13819,1999,5.75,2.32,2.57,'0
RJ,Bhilwara,Bhilwara,Suwana,25.33333333,74.63333333,Bhilwara,"Dug Well",W13804,1999,8.2,9.22,8.89,'0
RJ,Bhilwara,Bhilwara,Suwana,25.35,74.7,Suwana,"Dug Well",W13808,1999,3.61,7.73,6.62,10.42
RJ,Bhilwara,Bhilwara,Suwana,25.18055556,74.58055556,Hamirgarh,"Dug Well",W13806,1999,6.22,'0,9.44,14.12
RJ,Bhilwara,Kotri,Suwana,25.375,74.775,Kodukota,"Dug Well",W13815,1999,2.34,5.12,3.35,'0
RJ,Bhilwara,Raipur,Raipur,25.37388889,74.10833333,Pitakhera,"Dug Well",W13825,1999,8.1,12.92,13.32,13.4
RJ,Bhilwara,Shahpura,Shahpura,25.56111111,74.8,"Taswaria Khurd","Dug Well",W13831,1999,8.55,9.52,3.55,12.39
RJ,Bhilwara,Hurda,Hurda,25.9,74.68333333,Gulabpura-1,"Dug Well",W13810,1999,18.5,9.03,10.78,20.56
RJ,Bhilwara,Hurda,Hurda,25.72777778,74.63055556,Kanwaliawas,"Dug Well",W13811,1999,'0,7.4,'0,'0
RJ,Bhilwara,Hurda,Hurda,25.86333333,74.55777778,Gageda-1,"Dug Well",W13809,1999,7.98,8.13,9.56,'0
RJ,Bhilwara,Asind,Asind,25.5975,74.31333333,Tiloli,"Dug Well",W13800,1999,2.21,2.78,10.5,4.6
RJ,Bhilwara,Asind,Asind,25.75833333,74.46666667,Barasni,"Dug Well",W13799,1999,8.7,7.58,8.96,12.2
RJ,Bhilwara,Shahpura,Shahpura,25.83611111,74.975,Phulia1,"Dug Well",W13829,1999,15.43,12.68,9.4,'0
RJ,Bhilwara,Asind,Asind,25.83333333,74.28333333,Badnor,"Dug Well",W13798,1999,6.83,'0,6.8,7.08
RJ,Bhilwara,Mandalgarh,Mandalgarh,25.28333333,75.09388889,Mandalgarh1,"Dug Well",W13821,1999,16.95,17.4,16,19.47
RJ,Bhilwara,Bhilwara,Suwana,25.25,74.46666667,Gurla,"Dug Well",W13805,1999,'0,17.62,'0,'0
RJ,Bhilwara,Bhilwara,Suwana,25.26944444,74.6375,"Mandapia Rs","Dug Well",W13807,1999,5.64,10.72,7.23,'0
RJ,Bhilwara,Raipur,Raipur,25.45416667,74.1875,Nangpura,"Dug Well",W13824,1999,'0,16.12,'0,'0
RJ,Bhilwara,Kotri,Kotri,25.51777778,75.09166667,Paroli,"Dug Well",W13817,1999,5.89,6.09,6.96,6.88
RJ,Bhilwara,Jahazpur,Jahazpur,25.62083333,75.275,Jahajpur,"Dug Well",W13814,1999,5.58,7.36,6.09,12.4
RJ,Bhilwara,Jahazpur,Jahazpur,25.72083333,75.35416667,Amarwasi,"Dug Well",W13812,1999,2.4,4.56,4.06,7.6
RJ,Bhilwara,Jahazpur,Jahazpur,25.63888889,75.11527778,Gulabpura-2,"Dug Well",W13813,1999,6.53,'0,7.07,12.41
RJ,Bhilwara,Banera,Mandal,25.51555556,74.55777778,Jiwanliyan,"Dug Well",W13802,1999,7.69,10.41,8.9,9.48
RJ,Bhilwara,Banera,Banera,25.4875,74.7,Baneramataji,"Dug Well",W13801,1999,12.82,7.28,13.9,'0
RJ,Bhilwara,Banera,Banera,25.63333333,74.6,"Raila Road","Dug Well",W13803,1999,13.71,13.07,14.58,15.41
RJ,Bhilwara,Shahpura,Shahpura,25.60416667,74.9,Sopura,"Dug Well",W13830,1999,9.35,6.13,6.36,7.66
RJ,Bhilwara,Kotri,Kotri,25.39722222,74.89166667,Kotari,"Dug Well",W13816,1999,9.2,11,10.5,10.05
RJ,Bhilwara,Kotri,Kotri,25.30694444,74.86666667,Sawaipur-1,"Dug Well",W13818,1998,14.48,13.95,14.08,16.54
RJ,Bhilwara,Shahpura,Shahpura,25.75555556,74.90555556,Kanchan-Kala,"Dug Well",W13828,1998,4.42,2.31,3.27,4.76
RJ,Bhilwara,Raipur,Raipur,25.28333333,74.15833333,Devaria,"Dug Well",W13823,1998,17.97,14.8,6.47,16.84
RJ,Bhilwara,Sahara,Sahara,25.17083333,74.3,Lakola,"Dug Well",W13827,1998,7.05,5.98,7.39,6.77
RJ,Bhilwara,Sahara,Sahara,25.21666667,74.25972222,Gangapur-2,"Dug Well",W13826,1998,18.5,10.42,16.77,18.06
RJ,Bhilwara,Mandalgarh,Mandalgarh,25.11388889,75.26111111,Salawatia,"Dug Well",W13822,1998,15,12.48,18.87,8.46
RJ,Bhilwara,Mandalgarh,Mandalgarh,25.17,75.32277778,Bijolia,"Dug Well",W13820,1998,3.22,4.86,4.68,8.46
RJ,Bhilwara,Mandalgarh,Mandalgarh,25.24444444,75.04166667,Bigod,"Dug Well",W13819,1998,9.39,2.41,13.73,8.97
RJ,Bhilwara,Bhilwara,Suwana,25.33333333,74.63333333,Bhilwara,"Dug Well",W13804,1998,9.4,7.28,8.3,9.9
RJ,Bhilwara,Bhilwara,Suwana,25.35,74.7,Suwana,"Dug Well",W13808,1998,6.88,4.69,6.82,7.27
RJ,Bhilwara,Bhilwara,Suwana,25.18055556,74.58055556,Hamirgarh,"Dug Well",W13806,1998,10.03,5.96,9.87,9.01
RJ,Bhilwara,Kotri,Suwana,25.375,74.775,Kodukota,"Dug Well",W13815,1998,'0,2.91,3.35,7.92
RJ,Bhilwara,Raipur,Raipur,25.37388889,74.10833333,Pitakhera,"Dug Well",W13825,1998,12.63,13.39,8.59,15.72
RJ,Bhilwara,Shahpura,Shahpura,25.56111111,74.8,"Taswaria Khurd","Dug Well",W13831,1998,7.11,7.76,5.28,12.63
RJ,Bhilwara,Hurda,Hurda,25.9,74.68333333,Gulabpura-1,"Dug Well",W13810,1998,5.8,8.14,5.94,9.97
RJ,Bhilwara,Hurda,Hurda,25.72777778,74.63055556,Kanwaliawas,"Dug Well",W13811,1998,8.95,'0,5.76,6.62
RJ,Bhilwara,Hurda,Hurda,25.86333333,74.55777778,Gageda-1,"Dug Well",W13809,1998,4.86,6.94,8.06,10.11
RJ,Bhilwara,Asind,Asind,25.5975,74.31333333,Tiloli,"Dug Well",W13800,1998,3.18,1.71,1.96,3.07
RJ,Bhilwara,Asind,Asind,25.75833333,74.46666667,Barasni,"Dug Well",W13799,1998,8.12,5.15,6.42,8.4
RJ,Bhilwara,Shahpura,Shahpura,25.83611111,74.975,Phulia1,"Dug Well",W13829,1998,10.85,8.25,11.11,9.25
RJ,Bhilwara,Asind,Asind,25.83333333,74.28333333,Badnor,"Dug Well",W13798,1998,5.35,2,5.25,5.16
RJ,Bhilwara,Mandalgarh,Mandalgarh,25.28333333,75.09388889,Mandalgarh1,"Dug Well",W13821,1998,17.6,12.04,17.12,15.76
RJ,Bhilwara,Bhilwara,Suwana,25.25,74.46666667,Gurla,"Dug Well",W13805,1998,17.37,16.92,17.6,16.96
RJ,Bhilwara,Bhilwara,Suwana,25.26944444,74.6375,"Mandapia Rs","Dug Well",W13807,1998,10,6.79,8.09,9.02
RJ,Bhilwara,Raipur,Raipur,25.45416667,74.1875,Nangpura,"Dug Well",W13824,1998,'0,14.96,8.1,14.99
RJ,Bhilwara,Kotri,Kotri,25.51777778,75.09166667,Paroli,"Dug Well",W13817,1998,3.6,2.6,4.43,4.53
RJ,Bhilwara,Jahazpur,Jahazpur,25.62083333,75.275,Jahajpur,"Dug Well",W13814,1998,7.85,4.57,7.32,6.88
RJ,Bhilwara,Jahazpur,Jahazpur,25.72083333,75.35416667,Amarwasi,"Dug Well",W13812,1998,3.41,2.5,4.03,4.34
RJ,Bhilwara,Jahazpur,Jahazpur,25.63888889,75.11527778,Gulabpura-2,"Dug Well",W13813,1998,19.66,'0,10.15,20.54
RJ,Bhilwara,Banera,Mandal,25.51555556,74.55777778,Jiwanliyan,"Dug Well",W13802,1998,8.22,6.38,8.12,8.66
RJ,Bhilwara,Banera,Banera,25.4875,74.7,Baneramataji,"Dug Well",W13801,1998,13.85,12.7,13.86,16.45
RJ,Bhilwara,Banera,Banera,25.63333333,74.6,"Raila Road","Dug Well",W13803,1998,12.62,9.12,11.78,12.22
RJ,Bhilwara,Shahpura,Shahpura,25.60416667,74.9,Sopura,"Dug Well",W13830,1998,4,3.97,5.05,4.47
RJ,Bhilwara,Kotri,Kotri,25.39722222,74.89166667,Kotari,"Dug Well",W13816,1998,10.45,9.83,9.45,11.19
RJ,Bhilwara,Kotri,Kotri,25.30694444,74.86666667,Sawaipur-1,"Dug Well",W13818,1997,9.59,11.2,13.52,14.78
RJ,Bhilwara,Kotri,Kotri,25.39722222,74.89166667,Kotari,"Dug Well",W13816,1997,7.32,5.85,9.35,9.75
RJ,Bhilwara,Raipur,Raipur,25.28333333,74.15833333,Devaria,"Dug Well",W13823,1997,'0,1.61,11.36,16.15
RJ,Bhilwara,Sahara,Sahara,25.17083333,74.3,Lakola,"Dug Well",W13827,1997,6.27,4.99,5.79,5.68
RJ,Bhilwara,Sahara,Sahara,25.21666667,74.25972222,Gangapur-2,"Dug Well",W13826,1997,9.13,8.14,'0,15.8
RJ,Bhilwara,Mandalgarh,Mandalgarh,25.11388889,75.26111111,Salawatia,"Dug Well",W13822,1997,1.49,17.9,9.44,21.03
RJ,Bhilwara,Mandalgarh,Mandalgarh,25.17,75.32277778,Bijolia,"Dug Well",W13820,1997,2.12,4.87,8.12,6.55
RJ,Bhilwara,Mandalgarh,Mandalgarh,25.24444444,75.04166667,Bigod,"Dug Well",W13819,1997,3.15,1.6,1.26,7.78
RJ,Bhilwara,Bhilwara,Suwana,25.33333333,74.63333333,Bhilwara,"Dug Well",W13804,1997,5.95,6.61,7.21,11.38
RJ,Bhilwara,Bhilwara,Suwana,25.35,74.7,Suwana,"Dug Well",W13808,1997,2.9,3.85,5.03,7.39
RJ,Bhilwara,Bhilwara,Suwana,25.18055556,74.58055556,Hamirgarh,"Dug Well",W13806,1997,4.75,2.64,4.36,5.78
RJ,Bhilwara,Kotri,Suwana,25.375,74.775,Kodukota,"Dug Well",W13815,1997,2.04,3.46,4.53,4.77
RJ,Bhilwara,Raipur,Raipur,25.37388889,74.10833333,Pitakhera,"Dug Well",W13825,1997,7.32,9.97,10.56,14.65
RJ,Bhilwara,Hurda,Hurda,25.9,74.68333333,Gulabpura-1,"Dug Well",W13810,1997,9.28,6.36,11.8,8.78
RJ,Bhilwara,Hurda,Hurda,25.72777778,74.63055556,Kanwaliawas,"Dug Well",W13811,1997,'0,2.01,4.48,4.06
RJ,Bhilwara,Hurda,Hurda,25.86333333,74.55777778,Gageda-1,"Dug Well",W13809,1997,3.98,6.19,3.57,6.22
RJ,Bhilwara,Asind,Asind,25.5975,74.31333333,Tiloli,"Dug Well",W13800,1997,1.61,1.77,1.69,2.7
RJ,Bhilwara,Asind,Asind,25.75833333,74.46666667,Barasni,"Dug Well",W13799,1997,3.96,7.86,4.61,3.76
RJ,Bhilwara,Shahpura,Shahpura,25.83611111,74.975,Phulia1,"Dug Well",W13829,1997,8.84,7.99,8.12,9.28
RJ,Bhilwara,Asind,Asind,25.83333333,74.28333333,Badnor,"Dug Well",W13798,1997,6.58,5.83,2.52,6.67
RJ,Bhilwara,Mandalgarh,Mandalgarh,25.28333333,75.09388889,Mandalgarh1,"Dug Well",W13821,1997,11.75,8.5,10.17,15.04
RJ,Bhilwara,Bhilwara,Suwana,25.25,74.46666667,Gurla,"Dug Well",W13805,1997,16.6,14.22,15.7,14.02
RJ,Bhilwara,Bhilwara,Suwana,25.26944444,74.6375,"Mandapia Rs","Dug Well",W13807,1997,5.61,6.94,7.1,8.15
RJ,Bhilwara,Raipur,Raipur,25.45416667,74.1875,Nangpura,"Dug Well",W13824,1997,13.73,10.94,14.1,15.5
RJ,Bhilwara,Kotri,Kotri,25.51777778,75.09166667,Paroli,"Dug Well",W13817,1997,1.92,1.19,4.72,4.1
RJ,Bhilwara,Jahazpur,Jahazpur,25.62083333,75.275,Jahajpur,"Dug Well",W13814,1997,5.28,5.98,5.31,6.85
RJ,Bhilwara,Jahazpur,Jahazpur,25.72083333,75.35416667,Amarwasi,"Dug Well",W13812,1997,1.6,1.28,4.68,3.6
RJ,Bhilwara,Jahazpur,Jahazpur,25.63888889,75.11527778,Gulabpura-2,"Dug Well",W13813,1997,6.15,8.71,4.53,17.82
RJ,Bhilwara,Banera,Mandal,25.51555556,74.55777778,Jiwanliyan,"Dug Well",W13802,1997,5.43,5.4,7.43,6.24
RJ,Bhilwara,Banera,Banera,25.4875,74.7,Baneramataji,"Dug Well",W13801,1997,9.43,7.07,9.62,13.04
RJ,Bhilwara,Banera,Banera,25.63333333,74.6,"Raila Road","Dug Well",W13803,1997,8.85,9.37,7.99,12.62
RJ,Bhilwara,Shahpura,Shahpura,25.60416667,74.9,Sopura,"Dug Well",W13830,1997,1.52,1.82,7.77,4.04
RJ,Bhilwara,Shahpura,Shahpura,25.75555556,74.90555556,Kanchan-Kala,"Dug Well",W13828,1997,2.33,1.34,2.6,3.63
RJ,Bhilwara,Shahpura,Shahpura,25.56111111,74.8,"Taswaria Khurd","Dug Well",W13831,1997,4.22,6.86,5.76,11.37
RJ,Bhilwara,Kotri,Kotri,25.30694444,74.86666667,Sawaipur-1,"Dug Well",W13818,1996,3.34,11.21,8.96,27.4
RJ,Bhilwara,Shahpura,Shahpura,25.56111111,74.8,"Taswaria Khurd","Dug Well",W13831,1996,6.51,10.2,6.56,'0
RJ,Bhilwara,Raipur,Raipur,25.28333333,74.15833333,Devaria,"Dug Well",W13823,1996,8.02,6.6,1.56,15.2
RJ,Bhilwara,Sahara,Sahara,25.17083333,74.3,Lakola,"Dug Well",W13827,1996,1.99,7.7,4.05,6.55
RJ,Bhilwara,Sahara,Sahara,25.21666667,74.25972222,Gangapur-2,"Dug Well",W13826,1996,9.96,19.7,6.28,17.3
RJ,Bhilwara,Mandalgarh,Mandalgarh,25.11388889,75.26111111,Salawatia,"Dug Well",W13822,1996,8.83,17.43,10.92,20
RJ,Bhilwara,Mandalgarh,Mandalgarh,25.17,75.32277778,Bijolia,"Dug Well",W13820,1996,1.87,5.97,4.58,12.1
RJ,Bhilwara,Mandalgarh,Mandalgarh,25.24444444,75.04166667,Bigod,"Dug Well",W13819,1996,1.96,1.72,1.69,9.95
RJ,Bhilwara,Bhilwara,Suwana,25.33333333,74.63333333,Bhilwara,"Dug Well",W13804,1996,5.34,7.72,6.05,'0
RJ,Bhilwara,Bhilwara,Suwana,25.35,74.7,Suwana,"Dug Well",W13808,1996,1.67,6.37,3.28,'0
RJ,Bhilwara,Bhilwara,Suwana,25.18055556,74.58055556,Hamirgarh,"Dug Well",W13806,1996,2.94,6.12,3.32,7.5
RJ,Bhilwara,Kotri,Suwana,25.375,74.775,Kodukota,"Dug Well",W13815,1996,1.44,3.97,4.7,13.05
RJ,Bhilwara,Raipur,Raipur,25.37388889,74.10833333,Pitakhera,"Dug Well",W13825,1996,'0,12.03,9.74,'0
RJ,Bhilwara,Hurda,Hurda,25.9,74.68333333,Gulabpura-1,"Dug Well",W13810,1996,2.49,7.92,7.13,20.4
RJ,Bhilwara,Hurda,Hurda,25.72777778,74.63055556,Kanwaliawas,"Dug Well",W13811,1996,2.81,4.44,2.4,15.2
RJ,Bhilwara,Hurda,Hurda,25.86333333,74.55777778,Gageda-1,"Dug Well",W13809,1996,'0,7.79,5.93,'0
RJ,Bhilwara,Asind,Asind,25.5975,74.31333333,Tiloli,"Dug Well",W13800,1996,1.54,1.7,1.58,4.3
RJ,Bhilwara,Asind,Asind,25.75833333,74.46666667,Barasni,"Dug Well",W13799,1996,4.86,'0,'0,8.1
RJ,Bhilwara,Shahpura,Shahpura,25.83611111,74.975,Phulia1,"Dug Well",W13829,1996,3.76,9.67,7.95,13.6
RJ,Bhilwara,Asind,Asind,25.83333333,74.28333333,Badnor,"Dug Well",W13798,1996,2.91,3.65,5.43,5.6
RJ,Bhilwara,Mandalgarh,Mandalgarh,25.28333333,75.09388889,Mandalgarh1,"Dug Well",W13821,1996,6.26,11.12,6.54,16.3
RJ,Bhilwara,Bhilwara,Suwana,25.25,74.46666667,Gurla,"Dug Well",W13805,1996,6.81,14.63,11.98,17.2
RJ,Bhilwara,Bhilwara,Suwana,25.26944444,74.6375,"Mandapia Rs","Dug Well",W13807,1996,2.21,9.03,6.54,11.2
RJ,Bhilwara,Raipur,Raipur,25.45416667,74.1875,Nangpura,"Dug Well",W13824,1996,'0,15,10.89,'0
RJ,Bhilwara,Kotri,Kotri,25.51777778,75.09166667,Paroli,"Dug Well",W13817,1996,2.12,2.23,1.02,7.5
RJ,Bhilwara,Jahazpur,Jahazpur,25.62083333,75.275,Jahajpur,"Dug Well",W13814,1996,4.6,5.12,5.84,10.5
RJ,Bhilwara,Jahazpur,Jahazpur,25.72083333,75.35416667,Amarwasi,"Dug Well",W13812,1996,2.12,3.25,1.18,7.2
RJ,Bhilwara,Jahazpur,Jahazpur,25.63888889,75.11527778,Gulabpura-2,"Dug Well",W13813,1996,3.57,12.46,8.52,9.2
RJ,Bhilwara,Banera,Mandal,25.51555556,74.55777778,Jiwanliyan,"Dug Well",W13802,1996,5.09,7.11,4.75,9.55
RJ,Bhilwara,Banera,Banera,25.4875,74.7,Baneramataji,"Dug Well",W13801,1996,9.44,13.07,6.83,16.8
RJ,Bhilwara,Banera,Banera,25.63333333,74.6,"Raila Road","Dug Well",W13803,1996,5.96,12.26,8.42,15.2
RJ,Bhilwara,Shahpura,Shahpura,25.60416667,74.9,Sopura,"Dug Well",W13830,1996,2.94,5.25,1.6,7.2
RJ,Bhilwara,Shahpura,Shahpura,25.75555556,74.90555556,Kanchan-Kala,"Dug Well",W13828,1996,'0,2.2,1.09,'0
RJ,Bhilwara,Kotri,Kotri,25.39722222,74.89166667,Kotari,"Dug Well",W13816,1996,'0,9.87,6.29,12.1
RJ,Bhilwara,Kotri,Kotri,25.30694444,74.86666667,Sawaipur-1,"Dug Well",W13818,1995,5.95,12.27,13.95,12.6
RJ,Bhilwara,Shahpura,Shahpura,25.56111111,74.8,"Taswaria Khurd","Dug Well",W13831,1995,10.23,8.9,9.52,12.5
RJ,Bhilwara,Sahara,Sahara,25.17083333,74.3,Lakola,"Dug Well",W13827,1995,2.05,6.26,7.67,7.1
RJ,Bhilwara,Sahara,Sahara,25.21666667,74.25972222,Gangapur-2,"Dug Well",W13826,1995,12.37,15.82,19.02,19.4
RJ,Bhilwara,Mandalgarh,Mandalgarh,25.11388889,75.26111111,Salawatia,"Dug Well",W13822,1995,10.03,14.35,12.9,21.1
RJ,Bhilwara,Mandalgarh,Mandalgarh,25.17,75.32277778,Bijolia,"Dug Well",W13820,1995,2.21,5,4.78,8.75
RJ,Bhilwara,Mandalgarh,Mandalgarh,25.24444444,75.04166667,Bigod,"Dug Well",W13819,1995,2.32,2.1,2.02,7.9
RJ,Bhilwara,Bhilwara,Suwana,25.33333333,74.63333333,Bhilwara,"Dug Well",W13804,1995,5.71,6.28,7.19,7.25
RJ,Bhilwara,Bhilwara,Suwana,25.35,74.7,Suwana,"Dug Well",W13808,1995,3.13,6.34,4.9,9.4
RJ,Bhilwara,Bhilwara,Suwana,25.18055556,74.58055556,Hamirgarh,"Dug Well",W13806,1995,3.23,2.17,3.39,4.4
RJ,Bhilwara,Kotri,Suwana,25.375,74.775,Kodukota,"Dug Well",W13815,1995,2.95,'0,6.35,8.05
RJ,Bhilwara,Raipur,Raipur,25.37388889,74.10833333,Pitakhera,"Dug Well",W13825,1995,8.03,8.5,10.75,12.5
RJ,Bhilwara,Hurda,Hurda,25.9,74.68333333,Gulabpura-1,"Dug Well",W13810,1995,8.63,'0,6.91,6.7
RJ,Bhilwara,Hurda,Hurda,25.72777778,74.63055556,Kanwaliawas,"Dug Well",W13811,1995,3.65,3.65,3.65,4.05
RJ,Bhilwara,Hurda,Hurda,25.86333333,74.55777778,Gageda-1,"Dug Well",W13809,1995,'0,5.18,4.72,'0
RJ,Bhilwara,Asind,Asind,25.5975,74.31333333,Tiloli,"Dug Well",W13800,1995,5.13,2.93,2.58,6.02
RJ,Bhilwara,Asind,Asind,25.75833333,74.46666667,Barasni,"Dug Well",W13799,1995,6.3,3.55,3.4,7.05
RJ,Bhilwara,Shahpura,Shahpura,25.83611111,74.975,Phulia1,"Dug Well",W13829,1995,8.23,8.05,8.85,5.8
RJ,Bhilwara,Asind,Asind,25.83333333,74.28333333,Badnor,"Dug Well",W13798,1995,4.61,6,4.38,6.17
RJ,Bhilwara,Mandalgarh,Mandalgarh,25.28333333,75.09388889,Mandalgarh1,"Dug Well",W13821,1995,5.28,6.95,9.17,12.1
RJ,Bhilwara,Bhilwara,Suwana,25.25,74.46666667,Gurla,"Dug Well",W13805,1995,8.2,10.7,13.2,16.05
RJ,Bhilwara,Bhilwara,Suwana,25.26944444,74.6375,"Mandapia Rs","Dug Well",W13807,1995,6.44,7.87,8.79,10.9
RJ,Bhilwara,Raipur,Raipur,25.28333333,74.15833333,Devaria,"Dug Well",W13823,1995,9.81,16.5,'0,17.3
RJ,Bhilwara,Raipur,Raipur,25.45416667,74.1875,Nangpura,"Dug Well",W13824,1995,'0,11.1,12.1,14.25
RJ,Bhilwara,Kotri,Kotri,25.51777778,75.09166667,Paroli,"Dug Well",W13817,1995,6.13,2.4,3.65,5.75
RJ,Bhilwara,Jahazpur,Jahazpur,25.62083333,75.275,Jahajpur,"Dug Well",W13814,1995,5.66,4.9,7.28,9.44
RJ,Bhilwara,Jahazpur,Jahazpur,25.72083333,75.35416667,Amarwasi,"Dug Well",W13812,1995,3.87,2.3,3.08,4.57
RJ,Bhilwara,Jahazpur,Jahazpur,25.63888889,75.11527778,Gulabpura-2,"Dug Well",W13813,1995,2.42,9.05,'0,17.11
RJ,Bhilwara,Banera,Mandal,25.51555556,74.55777778,Jiwanliyan,"Dug Well",W13802,1995,4.37,5.43,5.05,6.4
RJ,Bhilwara,Banera,Banera,25.4875,74.7,Baneramataji,"Dug Well",W13801,1995,9.37,7.25,12.73,12.22
RJ,Bhilwara,Banera,Banera,25.63333333,74.6,"Raila Road","Dug Well",W13803,1995,11.63,9.38,11.6,12.5
RJ,Bhilwara,Shahpura,Shahpura,25.60416667,74.9,Sopura,"Dug Well",W13830,1995,3.1,2.85,4.8,5.05
RJ,Bhilwara,Shahpura,Shahpura,25.75555556,74.90555556,Kanchan-Kala,"Dug Well",W13828,1995,'0,1.5,3.22,8.8
RJ,Bhilwara,Kotri,Kotri,25.39722222,74.89166667,Kotari,"Dug Well",W13816,1995,4.37,8.16,9.69,9.3
RJ,Bhilwara,Kotri,Kotri,25.39722222,74.89166667,Kotari,"Dug Well",W13816,1994,4.1,11.37,6.85,15.6
RJ,Bhilwara,Shahpura,Shahpura,25.56111111,74.8,"Taswaria Khurd","Dug Well",W13831,1994,5.63,7.05,5.96,18.34
RJ,Bhilwara,Mandalgarh,Mandalgarh,25.11388889,75.26111111,Salawatia,"Dug Well",W13822,1994,6.76,12.61,13.64,27.2
RJ,Bhilwara,Mandalgarh,Mandalgarh,25.17,75.32277778,Bijolia,"Dug Well",W13820,1994,2.39,4.85,3.02,11.65
RJ,Bhilwara,Mandalgarh,Mandalgarh,25.24444444,75.04166667,Bigod,"Dug Well",W13819,1994,1.55,2.2,1.56,9.72
RJ,Bhilwara,Bhilwara,Suwana,25.33333333,74.63333333,Bhilwara,"Dug Well",W13804,1994,5.81,9.42,'0,'0
RJ,Bhilwara,Bhilwara,Suwana,25.35,74.7,Suwana,"Dug Well",W13808,1994,'0,9.22,5.78,9.58
RJ,Bhilwara,Bhilwara,Suwana,25.18055556,74.58055556,Hamirgarh,"Dug Well",W13806,1994,2.8,8.24,3,10.5
RJ,Bhilwara,Kotri,Suwana,25.375,74.775,Kodukota,"Dug Well",W13815,1994,1.25,4,2.08,8.94
RJ,Bhilwara,Raipur,Raipur,25.37388889,74.10833333,Pitakhera,"Dug Well",W13825,1994,3.64,12,10.83,16.8
RJ,Bhilwara,Kotri,Kotri,25.30694444,74.86666667,Sawaipur-1,"Dug Well",W13818,1994,12.45,14.1,10.21,20.82
RJ,Bhilwara,Hurda,Hurda,25.9,74.68333333,Gulabpura-1,"Dug Well",W13810,1994,1.87,10.8,8.75,15.37
RJ,Bhilwara,Hurda,Hurda,25.72777778,74.63055556,Kanwaliawas,"Dug Well",W13811,1994,6.2,9.2,4.02,9.3
RJ,Bhilwara,Hurda,Hurda,25.86333333,74.55777778,Gageda-1,"Dug Well",W13809,1994,4.8,9.9,6.85,12.8
RJ,Bhilwara,Asind,Asind,25.5975,74.31333333,Tiloli,"Dug Well",W13800,1994,5.05,5.5,2.32,15.22
RJ,Bhilwara,Asind,Asind,25.75833333,74.46666667,Barasni,"Dug Well",W13799,1994,5.78,10.81,7.24,16.34
RJ,Bhilwara,Shahpura,Shahpura,25.83611111,74.975,Phulia1,"Dug Well",W13829,1994,1.45,9.61,7.9,11.4
RJ,Bhilwara,Asind,Asind,25.83333333,74.28333333,Badnor,"Dug Well",W13798,1994,'0,7.3,4.4,11.45
RJ,Bhilwara,Mandalgarh,Mandalgarh,25.28333333,75.09388889,Mandalgarh1,"Dug Well",W13821,1994,6.24,'0,10.06,18.37
RJ,Bhilwara,Bhilwara,Suwana,25.25,74.46666667,Gurla,"Dug Well",W13805,1994,12.76,14.06,12.75,'0
RJ,Bhilwara,Bhilwara,Suwana,25.26944444,74.6375,"Mandapia Rs","Dug Well",W13807,1994,6.98,'0,7.94,'0
RJ,Bhilwara,Raipur,Raipur,25.28333333,74.15833333,Devaria,"Dug Well",W13823,1994,12.1,18.1,16.84,17.86
RJ,Bhilwara,Raipur,Raipur,25.45416667,74.1875,Nangpura,"Dug Well",W13824,1994,'0,13.01,11.87,'0
RJ,Bhilwara,Kotri,Kotri,25.51777778,75.09166667,Paroli,"Dug Well",W13817,1994,'0,3.45,1.76,5.95
RJ,Bhilwara,Jahazpur,Jahazpur,25.62083333,75.275,Jahajpur,"Dug Well",W13814,1994,2.34,3.45,5.44,11
RJ,Bhilwara,Jahazpur,Jahazpur,25.72083333,75.35416667,Amarwasi,"Dug Well",W13812,1994,1.36,3.96,1.75,6.64
RJ,Bhilwara,Jahazpur,Jahazpur,25.63888889,75.11527778,Gulabpura-2,"Dug Well",W13813,1994,5.51,'0,8.74,20.36
RJ,Bhilwara,Banera,Mandal,25.51555556,74.55777778,Jiwanliyan,"Dug Well",W13802,1994,3.55,6.55,5.26,8.1
RJ,Bhilwara,Banera,Banera,25.4875,74.7,Baneramataji,"Dug Well",W13801,1994,'0,14.8,5.89,17.55
RJ,Bhilwara,Banera,Banera,25.63333333,74.6,"Raila Road","Dug Well",W13803,1994,7.54,12.7,8.14,14.85
RJ,Bhilwara,Shahpura,Shahpura,25.60416667,74.9,Sopura,"Dug Well",W13830,1994,6.55,'0,2.23,7.8
RJ,Bhilwara,Shahpura,Shahpura,25.75555556,74.90555556,Kanchan-Kala,"Dug Well",W13828,1994,'0,'0,1.9,6.9
RJ,Bhilwara,Sahara,Sahara,25.17083333,74.3,Lakola,"Dug Well",W13827,1994,7.81,8.83,5.88,10.33
