STATE,DISTRICT,TEH_NAME,BLOCK_NAME,LAT,LON,SITE_NAME,SITE_TYPE,WLCODE,YEAR_OBS,MONSOON,POMRB,POMKH,PREMON
MS,Dhule,Shirpur,Shirpur,21.46055556,74.89972222,Samaryapada,"Dug Well",W27155,2018,'0,'0,'0,4.5
MS,Dhule,Shindkhede,Shindkhede,21.32361111,74.57333333,Dondaicha-1,"Dug Well",W27057,2018,'0,11.29,'0,'0
MS,Dhule,Shindkhede,Shindkhede,21.32361111,74.57333333,Dondaicha-1,"Dug Well",W27057,2018,'0,'0,'0,10.8
MS,Dhule,Dhule,Dhule,20.89,74.83805556,Phagne,"Dug Well",W26775,2018,'0,5.75,'0,'0
MS,Dhule,Dhule,Dhule,20.89,74.83805556,Phagne,"Dug Well",W26775,2018,'0,'0,'0,5.6
MS,Dhule,Shirpur,Shirpur,21.29611111,75.01694444,Saver,"Dug Well",W27045,2018,'0,9.4,'0,'0
MS,Dhule,Shirpur,Shirpur,21.29611111,75.01694444,Saver,"Dug Well",W27045,2018,'0,'0,'0,11.1
MS,Dhule,Sakri,Sakri,20.92361111,74.37722222,Dhamnar,"Dug Well",W31307,2018,'0,6.65,'0,'0
MS,Dhule,Sakri,Sakri,20.92361111,74.37722222,Dhamnar,"Dug Well",W31307,2018,'0,'0,'0,11
MS,Dhule,Shirpur-warwade,Sakri,20.97222222,74.44444444,Ichhapur,"Dug Well",W17265,2018,'0,2.85,'0,'0
MS,Dhule,Shirpur-warwade,Sakri,20.97222222,74.44444444,Ichhapur,"Dug Well",W17265,2018,'0,'0,'0,7.8
MS,Dhule,Shirpur-warwade,Sakri,20.98333333,74.31666667,Sakri2,"Dug Well",W07047,2018,'0,8.72,'0,'0
MS,Dhule,Shirpur-warwade,Sakri,20.98333333,74.31666667,Sakri2,"Dug Well",W07047,2018,'0,'0,'0,9.85
MS,Dhule,Shirpur-warwade,Sakri,21.00416667,73.85611111,Charanmal,"Dug Well",W17263,2018,'0,1.6,'0,'0
MS,Dhule,Shirpur-warwade,Sakri,21.00416667,73.85611111,Charanmal,"Dug Well",W17263,2018,'0,'0,'0,10
MS,Dhule,Shirpur-warwade,Sakri,21.21666667,74.23333333,Chadwel,"Dug Well",W17262,2018,'0,9.85,'0,'0
MS,Dhule,Shirpur-warwade,Sakri,21.21666667,74.23333333,Chadwel,"Dug Well",W17262,2018,'0,'0,'0,12.5
MS,Dhule,Shirpur-warwade,Sakri,21.06666667,74.16388889,Dahival,"Dug Well",W17264,2018,'0,5.5,'0,'0
MS,Dhule,Shirpur-warwade,Sakri,21.06666667,74.16388889,Dahival,"Dug Well",W17264,2018,'0,'0,'0,9
MS,Dhule,Dhule,Shindkhede,21.18333333,74.68333333,Chimthane,"Dug Well",W17247,2018,'0,9.25,'0,'0
MS,Dhule,Dhule,Shindkhede,21.18333333,74.68333333,Chimthane,"Dug Well",W17247,2018,'0,'0,'0,10.1
MS,Dhule,Dhule,Shindkhede,21.21666667,74.81666667,Nardana,"Dug Well",W07033,2018,'0,7.06,'0,'0
MS,Dhule,Dhule,Shindkhede,21.21666667,74.81666667,Nardana,"Dug Well",W07033,2018,'0,'0,'0,6.8
MS,Dhule,Dhule,Shindkhede,21.24583333,74.6375,Methi,"Dug Well",W07032,2018,'0,14.2,'0,'0
MS,Dhule,Dhule,Shindkhede,21.24583333,74.6375,Methi,"Dug Well",W07032,2018,'0,'0,'0,11.8
MS,Dhule,Dondaicha-warwade,Dhule,20.96666667,74.775,Nangaon,"Dug Well",W07038,2018,'0,3.67,'0,'0
MS,Dhule,Dondaicha-warwade,Dhule,20.96666667,74.775,Nangaon,"Dug Well",W07038,2018,'0,'0,'0,3.85
MS,Dhule,Shirpur,Shirpur,21.52083333,74.9,Boradi,"Dug Well",W17258,2018,'0,10.62,'0,'0
MS,Dhule,Shirpur,Shirpur,21.52083333,74.9,Boradi,"Dug Well",W17258,2018,'0,'0,'0,12
MS,Dhule,Shirpur,Shirpur,21.525,75.04722222,Palasner,"Dug Well",W07044,2018,'0,8.3,'0,'0
MS,Dhule,Shirpur,Shirpur,21.525,75.04722222,Palasner,"Dug Well",W07044,2018,'0,'0,'0,9
MS,Dhule,Shirpur,Shirpur,21.26666667,75.10888889,Hisala,"Dug Well",W17259,2018,'0,21.65,'0,'0
MS,Dhule,Shirpur,Shirpur,21.26666667,75.10888889,Hisala,"Dug Well",W17259,2018,'0,'0,'0,20
MS,Dhule,Shirpur,Shirpur,21.48333333,74.98333333,Sangivi,"Dug Well",W07045,2018,'0,4.55,'0,'0
MS,Dhule,Shirpur,Shirpur,21.48333333,74.98333333,Sangivi,"Dug Well",W07045,2018,'0,'0,'0,7.3
MS,Dhule,Shirpur-warwade,Sakri,20.95,73.96666667,"Burdi Pada","Dug Well",W17261,2018,'0,4.07,'0,'0
MS,Dhule,Shirpur-warwade,Sakri,20.95,73.96666667,"Burdi Pada","Dug Well",W17261,2018,'0,'0,'0,7.5
MS,Dhule,Shirpur-warwade,Sakri,20.95,74.125,Pimpalner,"Dug Well",W07046,2018,'0,2.01,'0,'0
MS,Dhule,Shirpur-warwade,Sakri,20.95,74.125,Pimpalner,"Dug Well",W07046,2018,'0,'0,'0,3.6
MS,Dhule,Dhule,Shindkhede,21.27083333,74.74583333,Sindkheda,"Dug Well",W07034,2018,'0,16.99,'0,'0
MS,Dhule,Dhule,Shindkhede,21.27083333,74.74583333,Sindkheda,"Dug Well",W07034,2018,'0,'0,'0,17
MS,Dhule,Dondaicha-warwade,Dhule,20.82083333,74.74583333,Laling-1,"Dug Well",W07035,2018,'0,5.48,'0,'0
MS,Dhule,Dondaicha-warwade,Dhule,20.82083333,74.74583333,Laling-1,"Dug Well",W07035,2018,'0,'0,'0,10.75
MS,Dhule,Dondaicha-warwade,Dhule,20.825,74.6,Ajnale,"Dug Well",W17250,2018,'0,2.85,'0,'0
MS,Dhule,Dondaicha-warwade,Dhule,20.825,74.6,Ajnale,"Dug Well",W17250,2018,'0,'0,'0,4
MS,Dhule,Dondaicha-warwade,Dhule,20.825,74.81666667,Narwhal,"Dug Well",W07039,2018,'0,5.25,'0,'0
MS,Dhule,Dondaicha-warwade,Dhule,20.825,74.81666667,Narwhal,"Dug Well",W07039,2018,'0,'0,'0,7.7
MS,Dhule,Dondaicha-warwade,Dhule,20.94916667,74.525,Ner-2,"Bore Well",W07041,2018,'0,14.46,'0,'0
MS,Dhule,Dondaicha-warwade,Dhule,20.94916667,74.525,Ner-2,"Bore Well",W07041,2018,'0,'0,'0,11
MS,Dhule,Dondaicha-warwade,Dhule,20.90416667,74.76666667,Dhule,"Dug Well",W17253,2018,'0,6.28,'0,'0
MS,Dhule,Dondaicha-warwade,Dhule,20.90416667,74.76666667,Dhule,"Dug Well",W17253,2018,'0,'0,'0,8.8
MS,Dhule,Dondaicha-warwade,Dhule,20.72833333,74.7,Purmepada(pur),"Dug Well",W07042,2018,'0,3.38,'0,'0
MS,Dhule,Dondaicha-warwade,Dhule,20.72833333,74.7,Purmepada(pur),"Dug Well",W07042,2018,'0,'0,'0,6
MS,Dhule,Dondaicha-warwade,Dhule,20.85,74.78333333,Avdhan,"Dug Well",W17251,2018,'0,4.79,'0,'0
MS,Dhule,Dondaicha-warwade,Dhule,20.85,74.78333333,Avdhan,"Dug Well",W17251,2018,'0,'0,'0,8.8
MS,Dhule,Dondaicha-warwade,Dhule,20.88333333,74.95,Mukti,"Dug Well",W07037,2018,'0,6.1,'0,'0
MS,Dhule,Dondaicha-warwade,Dhule,20.88333333,74.95,Mukti,"Dug Well",W07037,2018,'0,'0,'0,11.4
MS,Dhule,Shirpur,Shirpur,21.33333333,74.91305556,Kalamsare,"Bore Well",W17260,2018,'0,18.32,'0,'0
MS,Dhule,Sakri,Sakri,21.1,74.33027778,Nizampur,"Dug Well",W26914,2018,'0,4.85,'0,'0
MS,Dhule,Sakri,Sakri,21.1,74.33027778,Nizampur,"Dug Well",W26914,2018,'0,'0,'0,8.6
MS,Dhule,Sakri,Sakri,21.14611111,74.42194444,Dusane,"Dug Well",W26951,2018,'0,4.57,'0,'0
MS,Dhule,Sakri,Sakri,21.14611111,74.42194444,Dusane,"Dug Well",W26951,2018,'0,'0,'0,5.85
MS,Dhule,Shindkhede,Shindkhede,21.10638889,74.72972222,Dangurne,"Dug Well",W26921,2018,'0,'0,'0,7.3
MS,Dhule,Shindkhede,Shindkhede,21.15638889,74.5925,Shewade,"Dug Well",W26958,2018,'0,6.95,'0,'0
MS,Dhule,Shindkhede,Shindkhede,21.15638889,74.5925,Shewade,"Dug Well",W26958,2018,'0,'0,'0,4.65
MS,Dhule,Dhule,Dhule,20.9075,74.59833333,Kusumba,"Dug Well",W26784,2018,'0,9.7,'0,'0
MS,Dhule,Dhule,Dhule,20.93611111,74.51472222,Ner-1,"Dug Well",W26801,2018,'0,9.1,'0,'0
MS,Dhule,Dhule,Dhule,20.93611111,74.51472222,Ner-1,"Dug Well",W26801,2018,'0,'0,'0,9.35
MS,Dhule,Dhule,Dhule,20.71805556,74.83111111,Borkund,"Dug Well",W26666,2018,'0,5.9,'0,'0
MS,Dhule,Dhule,Dhule,20.71805556,74.83111111,Borkund,"Dug Well",W26666,2018,'0,'0,'0,5.1
MS,Dhule,Shirpur,Shirpur,21.42388889,74.98138889,Hadakhed,"Dug Well",W27126,2018,'0,4.21,'0,'0
MS,Dhule,Shirpur,Shirpur,21.42388889,74.98138889,Hadakhed,"Dug Well",W27126,2018,'0,'0,'0,7.2
MS,Dhule,Shirpur,Shirpur,21.46055556,74.89972222,Samaryapada,"Dug Well",W27155,2018,'0,3.55,'0,'0
MS,Dhule,Shirpur,Shirpur,21.42388889,74.98138889,Hadakhed,"Dug Well",W27126,2017,5.2,3.5,'0,7.1
MS,Dhule,Shirpur,Shirpur,21.42388889,74.98138889,Hadakhed,"Dug Well",W27126,2017,'0,'0,3.1,'0
MS,Dhule,Shirpur,Shirpur,21.46055556,74.89972222,Samaryapada,"Dug Well",W27155,2017,2.2,4.3,'0,4.7
MS,Dhule,Shirpur,Shirpur,21.46055556,74.89972222,Samaryapada,"Dug Well",W27155,2017,'0,'0,2.8,'0
MS,Dhule,Shindkhede,Shindkhede,21.32361111,74.57333333,Dondaicha-1,"Dug Well",W27057,2017,10.15,11,'0,9.96
MS,Dhule,Shindkhede,Shindkhede,21.32361111,74.57333333,Dondaicha-1,"Dug Well",W27057,2017,'0,'0,10.6,'0
MS,Dhule,Dhule,Dhule,20.89,74.83805556,Phagne,"Dug Well",W26775,2017,5.2,4.7,'0,5.48
MS,Dhule,Dhule,Dhule,20.89,74.83805556,Phagne,"Dug Well",W26775,2017,'0,'0,5.1,'0
MS,Dhule,Shirpur,Shirpur,21.29611111,75.01694444,Saver,"Dug Well",W27045,2017,9.2,8.5,'0,10.7
MS,Dhule,Shirpur,Shirpur,21.29611111,75.01694444,Saver,"Dug Well",W27045,2017,'0,'0,9.9,'0
MS,Dhule,Sakri,Sakri,20.92361111,74.37722222,Dhamnar,"Dug Well",W31307,2017,8.1,8.7,'0,10.05
MS,Dhule,Sakri,Sakri,20.92361111,74.37722222,Dhamnar,"Dug Well",W31307,2017,'0,'0,7.6,'0
MS,Dhule,Shirpur-warwade,Sakri,20.97222222,74.44444444,Ichhapur,"Dug Well",W17265,2017,5.2,5.1,'0,7.9
MS,Dhule,Shirpur-warwade,Sakri,20.97222222,74.44444444,Ichhapur,"Dug Well",W17265,2017,'0,'0,5.1,'0
MS,Dhule,Shirpur-warwade,Sakri,20.98333333,74.31666667,Sakri2,"Dug Well",W07047,2017,9.2,8.8,'0,10
MS,Dhule,Shirpur-warwade,Sakri,20.98333333,74.31666667,Sakri2,"Dug Well",W07047,2017,'0,'0,8,'0
MS,Dhule,Shirpur-warwade,Sakri,21.00416667,73.85611111,Charanmal,"Dug Well",W17263,2017,.01,1.2,'0,3.8
MS,Dhule,Shirpur-warwade,Sakri,21.00416667,73.85611111,Charanmal,"Dug Well",W17263,2017,'0,'0,.9,'0
MS,Dhule,Shirpur-warwade,Sakri,21.21666667,74.23333333,Chadwel,"Dug Well",W17262,2017,7,8.1,'0,10
MS,Dhule,Shirpur-warwade,Sakri,21.21666667,74.23333333,Chadwel,"Dug Well",W17262,2017,'0,'0,7.1,'0
MS,Dhule,Shirpur-warwade,Sakri,21.06666667,74.16388889,Dahival,"Dug Well",W17264,2017,5.3,6,'0,7.4
MS,Dhule,Shirpur-warwade,Sakri,21.06666667,74.16388889,Dahival,"Dug Well",W17264,2017,'0,'0,4.1,'0
MS,Dhule,Dhule,Shindkhede,21.18333333,74.68333333,Chimthane,"Dug Well",W17247,2017,10.3,9.5,'0,9.35
MS,Dhule,Dhule,Shindkhede,21.18333333,74.68333333,Chimthane,"Dug Well",W17247,2017,'0,'0,7.2,'0
MS,Dhule,Dhule,Shindkhede,21.21666667,74.81666667,Nardana,"Dug Well",W07033,2017,6.1,7.3,'0,6.9
MS,Dhule,Dhule,Shindkhede,21.21666667,74.81666667,Nardana,"Dug Well",W07033,2017,'0,'0,6.9,'0
MS,Dhule,Dhule,Shindkhede,21.24583333,74.6375,Methi,"Dug Well",W07032,2017,11.3,9.1,'0,12.25
MS,Dhule,Dhule,Shindkhede,21.24583333,74.6375,Methi,"Dug Well",W07032,2017,'0,'0,8.8,'0
MS,Dhule,Dondaicha-warwade,Dhule,20.96666667,74.775,Nangaon,"Dug Well",W07038,2017,3.75,3.5,'0,3.96
MS,Dhule,Dondaicha-warwade,Dhule,20.96666667,74.775,Nangaon,"Dug Well",W07038,2017,'0,'0,3.5,'0
MS,Dhule,Shirpur,Shirpur,21.52083333,74.9,Boradi,"Dug Well",W17258,2017,10,8.5,'0,10
MS,Dhule,Shirpur,Shirpur,21.52083333,74.9,Boradi,"Dug Well",W17258,2017,'0,'0,3.1,'0
MS,Dhule,Shirpur,Shirpur,21.525,75.04722222,Palasner,"Dug Well",W07044,2017,6.1,9.5,'0,9.5
MS,Dhule,Shirpur,Shirpur,21.525,75.04722222,Palasner,"Dug Well",W07044,2017,'0,'0,5.6,'0
MS,Dhule,Shirpur,Shirpur,21.26666667,75.10888889,Hisala,"Dug Well",W17259,2017,20,19.7,'0,20.6
MS,Dhule,Shirpur,Shirpur,21.26666667,75.10888889,Hisala,"Dug Well",W17259,2017,'0,'0,19.1,'0
MS,Dhule,Shirpur,Shirpur,21.48333333,74.98333333,Sangivi,"Dug Well",W07045,2017,3.6,4.1,'0,6.7
MS,Dhule,Shirpur,Shirpur,21.48333333,74.98333333,Sangivi,"Dug Well",W07045,2017,'0,'0,2.9,'0
MS,Dhule,Shirpur-warwade,Sakri,20.95,73.96666667,"Burdi Pada","Dug Well",W17261,2017,2.2,3.9,'0,7.6
MS,Dhule,Shirpur-warwade,Sakri,20.95,73.96666667,"Burdi Pada","Dug Well",W17261,2017,'0,'0,2.8,'0
MS,Dhule,Shirpur-warwade,Sakri,20.95,74.125,Pimpalner,"Dug Well",W07046,2017,2.14,2.7,'0,3.6
MS,Dhule,Shirpur-warwade,Sakri,20.95,74.125,Pimpalner,"Dug Well",W07046,2017,'0,'0,2.4,'0
MS,Dhule,Dhule,Shindkhede,21.27083333,74.74583333,Sindkheda,"Dug Well",W07034,2017,15,17,'0,13.8
MS,Dhule,Dhule,Shindkhede,21.27083333,74.74583333,Sindkheda,"Dug Well",W07034,2017,'0,'0,17,'0
MS,Dhule,Dondaicha-warwade,Dhule,20.82083333,74.74583333,Laling-1,"Dug Well",W07035,2017,7.1,6.6,'0,11.7
MS,Dhule,Dondaicha-warwade,Dhule,20.82083333,74.74583333,Laling-1,"Dug Well",W07035,2017,'0,'0,4.45,'0
MS,Dhule,Dondaicha-warwade,Dhule,20.825,74.6,Ajnale,"Dug Well",W17250,2017,1.1,3.4,'0,4.2
MS,Dhule,Dondaicha-warwade,Dhule,20.825,74.6,Ajnale,"Dug Well",W17250,2017,'0,'0,3.3,'0
MS,Dhule,Dondaicha-warwade,Dhule,20.825,74.81666667,Narwhal,"Dug Well",W07039,2017,1.5,2.4,'0,1.7
MS,Dhule,Dondaicha-warwade,Dhule,20.825,74.81666667,Narwhal,"Dug Well",W07039,2017,'0,'0,4.2,'0
MS,Dhule,Dondaicha-warwade,Dhule,20.94916667,74.525,Ner-2,"Bore Well",W07041,2017,5.7,11.5,'0,11.5
MS,Dhule,Dondaicha-warwade,Dhule,20.94916667,74.525,Ner-2,"Bore Well",W07041,2017,'0,'0,8.5,'0
MS,Dhule,Dondaicha-warwade,Dhule,20.90416667,74.76666667,Dhule,"Dug Well",W17253,2017,6.05,7.1,'0,7.45
MS,Dhule,Dondaicha-warwade,Dhule,20.90416667,74.76666667,Dhule,"Dug Well",W17253,2017,'0,'0,7.3,'0
MS,Dhule,Dondaicha-warwade,Dhule,20.91666667,74.63333333,Kherde,"Dug Well",W17255,2017,'0,10.2,'0,'0
MS,Dhule,Dondaicha-warwade,Dhule,20.72833333,74.7,Purmepada(pur),"Dug Well",W07042,2017,6.1,6,'0,6.1
MS,Dhule,Dondaicha-warwade,Dhule,20.72833333,74.7,Purmepada(pur),"Dug Well",W07042,2017,'0,'0,6.2,'0
MS,Dhule,Dondaicha-warwade,Dhule,20.85,74.78333333,Avdhan,"Dug Well",W17251,2017,4,6,'0,8.45
MS,Dhule,Dondaicha-warwade,Dhule,20.85,74.78333333,Avdhan,"Dug Well",W17251,2017,'0,'0,3.5,'0
MS,Dhule,Dondaicha-warwade,Dhule,20.88333333,74.95,Mukti,"Dug Well",W07037,2017,5.5,6.6,'0,9.5
MS,Dhule,Dondaicha-warwade,Dhule,20.88333333,74.95,Mukti,"Dug Well",W07037,2017,'0,'0,6.1,'0
MS,Dhule,Shirpur,Shirpur,21.33333333,74.91305556,Kalamsare,"Bore Well",W17260,2017,'0,18.1,'0,'0
MS,Dhule,Shirpur,Shirpur,21.33333333,74.91305556,Kalamsare,"Bore Well",W17260,2017,'0,'0,10.9,'0
MS,Dhule,Sakri,Sakri,21.1,74.33027778,Nizampur,"Dug Well",W26914,2017,5.4,4.3,'0,8.6
MS,Dhule,Sakri,Sakri,21.1,74.33027778,Nizampur,"Dug Well",W26914,2017,'0,'0,4.1,'0
MS,Dhule,Sakri,Sakri,21.14611111,74.42194444,Dusane,"Dug Well",W26951,2017,3.6,5.3,'0,6
MS,Dhule,Sakri,Sakri,21.14611111,74.42194444,Dusane,"Dug Well",W26951,2017,'0,'0,2.9,'0
MS,Dhule,Shindkhede,Shindkhede,21.10638889,74.72972222,Dangurne,"Dug Well",W26921,2017,4.1,7.39,'0,7.1
MS,Dhule,Shindkhede,Shindkhede,21.10638889,74.72972222,Dangurne,"Dug Well",W26921,2017,'0,'0,5.5,'0
MS,Dhule,Shindkhede,Shindkhede,21.15638889,74.5925,Shewade,"Dug Well",W26958,2017,4.9,3.25,'0,4.7
MS,Dhule,Shindkhede,Shindkhede,21.15638889,74.5925,Shewade,"Dug Well",W26958,2017,'0,'0,3.4,'0
MS,Dhule,Dhule,Dhule,20.9075,74.59833333,Kusumba,"Dug Well",W26784,2017,7.9,9.1,'0,8.1
MS,Dhule,Dhule,Dhule,20.93611111,74.51472222,Ner-1,"Dug Well",W26801,2017,9.3,9,'0,9.1
MS,Dhule,Dhule,Dhule,20.93611111,74.51472222,Ner-1,"Dug Well",W26801,2017,'0,'0,5.45,'0
MS,Dhule,Dhule,Dhule,20.71805556,74.83111111,Borkund,"Dug Well",W26666,2017,3.8,2.9,'0,5.7
MS,Dhule,Dhule,Dhule,20.71805556,74.83111111,Borkund,"Dug Well",W26666,2017,'0,'0,2.2,'0
MS,Dhule,Shirpur-warwade,Sakri,20.97222222,74.44444444,Ichhapur,"Dug Well",W17265,2016,7.1,'0,'0,9.15
MS,Dhule,Sakri,Sakri,20.92361111,74.37722222,Dhamnar,"Dug Well",W31307,2016,7.4,5.38,8,10.1
MS,Dhule,Shirpur-warwade,Sakri,21.00416667,73.85611111,Charanmal,"Dug Well",W17263,2016,'0,'0,9.4,5
MS,Dhule,Shirpur-warwade,Sakri,21.21666667,74.23333333,Chadwel,"Dug Well",W17262,2016,4.18,'0,3.4,12.5
MS,Dhule,Shirpur-warwade,Sakri,21.06666667,74.16388889,Dahival,"Dug Well",W17264,2016,5.1,'0,4.2,9
MS,Dhule,Dhule,Shindkhede,21.18333333,74.68333333,Chimthane,"Dug Well",W17247,2016,9.1,'0,9.2,10.3
MS,Dhule,Dhule,Shindkhede,21.21666667,74.81666667,Nardana,"Dug Well",W07033,2016,6.1,'0,6.6,7.2
MS,Dhule,Dhule,Shindkhede,21.24583333,74.6375,Methi,"Dug Well",W07032,2016,8,'0,6,11
MS,Dhule,Dondaicha-warwade,Dhule,20.96666667,74.775,Nangaon,"Dug Well",W07038,2016,2.28,'0,3.5,6.68
MS,Dhule,Shirpur,Shirpur,21.52083333,74.9,Boradi,"Dug Well",W17258,2016,'0,'0,10,12
MS,Dhule,Shirpur,Shirpur,21.525,75.04722222,Palasner,"Dug Well",W07044,2016,5.4,'0,5.5,9.9
MS,Dhule,Shirpur,Shirpur,21.26666667,75.10888889,Hisala,"Dug Well",W17259,2016,18.3,'0,19.1,19.9
MS,Dhule,Shirpur,Shirpur,21.48333333,74.98333333,Sangivi,"Dug Well",W07045,2016,4.04,'0,3.5,7.39
MS,Dhule,Dondaicha-warwade,Dhule,20.8875,74.61666667,Gotane,"Bore Well",W17254,2016,9,'0,'0,'0
MS,Dhule,Shirpur-warwade,Sakri,20.95,73.96666667,"Burdi Pada","Dug Well",W17261,2016,2.2,'0,3.3,6.33
MS,Dhule,Shirpur-warwade,Sakri,20.95,74.125,Pimpalner,"Dug Well",W07046,2016,1.89,'0,1.4,4.14
MS,Dhule,Dhule,Shindkhede,21.27083333,74.74583333,Sindkheda,"Dug Well",W07034,2016,16.5,'0,17,17
MS,Dhule,Dhule,Shindkhede,21.33666667,74.495,Dhavda,"Bore Well",W17248,2016,10.3,'0,'0,12.4
MS,Dhule,Dondaicha-warwade,Dhule,20.82083333,74.74583333,Laling-1,"Dug Well",W07035,2016,7.1,'0,3,'0
MS,Dhule,Dondaicha-warwade,Dhule,20.825,74.6,Ajnale,"Dug Well",W17250,2016,2.9,'0,2,5.78
MS,Dhule,Dondaicha-warwade,Dhule,20.825,74.81666667,Narwhal,"Dug Well",W07039,2016,2.35,'0,1.6,2.14
MS,Dhule,Dondaicha-warwade,Dhule,20.94916667,74.525,Ner-2,"Bore Well",W07041,2016,8.4,'0,11.4,12
MS,Dhule,Dondaicha-warwade,Dhule,20.90416667,74.76666667,Dhule,"Dug Well",W17253,2016,6.65,'0,6.7,7.15
MS,Dhule,Dondaicha-warwade,Dhule,20.91666667,74.63333333,Kherde,"Dug Well",W17255,2016,9.8,'0,10.2,10.2
MS,Dhule,Dondaicha-warwade,Dhule,20.72833333,74.7,Purmepada(pur),"Dug Well",W07042,2016,4.72,'0,4.6,7.32
MS,Dhule,Dondaicha-warwade,Dhule,20.85,74.78333333,Avdhan,"Dug Well",W17251,2016,3.87,'0,4,10.97
MS,Dhule,Dondaicha-warwade,Dhule,20.88333333,74.95,Mukti,"Dug Well",W07037,2016,4.24,'0,5.4,11.4
MS,Dhule,Shirpur,Shirpur,21.33333333,74.91305556,Kalamsare,"Bore Well",W17260,2016,19,'0,15,22
MS,Dhule,Sakri,Sakri,21.1,74.33027778,Nizampur,"Dug Well",W26914,2016,4.1,7.2,6.3,6.7
MS,Dhule,Sakri,Sakri,21.14611111,74.42194444,Dusane,"Dug Well",W26951,2016,4.5,7.8,3.5,5.9
MS,Dhule,Shindkhede,Shindkhede,21.10638889,74.72972222,Dangurne,"Dug Well",W26921,2016,6,7,2,7.39
MS,Dhule,Shindkhede,Shindkhede,21.15638889,74.5925,Shewade,"Dug Well",W26958,2016,7.1,5.8,5.1,5.3
MS,Dhule,Dhule,Dhule,20.9075,74.59833333,Kusumba,"Dug Well",W26784,2016,8.1,6.3,9,10.2
MS,Dhule,Dhule,Dhule,20.93611111,74.51472222,Ner-1,"Dug Well",W26801,2016,8.6,8.3,9,'0
MS,Dhule,Dhule,Dhule,20.71805556,74.83111111,Borkund,"Dug Well",W26666,2016,3.2,4.8,2.7,7.3
MS,Dhule,Shirpur,Shirpur,21.42388889,74.98138889,Hadakhed,"Dug Well",W27126,2016,3.2,6.6,3.7,8.3
MS,Dhule,Shirpur,Shirpur,21.46055556,74.89972222,Samaryapada,"Dug Well",W27155,2016,2.3,5.35,4.3,'0
MS,Dhule,Shindkhede,Shindkhede,21.32361111,74.57333333,Dondaicha-1,"Dug Well",W27057,2016,9.85,9.95,9.15,10.15
MS,Dhule,Dhule,Dhule,20.89,74.83805556,Phagne,"Dug Well",W26775,2016,5.2,5.85,4.3,8
MS,Dhule,Shirpur,Shirpur,21.29611111,75.01694444,Saver,"Dug Well",W27045,2016,4.5,6.5,3.8,10.9
MS,Dhule,Shirpur-warwade,Sakri,20.98333333,74.31666667,Sakri2,"Dug Well",W07047,2016,8.8,'0,8.5,10.3
MS,Dhule,Shirpur-warwade,Sakri,20.97222222,74.44444444,Ichhapur,"Dug Well",W17265,2015,7.8,.75,5.95,5.15
MS,Dhule,Shirpur,Shirpur,21.29611111,75.01694444,Saver,"Dug Well",W27045,2015,7.5,2.1,6.25,6.5
MS,Dhule,Shirpur-warwade,Sakri,21.00416667,73.85611111,Charanmal,"Dug Well",W17263,2015,1.6,1,1.6,5
MS,Dhule,Shirpur-warwade,Sakri,21.21666667,74.23333333,Chadwel,"Dug Well",W17262,2015,6.2,7.88,'0,11.46
MS,Dhule,Shirpur-warwade,Sakri,21.06666667,74.16388889,Dahival,"Dug Well",W17264,2015,9,6.1,'0,9
MS,Dhule,Dhule,Shindkhede,21.18333333,74.68333333,Chimthane,"Dug Well",W17247,2015,8.8,7.8,9,9.3
MS,Dhule,Dhule,Shindkhede,21.21666667,74.81666667,Nardana,"Dug Well",W07033,2015,6.8,5.2,7.2,6.3
MS,Dhule,Dhule,Shindkhede,21.24583333,74.6375,Methi,"Dug Well",W07032,2015,10.6,5,4.1,11.5
MS,Dhule,Dondaicha-warwade,Dhule,20.96666667,74.775,Nangaon,"Dug Well",W07038,2015,3.65,3.48,2.3,4.08
MS,Dhule,Shirpur,Shirpur,21.52083333,74.9,Boradi,"Dug Well",W17258,2015,9,9,7.2,12
MS,Dhule,Shirpur,Shirpur,21.525,75.04722222,Palasner,"Dug Well",W07044,2015,4.3,3.1,4.95,7.9
MS,Dhule,Shirpur,Shirpur,21.26666667,75.10888889,Hisala,"Dug Well",W17259,2015,19,16.8,17.8,19
MS,Dhule,Shirpur,Shirpur,21.48333333,74.98333333,Sangivi,"Dug Well",W07045,2015,3.5,3.54,5.25,5.94
MS,Dhule,Dondaicha-warwade,Dhule,20.8875,74.61666667,Gotane,"Bore Well",W17254,2015,8.7,21.7,'0,8.7
MS,Dhule,Shirpur-warwade,Sakri,20.95,73.96666667,"Burdi Pada","Dug Well",W17261,2015,2.65,3.33,3.95,6.03
MS,Dhule,Shirpur-warwade,Sakri,20.95,74.125,Pimpalner,"Dug Well",W07046,2015,4.25,5.54,3.75,2.84
MS,Dhule,Dhule,Shindkhede,21.27083333,74.74583333,Sindkheda,"Dug Well",W07034,2015,17,16,9.6,17
MS,Dhule,Dhule,Shindkhede,21.33666667,74.495,Dhavda,"Bore Well",W17248,2015,10.6,'0,11,12.1
MS,Dhule,Dondaicha-warwade,Dhule,20.82083333,74.74583333,Laling-1,"Dug Well",W07035,2015,7.5,3.4,2.9,8.8
MS,Dhule,Dondaicha-warwade,Dhule,20.825,74.6,Ajnale,"Dug Well",W17250,2015,3.2,1.08,'0,2.78
MS,Dhule,Dondaicha-warwade,Dhule,20.825,74.81666667,Narwhal,"Dug Well",W07039,2015,2.65,3,'0,1.24
MS,Dhule,Dondaicha-warwade,Dhule,20.94916667,74.525,Ner-2,"Bore Well",W07041,2015,9.1,11.1,5.75,11.6
MS,Dhule,Dondaicha-warwade,Dhule,20.90416667,74.76666667,Dhule,"Dug Well",W17253,2015,6.6,6.75,7,7.75
MS,Dhule,Dondaicha-warwade,Dhule,20.91666667,74.63333333,Kherde,"Dug Well",W17255,2015,10.2,7.3,7.8,10.2
MS,Dhule,Dondaicha-warwade,Dhule,20.72833333,74.7,Purmepada(pur),"Dug Well",W07042,2015,4.95,3.92,3.75,5.82
MS,Dhule,Dondaicha-warwade,Dhule,20.85,74.78333333,Avdhan,"Dug Well",W17251,2015,6.25,3.77,4.75,6.27
MS,Dhule,Dondaicha-warwade,Dhule,20.88333333,74.95,Mukti,"Dug Well",W07037,2015,6.05,3.04,2.65,5.14
MS,Dhule,Shirpur,Shirpur,21.33333333,74.91305556,Kalamsare,"Bore Well",W17260,2015,18.1,12.2,30.2,17.4
MS,Dhule,Sakri,Sakri,21.1,74.33027778,Nizampur,"Dug Well",W26914,2015,4.75,5.7,'0,6
MS,Dhule,Sakri,Sakri,21.14611111,74.42194444,Dusane,"Dug Well",W26951,2015,4.5,4.9,'0,5.4
MS,Dhule,Shindkhede,Shindkhede,21.10638889,74.72972222,Dangurne,"Dug Well",W26921,2015,7.39,2.6,'0,7.3
MS,Dhule,Shindkhede,Shindkhede,21.15638889,74.5925,Shewade,"Dug Well",W26958,2015,7.6,2.85,5.6,4
MS,Dhule,Dhule,Dhule,20.9075,74.59833333,Kusumba,"Dug Well",W26784,2015,8.4,7.2,5.4,6.5
MS,Dhule,Dhule,Dhule,20.93611111,74.51472222,Ner-1,"Dug Well",W26801,2015,9.3,7.3,9.1,'0
MS,Dhule,Dhule,Dhule,20.71805556,74.83111111,Borkund,"Dug Well",W26666,2015,2.7,2.3,3.95,3.2
MS,Dhule,Shirpur,Shirpur,21.42388889,74.98138889,Hadakhed,"Dug Well",W27126,2015,4,3,2.25,5
MS,Dhule,Shirpur,Shirpur,21.46055556,74.89972222,Samaryapada,"Dug Well",W27155,2015,6.2,'0,4.9,9.7
MS,Dhule,Shindkhede,Shindkhede,21.32361111,74.57333333,Dondaicha-1,"Dug Well",W27057,2015,9.3,8.35,6.35,10.35
MS,Dhule,Dhule,Dhule,20.89,74.83805556,Phagne,"Dug Well",W26775,2015,5.1,3.2,4.9,5.7
MS,Dhule,Shirpur-warwade,Sakri,20.98333333,74.31666667,Sakri2,"Dug Well",W07047,2015,8.1,6.6,6.1,8
MS,Dhule,Shirpur-warwade,Sakri,20.97222222,74.44444444,Ichhapur,"Dug Well",W17265,2014,5.05,8.35,2.7,6.85
MS,Dhule,Shirpur,Shirpur,21.29611111,75.01694444,Saver,"Dug Well",W27045,2014,3.45,16.5,3.55,6.5
MS,Dhule,Shirpur-warwade,Sakri,21.00416667,73.85611111,Charanmal,"Dug Well",W17263,2014,.7,1.3,1,3.2
MS,Dhule,Shirpur-warwade,Sakri,21.21666667,74.23333333,Chadwel,"Dug Well",W17262,2014,3.28,6.88,4.5,9.78
MS,Dhule,Shirpur-warwade,Sakri,21.06666667,74.16388889,Dahival,"Dug Well",W17264,2014,5.83,6.2,5.65,6.8
MS,Dhule,Dhule,Shindkhede,21.18333333,74.68333333,Chimthane,"Dug Well",W17247,2014,7.6,6.8,8.1,7.9
MS,Dhule,Dhule,Shindkhede,21.21666667,74.81666667,Nardana,"Dug Well",W07033,2014,5.2,4.6,5.45,6.2
MS,Dhule,Dhule,Shindkhede,21.24583333,74.6375,Methi,"Dug Well",W07032,2014,6.4,3,10.9,9.7
MS,Dhule,Dondaicha-warwade,Dhule,20.96666667,74.775,Nangaon,"Dug Well",W07038,2014,2.43,3.78,5.8,5.28
MS,Dhule,Shirpur,Shirpur,21.52083333,74.9,Boradi,"Dug Well",W17258,2014,7.1,8.5,6.2,'0
MS,Dhule,Shirpur,Shirpur,21.525,75.04722222,Palasner,"Dug Well",W07044,2014,3.7,6.7,3,6.1
MS,Dhule,Shirpur,Shirpur,21.26666667,75.10888889,Hisala,"Dug Well",W17259,2014,17.3,16.3,17.4,18.2
MS,Dhule,Shirpur,Shirpur,21.48333333,74.98333333,Sangivi,"Dug Well",W07045,2014,3.44,3.84,3.6,6.14
MS,Dhule,Dondaicha-warwade,Dhule,20.8875,74.61666667,Gotane,"Bore Well",W17254,2014,20.8,35.7,'0,21
MS,Dhule,Shirpur-warwade,Sakri,20.95,73.96666667,"Burdi Pada","Dug Well",W17261,2014,2.18,2.53,2.9,5.33
MS,Dhule,Shirpur-warwade,Sakri,20.95,74.125,Pimpalner,"Dug Well",W07046,2014,2.26,1.94,2.5,3.04
MS,Dhule,Dhule,Shindkhede,21.27083333,74.74583333,Sindkheda,"Dug Well",W07034,2014,16.9,16.38,17,'0
MS,Dhule,Dhule,Shindkhede,21.33666667,74.495,Dhavda,"Bore Well",W17248,2014,11.55,10.7,10.5,12.1
MS,Dhule,Dondaicha-warwade,Dhule,20.82083333,74.74583333,Laling-1,"Dug Well",W07035,2014,5.2,5.6,3.1,11.1
MS,Dhule,Dondaicha-warwade,Dhule,20.825,74.6,Ajnale,"Dug Well",W17250,2014,.6,1.88,'0,4.38
MS,Dhule,Dondaicha-warwade,Dhule,20.825,74.81666667,Narwhal,"Dug Well",W07039,2014,1.34,2.34,3.6,1.09
MS,Dhule,Dondaicha-warwade,Dhule,20.94916667,74.525,Ner-2,"Bore Well",W07041,2014,8.9,10.9,10.4,11.1
MS,Dhule,Dondaicha-warwade,Dhule,20.90416667,74.76666667,Dhule,"Dug Well",W17253,2014,7.1,5.2,5.5,6.55
MS,Dhule,Dondaicha-warwade,Dhule,20.91666667,74.63333333,Kherde,"Dug Well",W17255,2014,10.1,9.2,10,'0
MS,Dhule,Dondaicha-warwade,Dhule,20.72833333,74.7,Purmepada(pur),"Dug Well",W07042,2014,5.32,4.92,4.3,3.62
MS,Dhule,Dondaicha-warwade,Dhule,20.85,74.78333333,Avdhan,"Dug Well",W17251,2014,4.07,4.17,5,6.97
MS,Dhule,Dondaicha-warwade,Dhule,20.88333333,74.95,Mukti,"Dug Well",W07037,2014,4.34,2.84,4.9,5.04
MS,Dhule,Dondaicha-warwade,Dhule,20.81666667,74.7375,Laling-2,"Bore Well",W07036,2014,'0,6.4,'0,11.1
MS,Dhule,Shirpur,Shirpur,21.33333333,74.91305556,Kalamsare,"Bore Well",W17260,2014,13.4,13.3,12.1,17.5
MS,Dhule,Sakri,Sakri,21.1,74.33027778,Nizampur,"Dug Well",W26914,2014,3.8,4.5,4.3,5.8
MS,Dhule,Sakri,Sakri,21.14611111,74.42194444,Dusane,"Dug Well",W26951,2014,3.8,5.2,3.6,6.9
MS,Dhule,Shindkhede,Shindkhede,21.10638889,74.72972222,Dangurne,"Dug Well",W26921,2014,6.43,2.1,3.15,'0
MS,Dhule,Shindkhede,Shindkhede,21.15638889,74.5925,Shewade,"Dug Well",W26958,2014,.85,8.1,3,2.8
MS,Dhule,Dhule,Dhule,20.9075,74.59833333,Kusumba,"Dug Well",W26784,2014,9.1,'0,8.3,'0
MS,Dhule,Dhule,Dhule,20.93611111,74.51472222,Ner-1,"Dug Well",W26801,2014,8.05,4.6,8.2,'0
MS,Dhule,Dhule,Dhule,20.71805556,74.83111111,Borkund,"Dug Well",W26666,2014,2.2,2.2,2,3.3
MS,Dhule,Shirpur,Shirpur,21.42388889,74.98138889,Hadakhed,"Dug Well",W27126,2014,2.55,3.3,4.55,9.8
MS,Dhule,Shindkhede,Shindkhede,21.32361111,74.57333333,Dondaicha-1,"Dug Well",W27057,2014,7.6,6.55,7.8,8.85
MS,Dhule,Dhule,Dhule,20.89,74.83805556,Phagne,"Dug Well",W26775,2014,3.85,2.9,3.6,5.5
MS,Dhule,Shirpur-warwade,Sakri,20.98333333,74.31666667,Sakri2,"Dug Well",W07047,2014,7.8,8.6,7.6,8.7
MS,Dhule,Shirpur-warwade,Sakri,20.97222222,74.44444444,Ichhapur,"Dug Well",W17265,2013,7.45,8,4.2,8.35
MS,Dhule,Shirpur,Shirpur,21.29611111,75.01694444,Saver,"Dug Well",W27045,2013,.2,'0,1.4,9.95
MS,Dhule,Shirpur-warwade,Sakri,21.00416667,73.85611111,Charanmal,"Dug Well",W17263,2013,'0,2.6,1.1,'0
MS,Dhule,Shirpur-warwade,Sakri,21.21666667,74.23333333,Chadwel,"Dug Well",W17262,2013,3.58,8.6,4.9,'0
MS,Dhule,Shirpur-warwade,Sakri,21.06666667,74.16388889,Dahival,"Dug Well",W17264,2013,5.3,7.1,5.15,'0
MS,Dhule,Dhule,Shindkhede,21.18333333,74.68333333,Chimthane,"Dug Well",W17247,2013,7.1,9.5,7.5,10.1
MS,Dhule,Dhule,Shindkhede,21.21666667,74.81666667,Nardana,"Dug Well",W07033,2013,5.2,7.7,4.2,7.8
MS,Dhule,Dhule,Shindkhede,21.24583333,74.6375,Methi,"Dug Well",W07032,2013,'0,7.4,3,9.8
MS,Dhule,Dondaicha-warwade,Dhule,20.96666667,74.775,Nangaon,"Dug Well",W07038,2013,1.78,4.15,3.5,6.05
MS,Dhule,Dondaicha-warwade,Dhule,21.08333333,74.78333333,Songir,"Dug Well",W07043,2013,2.03,5,3.7,'0
MS,Dhule,Shirpur,Shirpur,21.525,75.04722222,Palasner,"Dug Well",W07044,2013,1.8,7.7,3.8,8.85
MS,Dhule,Shirpur,Shirpur,21.26666667,75.10888889,Hisala,"Dug Well",W17259,2013,19.5,22.66,16.4,24
MS,Dhule,Shirpur,Shirpur,21.48333333,74.98333333,Sangivi,"Dug Well",W07045,2013,2.84,4.6,3.6,'0
MS,Dhule,Dondaicha-warwade,Dhule,20.8875,74.61666667,Gotane,"Bore Well",W17254,2013,31.7,19.9,21.7,20.35
MS,Dhule,Shirpur-warwade,Sakri,20.95,73.96666667,"Burdi Pada","Dug Well",W17261,2013,2.03,4.2,3,'0
MS,Dhule,Shirpur-warwade,Sakri,20.95,74.125,Pimpalner,"Dug Well",W07046,2013,2.54,5,2.45,'0
MS,Dhule,Dondaicha-warwade,Dhule,20.82083333,74.74583333,Laling-1,"Dug Well",W07035,2013,1.3,6.9,4.3,13
MS,Dhule,Dondaicha-warwade,Dhule,20.825,74.6,Ajnale,"Dug Well",W17250,2013,'0,4,2,4.12
MS,Dhule,Dondaicha-warwade,Dhule,20.825,74.81666667,Narwhal,"Dug Well",W07039,2013,.8,2,1,3.6
MS,Dhule,Dondaicha-warwade,Dhule,20.94916667,74.525,Ner-2,"Bore Well",W07041,2013,11.1,12,10,11.7
MS,Dhule,Dondaicha-warwade,Dhule,20.90416667,74.76666667,Dhule,"Dug Well",W17253,2013,6.15,8.1,7.35,'0
MS,Dhule,Dondaicha-warwade,Dhule,20.91666667,74.63333333,Kherde,"Dug Well",W17255,2013,8.9,7.8,7.2,'0
MS,Dhule,Dondaicha-warwade,Dhule,20.72833333,74.7,Purmepada(pur),"Dug Well",W07042,2013,4.82,8.4,6.2,8.7
MS,Dhule,Dondaicha-warwade,Dhule,20.85,74.78333333,Avdhan,"Dug Well",W17251,2013,2.57,5,3.5,8
MS,Dhule,Dondaicha-warwade,Dhule,20.88333333,74.95,Mukti,"Dug Well",W07037,2013,1.74,6.8,2,9
MS,Dhule,Dondaicha-warwade,Dhule,20.81666667,74.7375,Laling-2,"Bore Well",W07036,2013,3.8,'0,5,11.7
MS,Dhule,Shirpur,Shirpur,21.33333333,74.91305556,Kalamsare,"Bore Well",W17260,2013,'0,'0,11.7,23.9
MS,Dhule,Sakri,Sakri,21.1,74.33027778,Nizampur,"Dug Well",W26914,2013,4.9,9.4,4.8,9.45
MS,Dhule,Sakri,Sakri,21.14611111,74.42194444,Dusane,"Dug Well",W26951,2013,2.12,6,'0,7.2
MS,Dhule,Shindkhede,Shindkhede,21.10638889,74.72972222,Dangurne,"Dug Well",W26921,2013,.7,3.6,2,'0
MS,Dhule,Shindkhede,Shindkhede,21.15638889,74.5925,Shewade,"Dug Well",W26958,2013,1.5,4.5,4.2,'0
MS,Dhule,Dhule,Dhule,20.93611111,74.51472222,Ner-1,"Dug Well",W26801,2013,3.12,10,9,'0
MS,Dhule,Dhule,Dhule,20.71805556,74.83111111,Borkund,"Dug Well",W26666,2013,1.5,1.9,2,6.7
MS,Dhule,Shirpur,Shirpur,21.42388889,74.98138889,Hadakhed,"Dug Well",W27126,2013,1.9,11,9.4,7
MS,Dhule,Shindkhede,Shindkhede,21.32361111,74.57333333,Dondaicha-1,"Dug Well",W27057,2013,6.15,9,10.2,9.7
MS,Dhule,Dhule,Dhule,20.89,74.83805556,Phagne,"Dug Well",W26775,2013,2.2,'0,2.3,6
MS,Dhule,Shirpur-warwade,Sakri,20.98333333,74.31666667,Sakri2,"Dug Well",W07047,2013,8.8,10.2,7.7,11
MS,Dhule,Shirpur-warwade,Sakri,20.97222222,74.44444444,Ichhapur,"Dug Well",W17265,2012,'0,2.95,7.5,7.85
MS,Dhule,Shindkhede,Shindkhede,21.32361111,74.57333333,Dondaicha-1,"Dug Well",W27057,2012,'0,'0,6.75,'0
MS,Dhule,Shirpur-warwade,Sakri,21.00416667,73.85611111,Charanmal,"Dug Well",W17263,2012,'0,1.7,1.3,'0
MS,Dhule,Shirpur-warwade,Sakri,21.21666667,74.23333333,Chadwel,"Dug Well",W17262,2012,'0,9.13,6.6,'0
MS,Dhule,Shirpur-warwade,Sakri,21.06666667,74.16388889,Dahival,"Dug Well",W17264,2012,'0,5.55,4.6,'0
MS,Dhule,Dhule,Shindkhede,21.18333333,74.68333333,Chimthane,"Dug Well",W17247,2012,'0,8.45,8.6,9.7
MS,Dhule,Dhule,Shindkhede,21.21666667,74.81666667,Nardana,"Dug Well",W07033,2012,'0,6.7,6,6.7
MS,Dhule,Dhule,Shindkhede,21.24583333,74.6375,Methi,"Dug Well",W07032,2012,'0,'0,8.9,'0
MS,Dhule,Dondaicha-warwade,Dhule,20.96666667,74.775,Nangaon,"Dug Well",W07038,2012,'0,2.48,3.9,6.08
MS,Dhule,Dondaicha-warwade,Dhule,21.02083333,74.75416667,Deobhane,"Dug Well",W17252,2012,'0,5.8,'0,7.7
MS,Dhule,Dondaicha-warwade,Dhule,21.08333333,74.78333333,Songir,"Dug Well",W07043,2012,'0,'0,4.3,'0
MS,Dhule,Shirpur,Shirpur,21.52083333,74.9,Boradi,"Dug Well",W17258,2012,'0,10.4,9.8,'0
MS,Dhule,Shirpur,Shirpur,21.525,75.04722222,Palasner,"Dug Well",W07044,2012,'0,4.05,5.3,5.7
MS,Dhule,Shirpur,Shirpur,21.26666667,75.10888889,Hisala,"Dug Well",W17259,2012,'0,'0,20.5,'0
MS,Dhule,Shirpur,Shirpur,21.48333333,74.98333333,Sangivi,"Dug Well",W07045,2012,'0,2.44,4,7
MS,Dhule,Dondaicha-warwade,Dhule,20.8875,74.61666667,Gotane,"Bore Well",W17254,2012,'0,'0,19.2,'0
MS,Dhule,Shirpur-warwade,Sakri,20.95,73.96666667,"Burdi Pada","Dug Well",W17261,2012,'0,3.23,3.1,6.33
MS,Dhule,Shirpur-warwade,Sakri,20.95,74.125,Pimpalner,"Dug Well",W07046,2012,'0,2.09,3.8,4
MS,Dhule,Dondaicha-warwade,Dhule,20.82083333,74.74583333,Laling-1,"Dug Well",W07035,2012,'0,6,3,12.9
MS,Dhule,Dondaicha-warwade,Dhule,20.825,74.6,Ajnale,"Dug Well",W17250,2012,'0,3.48,3.4,3.08
MS,Dhule,Dondaicha-warwade,Dhule,20.825,74.81666667,Narwhal,"Dug Well",W07039,2012,'0,.03,.3,2.54
MS,Dhule,Dondaicha-warwade,Dhule,20.94916667,74.525,Ner-2,"Bore Well",W07041,2012,'0,'0,11.6,'0
MS,Dhule,Dondaicha-warwade,Dhule,20.90416667,74.76666667,Dhule,"Dug Well",W17253,2012,'0,6.45,6.65,7.45
MS,Dhule,Dondaicha-warwade,Dhule,20.91666667,74.63333333,Kherde,"Dug Well",W17255,2012,'0,7.3,7.9,8.4
MS,Dhule,Dondaicha-warwade,Dhule,20.72833333,74.7,Purmepada(pur),"Dug Well",W07042,2012,'0,'0,6,5.92
MS,Dhule,Dondaicha-warwade,Dhule,20.85,74.78333333,Avdhan,"Dug Well",W17251,2012,'0,5.07,4.1,7.57
MS,Dhule,Dondaicha-warwade,Dhule,20.88333333,74.95,Mukti,"Dug Well",W07037,2012,'0,4.39,5.3,8.55
MS,Dhule,Dondaicha-warwade,Dhule,20.94166667,74.51666667,Ner-1,"Dug Well",W07040,2012,'0,'0,'0,9.6
MS,Dhule,Dhule,Dhule,20.93611111,74.51472222,Ner-1,"Dug Well",W26801,2012,'0,'0,9.6,'0
MS,Dhule,Shirpur-warwade,Sakri,20.98333333,74.31666667,Sakri2,"Dug Well",W07047,2012,'0,5.8,8.1,9.4
MS,Dhule,Shirpur-warwade,Sakri,20.97222222,74.44444444,Ichhapur,"Dug Well",W17265,2011,'0,'0,1.15,6.97
MS,Dhule,Shirpur,Shirpur,21.33333333,74.91305556,Kalamsare,"Bore Well",W17260,2011,15,'0,'0,19.07
MS,Dhule,Shirpur-warwade,Sakri,21.00416667,73.85611111,Charanmal,"Dug Well",W17263,2011,'0,'0,.9,4.09
MS,Dhule,Shirpur-warwade,Sakri,21.21666667,74.23333333,Chadwel,"Dug Well",W17262,2011,9.24,'0,6.23,10.91
MS,Dhule,Shirpur-warwade,Sakri,21.06666667,74.16388889,Dahival,"Dug Well",W17264,2011,7.19,'0,5.3,7.91
MS,Dhule,Dhule,Shindkhede,21.18333333,74.68333333,Chimthane,"Dug Well",W17247,2011,10.2,'0,7.8,10.31
MS,Dhule,Dhule,Shindkhede,21.21666667,74.81666667,Nardana,"Dug Well",W07033,2011,8.05,'0,6.2,7.82
MS,Dhule,Dhule,Shindkhede,21.24583333,74.6375,Methi,"Dug Well",W07032,2011,'0,8.4,'0,9.3
MS,Dhule,Dondaicha-warwade,Dhule,20.96666667,74.775,Nangaon,"Dug Well",W07038,2011,2.76,'0,.83,4.97
MS,Dhule,Dondaicha-warwade,Dhule,21.02083333,74.75416667,Deobhane,"Dug Well",W17252,2011,'0,'0,5.35,'0
MS,Dhule,Dondaicha-warwade,Dhule,21.08333333,74.78333333,Songir,"Dug Well",W07043,2011,3.57,'0,3.43,3.9
MS,Dhule,Shirpur,Shirpur,21.52083333,74.9,Boradi,"Dug Well",W17258,2011,'0,11.3,8.15,'0
MS,Dhule,Shirpur,Shirpur,21.525,75.04722222,Palasner,"Dug Well",W07044,2011,4.2,5.5,3.4,7.19
MS,Dhule,Shirpur,Shirpur,21.26666667,75.10888889,Hisala,"Dug Well",W17259,2011,'0,'0,'0,18.13
MS,Dhule,Shirpur,Shirpur,21.48333333,74.98333333,Sangivi,"Dug Well",W07045,2011,5.3,'0,1.79,7.02
MS,Dhule,Dondaicha-warwade,Dhule,20.8875,74.61666667,Gotane,"Bore Well",W17254,2011,15,'0,'0,'0
MS,Dhule,Shirpur-warwade,Sakri,20.95,73.96666667,"Burdi Pada","Dug Well",W17261,2011,2.87,4.35,2.53,6.72
MS,Dhule,Shirpur-warwade,Sakri,20.95,74.125,Pimpalner,"Dug Well",W07046,2011,4.09,'0,2.29,4.65
MS,Dhule,Dondaicha-warwade,Dhule,20.82083333,74.74583333,Laling-1,"Dug Well",W07035,2011,2.71,11.61,3.1,10.85
MS,Dhule,Dondaicha-warwade,Dhule,20.825,74.6,Ajnale,"Dug Well",W17250,2011,2.77,3,2.03,3.55
MS,Dhule,Dondaicha-warwade,Dhule,20.825,74.81666667,Narwhal,"Dug Well",W07039,2011,3.76,4.1,.14,2.51
MS,Dhule,Dondaicha-warwade,Dhule,20.94916667,74.525,Ner-2,"Bore Well",W07041,2011,11.09,'0,'0,10.97
MS,Dhule,Dondaicha-warwade,Dhule,20.90416667,74.76666667,Dhule,"Dug Well",W17253,2011,6.31,7.1,5.05,7.81
MS,Dhule,Dondaicha-warwade,Dhule,20.91666667,74.63333333,Kherde,"Dug Well",W17255,2011,9.36,'0,7,10.01
MS,Dhule,Dondaicha-warwade,Dhule,20.72833333,74.7,Purmepada(pur),"Dug Well",W07042,2011,'0,'0,2.92,4.97
MS,Dhule,Dondaicha-warwade,Dhule,20.85,74.78333333,Avdhan,"Dug Well",W17251,2011,3.9,'0,5.47,7.11
MS,Dhule,Dondaicha-warwade,Dhule,20.88333333,74.95,Mukti,"Dug Well",W07037,2011,5.55,'0,5.22,7.1
MS,Dhule,Dondaicha-warwade,Dhule,20.81666667,74.7375,Laling-2,"Bore Well",W07036,2011,'0,5.15,'0,'0
MS,Dhule,Dondaicha-warwade,Dhule,20.94166667,74.51666667,Ner-1,"Dug Well",W07040,2011,8.11,8.04,'0,8.65
MS,Dhule,Shirpur-warwade,Sakri,20.98333333,74.31666667,Sakri2,"Dug Well",W07047,2011,7.44,6.7,5.4,8.11
MS,Dhule,Shirpur-warwade,Sakri,20.97222222,74.44444444,Ichhapur,"Dug Well",W17265,2010,4.35,1.6,3.9,6
MS,Dhule,Shirpur,Shirpur,21.33333333,74.96666667,"Amoda (Shirpur)","Dug Well",W17256,2010,14.3,'0,'0,'0
MS,Dhule,Shirpur-warwade,Sakri,21.00416667,73.85611111,Charanmal,"Dug Well",W17263,2010,1.9,1.25,1.1,3
MS,Dhule,Shirpur-warwade,Sakri,21.21666667,74.23333333,Chadwel,"Dug Well",W17262,2010,2.8,8.23,5.75,10.54
MS,Dhule,Shirpur-warwade,Sakri,21.06666667,74.16388889,Dahival,"Dug Well",W17264,2010,8.5,6.15,7.8,6.4
MS,Dhule,Dhule,Shindkhede,21.18333333,74.68333333,Chimthane,"Dug Well",W17247,2010,8.1,7.6,7.3,8.4
MS,Dhule,Dhule,Shindkhede,21.21666667,74.81666667,Nardana,"Dug Well",W07033,2010,3.3,5.9,6.1,7.2
MS,Dhule,Dhule,Shindkhede,21.24583333,74.6375,Methi,"Dug Well",W07032,2010,6.5,5.3,6.6,6.25
MS,Dhule,Dondaicha-warwade,Dhule,20.96666667,74.775,Nangaon,"Dug Well",W07038,2010,4.3,3.88,5.05,3.38
MS,Dhule,Dondaicha-warwade,Dhule,21.02083333,74.75416667,Deobhane,"Dug Well",W17252,2010,6.65,9.85,5.95,10.6
MS,Dhule,Dondaicha-warwade,Dhule,21.08333333,74.78333333,Songir,"Dug Well",W07043,2010,14.8,3.38,14.8,3.83
MS,Dhule,Shirpur,Shirpur,21.52083333,74.9,Boradi,"Dug Well",W17258,2010,10.4,9.2,9.15,12
MS,Dhule,Shirpur,Shirpur,21.525,75.04722222,Palasner,"Dug Well",W07044,2010,4.9,4.5,3.55,9.6
MS,Dhule,Shirpur,Shirpur,21.26666667,75.10888889,Hisala,"Dug Well",W17259,2010,26.3,16.75,19.2,20.6
MS,Dhule,Shirpur,Shirpur,21.48333333,74.98333333,Sangivi,"Dug Well",W07045,2010,'0,3.99,3.45,6.4
MS,Dhule,Dondaicha-warwade,Dhule,20.8875,74.61666667,Gotane,"Bore Well",W17254,2010,16.85,8.2,19.1,31.9
MS,Dhule,Shirpur-warwade,Sakri,20.95,73.96666667,"Burdi Pada","Dug Well",W17261,2010,2.5,3.48,3.05,6.63
MS,Dhule,Shirpur-warwade,Sakri,20.95,74.125,Pimpalner,"Dug Well",W07046,2010,3.85,2.34,4.35,3.24
MS,Dhule,Dhule,Shindkhede,21.27083333,74.74583333,Sindkheda,"Dug Well",W07034,2010,15.7,15.02,15.7,15.7
MS,Dhule,Dhule,Shindkhede,21.33666667,74.495,Dhavda,"Bore Well",W17248,2010,'0,15.7,'0,42
MS,Dhule,Dondaicha-warwade,Dhule,20.82083333,74.74583333,Laling-1,"Dug Well",W07035,2010,2.55,3.4,3.1,10.4
MS,Dhule,Dondaicha-warwade,Dhule,20.825,74.6,Ajnale,"Dug Well",W17250,2010,2.9,1.68,1.9,2.98
MS,Dhule,Dondaicha-warwade,Dhule,20.825,74.81666667,Narwhal,"Dug Well",W07039,2010,.05,'0,.05,2.09
MS,Dhule,Dondaicha-warwade,Dhule,20.94916667,74.525,Ner-2,"Bore Well",W07041,2010,10.75,9.7,10.65,10.3
MS,Dhule,Dondaicha-warwade,Dhule,20.90416667,74.76666667,Dhule,"Dug Well",W17253,2010,4.6,4.23,5.05,4.85
MS,Dhule,Dondaicha-warwade,Dhule,20.91666667,74.63333333,Kherde,"Dug Well",W17255,2010,9.4,7.9,9.4,9.4
MS,Dhule,Dondaicha-warwade,Dhule,20.72833333,74.7,Purmepada(pur),"Dug Well",W07042,2010,4.7,3.27,4.3,5.07
MS,Dhule,Dondaicha-warwade,Dhule,20.85,74.78333333,Avdhan,"Dug Well",W17251,2010,4.05,3.87,3.85,6.47
MS,Dhule,Dondaicha-warwade,Dhule,20.88333333,74.95,Mukti,"Dug Well",W07037,2010,4.2,1.49,3.05,4.94
MS,Dhule,Dondaicha-warwade,Dhule,20.81666667,74.7375,Laling-2,"Bore Well",W07036,2010,1.9,3.8,3.3,10
MS,Dhule,Dondaicha-warwade,Dhule,20.94166667,74.51666667,Ner-1,"Dug Well",W07040,2010,6.1,7.3,7.85,'0
MS,Dhule,Shirpur,Shirpur,21.33333333,74.91305556,Kalamsare,"Bore Well",W17260,2010,'0,14.25,'0,8.8
MS,Dhule,Shirpur-warwade,Sakri,20.98333333,74.31666667,Sakri2,"Dug Well",W07047,2010,5.7,4.7,5.8,6.2
MS,Dhule,Shirpur-warwade,Sakri,20.97222222,74.44444444,Ichhapur,"Dug Well",W17265,2009,1,'0,.45,'0
MS,Dhule,Shirpur,Shirpur,21.33333333,74.91305556,Kalamsare,"Bore Well",W17260,2009,'0,17,14,21.1
MS,Dhule,Shirpur-warwade,Sakri,21.00416667,73.85611111,Charanmal,"Dug Well",W17263,2009,.01,'0,.1,'0
MS,Dhule,Shirpur-warwade,Sakri,21.21666667,74.23333333,Chadwel,"Dug Well",W17262,2009,5,'0,6.78,'0
MS,Dhule,Shirpur-warwade,Sakri,21.06666667,74.16388889,Dahival,"Dug Well",W17264,2009,6,4.9,5.3,6.4
MS,Dhule,Dhule,Shindkhede,21.18333333,74.68333333,Chimthane,"Dug Well",W17247,2009,8.45,8.54,8.24,'0
MS,Dhule,Dhule,Shindkhede,21.21666667,74.81666667,Nardana,"Dug Well",W07033,2009,6.4,6.09,5.3,8.2
MS,Dhule,Dhule,Shindkhede,21.24583333,74.6375,Methi,"Dug Well",W07032,2009,5.7,9.05,8.45,8.53
MS,Dhule,Dondaicha-warwade,Dhule,20.96666667,74.775,Nangaon,"Dug Well",W07038,2009,3,4.5,3.15,'0
MS,Dhule,Dondaicha-warwade,Dhule,21.02083333,74.75416667,Deobhane,"Dug Well",W17252,2009,7.2,'0,9.7,'0
MS,Dhule,Dondaicha-warwade,Dhule,21.08333333,74.78333333,Songir,"Dug Well",W07043,2009,3.3,3.95,2.03,'0
MS,Dhule,Shirpur,Shirpur,21.52083333,74.9,Boradi,"Dug Well",W17258,2009,9.5,12,7.8,'0
MS,Dhule,Shirpur,Shirpur,21.525,75.04722222,Palasner,"Dug Well",W07044,2009,5.2,8.74,4,8.4
MS,Dhule,Shirpur,Shirpur,21.26666667,75.10888889,Hisala,"Dug Well",W17259,2009,18,20.45,16.1,'0
MS,Dhule,Shirpur,Shirpur,21.48333333,74.98333333,Sangivi,"Dug Well",W07045,2009,3,4.64,3.54,'0
MS,Dhule,Dondaicha-warwade,Dhule,20.8875,74.61666667,Gotane,"Bore Well",W17254,2009,12.5,13.12,18,17.8
MS,Dhule,Shirpur-warwade,Sakri,20.95,73.96666667,"Burdi Pada","Dug Well",W17261,2009,2.5,3.61,3.03,6.6
MS,Dhule,Shirpur-warwade,Sakri,20.95,74.125,Pimpalner,"Dug Well",W07046,2009,3.3,2.1,2.64,3.75
MS,Dhule,Dhule,Shindkhede,21.27083333,74.74583333,Sindkheda,"Dug Well",W07034,2009,15.7,15.7,'0,'0
MS,Dhule,Dhule,Shindkhede,21.33666667,74.495,Dhavda,"Bore Well",W17248,2009,9,5.18,'0,'0
MS,Dhule,Dondaicha-warwade,Dhule,20.82083333,74.74583333,Laling-1,"Dug Well",W07035,2009,2.4,'0,1.6,11.6
MS,Dhule,Dondaicha-warwade,Dhule,20.825,74.6,Ajnale,"Dug Well",W17250,2009,1.2,4.12,.48,3.75
MS,Dhule,Dondaicha-warwade,Dhule,20.825,74.81666667,Narwhal,"Dug Well",W07039,2009,3,.82,-.31,2.6
MS,Dhule,Dondaicha-warwade,Dhule,20.94916667,74.525,Ner-2,"Bore Well",W07041,2009,13.75,'0,11.05,11.54
MS,Dhule,Dondaicha-warwade,Dhule,20.90416667,74.76666667,Dhule,"Dug Well",W17253,2009,6.3,7.1,5.65,7.1
MS,Dhule,Dondaicha-warwade,Dhule,20.91666667,74.63333333,Kherde,"Dug Well",W17255,2009,8.7,6.4,7.8,'0
MS,Dhule,Dondaicha-warwade,Dhule,20.72833333,74.7,Purmepada(pur),"Dug Well",W07042,2009,3.4,3.55,2.92,5.5
MS,Dhule,Dondaicha-warwade,Dhule,20.85,74.78333333,Avdhan,"Dug Well",W17251,2009,2.5,4.3,3.17,9.5
MS,Dhule,Dondaicha-warwade,Dhule,20.88333333,74.95,Mukti,"Dug Well",W07037,2009,5.8,6,1.34,8.65
MS,Dhule,Dondaicha-warwade,Dhule,20.81666667,74.7375,Laling-2,"Bore Well",W07036,2009,2,'0,1.82,11.5
MS,Dhule,Dondaicha-warwade,Dhule,20.94166667,74.51666667,Ner-1,"Dug Well",W07040,2009,7,6.85,6.85,7.7
MS,Dhule,Shirpur-warwade,Sakri,20.98333333,74.31666667,Sakri2,"Dug Well",W07047,2009,4.8,4.23,3.9,5.5
MS,Dhule,Shirpur-warwade,Sakri,20.97222222,74.44444444,Ichhapur,"Dug Well",W17265,2008,3.05,5.05,'0,4
MS,Dhule,Shirpur-warwade,Sakri,20.98333333,74.31666667,Sakri2,"Dug Well",W07047,2008,4.78,5.7,4.38,5.3
MS,Dhule,Shirpur-warwade,Sakri,21.00416667,73.85611111,Charanmal,"Dug Well",W17263,2008,'0,1.75,'0,4
MS,Dhule,Shirpur-warwade,Sakri,21.21666667,74.23333333,Chadwel,"Dug Well",W17262,2008,4.33,9.1,7.05,10.54
MS,Dhule,Shirpur-warwade,Sakri,21.06666667,74.16388889,Dahival,"Dug Well",W17264,2008,6.6,4.9,4.44,6.2
MS,Dhule,Dhule,Shindkhede,21.18333333,74.68333333,Chimthane,"Dug Well",W17247,2008,4.97,6.45,8.15,8.48
MS,Dhule,Dhule,Shindkhede,21.21666667,74.81666667,Nardana,"Dug Well",W07033,2008,.9,6.75,5.75,7.55
MS,Dhule,Dhule,Shindkhede,21.24583333,74.6375,Methi,"Dug Well",W07032,2008,6.43,2.5,6.48,8
MS,Dhule,Dondaicha-warwade,Dhule,20.96666667,74.775,Nangaon,"Dug Well",W07038,2008,2.84,4.45,3.8,6.5
MS,Dhule,Dondaicha-warwade,Dhule,21.02083333,74.75416667,Deobhane,"Dug Well",W17252,2008,15.7,5.95,15.9,12.65
MS,Dhule,Dondaicha-warwade,Dhule,21.08333333,74.78333333,Songir,"Dug Well",W07043,2008,3.83,10.8,2.9,8.4
MS,Dhule,Shirpur,Shirpur,21.52083333,74.9,Boradi,"Dug Well",W17258,2008,5.75,10.2,9.5,12
MS,Dhule,Shirpur,Shirpur,21.525,75.04722222,Palasner,"Dug Well",W07044,2008,5.2,7.05,6.22,6.5
MS,Dhule,Shirpur,Shirpur,21.26666667,75.10888889,Hisala,"Dug Well",W17259,2008,6.24,18.2,21.7,16.1
MS,Dhule,Shirpur,Shirpur,21.48333333,74.98333333,Sangivi,"Dug Well",W07045,2008,6.03,4.35,3.91,6.4
MS,Dhule,Dondaicha-warwade,Dhule,20.8875,74.61666667,Gotane,"Bore Well",W17254,2008,'0,18.55,17.8,18.23
MS,Dhule,Shirpur-warwade,Sakri,20.95,73.96666667,"Burdi Pada","Dug Well",W17261,2008,.73,4.05,3.3,7.2
MS,Dhule,Shirpur-warwade,Sakri,20.95,74.125,Pimpalner,"Dug Well",W07046,2008,3.14,2.1,2.27,2.7
MS,Dhule,Dhule,Shindkhede,21.27083333,74.74583333,Sindkheda,"Dug Well",W07034,2008,'0,15.7,'0,'0
MS,Dhule,Dhule,Shindkhede,21.33666667,74.495,Dhavda,"Bore Well",W17248,2008,'0,'0,13.1,8
MS,Dhule,Dondaicha-warwade,Dhule,20.82083333,74.74583333,Laling-1,"Dug Well",W07035,2008,7.53,'0,2.93,12.3
MS,Dhule,Dondaicha-warwade,Dhule,20.825,74.6,Ajnale,"Dug Well",W17250,2008,1.73,2.55,2.26,3.6
MS,Dhule,Dondaicha-warwade,Dhule,20.825,74.81666667,Narwhal,"Dug Well",W07039,2008,2.24,1.1,.24,2.3
MS,Dhule,Dondaicha-warwade,Dhule,20.94916667,74.525,Ner-2,"Bore Well",W07041,2008,10.1,11.74,11.1,11
MS,Dhule,Dondaicha-warwade,Dhule,20.90416667,74.76666667,Dhule,"Dug Well",W17253,2008,6.94,6.5,5.6,7.8
MS,Dhule,Dondaicha-warwade,Dhule,20.91666667,74.63333333,Kherde,"Dug Well",W17255,2008,7.6,6.45,6.75,8.7
MS,Dhule,Dondaicha-warwade,Dhule,20.72833333,74.7,Purmepada(pur),"Dug Well",W07042,2008,4.24,3.6,'0,'0
MS,Dhule,Dondaicha-warwade,Dhule,20.85,74.78333333,Avdhan,"Dug Well",W17251,2008,3.84,4.45,4.36,7.3
MS,Dhule,Dondaicha-warwade,Dhule,20.88333333,74.95,Mukti,"Dug Well",W07037,2008,5.65,4.9,5.5,6.45
MS,Dhule,Dondaicha-warwade,Dhule,20.81666667,74.7375,Laling-2,"Bore Well",W07036,2008,8.79,6.05,3.19,14.8
MS,Dhule,Dondaicha-warwade,Dhule,20.94166667,74.51666667,Ner-1,"Dug Well",W07040,2008,6.68,6.5,6.7,7.5
MS,Dhule,Shirpur,Shirpur,21.33333333,74.91305556,Kalamsare,"Bore Well",W17260,2008,'0,14.7,17.55,18.8
MS,Dhule,Dondaicha-warwade,Dhule,20.90416667,74.76666667,Dhule,"Dug Well",W17253,2007,6.3,8,6.3,8.7
MS,Dhule,Dhule,Shindkhede,21.24583333,74.6375,Methi,"Dug Well",W07032,2007,2.55,2.4,3.75,7.5
MS,Dhule,Dondaicha-warwade,Dhule,20.72833333,74.7,Purmepada(pur),"Dug Well",W07042,2007,5.3,3.9,5.5,4.85
MS,Dhule,Dondaicha-warwade,Dhule,20.85,74.78333333,Avdhan,"Dug Well",W17251,2007,2.55,4.1,3.9,6.7
MS,Dhule,Dondaicha-warwade,Dhule,20.88333333,74.95,Mukti,"Dug Well",W07037,2007,1.75,3.4,3.1,6.65
MS,Dhule,Dondaicha-warwade,Dhule,20.81666667,74.7375,Laling-2,"Bore Well",W07036,2007,.9,5.9,2.7,11.4
MS,Dhule,Dondaicha-warwade,Dhule,20.94166667,74.51666667,Ner-1,"Dug Well",W07040,2007,8.8,6.3,8.8,7.9
MS,Dhule,Shirpur,Shirpur,21.33333333,74.91305556,Kalamsare,"Bore Well",W17260,2007,11.65,'0,11.65,18.6
MS,Dhule,Shirpur,Shirpur,21.33333333,74.96666667,"Amoda (Shirpur)","Dug Well",W17256,2007,14.3,8.4,14.3,14.3
MS,Dhule,Shirpur-warwade,Sakri,20.95,73.96666667,"Burdi Pada","Dug Well",W17261,2007,1.9,3.55,2.3,6.8
MS,Dhule,Shirpur-warwade,Sakri,20.95,74.125,Pimpalner,"Dug Well",W07046,2007,1.8,2.25,1.8,3.1
MS,Dhule,Dhule,Shindkhede,21.27083333,74.74583333,Sindkheda,"Dug Well",W07034,2007,4.3,15.7,7.95,'0
MS,Dhule,Dhule,Shindkhede,21.33666667,74.495,Dhavda,"Bore Well",W17248,2007,11.9,'0,13.1,18
MS,Dhule,Dondaicha-warwade,Dhule,20.82083333,74.74583333,Laling-1,"Dug Well",W07035,2007,1.35,5.42,2.65,11.05
MS,Dhule,Dondaicha-warwade,Dhule,20.825,74.6,Ajnale,"Dug Well",W17250,2007,2.35,2.45,4.95,3.6
MS,Dhule,Dondaicha-warwade,Dhule,20.825,74.81666667,Narwhal,"Dug Well",W07039,2007,3.95,3.05,4.7,3.8
MS,Dhule,Dondaicha-warwade,Dhule,20.94916667,74.525,Ner-2,"Bore Well",W07041,2007,11.1,10.2,11.1,11
MS,Dhule,Dondaicha-warwade,Dhule,20.96666667,74.775,Nangaon,"Dug Well",W07038,2007,3.15,3.8,3.15,7.95
MS,Dhule,Dondaicha-warwade,Dhule,21.02083333,74.75416667,Deobhane,"Dug Well",W17252,2007,6.35,7.35,6.35,14.7
MS,Dhule,Dondaicha-warwade,Dhule,21.08333333,74.78333333,Songir,"Dug Well",W07043,2007,14.8,12.95,4.05,14.8
MS,Dhule,Shirpur,Shirpur,21.52083333,74.9,Boradi,"Dug Well",W17258,2007,9.25,8.8,9.9,'0
MS,Dhule,Shirpur,Shirpur,21.525,75.04722222,Palasner,"Dug Well",W07044,2007,7.6,3.2,5.75,5.45
MS,Dhule,Shirpur,Shirpur,21.26666667,75.10888889,Hisala,"Dug Well",W17259,2007,15.8,15.5,15.8,16.85
MS,Dhule,Shirpur,Shirpur,21.48333333,74.98333333,Sangivi,"Dug Well",W07045,2007,3.85,3.79,3.9,6.15
MS,Dhule,Dondaicha-warwade,Dhule,20.8875,74.61666667,Gotane,"Bore Well",W17254,2007,18.55,22.4,18.55,21
MS,Dhule,Shirpur-warwade,Sakri,20.97222222,74.44444444,Ichhapur,"Dug Well",W17265,2007,4.3,'0,4.3,'0
MS,Dhule,Shirpur-warwade,Sakri,20.98333333,74.31666667,Sakri2,"Dug Well",W07047,2007,4.85,5.4,4.85,6.1
MS,Dhule,Shirpur-warwade,Sakri,21.00416667,73.85611111,Charanmal,"Dug Well",W17263,2007,.1,1.6,1.1,4
MS,Dhule,Shirpur-warwade,Sakri,21.21666667,74.23333333,Chadwel,"Dug Well",W17262,2007,3.55,8.9,6.2,'0
MS,Dhule,Shirpur-warwade,Sakri,21.06666667,74.16388889,Dahival,"Dug Well",W17264,2007,2.9,4.75,3.8,5.4
MS,Dhule,Dhule,Shindkhede,21.18333333,74.68333333,Chimthane,"Dug Well",W17247,2007,4.35,5.7,5.7,'0
MS,Dhule,Dhule,Shindkhede,21.21666667,74.81666667,Nardana,"Dug Well",W07033,2007,6.3,6.07,6.3,7.8
MS,Dhule,Dondaicha-warwade,Dhule,20.91666667,74.63333333,Kherde,"Dug Well",W17255,2007,9.4,7.35,9.4,'0
MS,Dhule,Dondaicha-warwade,Dhule,20.90416667,74.76666667,Dhule,"Dug Well",W17253,2006,7.15,7.75,5,8.25
MS,Dhule,Dhule,Shindkhede,21.24583333,74.6375,Methi,"Dug Well",W07032,2006,2.35,10.39,2.47,11
MS,Dhule,Dondaicha-warwade,Dhule,20.72833333,74.7,Purmepada(pur),"Dug Well",W07042,2006,'0,6,3.12,7.9
MS,Dhule,Dondaicha-warwade,Dhule,20.85,74.78333333,Avdhan,"Dug Well",W17251,2006,2.4,6.65,3.04,9.87
MS,Dhule,Dondaicha-warwade,Dhule,20.88333333,74.95,Mukti,"Dug Well",W07037,2006,1.35,7.9,.3,6.94
MS,Dhule,Dondaicha-warwade,Dhule,20.81666667,74.7375,Laling-2,"Bore Well",W07036,2006,'0,8,'0,21.1
MS,Dhule,Dondaicha-warwade,Dhule,20.94166667,74.51666667,Ner-1,"Dug Well",W07040,2006,7.8,6.25,5.82,7.7
MS,Dhule,Shirpur,Shirpur,21.33333333,74.91305556,Kalamsare,"Bore Well",W17260,2006,'0,21.05,12.35,24.02
MS,Dhule,Shirpur,Shirpur,21.33333333,74.96666667,"Amoda (Shirpur)","Dug Well",W17256,2006,14.3,'0,'0,14.3
MS,Dhule,Shirpur-warwade,Sakri,20.95,73.96666667,"Burdi Pada","Dug Well",W17261,2006,1.85,3.46,2.87,7.1
MS,Dhule,Shirpur-warwade,Sakri,20.95,74.125,Pimpalner,"Dug Well",W07046,2006,1.3,2.19,2.35,3.29
MS,Dhule,Dhule,Shindkhede,21.27083333,74.74583333,Sindkheda,"Dug Well",W07034,2006,15.7,99.99,'0,15.7
MS,Dhule,Dhule,Shindkhede,21.33666667,74.495,Dhavda,"Bore Well",W17248,2006,2.35,'0,'0,'0
MS,Dhule,Dondaicha-warwade,Dhule,20.82083333,74.74583333,Laling-1,"Dug Well",W07035,2006,.9,7.8,'0,12.95
MS,Dhule,Dondaicha-warwade,Dhule,20.825,74.6,Ajnale,"Dug Well",W17250,2006,1.9,2.2,1.42,3.13
MS,Dhule,Dondaicha-warwade,Dhule,20.825,74.81666667,Narwhal,"Dug Well",W07039,2006,3.6,4.1,1.1,5.34
MS,Dhule,Dondaicha-warwade,Dhule,20.94916667,74.525,Ner-2,"Bore Well",W07041,2006,11.4,10.6,'0,10.89
MS,Dhule,Dondaicha-warwade,Dhule,20.96666667,74.775,Nangaon,"Dug Well",W07038,2006,1.7,6.62,5.68,7.95
MS,Dhule,Dondaicha-warwade,Dhule,21.02083333,74.75416667,Deobhane,"Dug Well",W17252,2006,7.1,20.45,3.2,19.3
MS,Dhule,Dondaicha-warwade,Dhule,21.08333333,74.78333333,Songir,"Dug Well",W07043,2006,7.15,5.6,3.95,8.53
MS,Dhule,Shirpur,Shirpur,21.52083333,74.9,Boradi,"Dug Well",W17258,2006,4.35,10.85,5.2,12
MS,Dhule,Shirpur,Shirpur,21.525,75.04722222,Palasner,"Dug Well",W07044,2006,7.15,10.44,2.7,9.25
MS,Dhule,Shirpur,Shirpur,21.26666667,75.10888889,Hisala,"Dug Well",W17259,2006,9.3,17.05,15.7,19.4
MS,Dhule,Shirpur,Shirpur,21.48333333,74.98333333,Sangivi,"Dug Well",W07045,2006,2.9,4.69,4.05,6.94
MS,Dhule,Dondaicha-warwade,Dhule,20.8875,74.61666667,Gotane,"Bore Well",W17254,2006,18.3,19.68,19.8,20.28
MS,Dhule,Shirpur-warwade,Sakri,20.97222222,74.44444444,Ichhapur,"Dug Well",W17265,2006,'0,'0,'0,6.8
MS,Dhule,Shirpur-warwade,Sakri,20.98333333,74.31666667,Sakri2,"Dug Well",W07047,2006,6.15,6.65,5.65,7.9
MS,Dhule,Shirpur-warwade,Sakri,21.00416667,73.85611111,Charanmal,"Dug Well",W17263,2006,.15,1.1,1.1,2.8
MS,Dhule,Shirpur-warwade,Sakri,21.21666667,74.23333333,Chadwel,"Dug Well",W17262,2006,5.9,5.9,4.96,10.54
MS,Dhule,Shirpur-warwade,Sakri,21.06666667,74.16388889,Dahival,"Dug Well",W17264,2006,2.9,4.88,3.92,5.85
MS,Dhule,Dhule,Shindkhede,21.18333333,74.68333333,Chimthane,"Dug Well",W17247,2006,3.45,6.8,6.71,9.3
MS,Dhule,Dhule,Shindkhede,21.21666667,74.81666667,Nardana,"Dug Well",W07033,2006,3.7,7.7,5.7,7.55
MS,Dhule,Dondaicha-warwade,Dhule,20.91666667,74.63333333,Kherde,"Dug Well",W17255,2006,9.4,9.4,6.9,9.4
MS,Dhule,Dondaicha-warwade,Dhule,20.90416667,74.76666667,Dhule,"Dug Well",W17253,2005,8.35,7.1,8.6,9.67
MS,Dhule,Dhule,Shindkhede,21.24583333,74.6375,Methi,"Dug Well",W07032,2005,10.29,10.35,6.6,10.95
MS,Dhule,Dondaicha-warwade,Dhule,20.72833333,74.7,Purmepada(pur),"Dug Well",W07042,2005,6.18,4.78,5.15,7.9
MS,Dhule,Dondaicha-warwade,Dhule,20.85,74.78333333,Avdhan,"Dug Well",W17251,2005,6.42,5.44,4.95,8.35
MS,Dhule,Dondaicha-warwade,Dhule,20.88333333,74.95,Mukti,"Dug Well",W07037,2005,7.96,6.4,7.8,11.4
MS,Dhule,Dondaicha-warwade,Dhule,20.81666667,74.7375,Laling-2,"Bore Well",W07036,2005,9.85,'0,'0,'0
MS,Dhule,Dondaicha-warwade,Dhule,20.94166667,74.51666667,Ner-1,"Dug Well",W07040,2005,7.05,7.11,6.65,8.8
MS,Dhule,Shirpur,Shirpur,21.33333333,74.91305556,Kalamsare,"Bore Well",W17260,2005,21.5,17.1,'0,21.9
MS,Dhule,Shirpur,Shirpur,21.33333333,74.96666667,"Amoda (Shirpur)","Dug Well",W17256,2005,'0,'0,14.3,'0
MS,Dhule,Shirpur-warwade,Sakri,20.95,73.96666667,"Burdi Pada","Dug Well",W17261,2005,2.11,6.75,3.4,7.35
MS,Dhule,Shirpur-warwade,Sakri,20.95,74.125,Pimpalner,"Dug Well",W07046,2005,1.49,2.58,2.25,4.69
MS,Dhule,Dhule,Shindkhede,21.27083333,74.74583333,Sindkheda,"Dug Well",W07034,2005,'0,15.7,15.7,15.7
MS,Dhule,Dhule,Shindkhede,21.33666667,74.495,Dhavda,"Bore Well",W17248,2005,'0,11.1,'0,'0
MS,Dhule,Dondaicha-warwade,Dhule,20.82083333,74.74583333,Laling-1,"Dug Well",W07035,2005,10.27,6.36,1.1,11.82
MS,Dhule,Dondaicha-warwade,Dhule,20.825,74.6,Ajnale,"Dug Well",W17250,2005,2.82,5.05,2.2,3.6
MS,Dhule,Dondaicha-warwade,Dhule,20.825,74.81666667,Narwhal,"Dug Well",W07039,2005,3.79,2.51,1.9,4.63
MS,Dhule,Dondaicha-warwade,Dhule,20.94916667,74.525,Ner-2,"Bore Well",W07041,2005,'0,'0,11.2,'0
MS,Dhule,Dondaicha-warwade,Dhule,20.96666667,74.775,Nangaon,"Dug Well",W07038,2005,3.4,5.75,5.35,7.95
MS,Dhule,Dondaicha-warwade,Dhule,21.02083333,74.75416667,Deobhane,"Dug Well",W17252,2005,19,12.15,17.65,16.15
MS,Dhule,Dondaicha-warwade,Dhule,21.08333333,74.78333333,Songir,"Dug Well",W07043,2005,5.6,4.23,10.3,14.8
MS,Dhule,Shirpur,Shirpur,21.52083333,74.9,Boradi,"Dug Well",W17258,2005,10.15,5.8,9.45,12
MS,Dhule,Shirpur,Shirpur,21.525,75.04722222,Palasner,"Dug Well",W07044,2005,3.79,6.32,10.65,7.14
MS,Dhule,Shirpur,Shirpur,21.26666667,75.10888889,Hisala,"Dug Well",W17259,2005,21.6,18.4,20.1,20.28
MS,Dhule,Shirpur,Shirpur,21.48333333,74.98333333,Sangivi,"Dug Well",W07045,2005,4.54,4.76,4.25,6.39
MS,Dhule,Dondaicha-warwade,Dhule,20.8875,74.61666667,Gotane,"Bore Well",W17254,2005,19.26,20.8,19.8,'0
MS,Dhule,Shirpur-warwade,Sakri,20.97222222,74.44444444,Ichhapur,"Dug Well",W17265,2005,3.6,5.47,4.3,4.3
MS,Dhule,Shirpur-warwade,Sakri,20.98333333,74.31666667,Sakri2,"Dug Well",W07047,2005,8.2,8.12,7.45,10.5
MS,Dhule,Shirpur-warwade,Sakri,21.00416667,73.85611111,Charanmal,"Dug Well",W17263,2005,.58,1.5,.55,4
MS,Dhule,Shirpur-warwade,Sakri,21.21666667,74.23333333,Chadwel,"Dug Well",W17262,2005,2.43,5.1,5.7,10.54
MS,Dhule,Shirpur-warwade,Sakri,21.06666667,74.16388889,Dahival,"Dug Well",W17264,2005,3.19,5.14,4.65,7.8
MS,Dhule,Dhule,Shindkhede,21.18333333,74.68333333,Chimthane,"Dug Well",W17247,2005,7.7,6.38,6.55,8.94
MS,Dhule,Dhule,Shindkhede,21.21666667,74.81666667,Nardana,"Dug Well",W07033,2005,6.8,6.52,7.7,8.75
MS,Dhule,Dondaicha-warwade,Dhule,20.91666667,74.63333333,Kherde,"Dug Well",W17255,2005,9.4,9.4,8.7,9.4
MS,Dhule,Dondaicha-warwade,Dhule,20.90416667,74.76666667,Dhule,"Dug Well",W17253,2004,'0,8.85,'0,7.9
MS,Dhule,Dhule,Shindkhede,21.24583333,74.6375,Methi,"Dug Well",W07032,2004,'0,'0,'0,5.95
MS,Dhule,Dondaicha-warwade,Dhule,20.72833333,74.7,Purmepada(pur),"Dug Well",W07042,2004,'0,4.1,'0,6.57
MS,Dhule,Dondaicha-warwade,Dhule,20.85,74.78333333,Avdhan,"Dug Well",W17251,2004,'0,22.5,'0,7.44
MS,Dhule,Dondaicha-warwade,Dhule,20.88333333,74.95,Mukti,"Dug Well",W07037,2004,'0,5,'0,6.95
MS,Dhule,Dondaicha-warwade,Dhule,20.81666667,74.7375,Laling-2,"Bore Well",W07036,2004,'0,'0,'0,11.02
MS,Dhule,Dondaicha-warwade,Dhule,20.94166667,74.51666667,Ner-1,"Dug Well",W07040,2004,'0,7.69,'0,8.57
MS,Dhule,Shirpur,Shirpur,21.33333333,74.91305556,Kalamsare,"Bore Well",W17260,2004,'0,'0,'0,20.24
MS,Dhule,Shirpur,Shirpur,21.33333333,74.96666667,"Amoda (Shirpur)","Dug Well",W17256,2004,'0,12.15,'0,14.3
MS,Dhule,Shirpur-warwade,Sakri,20.95,73.96666667,"Burdi Pada","Dug Well",W17261,2004,'0,4.2,'0,5.75
MS,Dhule,Shirpur-warwade,Sakri,20.95,74.125,Pimpalner,"Dug Well",W07046,2004,'0,9.8,'0,3.94
MS,Dhule,Dhule,Shindkhede,21.27083333,74.74583333,Sindkheda,"Dug Well",W07034,2004,'0,15.7,'0,15.7
MS,Dhule,Dhule,Shindkhede,21.33666667,74.495,Dhavda,"Bore Well",W17248,2004,'0,'0,'0,13.13
MS,Dhule,Dondaicha-warwade,Dhule,20.82083333,74.74583333,Laling-1,"Dug Well",W07035,2004,'0,7.34,'0,11.92
MS,Dhule,Dondaicha-warwade,Dhule,20.825,74.6,Ajnale,"Dug Well",W17250,2004,'0,3.44,'0,3.73
MS,Dhule,Dondaicha-warwade,Dhule,20.825,74.81666667,Narwhal,"Dug Well",W07039,2004,'0,2.1,'0,2.6
MS,Dhule,Dondaicha-warwade,Dhule,20.96666667,74.775,Nangaon,"Dug Well",W07038,2004,'0,8.05,'0,7.33
MS,Dhule,Dondaicha-warwade,Dhule,21.02083333,74.75416667,Deobhane,"Dug Well",W17252,2004,'0,5.88,'0,12.35
MS,Dhule,Dondaicha-warwade,Dhule,21.08333333,74.78333333,Songir,"Dug Well",W07043,2004,'0,15.65,'0,14.8
MS,Dhule,Shirpur,Shirpur,21.52083333,74.9,Boradi,"Dug Well",W17258,2004,'0,10.2,'0,12
MS,Dhule,Shirpur,Shirpur,21.525,75.04722222,Palasner,"Dug Well",W07044,2004,'0,4.1,'0,5.5
MS,Dhule,Shirpur,Shirpur,21.26666667,75.10888889,Hisala,"Dug Well",W17259,2004,'0,7,'0,15.55
MS,Dhule,Shirpur,Shirpur,21.48333333,74.98333333,Sangivi,"Dug Well",W07045,2004,'0,16.82,'0,5.04
MS,Dhule,Dondaicha-warwade,Dhule,20.8875,74.61666667,Gotane,"Bore Well",W17254,2004,'0,23.2,'0,19.48
MS,Dhule,Shirpur-warwade,Sakri,20.97222222,74.44444444,Ichhapur,"Dug Well",W17265,2004,'0,4.3,'0,8.42
MS,Dhule,Shirpur-warwade,Sakri,20.98333333,74.31666667,Sakri2,"Dug Well",W07047,2004,'0,7.2,'0,8.6
MS,Dhule,Shirpur-warwade,Sakri,21.00416667,73.85611111,Charanmal,"Dug Well",W17263,2004,'0,1.3,'0,2.52
MS,Dhule,Shirpur-warwade,Sakri,21.21666667,74.23333333,Chadwel,"Dug Well",W17262,2004,'0,8.64,'0,10.54
MS,Dhule,Shirpur-warwade,Sakri,21.06666667,74.16388889,Dahival,"Dug Well",W17264,2004,'0,5.6,'0,5.9
MS,Dhule,Dhule,Shindkhede,21.18333333,74.68333333,Chimthane,"Dug Well",W17247,2004,'0,5.5,'0,9.2
MS,Dhule,Dhule,Shindkhede,21.21666667,74.81666667,Nardana,"Dug Well",W07033,2004,'0,5.12,'0,7.75
MS,Dhule,Dondaicha-warwade,Dhule,20.91666667,74.63333333,Kherde,"Dug Well",W17255,2004,'0,7.5,'0,9.4
MS,Dhule,Dondaicha-warwade,Dhule,20.91666667,74.63333333,Kherde,"Dug Well",W17255,2003,'0,'0,7.7,'0
MS,Dhule,Dhule,Shindkhede,21.24583333,74.6375,Methi,"Dug Well",W07032,2003,8.06,8.31,4.2,7.58
MS,Dhule,Dondaicha-warwade,Dhule,20.85,74.78333333,Avdhan,"Dug Well",W17251,2003,2.85,5.55,3.72,8.8
MS,Dhule,Dondaicha-warwade,Dhule,20.88333333,74.95,Mukti,"Dug Well",W07037,2003,1.93,6.61,3.74,5.14
MS,Dhule,Dondaicha-warwade,Dhule,20.94166667,74.51666667,Ner-1,"Dug Well",W07040,2003,6.38,7.32,5.8,'0
MS,Dhule,Shirpur,Shirpur,21.33333333,74.91305556,Kalamsare,"Bore Well",W17260,2003,21.47,'0,'0,'0
MS,Dhule,Shirpur,Shirpur,21.33333333,74.96666667,"Amoda (Shirpur)","Dug Well",W17256,2003,11.97,'0,7.3,'0
MS,Dhule,Shirpur-warwade,Sakri,20.95,73.96666667,"Burdi Pada","Dug Well",W17261,2003,2.73,3.7,2.33,5.62
MS,Dhule,Shirpur-warwade,Sakri,20.95,74.125,Pimpalner,"Dug Well",W07046,2003,2.27,2.53,2.29,4.32
MS,Dhule,Dhule,Shindkhede,21.27083333,74.74583333,Sindkheda,"Dug Well",W07034,2003,'0,14.83,15.7,'0
MS,Dhule,Dhule,Shindkhede,21.33666667,74.495,Dhavda,"Bore Well",W17248,2003,'0,'0,11,'0
MS,Dhule,Dondaicha-warwade,Dhule,20.82083333,74.74583333,Laling-1,"Dug Well",W07035,2003,1.67,7.21,2.5,12.15
MS,Dhule,Dondaicha-warwade,Dhule,20.825,74.6,Ajnale,"Dug Well",W17250,2003,1.09,2.57,1.88,7.28
MS,Dhule,Dondaicha-warwade,Dhule,20.825,74.81666667,Narwhal,"Dug Well",W07039,2003,.01,4.15,.01,3.74
MS,Dhule,Dondaicha-warwade,Dhule,20.90416667,74.76666667,Dhule,"Dug Well",W17253,2003,7.35,9.62,7.4,9.55
MS,Dhule,Dondaicha-warwade,Dhule,20.96666667,74.775,Nangaon,"Dug Well",W07038,2003,2.88,5.75,1.95,5.75
MS,Dhule,Dondaicha-warwade,Dhule,21.02083333,74.75416667,Deobhane,"Dug Well",W17252,2003,9.6,13.55,11.25,20.6
MS,Dhule,Dondaicha-warwade,Dhule,21.08333333,74.78333333,Songir,"Dug Well",W07043,2003,2.68,5.12,4.43,5.9
MS,Dhule,Shirpur,Shirpur,21.52083333,74.9,Boradi,"Dug Well",W17258,2003,7,9.98,5.4,'0
MS,Dhule,Shirpur,Shirpur,21.525,75.04722222,Palasner,"Dug Well",W07044,2003,7.75,6.82,2,8.1
MS,Dhule,Shirpur,Shirpur,21.26666667,75.10888889,Hisala,"Dug Well",W17259,2003,8.2,22.18,17.6,18.4
MS,Dhule,Shirpur,Shirpur,21.48333333,74.98333333,Sangivi,"Dug Well",W07045,2003,3.44,4.27,3.64,5.84
MS,Dhule,Dondaicha-warwade,Dhule,20.8875,74.61666667,Gotane,"Bore Well",W17254,2003,21.12,20.85,20.1,21.1
MS,Dhule,Shirpur-warwade,Sakri,20.97222222,74.44444444,Ichhapur,"Dug Well",W17265,2003,2.66,5.71,1.65,'0
MS,Dhule,Shirpur-warwade,Sakri,20.98333333,74.31666667,Sakri2,"Dug Well",W07047,2003,6.8,7.4,7.2,7.3
MS,Dhule,Shirpur-warwade,Sakri,21.00416667,73.85611111,Charanmal,"Dug Well",W17263,2003,.9,1.42,.9,'0
MS,Dhule,Shirpur-warwade,Sakri,21.21666667,74.23333333,Chadwel,"Dug Well",W17262,2003,2.52,8.65,2.48,'0
MS,Dhule,Shirpur-warwade,Sakri,21.06666667,74.16388889,Dahival,"Dug Well",W17264,2003,2.76,4.66,3.25,6.3
MS,Dhule,Dhule,Shindkhede,21.18333333,74.68333333,Chimthane,"Dug Well",W17247,2003,8.1,8.4,7.7,9.8
MS,Dhule,Dhule,Shindkhede,21.21666667,74.81666667,Nardana,"Dug Well",W07033,2003,6.4,7.75,4.9,7.6
MS,Dhule,Dondaicha-warwade,Dhule,20.72833333,74.7,Purmepada(pur),"Dug Well",W07042,2003,4.02,4.32,3.05,5.4
MS,Dhule,Dondaicha-warwade,Dhule,20.72833333,74.7,Purmepada(pur),"Dug Well",W07042,2002,6.35,6.8,1.9,7.2
MS,Dhule,Dondaicha-warwade,Dhule,20.85,74.78333333,Avdhan,"Dug Well",W17251,2002,3.2,4.45,4.2,8.75
MS,Dhule,Dondaicha-warwade,Dhule,20.88333333,74.95,Mukti,"Dug Well",W07037,2002,8.05,7.35,4.75,8.5
MS,Dhule,Dondaicha-warwade,Dhule,20.94166667,74.51666667,Ner-1,"Dug Well",W07040,2002,10,9.6,7.4,'0
MS,Dhule,Shirpur-warwade,Sakri,20.95,73.96666667,"Burdi Pada","Dug Well",W17261,2002,2.5,11.1,3.2,8.39
MS,Dhule,Shirpur-warwade,Sakri,20.95,74.125,Pimpalner,"Dug Well",W07046,2002,4.1,3.55,2.6,'0
MS,Dhule,Dhule,Shindkhede,21.27083333,74.74583333,Sindkheda,"Dug Well",W07034,2002,'0,14.3,13.5,'0
MS,Dhule,Dondaicha-warwade,Dhule,20.82083333,74.74583333,Laling-1,"Dug Well",W07035,2002,6.25,8.7,4.4,'0
MS,Dhule,Dondaicha-warwade,Dhule,20.825,74.6,Ajnale,"Dug Well",W17250,2002,1.8,2.6,2.2,4.3
MS,Dhule,Dondaicha-warwade,Dhule,20.825,74.81666667,Narwhal,"Dug Well",W07039,2002,3,1.3,3.4,3.2
MS,Dhule,Dondaicha-warwade,Dhule,20.90416667,74.76666667,Dhule,"Dug Well",W17253,2002,7.65,9.8,7.7,9.8
MS,Dhule,Dondaicha-warwade,Dhule,20.96666667,74.775,Nangaon,"Dug Well",W07038,2002,3.4,7.65,4,'0
MS,Dhule,Dondaicha-warwade,Dhule,21.02083333,74.75416667,Deobhane,"Dug Well",W17252,2002,19.05,14.35,16.05,13.35
MS,Dhule,Dondaicha-warwade,Dhule,21.08333333,74.78333333,Songir,"Dug Well",W07043,2002,7,4.75,4.1,6.5
MS,Dhule,Shirpur,Shirpur,21.52083333,74.9,Boradi,"Dug Well",W17258,2002,'0,9.9,7.8,'0
MS,Dhule,Shirpur,Shirpur,21.525,75.04722222,Palasner,"Dug Well",W07044,2002,6.4,8.5,5.1,5.3
MS,Dhule,Shirpur,Shirpur,21.26666667,75.10888889,Hisala,"Dug Well",W17259,2002,19.95,21.4,15.5,23
MS,Dhule,Shirpur,Shirpur,21.48333333,74.98333333,Sangivi,"Dug Well",W07045,2002,4.1,4.7,5,6.34
MS,Dhule,Dondaicha-warwade,Dhule,20.8875,74.61666667,Gotane,"Bore Well",W17254,2002,20.08,20.85,20.65,19.86
MS,Dhule,Shirpur-warwade,Sakri,20.97222222,74.44444444,Ichhapur,"Dug Well",W17265,2002,'0,'0,3.7,'0
MS,Dhule,Shirpur-warwade,Sakri,20.98333333,74.31666667,Sakri2,"Dug Well",W07047,2002,8.1,8.55,8.4,10.65
MS,Dhule,Shirpur-warwade,Sakri,21.00416667,73.85611111,Charanmal,"Dug Well",W17263,2002,'0,5.65,1.3,3
MS,Dhule,Shirpur-warwade,Sakri,21.21666667,74.23333333,Chadwel,"Dug Well",W17262,2002,10.05,6.95,4.7,'0
MS,Dhule,Shirpur-warwade,Sakri,21.06666667,74.16388889,Dahival,"Dug Well",W17264,2002,5.7,6.55,4.35,7
MS,Dhule,Dhule,Shindkhede,21.18333333,74.68333333,Chimthane,"Dug Well",W17247,2002,10.7,9.5,8.9,13.7
MS,Dhule,Dhule,Shindkhede,21.21666667,74.81666667,Nardana,"Dug Well",W07033,2002,7.55,7.45,6.9,8
MS,Dhule,Dhule,Shindkhede,21.24583333,74.6375,Methi,"Dug Well",W07032,2002,'0,6.85,7.9,7.3
MS,Dhule,Dhule,Shindkhede,21.24583333,74.6375,Methi,"Dug Well",W07032,2001,10.55,9.7,6.5,10.65
MS,Dhule,Dondaicha-warwade,Dhule,20.90416667,74.76666667,Dhule,"Dug Well",W17253,2001,7.49,8.9,9.1,10.2
MS,Dhule,Dondaicha-warwade,Dhule,20.94916667,74.525,Ner-2,"Bore Well",W07041,2001,9.6,9.15,'0,10
MS,Dhule,Dhule,Shindkhede,21.18333333,74.68333333,Chimthane,"Dug Well",W17247,2001,8.9,9.95,8.9,10.55
MS,Dhule,Dondaicha-warwade,Dhule,20.88333333,74.95,Mukti,"Dug Well",W07037,2001,3.1,6.9,1.9,8.1
MS,Dhule,Shirpur-warwade,Sakri,21.06666667,74.16388889,Dahival,"Dug Well",W17264,2001,5.8,6.9,5.7,'0
MS,Dhule,Dondaicha-warwade,Dhule,20.825,74.81666667,Narwhal,"Dug Well",W07039,2001,2.03,6.6,.15,4
MS,Dhule,Shirpur-warwade,Sakri,21.21666667,74.23333333,Chadwel,"Dug Well",W17262,2001,3.83,9.6,6.7,'0
MS,Dhule,Shirpur,Shirpur,21.33333333,74.91305556,Kalamsare,"Bore Well",W17260,2001,23.76,21.4,'0,24.44
MS,Dhule,Shirpur-warwade,Sakri,21.00416667,73.85611111,Charanmal,"Dug Well",W17263,2001,1.05,1.45,2.8,'0
MS,Dhule,Dondaicha-warwade,Dhule,20.825,74.6,Ajnale,"Dug Well",W17250,2001,1.05,2.85,1.8,5.75
MS,Dhule,Shirpur-warwade,Sakri,20.98333333,74.31666667,Sakri2,"Dug Well",W07047,2001,7.4,9.45,7.75,9.65
MS,Dhule,Dondaicha-warwade,Dhule,20.72833333,74.7,Purmepada(pur),"Dug Well",W07042,2001,5.18,4.25,5.05,5.8
MS,Dhule,Shirpur-warwade,Sakri,20.97222222,74.44444444,Ichhapur,"Dug Well",W17265,2001,2.35,5.85,3.95,'0
MS,Dhule,Dondaicha-warwade,Dhule,20.82083333,74.74583333,Laling-1,"Dug Well",W07035,2001,6.2,8.8,6.9,'0
MS,Dhule,Dondaicha-warwade,Dhule,20.8875,74.61666667,Gotane,"Bore Well",W17254,2001,19.62,12.45,20.1,'0
MS,Dhule,Dondaicha-warwade,Dhule,20.94166667,74.51666667,Ner-1,"Dug Well",W07040,2001,8.52,9.6,4.8,'0
MS,Dhule,Shirpur,Shirpur,21.48333333,74.98333333,Sangivi,"Dug Well",W07045,2001,3.9,5,3.9,6.45
MS,Dhule,Dhule,Shindkhede,21.33666667,74.495,Dhavda,"Bore Well",W17248,2001,11,14.1,'0,16.27
MS,Dhule,Shirpur,Shirpur,21.26666667,75.10888889,Hisala,"Dug Well",W17259,2001,20.34,13.6,20.5,21.15
MS,Dhule,Dondaicha-warwade,Dhule,20.85,74.78333333,Avdhan,"Dug Well",W17251,2001,3.25,4.9,3.65,8.82
MS,Dhule,Shirpur,Shirpur,21.525,75.04722222,Palasner,"Dug Well",W07044,2001,4.9,8.7,4.1,8.32
MS,Dhule,Dhule,Shindkhede,21.32916667,74.56666667,Dondaicha,"Dug Well",W17249,2001,10.8,'0,'0,'0
MS,Dhule,Shirpur,Shirpur,21.52083333,74.9,Boradi,"Dug Well",W17258,2001,8.9,'0,9.8,'0
MS,Dhule,Dhule,Shindkhede,21.27083333,74.74583333,Sindkheda,"Dug Well",W07034,2001,14.6,'0,14.25,'0
MS,Dhule,Dondaicha-warwade,Dhule,21.08333333,74.78333333,Songir,"Dug Well",W07043,2001,3.6,4.75,3.1,7.72
MS,Dhule,Shirpur-warwade,Sakri,20.95,74.125,Pimpalner,"Dug Well",W07046,2001,4.95,4.45,2.7,'0
MS,Dhule,Dondaicha-warwade,Dhule,21.02083333,74.75416667,Deobhane,"Dug Well",W17252,2001,12.35,13.6,9.1,'0
MS,Dhule,Dondaicha-warwade,Dhule,20.81666667,74.7375,Laling-2,"Bore Well",W07036,2001,6.15,8.95,'0,11.85
MS,Dhule,Dondaicha-warwade,Dhule,20.96666667,74.775,Nangaon,"Dug Well",W07038,2001,2.83,'0,5.1,5.4
MS,Dhule,Shirpur-warwade,Sakri,20.95,73.96666667,"Burdi Pada","Dug Well",W17261,2001,2.42,6.9,8.85,'0
MS,Dhule,Dhule,Shindkhede,21.21666667,74.81666667,Nardana,"Dug Well",W07033,2001,6.6,9.3,7.25,7.75
MS,Dhule,Dhule,Shindkhede,21.24583333,74.6375,Methi,"Dug Well",W07032,2000,7.78,9.3,7.9,'0
MS,Dhule,Dhule,Shindkhede,21.21666667,74.81666667,Nardana,"Dug Well",W07033,2000,8.09,7.1,7.3,7.4
MS,Dhule,Dhule,Shindkhede,21.18333333,74.68333333,Chimthane,"Dug Well",W17247,2000,8.7,9.1,10.1,9.8
MS,Dhule,Shirpur-warwade,Sakri,21.06666667,74.16388889,Dahival,"Dug Well",W17264,2000,5,4.95,6,6.5
MS,Dhule,Shirpur-warwade,Sakri,21.21666667,74.23333333,Chadwel,"Dug Well",W17262,2000,3.66,8.9,8.3,'0
MS,Dhule,Shirpur-warwade,Sakri,21.00416667,73.85611111,Charanmal,"Dug Well",W17263,2000,1.36,1.1,1.2,2.75
MS,Dhule,Shirpur-warwade,Sakri,20.98333333,74.31666667,Sakri2,"Dug Well",W07047,2000,7.42,7.1,8.5,8.5
MS,Dhule,Shirpur-warwade,Sakri,20.97222222,74.44444444,Ichhapur,"Dug Well",W17265,2000,7.74,5.7,7.6,6.7
MS,Dhule,Dondaicha-warwade,Dhule,20.8875,74.61666667,Gotane,"Bore Well",W17254,2000,17.27,'0,11.3,'0
MS,Dhule,Shirpur,Shirpur,21.48333333,74.98333333,Sangivi,"Dug Well",W07045,2000,3.84,4.3,4.85,6.3
MS,Dhule,Shirpur,Shirpur,21.26666667,75.10888889,Hisala,"Dug Well",W17259,2000,21.52,17.4,12.6,17
MS,Dhule,Shirpur,Shirpur,21.525,75.04722222,Palasner,"Dug Well",W07044,2000,5.71,8.2,9,7
MS,Dhule,Shirpur,Shirpur,21.52083333,74.9,Boradi,"Dug Well",W17258,2000,10.11,'0,'0,'0
MS,Dhule,Dondaicha-warwade,Dhule,21.08333333,74.78333333,Songir,"Dug Well",W07043,2000,3.99,10.25,4.65,14.9
MS,Dhule,Dondaicha-warwade,Dhule,21.02083333,74.75416667,Deobhane,"Dug Well",W17252,2000,8.36,8.25,12.1,9.8
MS,Dhule,Dondaicha-warwade,Dhule,20.96666667,74.775,Nangaon,"Dug Well",W07038,2000,3.89,4.8,'0,6.2
MS,Dhule,Dondaicha-warwade,Dhule,20.90416667,74.76666667,Dhule,"Dug Well",W17253,2000,8.92,8.8,8.95,8.4
MS,Dhule,Dondaicha-warwade,Dhule,20.94916667,74.525,Ner-2,"Bore Well",W07041,2000,9.48,'0,9.7,'0
MS,Dhule,Dondaicha-warwade,Dhule,20.825,74.81666667,Narwhal,"Dug Well",W07039,2000,1.4,.3,2.8,3
MS,Dhule,Dondaicha-warwade,Dhule,20.825,74.6,Ajnale,"Dug Well",W17250,2000,1.5,2.1,2.8,3.8
MS,Dhule,Dondaicha-warwade,Dhule,20.82083333,74.74583333,Laling-1,"Dug Well",W07035,2000,4.05,6.45,7.1,12.4
MS,Dhule,Dhule,Shindkhede,21.33666667,74.495,Dhavda,"Bore Well",W17248,2000,13.75,13.05,13.4,'0
MS,Dhule,Shirpur-warwade,Sakri,20.95,74.125,Pimpalner,"Dug Well",W07046,2000,2.9,2.3,4.3,3.45
MS,Dhule,Shirpur-warwade,Sakri,20.95,73.96666667,"Burdi Pada","Dug Well",W17261,2000,2.45,3.1,3.6,3.7
MS,Dhule,Shirpur,Shirpur,21.33333333,74.96666667,"Amoda (Shirpur)","Dug Well",W17256,2000,13.06,11.8,'0,'0
MS,Dhule,Shirpur,Shirpur,21.33333333,74.91305556,Kalamsare,"Bore Well",W17260,2000,18.23,17.2,19.1,'0
MS,Dhule,Dondaicha-warwade,Dhule,20.94166667,74.51666667,Ner-1,"Dug Well",W07040,2000,8,6.9,9.2,8.68
MS,Dhule,Dondaicha-warwade,Dhule,20.81666667,74.7375,Laling-2,"Bore Well",W07036,2000,4.78,'0,5.12,'0
MS,Dhule,Dondaicha-warwade,Dhule,20.88333333,74.95,Mukti,"Dug Well",W07037,2000,3.71,6.75,6.7,8.2
MS,Dhule,Dondaicha-warwade,Dhule,20.85,74.78333333,Avdhan,"Dug Well",W17251,2000,3.32,3.55,4.5,7.4
MS,Dhule,Dondaicha-warwade,Dhule,20.91666667,74.63333333,Kherde,"Dug Well",W17255,2000,'0,8.1,4.67,'0
MS,Dhule,Dondaicha-warwade,Dhule,20.72833333,74.7,Purmepada(pur),"Dug Well",W07042,2000,3.65,3.9,4.2,5.3
MS,Dhule,Shirpur-warwade,Sakri,20.95,74.125,Pimpalner,"Dug Well",W07046,1999,3.66,3.84,2.55,3.1
MS,Dhule,Shirpur-warwade,Sakri,20.95,73.96666667,"Burdi Pada","Dug Well",W17261,1999,2.5,3.33,2.45,5
MS,Dhule,Dhule,Shindkhede,21.32916667,74.56666667,Dondaicha,"Dug Well",W17249,1999,'0,8.1,'0,11.3
MS,Dhule,Dondaicha-warwade,Dhule,20.82083333,74.74583333,Laling-1,"Dug Well",W07035,1999,3.18,4.2,3.1,12
MS,Dhule,Dondaicha-warwade,Dhule,20.825,74.6,Ajnale,"Dug Well",W17250,1999,1.47,1.75,1.05,2.7
MS,Dhule,Dondaicha-warwade,Dhule,20.825,74.81666667,Narwhal,"Dug Well",W07039,1999,.29,.04,.12,2.9
MS,Dhule,Dondaicha-warwade,Dhule,20.90416667,74.76666667,Dhule,"Dug Well",W17253,1999,8.3,8.1,7.75,9.6
MS,Dhule,Dondaicha-warwade,Dhule,20.91666667,74.63333333,Kherde,"Dug Well",W17255,1999,7.95,6.85,7.75,8.7
MS,Dhule,Dondaicha-warwade,Dhule,20.72833333,74.7,Purmepada(pur),"Dug Well",W07042,1999,4.35,4.25,3.95,5.5
MS,Dhule,Dondaicha-warwade,Dhule,20.85,74.78333333,Avdhan,"Dug Well",W17251,1999,3.79,3.64,2.95,7.3
MS,Dhule,Dondaicha-warwade,Dhule,20.88333333,74.95,Mukti,"Dug Well",W07037,1999,2.95,2.69,1.9,6.7
MS,Dhule,Dondaicha-warwade,Dhule,20.94166667,74.51666667,Ner-1,"Dug Well",W07040,1999,6.29,7,6.5,8.5
MS,Dhule,Shirpur,Shirpur,21.33333333,74.96666667,"Amoda (Shirpur)","Dug Well",W17256,1999,11.35,9.25,9,13.5
MS,Dhule,Shirpur-warwade,Sakri,20.97222222,74.44444444,Ichhapur,"Dug Well",W17265,1999,'0,3.25,'0,3.5
MS,Dhule,Shirpur-warwade,Sakri,20.98333333,74.31666667,Sakri2,"Dug Well",W07047,1999,6.67,'0,6.75,7.8
MS,Dhule,Shirpur-warwade,Sakri,21.00416667,73.85611111,Charanmal,"Dug Well",W17263,1999,1.14,1.5,1.55,3.5
MS,Dhule,Shirpur-warwade,Sakri,21.21666667,74.23333333,Chadwel,"Dug Well",W17262,1999,9.05,7.02,3.98,'0
MS,Dhule,Shirpur-warwade,Sakri,21.06666667,74.16388889,Dahival,"Dug Well",W17264,1999,5.49,4.25,3.67,6.4
MS,Dhule,Dhule,Shindkhede,21.18333333,74.68333333,Chimthane,"Dug Well",W17247,1999,8.6,6.27,7.8,8.4
MS,Dhule,Dhule,Shindkhede,21.21666667,74.81666667,Nardana,"Dug Well",W07033,1999,6.83,5.3,6.85,6.8
MS,Dhule,Dhule,Shindkhede,21.24583333,74.6375,Methi,"Dug Well",W07032,1999,8.09,4.8,5.15,'0
MS,Dhule,Dondaicha-warwade,Dhule,20.96666667,74.775,Nangaon,"Dug Well",W07038,1999,4.19,4.93,2.9,6.1
MS,Dhule,Dondaicha-warwade,Dhule,21.02083333,74.75416667,Deobhane,"Dug Well",W17252,1999,12.02,5.38,10.8,10.4
MS,Dhule,Dondaicha-warwade,Dhule,21.08333333,74.78333333,Songir,"Dug Well",W07043,1999,4.43,4.33,3.8,5.7
MS,Dhule,Shirpur,Shirpur,21.52083333,74.9,Boradi,"Dug Well",W17258,1999,11.05,9.47,11.4,'0
MS,Dhule,Shirpur,Shirpur,21.525,75.04722222,Palasner,"Dug Well",W07044,1999,6.58,2.8,3.25,4.6
MS,Dhule,Shirpur,Shirpur,21.26666667,75.10888889,Hisala,"Dug Well",W17259,1999,20.6,14.5,16.8,15.3
MS,Dhule,Shirpur,Shirpur,21.48333333,74.98333333,Sangivi,"Dug Well",W07045,1999,4.31,3.99,3.9,5.5
MS,Dhule,Dhule,Shindkhede,21.27083333,74.74583333,Sindkheda,"Dug Well",W07034,1999,12.85,'0,'0,'0
MS,Dhule,Shirpur-warwade,Sakri,20.95,74.125,Pimpalner,"Dug Well",W07046,1998,3.8,2.7,2.25,3.99
MS,Dhule,Dhule,Shindkhede,21.27083333,74.74583333,Sindkheda,"Dug Well",W07034,1998,14.3,12.7,'0,14.9
MS,Dhule,Dhule,Shindkhede,21.32916667,74.56666667,Dondaicha,"Dug Well",W17249,1998,'0,'0,6.8,'0
MS,Dhule,Dondaicha-warwade,Dhule,20.82083333,74.74583333,Laling-1,"Dug Well",W07035,1998,3.4,6.4,2.8,10.81
MS,Dhule,Dondaicha-warwade,Dhule,20.825,74.6,Ajnale,"Dug Well",W17250,1998,1.9,2.3,1.2,3.27
MS,Dhule,Dondaicha-warwade,Dhule,20.825,74.81666667,Narwhal,"Dug Well",W07039,1998,'0,.01,.5,2.72
MS,Dhule,Dondaicha-warwade,Dhule,20.90416667,74.76666667,Dhule,"Dug Well",W17253,1998,7.5,7.9,5.7,9.13
MS,Dhule,Dondaicha-warwade,Dhule,20.91666667,74.63333333,Kherde,"Dug Well",W17255,1998,'0,9.2,6,'0
MS,Dhule,Dondaicha-warwade,Dhule,20.72833333,74.7,Purmepada(pur),"Dug Well",W07042,1998,4.75,4.4,3.6,7.3
MS,Dhule,Dondaicha-warwade,Dhule,20.85,74.78333333,Avdhan,"Dug Well",W17251,1998,2.95,4.3,3.1,7.85
MS,Dhule,Dondaicha-warwade,Dhule,20.88333333,74.95,Mukti,"Dug Well",W07037,1998,5.4,3.7,2.7,7.58
MS,Dhule,Dondaicha-warwade,Dhule,20.94166667,74.51666667,Ner-1,"Dug Well",W07040,1998,7.1,6,5.7,8.74
MS,Dhule,Shirpur,Shirpur,21.33333333,74.96666667,"Amoda (Shirpur)","Dug Well",W17256,1998,11.3,11,7.8,'0
MS,Dhule,Shirpur-warwade,Sakri,21.18333333,74.3,Jaitane,"Dug Well",W17266,1998,'0,'0,7.9,'0
MS,Dhule,Shirpur-warwade,Sakri,20.97222222,74.44444444,Ichhapur,"Dug Well",W17265,1998,2.35,7.1,1.5,'0
MS,Dhule,Shirpur-warwade,Sakri,20.98333333,74.31666667,Sakri2,"Dug Well",W07047,1998,8.7,8.5,6,9.62
MS,Dhule,Shirpur-warwade,Sakri,21.00416667,73.85611111,Charanmal,"Dug Well",W17263,1998,3,1.5,1.4,4.94
MS,Dhule,Shirpur-warwade,Sakri,21.21666667,74.23333333,Chadwel,"Dug Well",W17262,1998,3.1,6.8,4,9.75
MS,Dhule,Shirpur-warwade,Sakri,21.06666667,74.16388889,Dahival,"Dug Well",W17264,1998,5.1,3.5,4.2,6.3
MS,Dhule,Dhule,Shindkhede,21.18333333,74.68333333,Chimthane,"Dug Well",W17247,1998,7.6,6.8,6.6,7.99
MS,Dhule,Dhule,Shindkhede,21.21666667,74.81666667,Nardana,"Dug Well",W07033,1998,6.4,'0,5.3,7.71
MS,Dhule,Dhule,Shindkhede,21.24583333,74.6375,Methi,"Dug Well",W07032,1998,1.9,3.4,2.5,'0
MS,Dhule,Dondaicha-warwade,Dhule,20.96666667,74.775,Nangaon,"Dug Well",W07038,1998,1.8,4,2.8,'0
MS,Dhule,Dondaicha-warwade,Dhule,21.02083333,74.75416667,Deobhane,"Dug Well",W17252,1998,11.1,5.8,5.8,13.8
MS,Dhule,Dondaicha-warwade,Dhule,21.08333333,74.78333333,Songir,"Dug Well",W07043,1998,1.7,4.7,3.6,5.31
MS,Dhule,Shirpur,Shirpur,21.52083333,74.9,Boradi,"Dug Well",W17258,1998,'0,9.8,7,'0
MS,Dhule,Shirpur,Shirpur,21.525,75.04722222,Palasner,"Dug Well",W07044,1998,3.3,3.7,2.4,5.3
MS,Dhule,Shirpur,Shirpur,21.26666667,75.10888889,Hisala,"Dug Well",W17259,1998,17.1,17,18.6,'0
MS,Dhule,Shirpur,Shirpur,21.48333333,74.98333333,Sangivi,"Dug Well",W07045,1998,3.4,4.15,3.85,5.46
MS,Dhule,Shirpur-warwade,Sakri,20.95,73.96666667,"Burdi Pada","Dug Well",W17261,1998,4.1,3.4,1.7,7.12
MS,Dhule,Shirpur-warwade,Sakri,20.95,74.125,Pimpalner,"Dug Well",W07046,1997,3.5,2.5,2.4,4
MS,Dhule,Shirpur,Shirpur,21.48333333,74.98333333,Sangivi,"Dug Well",W07045,1997,4.28,3.85,4.05,5.3
MS,Dhule,Shirpur,Shirpur,21.26666667,75.10888889,Hisala,"Dug Well",W17259,1997,13.15,12.8,15.85,'0
MS,Dhule,Shirpur,Shirpur,21.525,75.04722222,Palasner,"Dug Well",W07044,1997,4,4.45,2.7,4.7
MS,Dhule,Shirpur,Shirpur,21.52083333,74.9,Boradi,"Dug Well",W17258,1997,'0,7.8,8.35,'0
MS,Dhule,Dondaicha-warwade,Dhule,21.08333333,74.78333333,Songir,"Dug Well",W07043,1997,12.93,4.6,4.55,14.5
MS,Dhule,Dondaicha-warwade,Dhule,21.02083333,74.75416667,Deobhane,"Dug Well",W17252,1997,13.3,14.9,10.3,13.3
MS,Dhule,Dondaicha-warwade,Dhule,20.96666667,74.775,Nangaon,"Dug Well",W07038,1997,3.9,4.34,2.9,5.8
MS,Dhule,Dhule,Shindkhede,21.24583333,74.6375,Methi,"Dug Well",W07032,1997,8.5,3.95,5.9,'0
MS,Dhule,Dhule,Shindkhede,21.21666667,74.81666667,Nardana,"Dug Well",W07033,1997,'0,6.8,6.6,'0
MS,Dhule,Dhule,Shindkhede,21.18333333,74.68333333,Chimthane,"Dug Well",W17247,1997,8.3,7.75,6.65,9.1
MS,Dhule,Shirpur-warwade,Sakri,21.06666667,74.16388889,Dahival,"Dug Well",W17264,1997,4.5,3.05,3.75,5.5
MS,Dhule,Shirpur-warwade,Sakri,21.21666667,74.23333333,Chadwel,"Dug Well",W17262,1997,2.05,8.85,4.4,10.5
MS,Dhule,Shirpur-warwade,Sakri,21.00416667,73.85611111,Charanmal,"Dug Well",W17263,1997,1.45,1.85,1.3,3.4
MS,Dhule,Shirpur-warwade,Sakri,20.98333333,74.31666667,Sakri2,"Dug Well",W07047,1997,8.2,7.3,7.1,9.3
MS,Dhule,Shirpur-warwade,Sakri,20.97222222,74.44444444,Ichhapur,"Dug Well",W17265,1997,7.2,2.3,'0,'0
MS,Dhule,Shirpur,Shirpur,21.33333333,74.96666667,"Amoda (Shirpur)","Dug Well",W17256,1997,'0,'0,10.3,'0
MS,Dhule,Shirpur,Shirpur,21.3,74.96666667,Bhorkheda2,"Dug Well",W17257,1997,'0,'0,14.95,'0
MS,Dhule,Dondaicha-warwade,Dhule,20.94166667,74.51666667,Ner-1,"Dug Well",W07040,1997,7.23,7.1,6.9,9.2
MS,Dhule,Dondaicha-warwade,Dhule,20.88333333,74.95,Mukti,"Dug Well",W07037,1997,3.45,3.55,6.8,8.5
MS,Dhule,Dondaicha-warwade,Dhule,20.85,74.78333333,Avdhan,"Dug Well",W17251,1997,3.6,4.45,4.9,7.2
MS,Dhule,Dondaicha-warwade,Dhule,20.72833333,74.7,Purmepada(pur),"Dug Well",W07042,1997,4.25,4.15,4.8,5.4
MS,Dhule,Dondaicha-warwade,Dhule,20.91666667,74.63333333,Kherde,"Dug Well",W17255,1997,'0,'0,8.9,'0
MS,Dhule,Dondaicha-warwade,Dhule,20.90416667,74.76666667,Dhule,"Dug Well",W17253,1997,7.75,7.9,7.5,9.45
MS,Dhule,Dondaicha-warwade,Dhule,20.825,74.81666667,Narwhal,"Dug Well",W07039,1997,2.96,3.45,1.5,2.8
MS,Dhule,Shirpur-warwade,Sakri,20.95,73.96666667,"Burdi Pada","Dug Well",W17261,1997,2.3,3.8,3.3,6.2
MS,Dhule,Dhule,Shindkhede,21.27083333,74.74583333,Sindkheda,"Dug Well",W07034,1997,14.9,12.85,13.9,16.1
MS,Dhule,Dhule,Shindkhede,21.32916667,74.56666667,Dondaicha,"Dug Well",W17249,1997,'0,'0,'0,11.9
MS,Dhule,Dondaicha-warwade,Dhule,20.82083333,74.74583333,Laling-1,"Dug Well",W07035,1997,9.05,2.65,8.25,10.5
MS,Dhule,Dondaicha-warwade,Dhule,20.825,74.6,Ajnale,"Dug Well",W17250,1997,.95,1.9,2.6,3.4
MS,Dhule,Shirpur-warwade,Sakri,20.97222222,74.44444444,Ichhapur,"Dug Well",W17265,1996,3.61,4,3.4,7.98
MS,Dhule,Shirpur-warwade,Sakri,20.95,74.125,Pimpalner,"Dug Well",W07046,1996,2.4,3,2.85,5.14
MS,Dhule,Shirpur,Shirpur,21.26666667,75.10888889,Hisala,"Dug Well",W17259,1996,14.05,15.9,12.05,15.8
MS,Dhule,Dhule,Shindkhede,21.21666667,74.81666667,Nardana,"Dug Well",W07033,1996,'0,'0,6.7,'0
MS,Dhule,Dondaicha-warwade,Dhule,20.94166667,74.51666667,Ner-1,"Dug Well",W07040,1996,6.25,7.01,6.05,9.17
MS,Dhule,Dondaicha-warwade,Dhule,21.08333333,74.78333333,Songir,"Dug Well",W07043,1996,12.95,9.4,3.25,15.01
MS,Dhule,Dondaicha-warwade,Dhule,20.88333333,74.95,Mukti,"Dug Well",W07037,1996,3.1,2.1,3.45,7.04
MS,Dhule,Dhule,Shindkhede,21.18333333,74.68333333,Chimthane,"Dug Well",W17247,1996,7.48,6.9,7.1,9.24
MS,Dhule,Dondaicha-warwade,Dhule,20.85,74.78333333,Avdhan,"Dug Well",W17251,1996,4.6,5.1,4,9.34
MS,Dhule,Shirpur,Shirpur,21.48333333,74.98333333,Sangivi,"Dug Well",W07045,1996,3.9,4.92,3.3,6.7
MS,Dhule,Dondaicha-warwade,Dhule,20.72833333,74.7,Purmepada(pur),"Dug Well",W07042,1996,4.45,4.61,3.85,5.15
MS,Dhule,Shirpur-warwade,Sakri,21.06666667,74.16388889,Dahival,"Dug Well",W17264,1996,3.25,3.6,2.5,6.33
MS,Dhule,Dondaicha-warwade,Dhule,21.02083333,74.75416667,Deobhane,"Dug Well",W17252,1996,12.3,13.12,9.12,15.92
MS,Dhule,Dondaicha-warwade,Dhule,20.90416667,74.76666667,Dhule,"Dug Well",W17253,1996,8.6,6.9,7.3,9.77
MS,Dhule,Shirpur-warwade,Sakri,21.21666667,74.23333333,Chadwel,"Dug Well",W17262,1996,2.8,8.12,6.05,'0
MS,Dhule,Dondaicha-warwade,Dhule,20.825,74.81666667,Narwhal,"Dug Well",W07039,1996,3.25,2.25,3.05,3.67
MS,Dhule,Shirpur,Shirpur,21.525,75.04722222,Palasner,"Dug Well",W07044,1996,4.5,3.52,4.05,10.35
MS,Dhule,Dondaicha-warwade,Dhule,20.825,74.6,Ajnale,"Dug Well",W17250,1996,1.1,2.41,1.53,4.9
MS,Dhule,Shirpur-warwade,Sakri,21.00416667,73.85611111,Charanmal,"Dug Well",W17263,1996,1.3,1.47,1.4,2.73
MS,Dhule,Dondaicha-warwade,Dhule,20.82083333,74.74583333,Laling-1,"Dug Well",W07035,1996,9.1,8.02,2.26,14.36
MS,Dhule,Dondaicha-warwade,Dhule,20.96666667,74.775,Nangaon,"Dug Well",W07038,1996,3.55,5.1,3.45,7.27
MS,Dhule,Shirpur-warwade,Sakri,20.98333333,74.31666667,Sakri2,"Dug Well",W07047,1996,7.15,6.21,6.95,8.4
MS,Dhule,Dhule,Shindkhede,21.27083333,74.74583333,Sindkheda,"Dug Well",W07034,1996,12.8,11.5,12.6,14.3
MS,Dhule,Shirpur-warwade,Sakri,20.95,73.96666667,"Burdi Pada","Dug Well",W17261,1996,2.3,3.9,3.53,5.41
MS,Dhule,Dhule,Shindkhede,21.24583333,74.6375,Methi,"Dug Well",W07032,1996,5.15,'0,2.3,'0
