STATE,DISTRICT,TEH_NAME,BLOCK_NAME,LAT,LON,SITE_NAME,SITE_TYPE,WLCODE,YEAR_OBS,MONSOON,POMRB,POMKH,PREMON
RJ,Kota,Pipalda,Itawa,25.67805556,76.475,Khatoli,"Dug Well",W14306,2018,'0,10.15,'0,'0
RJ,Kota,Digod,Sultanpur,25.24166667,76.08888889,Digod1,"Dug Well",W14307,2018,'0,'0,'0,1.67
RJ,Kota,Pipalda,Itawa,25.4375,76.4,Keshavpura,"Dug Well",W14305,2018,'0,'0,'0,3.34
RJ,Kota,Pipalda,Itawa,25.44583333,76.43472222,Ayana,"Dug Well",W14302,2018,'0,6.69,'0,'0
RJ,Kota,Pipalda,Itawa,25.44583333,76.43472222,Ayana,"Dug Well",W14302,2018,'0,'0,'0,7.49
RJ,Kota,Pipalda,Itawa,25.57583333,76.31,Gainta,"Dug Well",W14303,2018,'0,21.59,'0,'0
RJ,Kota,Pipalda,Itawa,25.57583333,76.31,Gainta,"Dug Well",W14303,2018,'0,'0,'0,21.75
RJ,Kota,Ladpura,Ladpura,25.02083333,75.7,Borawas,"Dug Well",W14314,2018,'0,2.25,'0,'0
RJ,Kota,Ladpura,Ladpura,25.02083333,75.7,Borawas,"Dug Well",W14314,2018,'0,'0,'0,2.26
RJ,Kota,Digod,Sangod,25.1,76.2,Rajgarh1,"Dug Well",W14310,2018,'0,4.05,'0,'0
RJ,Kota,Digod,Sangod,25.1,76.2,Rajgarh1,"Dug Well",W14310,2018,'0,'0,'0,4.17
RJ,Kota,Ladpura,Ladpura,25.04083333,75.89,Alania,"Dug Well",W14313,2018,'0,7.3,'0,'0
RJ,Kota,Ladpura,Ladpura,25.04083333,75.89,Alania,"Dug Well",W14313,2018,'0,'0,'0,7.33
RJ,Kota,Ladpura,Ladpura,25.12111111,75.96555556,Kherarasulpur,"Dug Well",W14316,2018,'0,5.61,'0,'0
RJ,Kota,Ladpura,Ladpura,25.12111111,75.96555556,Kherarasulpur,"Dug Well",W14316,2018,'0,'0,'0,5.63
RJ,Kota,Ladpura,Ladpura,25.18333333,75.85,Kota1,"Dug Well",W18374,2018,'0,2.21,'0,'0
RJ,Kota,Ladpura,Ladpura,25.18333333,75.85,Kota1,"Dug Well",W18374,2018,'0,'0,'0,2.22
RJ,Kota,Ladpura,Ladpura,24.90833333,75.97777778,Dara,"Dug Well",W14315,2018,'0,2,'0,'0
RJ,Kota,Ladpura,Ladpura,24.90833333,75.97777778,Dara,"Dug Well",W14315,2018,'0,'0,'0,2.1
RJ,Kota,Ladpura,Ladpura,24.93333333,75.93333333,Mandana,"Dug Well",W14317,2018,'0,3.67,'0,'0
RJ,Kota,Ladpura,Ladpura,24.93333333,75.93333333,Mandana,"Dug Well",W14317,2018,'0,'0,'0,3.74
RJ,Kota,Digod,Sultanpur,25.36666667,76.3,Rattanpura,"Dug Well",W14311,2018,'0,18.33,'0,'0
RJ,Kota,Digod,Sultanpur,25.36666667,76.3,Rattanpura,"Dug Well",W14311,2018,'0,'0,'0,18.97
RJ,Kota,Digod,Sultanpur,25.36916667,76.1625,Mandavra,"Dug Well",W14309,2018,'0,3.43,'0,'0
RJ,Kota,Digod,Sultanpur,25.36916667,76.1625,Mandavra,"Dug Well",W14309,2018,'0,'0,'0,3.49
RJ,Kota,Digod,Sultanpur,25.24166667,76.08888889,Digod1,"Dug Well",W14307,2018,'0,1.62,'0,'0
RJ,Kota,Pipalda,Itawa,25.4375,76.4,Keshavpura,"Dug Well",W14305,2018,'0,3.24,'0,'0
RJ,Kota,Pipalda,Itawa,25.67805556,76.475,Khatoli,"Dug Well",W14306,2017,9.83,13.35,'0,12.9
RJ,Kota,Digod,Sultanpur,25.24166667,76.08888889,Digod1,"Dug Well",W14307,2017,'0,'0,.86,'0
RJ,Kota,Pipalda,Itawa,25.4375,76.4,Keshavpura,"Dug Well",W14305,2017,2.91,2.32,'0,3.9
RJ,Kota,Pipalda,Itawa,25.4375,76.4,Keshavpura,"Dug Well",W14305,2017,'0,'0,2.9,'0
RJ,Kota,Pipalda,Itawa,25.44583333,76.43472222,Ayana,"Dug Well",W14302,2017,6.38,9.9,'0,15.07
RJ,Kota,Pipalda,Itawa,25.44583333,76.43472222,Ayana,"Dug Well",W14302,2017,'0,'0,6.37,'0
RJ,Kota,Pipalda,Itawa,25.57583333,76.31,Gainta,"Dug Well",W14303,2017,5.52,20.36,'0,13.71
RJ,Kota,Pipalda,Itawa,25.57583333,76.31,Gainta,"Dug Well",W14303,2017,'0,'0,5.56,'0
RJ,Kota,Ladpura,Ladpura,25.02083333,75.7,Borawas,"Dug Well",W14314,2017,.19,.58,'0,2.75
RJ,Kota,Ladpura,Ladpura,25.02083333,75.7,Borawas,"Dug Well",W14314,2017,'0,'0,.15,'0
RJ,Kota,Digod,Sangod,25.1,76.2,Rajgarh1,"Dug Well",W14310,2017,'0,9.65,'0,11.5
RJ,Kota,Digod,Sangod,25.1,76.2,Rajgarh1,"Dug Well",W14310,2017,'0,'0,3.88,'0
RJ,Kota,Ladpura,Ladpura,25.04083333,75.89,Alania,"Dug Well",W14313,2017,.31,'0,'0,11.1
RJ,Kota,Ladpura,Ladpura,25.04083333,75.89,Alania,"Dug Well",W14313,2017,'0,'0,.2,'0
RJ,Kota,Ladpura,Ladpura,25.12111111,75.96555556,Kherarasulpur,"Dug Well",W14316,2017,'0,6.75,'0,4.11
RJ,Kota,Ladpura,Ladpura,25.12111111,75.96555556,Kherarasulpur,"Dug Well",W14316,2017,'0,'0,2.16,'0
RJ,Kota,Ladpura,Ladpura,25.18333333,75.85,Kota1,"Dug Well",W18374,2017,'0,4.85,'0,4.31
RJ,Kota,Ladpura,Ladpura,25.18333333,75.85,Kota1,"Dug Well",W18374,2017,'0,'0,.41,'0
RJ,Kota,Ladpura,Ladpura,24.90833333,75.97777778,Dara,"Dug Well",W14315,2017,.67,1.84,'0,3.15
RJ,Kota,Ladpura,Ladpura,24.90833333,75.97777778,Dara,"Dug Well",W14315,2017,'0,'0,.75,'0
RJ,Kota,Ladpura,Ladpura,24.93333333,75.93333333,Mandana,"Dug Well",W14317,2017,'0,3.31,'0,4.12
RJ,Kota,Ladpura,Ladpura,24.93333333,75.93333333,Mandana,"Dug Well",W14317,2017,'0,'0,2.22,'0
RJ,Kota,Digod,Sultanpur,25.36666667,76.3,Rattanpura,"Dug Well",W14311,2017,'0,17.91,'0,18
RJ,Kota,Digod,Sultanpur,25.36666667,76.3,Rattanpura,"Dug Well",W14311,2017,'0,'0,17.3,'0
RJ,Kota,Digod,Sultanpur,25.36916667,76.1625,Mandavra,"Dug Well",W14309,2017,'0,8.2,'0,8.27
RJ,Kota,Digod,Sultanpur,25.36916667,76.1625,Mandavra,"Dug Well",W14309,2017,'0,'0,3.24,'0
RJ,Kota,Digod,Sultanpur,25.17722222,76.18222222,Gadepan,"Dug Well",W14308,2017,'0,.98,'0,'0
RJ,Kota,Digod,Sultanpur,25.24166667,76.08888889,Digod1,"Dug Well",W14307,2017,'0,1.4,'0,1.9
RJ,Kota,Pipalda,Itawa,25.67805556,76.475,Khatoli,"Dug Well",W14306,2017,'0,'0,9.9,'0
RJ,Kota,Pipalda,Itawa,25.67805556,76.475,Khatoli,"Dug Well",W14306,2016,8.9,'0,13.2,13.6
RJ,Kota,Digod,Sultanpur,25.24166667,76.08888889,Digod1,"Dug Well",W14307,2016,.2,'0,1.4,2.15
RJ,Kota,Pipalda,Itawa,25.44583333,76.43472222,Ayana,"Dug Well",W14302,2016,2.27,'0,9.77,15.18
RJ,Kota,Pipalda,Itawa,25.57583333,76.31,Gainta,"Dug Well",W14303,2016,4.71,'0,11.56,'0
RJ,Kota,Ladpura,Ladpura,25.02083333,75.7,Borawas,"Dug Well",W14314,2016,.15,'0,.55,4.75
RJ,Kota,Digod,Sangod,25.1,76.2,Rajgarh1,"Dug Well",W14310,2016,3.2,'0,8.7,12.88
RJ,Kota,Ladpura,Ladpura,25.04083333,75.89,Alania,"Dug Well",W14313,2016,.4,'0,9.6,'0
RJ,Kota,Ladpura,Ladpura,25.12111111,75.96555556,Kherarasulpur,"Dug Well",W14316,2016,1.91,'0,5.91,8.41
RJ,Kota,Ladpura,Ladpura,25.18333333,75.85,Kota1,"Dug Well",W18374,2016,4.21,'0,4.51,4.26
RJ,Kota,Ladpura,Ladpura,24.90833333,75.97777778,Dara,"Dug Well",W14315,2016,1.55,'0,1.95,2.65
RJ,Kota,Ladpura,Ladpura,24.93333333,75.93333333,Mandana,"Dug Well",W14317,2016,1.62,'0,3.52,7.12
RJ,Kota,Digod,Sultanpur,25.36666667,76.3,Rattanpura,"Dug Well",W14311,2016,2.8,'0,17.6,19.1
RJ,Kota,Digod,Sultanpur,25.36916667,76.1625,Mandavra,"Dug Well",W14309,2016,2.42,'0,8.02,12.32
RJ,Kota,Digod,Sultanpur,25.17722222,76.18222222,Gadepan,"Dug Well",W14308,2016,.2,'0,1.2,2.15
RJ,Kota,Pipalda,Itawa,25.4375,76.4,Keshavpura,"Dug Well",W14305,2016,1.4,'0,3,4.05
RJ,Kota,Pipalda,Itawa,25.67805556,76.475,Khatoli,"Dug Well",W14306,2015,10.4,13.2,13.35,11.43
RJ,Kota,Digod,Sultanpur,25.24166667,76.08888889,Digod1,"Dug Well",W14307,2015,1.25,.83,1.35,2.05
RJ,Kota,Pipalda,Itawa,25.44583333,76.43472222,Ayana,"Dug Well",W14302,2015,3.07,7.21,10.39,14.13
RJ,Kota,Pipalda,Itawa,25.57583333,76.31,Gainta,"Dug Well",W14303,2015,22.21,23.36,21.56,22.21
RJ,Kota,Ladpura,Ladpura,25.02083333,75.7,Borawas,"Dug Well",W14314,2015,.45,.6,.6,1.8
RJ,Kota,Digod,Sangod,25.1,76.2,Rajgarh1,"Dug Well",W14310,2015,10.6,9.32,9.5,11.9
RJ,Kota,Ladpura,Ladpura,25.04083333,75.89,Alania,"Dug Well",W14313,2015,3.05,4.2,7.2,3.05
RJ,Kota,Ladpura,Ladpura,25.12111111,75.96555556,Kherarasulpur,"Dug Well",W14316,2015,7.51,6.51,5.96,7.42
RJ,Kota,Ladpura,Ladpura,25.18333333,75.85,Kota1,"Dug Well",W18374,2015,4.61,3.87,4.16,4.03
RJ,Kota,Ladpura,Ladpura,24.90833333,75.97777778,Dara,"Dug Well",W14315,2015,1.75,1.8,2.1,3.31
RJ,Kota,Ladpura,Ladpura,24.93333333,75.93333333,Mandana,"Dug Well",W14317,2015,2.02,3.08,3.42,3.65
RJ,Kota,Digod,Sultanpur,25.36666667,76.3,Rattanpura,"Dug Well",W14311,2015,16.9,17.6,17.7,16.9
RJ,Kota,Digod,Sultanpur,25.36916667,76.1625,Mandavra,"Dug Well",W14309,2015,8.27,8.6,8.52,9.8
RJ,Kota,Digod,Sultanpur,25.17722222,76.18222222,Gadepan,"Dug Well",W14308,2015,1.65,1.35,1.7,1.85
RJ,Kota,Pipalda,Itawa,25.4375,76.4,Keshavpura,"Dug Well",W14305,2015,4,2.18,3.7,3.31
RJ,Kota,Pipalda,Itawa,25.67805556,76.475,Khatoli,"Dug Well",W14306,2014,10.95,13.6,12.8,13.6
RJ,Kota,Digod,Sultanpur,25.24166667,76.08888889,Digod1,"Dug Well",W14307,2014,.8,1.2,.9,1.48
RJ,Kota,Pipalda,Itawa,25.44583333,76.43472222,Ayana,"Dug Well",W14302,2014,2.97,6.31,8.17,12.82
RJ,Kota,Pipalda,Itawa,25.57583333,76.31,Gainta,"Dug Well",W14303,2014,21.86,23.6,20.96,26.06
RJ,Kota,Ladpura,Ladpura,25.02083333,75.7,Borawas,"Dug Well",W14314,2014,.17,.25,.5,4.35
RJ,Kota,Digod,Sangod,25.1,76.2,Rajgarh1,"Dug Well",W14310,2014,9.65,9.64,10.4,12.1
RJ,Kota,Ladpura,Ladpura,25.04083333,75.89,Alania,"Dug Well",W14313,2014,.9,3.18,4,8.86
RJ,Kota,Ladpura,Ladpura,25.12111111,75.96555556,Kherarasulpur,"Dug Well",W14316,2014,3.63,5.01,6.23,8.21
RJ,Kota,Ladpura,Ladpura,25.18333333,75.85,Kota1,"Dug Well",W18374,2014,4.31,3.81,3.66,4.63
RJ,Kota,Ladpura,Ladpura,24.90833333,75.97777778,Dara,"Dug Well",W14315,2014,.45,.75,3.05,'0
RJ,Kota,Ladpura,Ladpura,24.93333333,75.93333333,Mandana,"Dug Well",W14317,2014,.37,2.42,2.37,2.92
RJ,Kota,Digod,Sultanpur,25.28972222,76.18111111,Sultanpur,"Dug Well",W14312,2014,2.05,1.95,2.05,10.66
RJ,Kota,Digod,Sultanpur,25.36666667,76.3,Rattanpura,"Dug Well",W14311,2014,17.35,17.5,17.32,17.7
RJ,Kota,Digod,Sultanpur,25.36916667,76.1625,Mandavra,"Dug Well",W14309,2014,6.88,8.38,1.72,9.17
RJ,Kota,Digod,Sultanpur,25.17722222,76.18222222,Gadepan,"Dug Well",W14308,2014,.9,1.1,1.9,2.64
RJ,Kota,Pipalda,Itawa,25.4375,76.4,Keshavpura,"Dug Well",W14305,2014,1.86,2.3,2.25,3.96
RJ,Kota,Pipalda,Itawa,25.67805556,76.475,Khatoli,"Dug Well",W14306,2013,10.6,14.6,12.67,14.6
RJ,Kota,Digod,Sultanpur,25.24166667,76.08888889,Digod1,"Dug Well",W14307,2013,.4,.91,1.5,1.43
RJ,Kota,Pipalda,Itawa,25.44583333,76.43472222,Ayana,"Dug Well",W14302,2013,3.55,8.25,6.51,12.92
RJ,Kota,Pipalda,Itawa,25.57583333,76.31,Gainta,"Dug Well",W14303,2013,2.73,26.06,24.6,26.06
RJ,Kota,Ladpura,Ladpura,25.02083333,75.7,Borawas,"Dug Well",W14314,2013,.45,2.3,2.35,2.75
RJ,Kota,Digod,Sangod,25.1,76.2,Rajgarh1,"Dug Well",W14310,2013,5.7,9.41,10.75,11.9
RJ,Kota,Ladpura,Ladpura,25.04083333,75.89,Alania,"Dug Well",W14313,2013,.05,3.16,'0,5.05
RJ,Kota,Ladpura,Ladpura,25.12111111,75.96555556,Kherarasulpur,"Dug Well",W14316,2013,.36,4.68,3.86,'0
RJ,Kota,Ladpura,Ladpura,25.18333333,75.85,Kota1,"Dug Well",W18374,2013,5.06,4.04,4.24,6.26
RJ,Kota,Ladpura,Ladpura,24.90833333,75.97777778,Dara,"Dug Well",W14315,2013,1.65,1.13,.5,'0
RJ,Kota,Ladpura,Ladpura,24.93333333,75.93333333,Mandana,"Dug Well",W14317,2013,.32,3.07,.35,5.4
RJ,Kota,Digod,Sultanpur,25.28972222,76.18111111,Sultanpur,"Dug Well",W14312,2013,1.97,1.95,1.92,2.48
RJ,Kota,Digod,Sultanpur,25.36666667,76.3,Rattanpura,"Dug Well",W14311,2013,17.3,17.7,17.17,'0
RJ,Kota,Digod,Sultanpur,25.36916667,76.1625,Mandavra,"Dug Well",W14309,2013,'0,9.64,7.55,9.92
RJ,Kota,Digod,Sultanpur,25.17722222,76.18222222,Gadepan,"Dug Well",W14308,2013,.15,1.01,1.48,3
RJ,Kota,Pipalda,Itawa,25.4375,76.4,Keshavpura,"Dug Well",W14305,2013,.75,2.58,3.43,8.7
RJ,Kota,Pipalda,Itawa,25.67805556,76.475,Khatoli,"Dug Well",W14306,2012,'0,13.6,14.6,13.6
RJ,Kota,Digod,Sultanpur,25.24166667,76.08888889,Digod1,"Dug Well",W14307,2012,'0,1.01,1.1,2.08
RJ,Kota,Pipalda,Itawa,25.44583333,76.43472222,Ayana,"Dug Well",W14302,2012,'0,6.92,6.95,13.62
RJ,Kota,Pipalda,Itawa,25.57583333,76.31,Gainta,"Dug Well",W14303,2012,'0,23.97,26.06,25.36
RJ,Kota,Ladpura,Ladpura,25.02083333,75.7,Borawas,"Dug Well",W14314,2012,'0,.19,.52,2.25
RJ,Kota,Digod,Sangod,25.1,76.2,Rajgarh1,"Dug Well",W14310,2012,'0,10.04,8.34,11.6
RJ,Kota,Ladpura,Ladpura,25.04083333,75.89,Alania,"Dug Well",W14313,2012,'0,3.56,2.81,11.1
RJ,Kota,Ladpura,Ladpura,25.12111111,75.96555556,Kherarasulpur,"Dug Well",W14316,2012,'0,4.06,6.09,11.14
RJ,Kota,Ladpura,Ladpura,25.18333333,75.85,Kota1,"Dug Well",W18374,2012,'0,4.62,3.87,5.16
RJ,Kota,Ladpura,Ladpura,24.90833333,75.97777778,Dara,"Dug Well",W14315,2012,'0,.73,.74,'0
RJ,Kota,Ladpura,Ladpura,24.93333333,75.93333333,Mandana,"Dug Well",W14317,2012,'0,1.88,2.72,.57
RJ,Kota,Digod,Sultanpur,25.28972222,76.18111111,Sultanpur,"Dug Well",W14312,2012,'0,2.1,2.73,2
RJ,Kota,Digod,Sultanpur,25.36666667,76.3,Rattanpura,"Dug Well",W14311,2012,'0,18.3,17.31,18.37
RJ,Kota,Digod,Sultanpur,25.36916667,76.1625,Mandavra,"Dug Well",W14309,2012,'0,9.53,8.8,15.6
RJ,Kota,Digod,Sultanpur,25.17722222,76.18222222,Gadepan,"Dug Well",W14308,2012,'0,1.25,.77,2.5
RJ,Kota,Pipalda,Itawa,25.4375,76.4,Keshavpura,"Dug Well",W14305,2012,'0,2.44,4.53,4.73
RJ,Kota,Pipalda,Itawa,25.67805556,76.475,Khatoli,"Dug Well",W14306,2011,12.6,'0,14.25,'0
RJ,Kota,Pipalda,Itawa,25.4375,76.4,Keshavpura,"Dug Well",W14305,2011,1,7.34,3.48,8.3
RJ,Kota,Pipalda,Itawa,25.44583333,76.43472222,Ayana,"Dug Well",W14302,2011,.37,14.12,6.32,20.72
RJ,Kota,Pipalda,Itawa,25.57583333,76.31,Gainta,"Dug Well",W14303,2011,25.36,'0,'0,'0
RJ,Kota,Ladpura,Ladpura,25.02083333,75.7,Borawas,"Dug Well",W14314,2011,'0,1.59,1.95,5.45
RJ,Kota,Digod,Sangod,25.1,76.2,Rajgarh1,"Dug Well",W14310,2011,11.15,13,11.95,12.35
RJ,Kota,Digod,Sultanpur,25.24166667,76.08888889,Digod1,"Dug Well",W14307,2011,.7,.7,1.64,1.92
RJ,Kota,Ladpura,Ladpura,25.18333333,75.85,Kota1,"Dug Well",W18374,2011,6.31,4.25,4.21,6.91
RJ,Kota,Ladpura,Ladpura,24.90833333,75.97777778,Dara,"Dug Well",W14315,2011,.95,4.93,.94,6.6
RJ,Kota,Ladpura,Ladpura,24.93333333,75.93333333,Mandana,"Dug Well",W14317,2011,.12,1.77,.76,3.97
RJ,Kota,Digod,Sultanpur,25.28972222,76.18111111,Sultanpur,"Dug Well",W14312,2011,2.45,2.05,2,2.2
RJ,Kota,Digod,Sultanpur,25.36916667,76.1625,Mandavra,"Dug Well",W14309,2011,10.22,'0,10.92,11.32
RJ,Kota,Digod,Sultanpur,25.17722222,76.18222222,Gadepan,"Dug Well",W14308,2011,.4,2.4,1.63,3.2
RJ,Kota,Ladpura,Ladpura,25.12111111,75.96555556,Kherarasulpur,"Dug Well",W14316,2011,3.81,10.99,5.1,'0
RJ,Kota,Pipalda,Itawa,25.67805556,76.475,Khatoli,"Dug Well",W14306,2010,'0,15.98,'0,'0
RJ,Kota,Pipalda,Itawa,25.4375,76.4,Keshavpura,"Dug Well",W14305,2010,8.9,8.19,9.33,8.66
RJ,Kota,Pipalda,Itawa,25.44583333,76.43472222,Ayana,"Dug Well",W14302,2010,15.87,9.41,14.8,20.24
RJ,Kota,Pipalda,Itawa,25.57583333,76.31,Gainta,"Dug Well",W14303,2010,24.74,26.78,25.17,26.86
RJ,Kota,Ladpura,Ladpura,25.02083333,75.7,Borawas,"Dug Well",W14314,2010,'0,5.95,5.51,5.9
RJ,Kota,Digod,Sangod,25.1,76.2,Rajgarh1,"Dug Well",W14310,2010,13,13.36,13.51,13.81
RJ,Kota,Digod,Sultanpur,25.24166667,76.08888889,Digod1,"Dug Well",W14307,2010,'0,1.66,1.47,1.66
RJ,Kota,Ladpura,Ladpura,25.18333333,75.85,Kota1,"Dug Well",W18374,2010,6.87,7.46,6.11,6.81
RJ,Kota,Ladpura,Ladpura,24.90833333,75.97777778,Dara,"Dug Well",W14315,2010,2.65,3.77,6.53,8.6
RJ,Kota,Ladpura,Ladpura,24.93333333,75.93333333,Mandana,"Dug Well",W14317,2010,'0,2.52,2.73,5.52
RJ,Kota,Digod,Sultanpur,25.28972222,76.18111111,Sultanpur,"Dug Well",W14312,2010,1.77,2.34,2.13,2.35
RJ,Kota,Digod,Sultanpur,25.36916667,76.1625,Mandavra,"Dug Well",W14309,2010,12.12,13.24,12.52,9.27
RJ,Kota,Digod,Sultanpur,25.17722222,76.18222222,Gadepan,"Dug Well",W14308,2010,2.34,1.32,2.87,2.9
RJ,Kota,Ladpura,Ladpura,25.12111111,75.96555556,Kherarasulpur,"Dug Well",W14316,2010,7.94,9.11,10.72,'0
RJ,Kota,Pipalda,Itawa,25.67805556,76.475,Khatoli,"Dug Well",W14306,2009,14.45,15.84,15.16,14.44
RJ,Kota,Digod,Sultanpur,25.24166667,76.08888889,Digod1,"Dug Well",W14307,2009,1.35,1.52,1.2,1.73
RJ,Kota,Pipalda,Itawa,25.44583333,76.43472222,Ayana,"Dug Well",W14302,2009,10.32,8.66,9.54,16.39
RJ,Kota,Pipalda,Itawa,25.57583333,76.31,Gainta,"Dug Well",W14303,2009,24.29,26.96,25.46,26.27
RJ,Kota,Ladpura,Ladpura,25.02083333,75.7,Borawas,"Dug Well",W14314,2009,.6,5.69,5.45,4.76
RJ,Kota,"Ramganj Mandi",Khairabad,24.7,76.025,Antralia,"Dug Well",W14320,2009,1.14,2.51,2.1,'0
RJ,Kota,Digod,Sangod,25.1,76.2,Rajgarh1,"Dug Well",W14310,2009,8.04,12.98,12.68,11.22
RJ,Kota,Ladpura,Ladpura,25.04083333,75.89,Alania,"Dug Well",W14313,2009,4.7,'0,5.64,'0
RJ,Kota,Ladpura,Ladpura,25.12111111,75.96555556,Kherarasulpur,"Dug Well",W14316,2009,4.31,6.8,10.29,'0
RJ,Kota,Ladpura,Ladpura,25.18333333,75.85,Kota1,"Dug Well",W18374,2009,'0,6.47,9.67,6.65
RJ,Kota,Ladpura,Ladpura,24.90833333,75.97777778,Dara,"Dug Well",W14315,2009,1.9,2.89,2.54,'0
RJ,Kota,Ladpura,Ladpura,24.93333333,75.93333333,Mandana,"Dug Well",W14317,2009,1.62,3.16,3.12,3.35
RJ,Kota,Digod,Sultanpur,25.28972222,76.18111111,Sultanpur,"Dug Well",W14312,2009,2.1,2.5,2.15,2.21
RJ,Kota,Digod,Sultanpur,25.36666667,76.3,Rattanpura,"Dug Well",W14311,2009,'0,'0,'0,11.94
RJ,Kota,Digod,Sultanpur,25.36916667,76.1625,Mandavra,"Dug Well",W14309,2009,7.72,13.03,11.74,'0
RJ,Kota,Digod,Sultanpur,25.17722222,76.18222222,Gadepan,"Dug Well",W14308,2009,.95,1.54,1.12,3.02
RJ,Kota,Pipalda,Itawa,25.4375,76.4,Keshavpura,"Dug Well",W14305,2009,5.32,8.06,6.59,5.32
RJ,Kota,Pipalda,Itawa,25.67805556,76.475,Khatoli,"Dug Well",W14306,2008,13.61,15.92,14.56,14.4
RJ,Kota,Digod,Sultanpur,25.24166667,76.08888889,Digod1,"Dug Well",W14307,2008,1.47,1.52,1.17,1.95
RJ,Kota,Pipalda,Itawa,25.44583333,76.43472222,Ayana,"Dug Well",W14302,2008,3.73,10.56,6.27,13.27
RJ,Kota,Pipalda,Itawa,25.57583333,76.31,Gainta,"Dug Well",W14303,2008,26.29,26.54,26.28,'0
RJ,Kota,Ladpura,Ladpura,25.02083333,75.7,Borawas,"Dug Well",W14314,2008,.55,7.48,.55,3.6
RJ,Kota,"Ramganj Mandi",Khairabad,24.7,76.025,Antralia,"Dug Well",W14320,2008,.85,3.93,2.23,'0
RJ,Kota,Digod,Sangod,25.1,76.2,Rajgarh1,"Dug Well",W14310,2008,12.03,13,'0,10.54
RJ,Kota,Ladpura,Ladpura,25.04083333,75.89,Alania,"Dug Well",W14313,2008,1.18,8.64,'0,'0
RJ,Kota,Ladpura,Ladpura,25.12111111,75.96555556,Kherarasulpur,"Dug Well",W14316,2008,3.16,3.75,6.71,8.01
RJ,Kota,Ladpura,Ladpura,25.18333333,75.85,Kota1,"Dug Well",W18374,2008,6.19,7.63,5.46,5.15
RJ,Kota,Ladpura,Ladpura,24.90833333,75.97777778,Dara,"Dug Well",W14315,2008,1.51,3.61,1.5,8.09
RJ,Kota,Ladpura,Ladpura,24.93333333,75.93333333,Mandana,"Dug Well",W14317,2008,.79,3.22,2.32,2.89
RJ,Kota,Digod,Sultanpur,25.28972222,76.18111111,Sultanpur,"Dug Well",W14312,2008,2.08,2.52,2.02,2.4
RJ,Kota,Digod,Sultanpur,25.36916667,76.1625,Mandavra,"Dug Well",W14309,2008,10.04,13,10.12,15.26
RJ,Kota,Digod,Sultanpur,25.17722222,76.18222222,Gadepan,"Dug Well",W14308,2008,.76,2.64,1.4,2.52
RJ,Kota,Pipalda,Itawa,25.4375,76.4,Keshavpura,"Dug Well",W14305,2008,2.36,9.04,3.86,5.69
RJ,Kota,Pipalda,Itawa,25.67805556,76.475,Khatoli,"Dug Well",W14306,2007,13.38,14.09,15.37,13.9
RJ,Kota,Digod,Sultanpur,25.24166667,76.08888889,Digod1,"Dug Well",W14307,2007,1.1,1.59,1.47,2.17
RJ,Kota,Pipalda,Itawa,25.44583333,76.43472222,Ayana,"Dug Well",W14302,2007,3.3,9.21,8.61,12.47
RJ,Kota,Pipalda,Itawa,25.57583333,76.31,Gainta,"Dug Well",W14303,2007,24.66,27.05,25.16,26.01
RJ,Kota,Ladpura,Ladpura,25.02083333,75.7,Borawas,"Dug Well",W14314,2007,3.23,3.04,5.94,3.05
RJ,Kota,"Ramganj Mandi",Khairabad,24.7,76.025,Antralia,"Dug Well",W14320,2007,.4,3.71,2.3,'0
RJ,Kota,Digod,Sangod,25.1,76.2,Rajgarh1,"Dug Well",W14310,2007,10.05,11.78,12.4,11.05
RJ,Kota,Ladpura,Ladpura,25.04083333,75.89,Alania,"Dug Well",W14313,2007,.8,9.76,7.13,'0
RJ,Kota,Ladpura,Ladpura,25.12111111,75.96555556,Kherarasulpur,"Dug Well",W14316,2007,.84,5.19,3.08,9.03
RJ,Kota,Ladpura,Ladpura,25.18333333,75.85,Kota1,"Dug Well",W18374,2007,5.26,5.49,6.67,6.76
RJ,Kota,Ladpura,Ladpura,24.90833333,75.97777778,Dara,"Dug Well",W14315,2007,1.51,2.59,2.98,7.01
RJ,Kota,Ladpura,Ladpura,24.93333333,75.93333333,Mandana,"Dug Well",W14317,2007,.92,2.62,2.55,4
RJ,Kota,Digod,Sultanpur,25.28972222,76.18111111,Sultanpur,"Dug Well",W14312,2007,2.43,3.22,2.46,2.85
RJ,Kota,Digod,Sultanpur,25.36916667,76.1625,Mandavra,"Dug Well",W14309,2007,11.82,13.93,13.16,11.72
RJ,Kota,Digod,Sultanpur,25.17722222,76.18222222,Gadepan,"Dug Well",W14308,2007,1.12,1.83,2.45,2.57
RJ,Kota,Pipalda,Itawa,25.4375,76.4,Keshavpura,"Dug Well",W14305,2007,5.5,6.21,8.3,5.03
RJ,Kota,Pipalda,Itawa,25.67805556,76.475,Khatoli,"Dug Well",W14306,2006,12.44,12.98,13.55,13.08
RJ,Kota,Digod,Sultanpur,25.24166667,76.08888889,Digod1,"Dug Well",W14307,2006,.6,1.71,1.52,2
RJ,Kota,Pipalda,Itawa,25.44583333,76.43472222,Ayana,"Dug Well",W14302,2006,7.15,10.31,7.84,13.85
RJ,Kota,Pipalda,Itawa,25.57583333,76.31,Gainta,"Dug Well",W14303,2006,26.81,26.86,27.04,26.76
RJ,Kota,Ladpura,Ladpura,25.02083333,75.7,Borawas,"Dug Well",W14314,2006,.63,3.44,.3,2.97
RJ,Kota,"Ramganj Mandi",Khairabad,24.7,76.025,Antralia,"Dug Well",W14320,2006,.52,3.92,1.47,'0
RJ,Kota,Digod,Sangod,25.1,76.2,Rajgarh1,"Dug Well",W14310,2006,8.33,12.58,7.97,11.63
RJ,Kota,Ladpura,Ladpura,25.04083333,75.89,Alania,"Dug Well",W14313,2006,.19,11.62,3.02,'0
RJ,Kota,Ladpura,Ladpura,25.12111111,75.96555556,Kherarasulpur,"Dug Well",W14316,2006,.94,4.62,5.05,10.23
RJ,Kota,Ladpura,Ladpura,25.18333333,75.85,Kota1,"Dug Well",W18374,2006,5.2,5.85,5.17,5.21
RJ,Kota,Ladpura,Ladpura,24.90833333,75.97777778,Dara,"Dug Well",W14315,2006,1.65,3.27,1.88,8.73
RJ,Kota,Ladpura,Ladpura,24.93333333,75.93333333,Mandana,"Dug Well",W14317,2006,.58,3.12,2.28,10.49
RJ,Kota,Digod,Sultanpur,25.28972222,76.18111111,Sultanpur,"Dug Well",W14312,2006,2.11,3.61,2.6,4.37
RJ,Kota,Digod,Sultanpur,25.36916667,76.1625,Mandavra,"Dug Well",W14309,2006,12.04,14.21,11.77,15.02
RJ,Kota,Digod,Sultanpur,25.17722222,76.18222222,Gadepan,"Dug Well",W14308,2006,.19,1.34,1.48,2.5
RJ,Kota,Pipalda,Itawa,25.4375,76.4,Keshavpura,"Dug Well",W14305,2006,7.06,6.47,5.66,6.85
RJ,Kota,Pipalda,Itawa,25.67805556,76.475,Khatoli,"Dug Well",W14306,2005,11.95,13.04,13.29,12.7
RJ,Kota,Digod,Sultanpur,25.24166667,76.08888889,Digod1,"Dug Well",W14307,2005,2.16,1.9,1.67,2.49
RJ,Kota,Pipalda,Itawa,25.44583333,76.43472222,Ayana,"Dug Well",W14302,2005,6.47,9.37,7.05,13.38
RJ,Kota,Pipalda,Itawa,25.57583333,76.31,Gainta,"Dug Well",W14303,2005,26.42,26.22,26.47,16.39
RJ,Kota,Ladpura,Ladpura,25.02083333,75.7,Borawas,"Dug Well",W14314,2005,1.49,2.93,.68,4.74
RJ,Kota,"Ramganj Mandi",Khairabad,24.7,76.025,Antralia,"Dug Well",W14320,2005,1.41,2.27,2.11,'0
RJ,Kota,Digod,Sangod,25.1,76.2,Rajgarh1,"Dug Well",W14310,2005,11.94,8.68,8.72,11.25
RJ,Kota,Ladpura,Ladpura,25.04083333,75.89,Alania,"Dug Well",W14313,2005,3.33,7.25,5.54,17.88
RJ,Kota,Ladpura,Ladpura,25.12111111,75.96555556,Kherarasulpur,"Dug Well",W14316,2005,11.19,4.31,5.4,'0
RJ,Kota,Ladpura,Ladpura,25.18333333,75.85,Kota1,"Dug Well",W18374,2005,5.98,5.49,4.54,6.43
RJ,Kota,Ladpura,Ladpura,24.90833333,75.97777778,Dara,"Dug Well",W14315,2005,.82,2.7,1.55,6.69
RJ,Kota,Ladpura,Ladpura,24.93333333,75.93333333,Mandana,"Dug Well",W14317,2005,3.05,1.84,2.48,10.97
RJ,Kota,Digod,Sultanpur,25.28972222,76.18111111,Sultanpur,"Dug Well",W14312,2005,3.52,4.2,3.88,5.13
RJ,Kota,Digod,Sultanpur,25.36916667,76.1625,Mandavra,"Dug Well",W14309,2005,12.64,14,12.8,5.54
RJ,Kota,Digod,Sultanpur,25.17722222,76.18222222,Gadepan,"Dug Well",W14308,2005,1.45,1.65,1.1,2.21
RJ,Kota,Pipalda,Itawa,25.4375,76.4,Keshavpura,"Dug Well",W14305,2005,5.36,6.6,6.33,6.98
RJ,Kota,Pipalda,Itawa,25.67805556,76.475,Khatoli,"Dug Well",W14306,2003,'0,12.67,'0,12.64
RJ,Kota,Pipalda,Itawa,25.44583333,76.43472222,Ayana,"Dug Well",W14302,2003,'0,34.54,'0,27.62
RJ,Kota,Pipalda,Itawa,25.57583333,76.31,Gainta,"Dug Well",W14303,2003,'0,25.49,'0,25.83
RJ,Kota,Ladpura,Ladpura,25.02083333,75.7,Borawas,"Dug Well",W14314,2003,'0,3.45,'0,3.46
RJ,Kota,Digod,Sultanpur,25.24166667,76.08888889,Digod1,"Dug Well",W14307,2003,'0,2.12,'0,2.45
RJ,Kota,Ladpura,Ladpura,24.93333333,75.93333333,Mandana,"Dug Well",W14317,2003,'0,9.03,'0,11.14
RJ,Kota,Digod,Sultanpur,25.28972222,76.18111111,Sultanpur,"Dug Well",W14312,2003,'0,4.06,'0,4.96
RJ,Kota,Digod,Sultanpur,25.36916667,76.1625,Mandavra,"Dug Well",W14309,2003,'0,11.82,'0,16.82
RJ,Kota,Digod,Sultanpur,25.17722222,76.18222222,Gadepan,"Dug Well",W14308,2003,'0,5.84,'0,3.1
RJ,Kota,Digod,Sangod,25.1,76.2,Rajgarh1,"Dug Well",W14310,2003,'0,16.05,'0,12.6
RJ,Kota,Pipalda,Itawa,25.49166667,76.38333333,Ganeshganj,"Dug Well",W14304,2002,'0,8.62,'0,'0
RJ,Kota,Digod,Sultanpur,25.24166667,76.08888889,Digod1,"Dug Well",W14307,2002,1.54,1.5,2.27,2.76
RJ,Kota,Pipalda,Itawa,25.4375,76.4,Keshavpura,"Dug Well",W14305,2002,3.47,8.39,'0,9.88
RJ,Kota,Pipalda,Itawa,25.44583333,76.43472222,Ayana,"Dug Well",W14302,2002,18.19,10.7,27.76,17.17
RJ,Kota,Pipalda,Itawa,25.57583333,76.31,Gainta,"Dug Well",W14303,2002,21.32,22.12,26.34,24.67
RJ,Kota,Ladpura,Ladpura,25.02083333,75.7,Borawas,"Dug Well",W14314,2002,.91,2.14,2.86,3.61
RJ,Kota,"Ramganj Mandi",Khairabad,24.7,76.025,Antralia,"Dug Well",W14320,2002,'0,3.05,'0,'0
RJ,Kota,Digod,Sangod,25.1,76.2,Rajgarh1,"Dug Well",W14310,2002,10.07,8.02,14.13,12.74
RJ,Kota,Ladpura,Ladpura,25.04083333,75.89,Alania,"Dug Well",W14313,2002,'0,8.14,'0,'0
RJ,Kota,Ladpura,Ladpura,25.12111111,75.96555556,Kherarasulpur,"Dug Well",W14316,2002,1.59,.65,'0,8.61
RJ,Kota,Ladpura,Ladpura,25.13666667,75.91388889,Raipur1,"Dug Well",W14319,2002,'0,2.72,'0,'0
RJ,Kota,Ladpura,Ladpura,24.90833333,75.97777778,Dara,"Dug Well",W14315,2002,'0,2.41,'0,'0
RJ,Kota,Ladpura,Ladpura,24.93333333,75.93333333,Mandana,"Dug Well",W14317,2002,1.66,4.61,4.33,6.73
RJ,Kota,Digod,Sultanpur,25.28972222,76.18111111,Sultanpur,"Dug Well",W14312,2002,2.26,2.4,3.2,2.83
RJ,Kota,Digod,Sultanpur,25.36666667,76.3,Rattanpura,"Dug Well",W14311,2002,16.82,18.08,'0,18.34
RJ,Kota,Digod,Sultanpur,25.36916667,76.1625,Mandavra,"Dug Well",W14309,2002,9.43,9.88,11.33,9.73
RJ,Kota,Digod,Sultanpur,25.17722222,76.18222222,Gadepan,"Dug Well",W14308,2002,.96,1.99,6.58,4.04
RJ,Kota,Pipalda,Itawa,25.67805556,76.475,Khatoli,"Dug Well",W14306,2002,9.16,11.75,12.68,11.36
RJ,Kota,Pipalda,Itawa,25.49166667,76.38333333,Ganeshganj,"Dug Well",W14304,2001,9.75,'0,13.13,'0
RJ,Kota,Pipalda,Itawa,25.67805556,76.475,Khatoli,"Dug Well",W14306,2001,10.3,11.48,11.28,12.12
RJ,Kota,Pipalda,Itawa,25.4375,76.4,Keshavpura,"Dug Well",W14305,2001,4.03,9.35,8.88,10.81
RJ,Kota,Pipalda,Itawa,25.44583333,76.43472222,Ayana,"Dug Well",W14302,2001,'0,'0,12.72,'0
RJ,Kota,Pipalda,Itawa,25.57583333,76.31,Gainta,"Dug Well",W14303,2001,22.01,21.01,21.36,25.24
RJ,Kota,Sangod,Sangod,25.01666667,76.2375,Kagania,"Dug Well",W14321,2001,8.18,'0,13.72,'0
RJ,Kota,Ladpura,Ladpura,25.02083333,75.7,Borawas,"Dug Well",W14314,2001,2.18,4.12,1.8,2.85
RJ,Kota,"Ramganj Mandi",Khairabad,24.7,76.025,Antralia,"Dug Well",W14320,2001,.95,4.15,2.65,6.38
RJ,Kota,Digod,Sangod,25.1,76.2,Rajgarh1,"Dug Well",W14310,2001,10.27,10.94,9.68,12.07
RJ,Kota,Ladpura,Ladpura,25.04083333,75.89,Alania,"Dug Well",W14313,2001,1.76,8.3,3.33,'0
RJ,Kota,Ladpura,Ladpura,25.12111111,75.96555556,Kherarasulpur,"Dug Well",W14316,2001,3.47,8.36,8.35,11.28
RJ,Kota,Ladpura,Ladpura,25.13666667,75.91388889,Raipur1,"Dug Well",W14319,2001,2.7,3.07,'0,'0
RJ,Kota,Ladpura,Ladpura,24.8875,75.95416667,Nayaroad,"Dug Well",W14318,2001,3.39,'0,9.11,'0
RJ,Kota,Ladpura,Ladpura,24.90833333,75.97777778,Dara,"Dug Well",W14315,2001,2.34,3.4,2,7.25
RJ,Kota,Ladpura,Ladpura,24.93333333,75.93333333,Mandana,"Dug Well",W14317,2001,1.63,4.3,2.97,4.31
RJ,Kota,Digod,Sultanpur,25.28972222,76.18111111,Sultanpur,"Dug Well",W14312,2001,2.37,2,2.5,6.98
RJ,Kota,Digod,Sultanpur,25.36666667,76.3,Rattanpura,"Dug Well",W14311,2001,18.46,18.55,17.9,18.83
RJ,Kota,Digod,Sultanpur,25.36916667,76.1625,Mandavra,"Dug Well",W14309,2001,10.1,10.34,9.62,10
RJ,Kota,Digod,Sultanpur,25.17722222,76.18222222,Gadepan,"Dug Well",W14308,2001,1.68,3.92,2.74,4.8
RJ,Kota,Digod,Sultanpur,25.24166667,76.08888889,Digod1,"Dug Well",W14307,2001,2.79,3.15,1.86,3.94
RJ,Kota,Pipalda,Itawa,25.49166667,76.38333333,Ganeshganj,"Dug Well",W14304,2000,12.17,11.01,11.33,14.43
RJ,Kota,Digod,Sultanpur,25.24166667,76.08888889,Digod1,"Dug Well",W14307,2000,2.47,2.87,2.73,3.31
RJ,Kota,Pipalda,Itawa,25.4375,76.4,Keshavpura,"Dug Well",W14305,2000,4.24,4.34,6.24,3.56
RJ,Kota,Pipalda,Itawa,25.44583333,76.43472222,Ayana,"Dug Well",W14302,2000,6.34,10.87,11.98,11.8
RJ,Kota,Pipalda,Itawa,25.57583333,76.31,Gainta,"Dug Well",W14303,2000,19.83,18.11,21.19,17.91
RJ,Kota,Sangod,Sangod,25.01666667,76.2375,Kagania,"Dug Well",W14321,2000,9.06,13.17,14.02,12.27
RJ,Kota,Ladpura,Ladpura,25.02083333,75.7,Borawas,"Dug Well",W14314,2000,2.4,2.13,3.3,5.32
RJ,Kota,"Ramganj Mandi",Khairabad,24.7,76.025,Antralia,"Dug Well",W14320,2000,.92,1.66,2.99,6.74
RJ,Kota,Digod,Sangod,25.1,76.2,Rajgarh1,"Dug Well",W14310,2000,10.09,8.32,8.75,11.56
RJ,Kota,Ladpura,Ladpura,25.04083333,75.89,Alania,"Dug Well",W14313,2000,3.27,6.24,5.68,'0
RJ,Kota,Ladpura,Ladpura,25.12111111,75.96555556,Kherarasulpur,"Dug Well",W14316,2000,5.61,4.52,6.44,9.16
RJ,Kota,Ladpura,Ladpura,25.13666667,75.91388889,Raipur1,"Dug Well",W14319,2000,3.47,3.26,3.17,'0
RJ,Kota,Ladpura,Ladpura,24.8875,75.95416667,Nayaroad,"Dug Well",W14318,2000,9.59,'0,'0,'0
RJ,Kota,Ladpura,Ladpura,24.90833333,75.97777778,Dara,"Dug Well",W14315,2000,2.53,2.82,3.09,'0
RJ,Kota,Ladpura,Ladpura,24.93333333,75.93333333,Mandana,"Dug Well",W14317,2000,1.79,3.66,6.1,5.19
RJ,Kota,Digod,Sultanpur,25.28972222,76.18111111,Sultanpur,"Dug Well",W14312,2000,2,1.66,1.75,2.74
RJ,Kota,Digod,Sultanpur,25.36666667,76.3,Rattanpura,"Dug Well",W14311,2000,18.37,18.74,18.49,18.55
RJ,Kota,Digod,Sultanpur,25.36916667,76.1625,Mandavra,"Dug Well",W14309,2000,9.8,'0,10.05,'0
RJ,Kota,Digod,Sultanpur,25.17722222,76.18222222,Gadepan,"Dug Well",W14308,2000,2.14,2.5,2.93,3.11
RJ,Kota,Pipalda,Itawa,25.67805556,76.475,Khatoli,"Dug Well",W14306,2000,9.8,10.78,11.91,9.11
RJ,Kota,Ladpura,Ladpura,25.12111111,75.96555556,Kherarasulpur,"Dug Well",W14316,1999,6.41,3.25,5.57,7.58
RJ,Kota,Ladpura,Ladpura,25.04083333,75.89,Alania,"Dug Well",W14313,1999,2.91,6.92,4.05,11.24
RJ,Kota,Ladpura,Ladpura,24.8875,75.95416667,Nayaroad,"Dug Well",W14318,1999,5.93,12,8.75,'0
RJ,Kota,Ladpura,Ladpura,24.90833333,75.97777778,Dara,"Dug Well",W14315,1999,1.88,3.61,2.58,'0
RJ,Kota,Ladpura,Ladpura,24.93333333,75.93333333,Mandana,"Dug Well",W14317,1999,1.54,6.25,2.69,8.3
RJ,Kota,Digod,Sultanpur,25.28972222,76.18111111,Sultanpur,"Dug Well",W14312,1999,1.99,2.23,1.53,2.74
RJ,Kota,Digod,Sultanpur,25.36666667,76.3,Rattanpura,"Dug Well",W14311,1999,18.12,18.41,18.16,19.08
RJ,Kota,Digod,Sultanpur,25.36916667,76.1625,Mandavra,"Dug Well",W14309,1999,9.31,11.13,17.11,11.85
RJ,Kota,Digod,Sultanpur,25.17722222,76.18222222,Gadepan,"Dug Well",W14308,1999,1.69,2.33,2.14,4.08
RJ,Kota,Digod,Sultanpur,25.24166667,76.08888889,Digod1,"Dug Well",W14307,1999,2.61,2.55,2.95,4.17
RJ,Kota,Pipalda,Itawa,25.49166667,76.38333333,Ganeshganj,"Dug Well",W14304,1999,5.56,5.48,8.05,12.65
RJ,Kota,Pipalda,Itawa,25.67805556,76.475,Khatoli,"Dug Well",W14306,1999,8,9.27,8.82,9.83
RJ,Kota,Pipalda,Itawa,25.4375,76.4,Keshavpura,"Dug Well",W14305,1999,1.98,2.77,2.93,4.06
RJ,Kota,Pipalda,Itawa,25.44583333,76.43472222,Ayana,"Dug Well",W14302,1999,3.2,6.7,5.68,12.04
RJ,Kota,Pipalda,Itawa,25.57583333,76.31,Gainta,"Dug Well",W14303,1999,17.38,16.9,18.51,17.95
RJ,Kota,Sangod,Sangod,25.01666667,76.2375,Kagania,"Dug Well",W14321,1999,5,13.65,7.76,12.83
RJ,Kota,Ladpura,Ladpura,25.02083333,75.7,Borawas,"Dug Well",W14314,1999,2.09,7.65,2.02,9.84
RJ,Kota,"Ramganj Mandi",Khairabad,24.7,76.025,Antralia,"Dug Well",W14320,1999,1.21,4.08,1.82,6.13
RJ,Kota,Digod,Sangod,25.1,76.2,Rajgarh1,"Dug Well",W14310,1999,6.37,7.26,8.71,9.95
RJ,Kota,Ladpura,Ladpura,25.13666667,75.91388889,Raipur1,"Dug Well",W14319,1999,'0,2.99,4.16,'0
RJ,Kota,Ladpura,Ladpura,25.12111111,75.96555556,Kherarasulpur,"Dug Well",W14316,1998,'0,3.38,5.1,7.3
RJ,Kota,Ladpura,Ladpura,25.13666667,75.91388889,Raipur1,"Dug Well",W14319,1998,'0,2.88,4.04,4.24
RJ,Kota,Ladpura,Ladpura,24.8875,75.95416667,Nayaroad,"Dug Well",W14318,1998,7.38,8.43,5.78,11.7
RJ,Kota,Ladpura,Ladpura,24.90833333,75.97777778,Dara,"Dug Well",W14315,1998,3.57,2.75,4.33,4.2
RJ,Kota,Ladpura,Ladpura,24.93333333,75.93333333,Mandana,"Dug Well",W14317,1998,3.44,6.21,2.18,9.79
RJ,Kota,Digod,Sultanpur,25.28972222,76.18111111,Sultanpur,"Dug Well",W14312,1998,2.23,1.47,1.8,1.82
RJ,Kota,Digod,Sultanpur,25.36666667,76.3,Rattanpura,"Dug Well",W14311,1998,18.16,18.04,15.38,18.35
RJ,Kota,Digod,Sultanpur,25.36916667,76.1625,Mandavra,"Dug Well",W14309,1998,8.85,2.8,11.53,10.64
RJ,Kota,Digod,Sultanpur,25.17722222,76.18222222,Gadepan,"Dug Well",W14308,1998,3.04,2.2,1.76,3.9
RJ,Kota,Digod,Sultanpur,25.24166667,76.08888889,Digod1,"Dug Well",W14307,1998,3.02,2.79,2.98,3.58
RJ,Kota,Pipalda,Itawa,25.49166667,76.38333333,Ganeshganj,"Dug Well",W14304,1998,8.93,6.53,8.46,13.1
RJ,Kota,Pipalda,Itawa,25.67805556,76.475,Khatoli,"Dug Well",W14306,1998,8.06,8.25,8.42,9.52
RJ,Kota,Pipalda,Itawa,25.4375,76.4,Keshavpura,"Dug Well",W14305,1998,2.34,2.4,2.89,3.99
RJ,Kota,Pipalda,Itawa,25.44583333,76.43472222,Ayana,"Dug Well",W14302,1998,4.55,4.19,5.78,10.64
RJ,Kota,Pipalda,Itawa,25.57583333,76.31,Gainta,"Dug Well",W14303,1998,17.55,16.29,16.48,18.11
RJ,Kota,Sangod,Sangod,25.01666667,76.2375,Kagania,"Dug Well",W14321,1998,8.09,12.29,13.95,11.36
RJ,Kota,Ladpura,Ladpura,25.02083333,75.7,Borawas,"Dug Well",W14314,1998,2.27,2.76,1.73,4.41
RJ,Kota,"Ramganj Mandi",Khairabad,24.7,76.025,Antralia,"Dug Well",W14320,1998,2.74,1.75,1.78,5.51
RJ,Kota,Digod,Sangod,25.1,76.2,Rajgarh1,"Dug Well",W14310,1998,7.2,7.5,9.68,9.67
RJ,Kota,Ladpura,Ladpura,25.04083333,75.89,Alania,"Dug Well",W14313,1998,4.13,3.17,3.37,7.5
RJ,Kota,Ladpura,Ladpura,25.13666667,75.91388889,Raipur1,"Dug Well",W14319,1997,2.36,2.75,2.87,4.83
RJ,Kota,Ladpura,Ladpura,25.12111111,75.96555556,Kherarasulpur,"Dug Well",W14316,1997,2.82,2.76,2.46,7.05
RJ,Kota,Ladpura,Ladpura,24.90833333,75.97777778,Dara,"Dug Well",W14315,1997,2.61,1.4,2.78,3.77
RJ,Kota,Ladpura,Ladpura,24.93333333,75.93333333,Mandana,"Dug Well",W14317,1997,1.46,4.25,6.12,6.67
RJ,Kota,Digod,Sultanpur,25.28972222,76.18111111,Sultanpur,"Dug Well",W14312,1997,1.96,2.06,1.56,2.22
RJ,Kota,Digod,Sultanpur,25.36666667,76.3,Rattanpura,"Dug Well",W14311,1997,18.16,18.32,18.1,18.3
RJ,Kota,Digod,Sultanpur,25.36916667,76.1625,Mandavra,"Dug Well",W14309,1997,'0,12.79,12.32,13.28
RJ,Kota,Digod,Sultanpur,25.17722222,76.18222222,Gadepan,"Dug Well",W14308,1997,2.09,2,2.45,5.23
RJ,Kota,Digod,Sultanpur,25.24166667,76.08888889,Digod1,"Dug Well",W14307,1997,2.7,3.51,2.85,3.25
RJ,Kota,Pipalda,Itawa,25.49166667,76.38333333,Ganeshganj,"Dug Well",W14304,1997,7.06,4.34,6.68,13.7
RJ,Kota,Pipalda,Itawa,25.67805556,76.475,Khatoli,"Dug Well",W14306,1997,7.71,8.74,8.1,9.1
RJ,Kota,Pipalda,Itawa,25.4375,76.4,Keshavpura,"Dug Well",W14305,1997,1.71,2.71,3.07,4.53
RJ,Kota,Pipalda,Itawa,25.44583333,76.43472222,Ayana,"Dug Well",W14302,1997,2.46,4.4,4.87,11.07
RJ,Kota,Pipalda,Itawa,25.57583333,76.31,Gainta,"Dug Well",W14303,1997,17.23,16.8,16.28,18.52
RJ,Kota,Sangod,Sangod,25.01666667,76.2375,Kagania,"Dug Well",W14321,1997,'0,12.88,13.55,10.3
RJ,Kota,Ladpura,Ladpura,25.02083333,75.7,Borawas,"Dug Well",W14314,1997,1.91,1.69,2,2.09
RJ,Kota,"Ramganj Mandi",Khairabad,24.7,76.025,Antralia,"Dug Well",W14320,1997,1.01,1.9,1.82,6.25
RJ,Kota,Digod,Sangod,25.1,76.2,Rajgarh1,"Dug Well",W14310,1997,'0,7.09,7.17,10.45
RJ,Kota,Ladpura,Ladpura,25.04083333,75.89,Alania,"Dug Well",W14313,1997,1.86,3.7,3.32,5.25
RJ,Kota,Ladpura,Ladpura,24.8875,75.95416667,Nayaroad,"Dug Well",W14318,1997,2.71,6.09,7.64,'0
RJ,Kota,Ladpura,Ladpura,25.13666667,75.91388889,Raipur1,"Dug Well",W14319,1996,1.6,2.72,2.66,5
RJ,Kota,Ladpura,Ladpura,25.12111111,75.96555556,Kherarasulpur,"Dug Well",W14316,1996,1.58,2.8,2.81,9
RJ,Kota,Ladpura,Ladpura,24.90833333,75.97777778,Dara,"Dug Well",W14315,1996,1.65,2.96,1.43,3.65
RJ,Kota,Ladpura,Ladpura,24.93333333,75.93333333,Mandana,"Dug Well",W14317,1996,1.36,3.09,2.93,10.05
RJ,Kota,Digod,Sultanpur,25.28972222,76.18111111,Sultanpur,"Dug Well",W14312,1996,'0,1.36,1.96,2.58
RJ,Kota,Digod,Sultanpur,25.36666667,76.3,Rattanpura,"Dug Well",W14311,1996,'0,18.3,17.28,18.57
RJ,Kota,Digod,Sultanpur,25.36916667,76.1625,Mandavra,"Dug Well",W14309,1996,'0,14.05,12.05,13.56
RJ,Kota,Digod,Sultanpur,25.17722222,76.18222222,Gadepan,"Dug Well",W14308,1996,1.2,2.05,1.76,7.14
RJ,Kota,Digod,Sultanpur,25.24166667,76.08888889,Digod1,"Dug Well",W14307,1996,'0,2.31,3,'0
RJ,Kota,Pipalda,Itawa,25.49166667,76.38333333,Ganeshganj,"Dug Well",W14304,1996,'0,4.45,3.78,13.03
RJ,Kota,Pipalda,Itawa,25.67805556,76.475,Khatoli,"Dug Well",W14306,1996,'0,8.7,7.85,9.54
RJ,Kota,Pipalda,Itawa,25.4375,76.4,Keshavpura,"Dug Well",W14305,1996,'0,2.6,3.39,4.42
RJ,Kota,Pipalda,Itawa,25.44583333,76.43472222,Ayana,"Dug Well",W14302,1996,'0,4.37,4.25,'0
RJ,Kota,Pipalda,Itawa,25.57583333,76.31,Gainta,"Dug Well",W14303,1996,'0,16.6,15.93,18.5
RJ,Kota,Sangod,Sangod,25.01666667,76.2375,Kagania,"Dug Well",W14321,1996,'0,13.45,9.3,11.9
RJ,Kota,Ladpura,Ladpura,25.02083333,75.7,Borawas,"Dug Well",W14314,1996,1.33,1.68,1.67,4.71
RJ,Kota,"Ramganj Mandi",Khairabad,24.7,76.025,Antralia,"Dug Well",W14320,1996,'0,2.72,2.58,5.53
RJ,Kota,Digod,Sangod,25.1,76.2,Rajgarh1,"Dug Well",W14310,1996,'0,7.04,6.52,9.9
RJ,Kota,Ladpura,Ladpura,25.04083333,75.89,Alania,"Dug Well",W14313,1996,1.04,3.88,3.4,7.58
RJ,Kota,Ladpura,Ladpura,24.8875,75.95416667,Nayaroad,"Dug Well",W14318,1996,1,9.38,7.99,'0
RJ,Kota,Ladpura,Ladpura,25.13666667,75.91388889,Raipur1,"Dug Well",W14319,1995,2.18,3.12,3.46,5.1
RJ,Kota,Ladpura,Ladpura,25.12111111,75.96555556,Kherarasulpur,"Dug Well",W14316,1995,'0,2.65,2.88,4.58
RJ,Kota,Ladpura,Ladpura,24.90833333,75.97777778,Dara,"Dug Well",W14315,1995,1.88,2.73,2.57,3.57
RJ,Kota,Ladpura,Ladpura,24.93333333,75.93333333,Mandana,"Dug Well",W14317,1995,1.41,2.9,2.46,9.14
RJ,Kota,Digod,Sultanpur,25.28972222,76.18111111,Sultanpur,"Dug Well",W14312,1995,'0,1.55,1.39,2.5
RJ,Kota,Digod,Sultanpur,25.36666667,76.3,Rattanpura,"Dug Well",W14311,1995,'0,18.44,18.3,18.61
RJ,Kota,Digod,Sultanpur,25.36916667,76.1625,Mandavra,"Dug Well",W14309,1995,'0,16.4,'0,'0
RJ,Kota,Digod,Sultanpur,25.17722222,76.18222222,Gadepan,"Dug Well",W14308,1995,'0,2.4,2.35,7.05
RJ,Kota,Digod,Sultanpur,25.24166667,76.08888889,Digod1,"Dug Well",W14307,1995,'0,2.98,3.14,'0
RJ,Kota,Pipalda,Itawa,25.49166667,76.38333333,Ganeshganj,"Dug Well",W14304,1995,'0,4.29,4.67,12.39
RJ,Kota,Pipalda,Itawa,25.67805556,76.475,Khatoli,"Dug Well",W14306,1995,7.85,10.1,8.65,9.92
RJ,Kota,Pipalda,Itawa,25.4375,76.4,Keshavpura,"Dug Well",W14305,1995,1.65,2.45,2.73,4.13
RJ,Kota,Pipalda,Itawa,25.44583333,76.43472222,Ayana,"Dug Well",W14302,1995,2.29,4.05,3.52,9.11
RJ,Kota,Pipalda,Itawa,25.57583333,76.31,Gainta,"Dug Well",W14303,1995,16.88,16.92,16.08,17.91
RJ,Kota,Sangod,Sangod,25.01666667,76.2375,Kagania,"Dug Well",W14321,1995,9.19,13.28,13.21,11.34
RJ,Kota,Ladpura,Ladpura,25.02083333,75.7,Borawas,"Dug Well",W14314,1995,1.8,2.81,1.75,2.64
RJ,Kota,"Ramganj Mandi",Khairabad,24.7,76.025,Antralia,"Dug Well",W14320,1995,.68,1.76,2.33,5.12
RJ,Kota,Digod,Sangod,25.1,76.2,Rajgarh1,"Dug Well",W14310,1995,8.14,7.04,6.95,10.15
RJ,Kota,Ladpura,Ladpura,25.04083333,75.89,Alania,"Dug Well",W14313,1995,1.17,3.17,3.03,5.5
RJ,Kota,Ladpura,Ladpura,24.8875,75.95416667,Nayaroad,"Dug Well",W14318,1995,5.33,9.03,7.98,11.76
RJ,Kota,Ladpura,Ladpura,25.13666667,75.91388889,Raipur1,"Dug Well",W14319,1994,4.1,3.14,4.12,5.47
RJ,Kota,Ladpura,Ladpura,25.12111111,75.96555556,Kherarasulpur,"Dug Well",W14316,1994,5.5,3.23,2.92,7.55
RJ,Kota,Ladpura,Ladpura,24.90833333,75.97777778,Dara,"Dug Well",W14315,1994,2.23,3.1,2.54,'0
RJ,Kota,Ladpura,Ladpura,24.93333333,75.93333333,Mandana,"Dug Well",W14317,1994,1.35,2.49,2.45,9.03
RJ,Kota,Digod,Sultanpur,25.28972222,76.18111111,Sultanpur,"Dug Well",W14312,1994,1.05,2.03,2.84,2.1
RJ,Kota,Digod,Sultanpur,25.36666667,76.3,Rattanpura,"Dug Well",W14311,1994,18.53,18.78,18.46,19.1
RJ,Kota,Digod,Sultanpur,25.36916667,76.1625,Mandavra,"Dug Well",W14309,1994,5.32,16.57,16.24,16.7
RJ,Kota,Digod,Sultanpur,25.17722222,76.18222222,Gadepan,"Dug Well",W14308,1994,1.49,2.4,2.24,8.57
RJ,Kota,Digod,Sultanpur,25.24166667,76.08888889,Digod1,"Dug Well",W14307,1994,2.08,3,3.06,4.28
RJ,Kota,Pipalda,Itawa,25.49166667,76.38333333,Ganeshganj,"Dug Well",W14304,1994,4.13,6.06,4.27,13.46
RJ,Kota,Pipalda,Itawa,25.67805556,76.475,Khatoli,"Dug Well",W14306,1994,5.68,10.1,9.7,9.99
RJ,Kota,Pipalda,Itawa,25.4375,76.4,Keshavpura,"Dug Well",W14305,1994,2.27,3.23,2.54,4.24
RJ,Kota,Pipalda,Itawa,25.44583333,76.43472222,Ayana,"Dug Well",W14302,1994,1.87,4.35,3.6,5.66
RJ,Kota,Pipalda,Itawa,25.57583333,76.31,Gainta,"Dug Well",W14303,1994,'0,17.75,16.84,19.89
RJ,Kota,Sangod,Sangod,25.01666667,76.2375,Kagania,"Dug Well",W14321,1994,8.2,10.8,11.96,11.06
RJ,Kota,Ladpura,Ladpura,25.02083333,75.7,Borawas,"Dug Well",W14314,1994,1.83,3.28,2.48,5.5
RJ,Kota,"Ramganj Mandi",Khairabad,24.7,76.025,Antralia,"Dug Well",W14320,1994,1.02,1.88,1.9,6.79
RJ,Kota,Digod,Sangod,25.1,76.2,Rajgarh1,"Dug Well",W14310,1994,7.8,7.3,6.78,11.04
RJ,Kota,Ladpura,Ladpura,25.04083333,75.89,Alania,"Dug Well",W14313,1994,1.25,3.05,2.94,6.22
RJ,Kota,Ladpura,Ladpura,24.8875,75.95416667,Nayaroad,"Dug Well",W14318,1994,1.7,8.08,6.77,11.55
