STATE,DISTRICT,TEH_NAME,BLOCK_NAME,LAT,LON,SITE_NAME,SITE_TYPE,WLCODE,YEAR_OBS,MONSOON,POMRB,POMKH,PREMON
GJ,Bharuch,Palej,Vagra,21.7625,72.63888889,Kadodara,"Tube Well",W08375,2018,'0,7.1,'0,'0
GJ,Bharuch,Jambusar,Jambusar,22.02694444,72.63611111,Sindhav,"Dug Well",W27473,2018,'0,'0,'0,7.85
GJ,Bharuch,Palej,Vagra,21.79166667,72.66805556,Nirnavi,"Dug Well",W08377,2018,'0,4.8,'0,'0
GJ,Bharuch,Palej,Vagra,21.79166667,72.66805556,Nirnavi,"Dug Well",W08377,2018,'0,'0,'0,9.06
GJ,Bharuch,Anklesvar,Amod,21.91666667,72.79166667,"Roja tankaria","Dug Well",W08357,2018,'0,6.75,'0,'0
GJ,Bharuch,Anklesvar,Amod,21.91666667,72.79166667,"Roja tankaria","Dug Well",W08357,2018,'0,'0,'0,8.27
GJ,Bharuch,"Bharuch Ina",Hansot,21.59166667,72.825,Utraj,"Dug Well",W08368,2018,'0,3.1,'0,'0
GJ,Bharuch,"Bharuch Ina",Hansot,21.59166667,72.825,Utraj,"Dug Well",W08368,2018,'0,'0,'0,3.73
GJ,Bharuch,Andada,Valia,21.58055556,73.06805556,Kondh,"Dug Well",W08351,2018,'0,4.7,'0,'0
GJ,Bharuch,Andada,Valia,21.58055556,73.06805556,Kondh,"Dug Well",W08351,2018,'0,'0,'0,4.85
GJ,Bharuch,"Bharuch Ina",Hansot,21.58333333,72.80833333,Hansot,"Tube Well",W07792,2018,'0,4.6,'0,'0
GJ,Bharuch,"Bharuch Ina",Hansot,21.58333333,72.80833333,Hansot,"Tube Well",W07792,2018,'0,'0,'0,5.43
GJ,Bharuch,Maktampur,Jhagadia,21.74166667,73.20833333,Simodra,"Dug Well",W08373,2018,'0,3.45,'0,'0
GJ,Bharuch,Maktampur,Jhagadia,21.74166667,73.20833333,Simodra,"Dug Well",W08373,2018,'0,'0,'0,4.85
GJ,Bharuch,Palej,Vagra,21.725,72.75,Bhensli,"Dug Well",W07801,2018,'0,2.25,'0,'0
GJ,Bharuch,Palej,Vagra,21.725,72.75,Bhensli,"Dug Well",W07801,2018,'0,'0,'0,3.4
GJ,Bharuch,Jambusar,Jambusar,22.15833333,72.75833333,Sarod,"Dug Well",W08371,2018,'0,8.05,'0,'0
GJ,Bharuch,Jambusar,Jambusar,22.15833333,72.75833333,Sarod,"Dug Well",W08371,2018,'0,'0,'0,10.74
GJ,Bharuch,Jambusar,Jambusar,21.99166667,72.675,Tankari,"Dug Well",W08372,2018,'0,3.5,'0,'0
GJ,Bharuch,Jambusar,Jambusar,21.99166667,72.675,Tankari,"Dug Well",W08372,2018,'0,'0,'0,5.24
GJ,Bharuch,Jambusar,Jambusar,22.18472222,72.59722222,Kavi-1,"Dug Well",W08370,2018,'0,4.6,'0,'0
GJ,Bharuch,Jambusar,Jambusar,22.18472222,72.59722222,Kavi-1,"Dug Well",W08370,2018,'0,'0,'0,10.71
GJ,Bharuch,Jambusar,Jambusar,22.19361111,72.63944444,Kavi-2,"Dug Well",W20348,2018,'0,6.2,'0,'0
GJ,Bharuch,Jambusar,Jambusar,22.19361111,72.63944444,Kavi-2,"Dug Well",W20348,2018,'0,'0,'0,7.97
GJ,Bharuch,"Bharuch Ina",Hansot,21.45,72.8,Ilav,"Dug Well",W07793,2018,'0,4.65,'0,'0
GJ,Bharuch,"Bharuch Ina",Hansot,21.45,72.8,Ilav,"Dug Well",W07793,2018,'0,'0,'0,8.19
GJ,Bharuch,Andada,Valia,21.6125,73.43527778,Arethi,"Dug Well",W07786,2018,'0,7.05,'0,'0
GJ,Bharuch,Andada,Valia,21.6125,73.43527778,Arethi,"Dug Well",W07786,2018,'0,'0,'0,14.45
GJ,Bharuch,Andada,Valia,21.53333333,73.2875,Mokhdi,"Dug Well",W08353,2018,'0,2.54,'0,'0
GJ,Bharuch,Andada,Valia,21.53333333,73.2875,Mokhdi,"Dug Well",W08353,2018,'0,'0,'0,11.26
GJ,Bharuch,Andada,Valia,21.63333333,73.29583333,Modoliya,"Dug Well",W08352,2018,'0,6.48,'0,'0
GJ,Bharuch,Andada,Valia,21.63333333,73.29583333,Modoliya,"Dug Well",W08352,2018,'0,'0,'0,8.87
GJ,Bharuch,Andada,Valia,21.63333333,73.36666667,Netrang-1,"Dug Well",W08355,2018,'0,'0,'0,6.75
GJ,Bharuch,"Bharuch Ina",Hansot,21.52083333,72.82083333,Raymal,"Dug Well",W08367,2018,'0,1.25,'0,'0
GJ,Bharuch,"Bharuch Ina",Hansot,21.52083333,72.82083333,Raymal,"Dug Well",W08367,2018,'0,'0,'0,1.4
GJ,Bharuch,"Bharuch Ina",Hansot,21.49166667,72.70833333,Jetpur1,"Dug Well",W07794,2018,'0,4.9,'0,'0
GJ,Bharuch,"Bharuch Ina",Hansot,21.49166667,72.70833333,Jetpur1,"Dug Well",W07794,2018,'0,'0,'0,3.82
GJ,Bharuch,"Anklesvar Ina",Anklesvar,21.61666667,72.92361111,Sajod,"Dug Well",W08361,2018,'0,2.2,'0,'0
GJ,Bharuch,"Anklesvar Ina",Anklesvar,21.61666667,72.92361111,Sajod,"Dug Well",W08361,2018,'0,'0,'0,5.2
GJ,Bharuch,"Anklesvar Ina",Anklesvar,21.675,72.975,"Juna borbhata","Dug Well",W07788,2018,'0,7.3,'0,'0
GJ,Bharuch,"Anklesvar Ina",Anklesvar,21.675,72.975,"Juna borbhata","Dug Well",W07788,2018,'0,'0,'0,8.5
GJ,Bharuch,"Anklesvar Ina",Anklesvar,21.5375,72.975,Panoli,"Dug Well",W08360,2018,'0,.55,'0,'0
GJ,Bharuch,"Anklesvar Ina",Anklesvar,21.5375,72.975,Panoli,"Dug Well",W08360,2018,'0,'0,'0,2.9
GJ,Bharuch,"Anklesvar Ina",Anklesvar,21.55555556,72.8875,Motwan,"Dug Well",W08358,2018,'0,1.4,'0,'0
GJ,Bharuch,"Anklesvar Ina",Anklesvar,21.55555556,72.8875,Motwan,"Dug Well",W08358,2018,'0,'0,'0,2.5
GJ,Bharuch,Bharuch,Bharuch,21.68333333,72.81666667,Kaswa,"Dug Well",W08363,2018,'0,'0,'0,8.8
GJ,Bharuch,Bharuch,Bharuch,21.7,73.00416667,Kaprali,"Dug Well",W08362,2018,'0,9.05,'0,'0
GJ,Bharuch,Bharuch,Bharuch,21.7,73.00416667,Kaprali,"Dug Well",W08362,2018,'0,'0,'0,13.35
GJ,Bharuch,Bharuch,Bharuch,21.70777778,72.83055556,Navetha,"Dug Well",W08366,2018,'0,6.7,'0,'0
GJ,Bharuch,Bharuch,Bharuch,21.70777778,72.83055556,Navetha,"Dug Well",W08366,2018,'0,'0,'0,7.16
GJ,Bharuch,Bharuch,Bharuch,21.70833333,73,"Bharuch I","Tube Well",W07789,2018,'0,5.7,'0,'0
GJ,Bharuch,Bharuch,Bharuch,21.70833333,73,"Bharuch I","Tube Well",W07789,2018,'0,'0,'0,6.92
GJ,Bharuch,Valia,Valia,21.59583333,73.16916667,Jokhla,"Dug Well",W27246,2018,'0,1.1,'0,'0
GJ,Bharuch,Valia,Valia,21.59583333,73.16916667,Jokhla,"Dug Well",W27246,2018,'0,'0,'0,2.67
GJ,Bharuch,Bharuch,Bharuch,21.68333333,72.75833333,Mahegam1,"Dug Well",W27300,2018,'0,.9,'0,'0
GJ,Bharuch,Vagra,Vagra,21.675,72.55833333,Luhara,"Dug Well",W27294,2018,'0,.75,'0,'0
GJ,Bharuch,Jambusar,Jambusar,22.12666667,72.66972222,Chhindra,"Dug Well",W27528,2018,'0,8.18,'0,'0
GJ,Bharuch,Jambusar,Jambusar,22.12666667,72.66972222,Chhindra,"Dug Well",W27528,2018,'0,'0,'0,9.98
GJ,Bharuch,Jambusar,Jambusar,22.01861111,72.76305556,Kalak1,"Dug Well",W27464,2018,'0,5.2,'0,'0
GJ,Bharuch,Jambusar,Jambusar,22.01861111,72.76305556,Kalak1,"Dug Well",W27464,2018,'0,'0,'0,7.3
GJ,Bharuch,Jambusar,Jambusar,22.02694444,72.63611111,Sindhav,"Dug Well",W27473,2018,'0,2.03,'0,'0
GJ,Bharuch,Palej,Vagra,21.7625,72.63888889,Kadodara,"Tube Well",W08375,2018,'0,'0,'0,8.27
GJ,Bharuch,Jambusar,Jambusar,22.12666667,72.66972222,Chhindra,"Dug Well",W27528,2017,'0,'0,9.98,'0
GJ,Bharuch,Jambusar,Jambusar,22.01861111,72.76305556,Kalak1,"Dug Well",W27464,2017,3.65,6.92,'0,'0
GJ,Bharuch,Jambusar,Jambusar,22.01861111,72.76305556,Kalak1,"Dug Well",W27464,2017,'0,'0,2.36,'0
GJ,Bharuch,Jambusar,Jambusar,22.02694444,72.63611111,Sindhav,"Dug Well",W27473,2017,'0,4.47,'0,6.56
GJ,Bharuch,Palej,Vagra,21.7625,72.63888889,Kadodara,"Tube Well",W08375,2017,5.8,8.26,'0,9.33
GJ,Bharuch,Palej,Vagra,21.79166667,72.66805556,Nirnavi,"Dug Well",W08377,2017,6.8,8.06,'0,8.69
GJ,Bharuch,Palej,Vagra,21.79166667,72.66805556,Nirnavi,"Dug Well",W08377,2017,'0,'0,3.26,'0
GJ,Bharuch,Anklesvar,Amod,21.91666667,72.79166667,"Roja tankaria","Dug Well",W08357,2017,7.35,4.01,'0,8.17
GJ,Bharuch,Anklesvar,Amod,21.91666667,72.79166667,"Roja tankaria","Dug Well",W08357,2017,'0,'0,9.67,'0
GJ,Bharuch,Jambusar,Jambusar,22.05277778,72.80555556,Jambusar-2,"Tube Well",W07796,2017,6.25,7.63,'0,8.57
GJ,Bharuch,"Bharuch Ina",Hansot,21.59166667,72.825,Utraj,"Dug Well",W08368,2017,4.55,4.86,'0,4.9
GJ,Bharuch,"Bharuch Ina",Hansot,21.59166667,72.825,Utraj,"Dug Well",W08368,2017,'0,'0,3.52,'0
GJ,Bharuch,Andada,Valia,21.58055556,73.06805556,Kondh,"Dug Well",W08351,2017,2.4,3.4,'0,4.92
GJ,Bharuch,Andada,Valia,21.58055556,73.06805556,Kondh,"Dug Well",W08351,2017,'0,'0,2.92,'0
GJ,Bharuch,"Bharuch Ina",Hansot,21.58333333,72.80833333,Hansot,"Tube Well",W07792,2017,'0,'0,'0,3.95
GJ,Bharuch,"Bharuch Ina",Hansot,21.58333333,72.80833333,Hansot,"Tube Well",W07792,2017,'0,'0,3.4,'0
GJ,Bharuch,Maktampur,Jhagadia,21.74166667,73.20833333,Simodra,"Dug Well",W08373,2017,3.95,4.71,'0,6.43
GJ,Bharuch,Palej,Vagra,21.725,72.75,Bhensli,"Dug Well",W07801,2017,2.75,2.38,'0,3.25
GJ,Bharuch,Palej,Vagra,21.725,72.75,Bhensli,"Dug Well",W07801,2017,'0,'0,1.74,'0
GJ,Bharuch,Jambusar,Jambusar,22.15833333,72.75833333,Sarod,"Dug Well",W08371,2017,9.2,10.22,'0,9.92
GJ,Bharuch,Jambusar,Jambusar,22.15833333,72.75833333,Sarod,"Dug Well",W08371,2017,'0,'0,10.2,'0
GJ,Bharuch,Jambusar,Jambusar,21.99166667,72.675,Tankari,"Dug Well",W08372,2017,2.26,3.03,'0,4.25
GJ,Bharuch,Jambusar,Jambusar,21.99166667,72.675,Tankari,"Dug Well",W08372,2017,'0,'0,2.94,'0
GJ,Bharuch,Jambusar,Jambusar,22.18472222,72.59722222,Kavi-1,"Dug Well",W08370,2017,7.03,5.2,'0,5.15
GJ,Bharuch,Jambusar,Jambusar,22.18472222,72.59722222,Kavi-1,"Dug Well",W08370,2017,'0,'0,10.35,'0
GJ,Bharuch,Jambusar,Jambusar,22.19361111,72.63944444,Kavi-2,"Dug Well",W20348,2017,7.11,6.48,'0,7.97
GJ,Bharuch,Jambusar,Jambusar,22.19361111,72.63944444,Kavi-2,"Dug Well",W20348,2017,'0,'0,7,'0
GJ,Bharuch,"Bharuch Ina",Hansot,21.45,72.8,Ilav,"Dug Well",W07793,2017,'0,8.19,'0,8.19
GJ,Bharuch,"Bharuch Ina",Hansot,21.45,72.8,Ilav,"Dug Well",W07793,2017,'0,'0,6.17,'0
GJ,Bharuch,Andada,Valia,21.6125,73.43527778,Arethi,"Dug Well",W07786,2017,3.6,7.18,'0,14.45
GJ,Bharuch,Andada,Valia,21.6125,73.43527778,Arethi,"Dug Well",W07786,2017,'0,'0,6.65,'0
GJ,Bharuch,Andada,Valia,21.53333333,73.2875,Mokhdi,"Dug Well",W08353,2017,4.04,8.58,'0,9.84
GJ,Bharuch,Andada,Valia,21.63333333,73.29583333,Modoliya,"Dug Well",W08352,2017,'0,8.87,'0,8.87
GJ,Bharuch,Andada,Valia,21.63333333,73.36666667,Netrang-1,"Dug Well",W08355,2017,7.3,4.95,'0,8.96
GJ,Bharuch,Andada,Valia,21.63333333,73.36666667,Netrang-1,"Dug Well",W08355,2017,'0,'0,2.46,'0
GJ,Bharuch,"Bharuch Ina",Hansot,21.52083333,72.82083333,Raymal,"Dug Well",W08367,2017,2.24,1.48,'0,1.26
GJ,Bharuch,"Bharuch Ina",Hansot,21.52083333,72.82083333,Raymal,"Dug Well",W08367,2017,'0,'0,1.34,'0
GJ,Bharuch,"Bharuch Ina",Hansot,21.49166667,72.70833333,Jetpur1,"Dug Well",W07794,2017,.96,2.42,'0,2.55
GJ,Bharuch,"Anklesvar Ina",Anklesvar,21.61666667,72.92361111,Sajod,"Dug Well",W08361,2017,4.4,4.45,'0,5.01
GJ,Bharuch,"Anklesvar Ina",Anklesvar,21.61666667,72.92361111,Sajod,"Dug Well",W08361,2017,'0,'0,4.12,'0
GJ,Bharuch,"Anklesvar Ina",Anklesvar,21.675,72.975,"Juna borbhata","Dug Well",W07788,2017,4,8.5,'0,8.5
GJ,Bharuch,"Anklesvar Ina",Anklesvar,21.675,72.975,"Juna borbhata","Dug Well",W07788,2017,'0,'0,4.12,'0
GJ,Bharuch,"Anklesvar Ina",Anklesvar,21.68333333,73.01944444,Mulad,"Dug Well",W08359,2017,7.97,1.08,'0,.13
GJ,Bharuch,"Anklesvar Ina",Anklesvar,21.68333333,73.01944444,Mulad,"Dug Well",W08359,2017,'0,'0,.32,'0
GJ,Bharuch,"Anklesvar Ina",Anklesvar,21.5375,72.975,Panoli,"Dug Well",W08360,2017,1,1.76,'0,1.44
GJ,Bharuch,"Anklesvar Ina",Anklesvar,21.5375,72.975,Panoli,"Dug Well",W08360,2017,'0,'0,1.62,'0
GJ,Bharuch,"Anklesvar Ina",Anklesvar,21.55555556,72.8875,Motwan,"Dug Well",W08358,2017,1.72,2.33,'0,2.06
GJ,Bharuch,"Anklesvar Ina",Anklesvar,21.55555556,72.8875,Motwan,"Dug Well",W08358,2017,'0,'0,2.08,'0
GJ,Bharuch,Bharuch,Bharuch,21.68333333,72.81666667,Kaswa,"Dug Well",W08363,2017,6.75,7.23,'0,7.94
GJ,Bharuch,Bharuch,Bharuch,21.7,73.00416667,Kaprali,"Dug Well",W08362,2017,3.55,4.38,'0,6.14
GJ,Bharuch,Bharuch,Bharuch,21.7,73.00416667,Kaprali,"Dug Well",W08362,2017,'0,'0,6.41,'0
GJ,Bharuch,Bharuch,Bharuch,21.70777778,72.83055556,Navetha,"Dug Well",W08366,2017,6.1,8.13,'0,6.65
GJ,Bharuch,Bharuch,Bharuch,21.70777778,72.83055556,Navetha,"Dug Well",W08366,2017,'0,'0,3.46,'0
GJ,Bharuch,Bharuch,Bharuch,21.70833333,73,"Bharuch I","Tube Well",W07789,2017,5.7,6.65,'0,8.04
GJ,Bharuch,Bharuch,Bharuch,21.70833333,73,"Bharuch I","Tube Well",W07789,2017,'0,'0,4.74,'0
GJ,Bharuch,Valia,Valia,21.59583333,73.16916667,Jokhla,"Dug Well",W27246,2017,'0,1.52,'0,2.77
GJ,Bharuch,Valia,Valia,21.64166667,73.36666667,Netrang(Rep)_Pz,"Bore Well",W27277,2017,4.1,7.68,'0,9.79
GJ,Bharuch,Valia,Valia,21.64166667,73.36666667,Netrang(Rep)_Pz,"Bore Well",W27277,2017,'0,'0,4.82,'0
GJ,Bharuch,Hansot,Hansot,21.47277778,72.80972222,Sahol,"Dug Well",W27171,2017,.65,2.57,'0,3.82
GJ,Bharuch,Jhagadia,Jhagadia,21.68833333,73.38388889,Mungaj,"Dug Well",W27303,2017,.35,'0,'0,'0
GJ,Bharuch,Jhagadia,Jhagadia,21.68833333,73.38388889,Mungaj,"Dug Well",W27303,2017,'0,'0,3.27,'0
GJ,Bharuch,Bharuch,Bharuch,21.68333333,72.75833333,Mahegam1,"Dug Well",W27300,2017,5.45,'0,'0,7.3
GJ,Bharuch,Bharuch,Bharuch,21.68333333,72.75833333,Mahegam1,"Dug Well",W27300,2017,'0,'0,1.21,'0
GJ,Bharuch,Bharuch,Bharuch,21.70833333,73,"Bharuch Ii","Tube Well",W27316,2017,8.18,6.7,'0,9.08
GJ,Bharuch,Vagra,Vagra,21.675,72.55833333,Luhara,"Dug Well",W27294,2017,3.2,2.01,'0,2.08
GJ,Bharuch,Vagra,Vagra,21.675,72.55833333,Luhara,"Dug Well",W27294,2017,'0,'0,.86,'0
GJ,Bharuch,Jambusar,Jambusar,22.05,72.8,Jambusar2,"Dug Well",W27483,2017,'0,'0,'0,8.2
GJ,Bharuch,Jambusar,Jambusar,22.12666667,72.66972222,Chhindra,"Dug Well",W27528,2017,7.18,8.68,'0,9.12
GJ,Bharuch,Palej,Vagra,21.7625,72.63888889,Kadodara,"Tube Well",W08375,2016,6.3,'0,7.98,7.83
GJ,Bharuch,Jambusar,Jambusar,22.02694444,72.63611111,Sindhav,"Dug Well",W27473,2016,4.74,5.95,4.19,7.51
GJ,Bharuch,Anklesvar,Amod,21.91666667,72.79166667,"Roja tankaria","Dug Well",W08357,2016,10.23,'0,5.84,8.73
GJ,Bharuch,Jambusar,Jambusar,22.05277778,72.80555556,Jambusar-2,"Tube Well",W07796,2016,7.05,'0,7.11,5.7
GJ,Bharuch,"Bharuch Ina",Hansot,21.59166667,72.825,Utraj,"Dug Well",W08368,2016,2.53,'0,6.45,5.73
GJ,Bharuch,Andada,Valia,21.58055556,73.06805556,Kondh,"Dug Well",W08351,2016,6.99,'0,2.78,4.94
GJ,Bharuch,"Bharuch Ina",Hansot,21.58333333,72.80833333,Hansot,"Tube Well",W07792,2016,3.7,'0,'0,'0
GJ,Bharuch,Maktampur,Jhagadia,21.74166667,73.20833333,Simodra,"Dug Well",W08373,2016,3.03,'0,4.07,7.97
GJ,Bharuch,Palej,Vagra,21.725,72.75,Bhensli,"Dug Well",W07801,2016,2.9,'0,2.98,3.58
GJ,Bharuch,Jambusar,Jambusar,22.05833333,72.59166667,Bhadkodra,"Dug Well",W07795,2016,'0,'0,'0,5.5
GJ,Bharuch,Jambusar,Jambusar,22.15833333,72.75833333,Sarod,"Dug Well",W08371,2016,'0,'0,9.45,9.26
GJ,Bharuch,Jambusar,Jambusar,21.99166667,72.675,Tankari,"Dug Well",W08372,2016,5.33,'0,3.15,6.01
GJ,Bharuch,Jambusar,Jambusar,22.18472222,72.59722222,Kavi-1,"Dug Well",W08370,2016,5.45,'0,9.96,7.71
GJ,Bharuch,Jambusar,Jambusar,22.19361111,72.63944444,Kavi-2,"Dug Well",W20348,2016,7.23,'0,7.05,7.72
GJ,Bharuch,"Bharuch Ina",Hansot,21.45,72.8,Ilav,"Dug Well",W07793,2016,1.27,'0,'0,8.19
GJ,Bharuch,Andada,Valia,21.6125,73.43527778,Arethi,"Dug Well",W07786,2016,7.22,'0,6.95,49.46
GJ,Bharuch,Andada,Valia,21.52916667,73.35416667,Kavachiya,"Dug Well",W08350,2016,'0,'0,'0,7.3
GJ,Bharuch,Andada,Valia,21.53333333,73.2875,Mokhdi,"Dug Well",W08353,2016,4.47,'0,7.7,9.84
GJ,Bharuch,Andada,Valia,21.63333333,73.29583333,Modoliya,"Dug Well",W08352,2016,3.77,'0,'0,8.87
GJ,Bharuch,Andada,Valia,21.63333333,73.36666667,Netrang-1,"Dug Well",W08355,2016,7.65,'0,3.34,8.96
GJ,Bharuch,"Bharuch Ina",Hansot,21.52083333,72.82083333,Raymal,"Dug Well",W08367,2016,1.36,'0,2.77,1.65
GJ,Bharuch,"Bharuch Ina",Hansot,21.49166667,72.70833333,Jetpur1,"Dug Well",W07794,2016,1.23,'0,2.35,3.54
GJ,Bharuch,"Anklesvar Ina",Anklesvar,21.61666667,72.92361111,Sajod,"Dug Well",W08361,2016,4.67,'0,4.2,6.32
GJ,Bharuch,"Anklesvar Ina",Anklesvar,21.675,72.975,"Juna borbhata","Dug Well",W07788,2016,2.62,'0,6.25,8.5
GJ,Bharuch,"Anklesvar Ina",Anklesvar,21.68333333,73.01944444,Mulad,"Dug Well",W08359,2016,5.1,'0,1.85,'0
GJ,Bharuch,"Anklesvar Ina",Anklesvar,21.5375,72.975,Panoli,"Dug Well",W08360,2016,.97,'0,1.27,2.86
GJ,Bharuch,"Anklesvar Ina",Anklesvar,21.55555556,72.8875,Motwan,"Dug Well",W08358,2016,1.8,'0,1.97,2.9
GJ,Bharuch,Bharuch,Bharuch,21.68333333,72.81666667,Kaswa,"Dug Well",W08363,2016,7.16,'0,7.2,7.2
GJ,Bharuch,Bharuch,Bharuch,21.7,73.00416667,Kaprali,"Dug Well",W08362,2016,3.7,'0,3.75,3.97
GJ,Bharuch,Bharuch,Bharuch,21.70777778,72.83055556,Navetha,"Dug Well",W08366,2016,6,'0,6.05,6.4
GJ,Bharuch,Bharuch,Bharuch,21.70833333,73,"Bharuch I","Tube Well",W07789,2016,5.6,'0,6.3,7.02
GJ,Bharuch,Valia,Valia,21.5725,73.15527778,Valia1,"Dug Well",W27236,2016,2.98,3.65,'0,4.91
GJ,Bharuch,Valia,Valia,21.59583333,73.16916667,Jokhla,"Dug Well",W27246,2016,1.46,2.9,.25,3.9
GJ,Bharuch,Valia,Valia,21.64166667,73.36666667,Netrang(Rep)_Pz,"Bore Well",W27277,2016,5.3,8.92,6.68,8.25
GJ,Bharuch,Hansot,Hansot,21.47277778,72.80972222,Sahol,"Dug Well",W27171,2016,1.46,3.27,2.38,3.55
GJ,Bharuch,Jhagadia,Jhagadia,21.68833333,73.38388889,Mungaj,"Dug Well",W27303,2016,1.15,7.03,'0,7.31
GJ,Bharuch,Bharuch,Bharuch,21.68333333,72.75833333,Mahegam1,"Dug Well",W27300,2016,3.62,6.89,'0,6.5
GJ,Bharuch,Bharuch,Bharuch,21.70833333,73,"Bharuch Ii","Tube Well",W27316,2016,16.85,7.01,4.25,16.98
GJ,Bharuch,Vagra,Vagra,21.675,72.55833333,Luhara,"Dug Well",W27294,2016,3.4,2.75,1.56,2.82
GJ,Bharuch,Jambusar,Jambusar,22.05,72.8,Jambusar2,"Dug Well",W27483,2016,'0,'0,'0,9.6
GJ,Bharuch,Jambusar,Jambusar,22.12666667,72.66972222,Chhindra,"Dug Well",W27528,2016,8.03,5.6,8.2,10.42
GJ,Bharuch,Jambusar,Jambusar,22.01861111,72.76305556,Kalak1,"Dug Well",W27464,2016,2.53,6.88,6.46,8
GJ,Bharuch,Palej,Vagra,21.79166667,72.66805556,Nirnavi,"Dug Well",W08377,2016,6.79,'0,7.18,8.98
GJ,Bharuch,Palej,Vagra,21.7625,72.63888889,Kadodara,"Tube Well",W08375,2015,5.7,5.42,7.73,5.5
GJ,Bharuch,Jambusar,Jambusar,22.02694444,72.63611111,Sindhav,"Dug Well",W27473,2015,'0,6.97,9.09,25.85
GJ,Bharuch,Anklesvar,Amod,21.91666667,72.79166667,"Roja tankaria","Dug Well",W08357,2015,9.18,10.06,7.34,4.51
GJ,Bharuch,Jambusar,Jambusar,22.05277778,72.80555556,Jambusar-2,"Tube Well",W07796,2015,'0,6.09,6.11,5.87
GJ,Bharuch,"Bharuch Ina",Hansot,21.59166667,72.825,Utraj,"Dug Well",W08368,2015,5.86,4.23,3.84,19.73
GJ,Bharuch,Andada,Valia,21.58055556,73.06805556,Kondh,"Dug Well",W08351,2015,3.36,4.53,3.26,2.76
GJ,Bharuch,"Bharuch Ina",Hansot,21.58333333,72.80833333,Hansot,"Tube Well",W07792,2015,'0,3.1,'0,3.16
GJ,Bharuch,Maktampur,Jhagadia,21.74166667,73.20833333,Simodra,"Dug Well",W08373,2015,'0,6.06,4.97,5.44
GJ,Bharuch,Palej,Vagra,21.725,72.75,Bhensli,"Dug Well",W07801,2015,2.76,.96,1.82,7.22
GJ,Bharuch,Jambusar,Jambusar,22.15833333,72.75833333,Sarod,"Dug Well",W08371,2015,16.56,9.28,17.93,18.14
GJ,Bharuch,Jambusar,Jambusar,21.99166667,72.675,Tankari,"Dug Well",W08372,2015,4.77,3.75,3.6,20.28
GJ,Bharuch,Jambusar,Jambusar,22.18472222,72.59722222,Kavi-1,"Dug Well",W08370,2015,8.03,12.16,10.38,7.22
GJ,Bharuch,Jambusar,Jambusar,22.19361111,72.63944444,Kavi-2,"Dug Well",W20348,2015,7.39,7.21,7.3,5.09
GJ,Bharuch,"Bharuch Ina",Hansot,21.45,72.8,Ilav,"Dug Well",W07793,2015,7.46,4.69,8.19,8.19
GJ,Bharuch,Andada,Valia,21.6125,73.43527778,Arethi,"Dug Well",W07786,2015,5.12,7.27,6.17,49.46
GJ,Bharuch,Andada,Valia,21.52916667,73.35416667,Kavachiya,"Dug Well",W08350,2015,3.39,5.04,3.92,7.3
GJ,Bharuch,Andada,Valia,21.53333333,73.2875,Mokhdi,"Dug Well",W08353,2015,'0,6.04,6.22,9.84
GJ,Bharuch,Andada,Valia,21.63333333,73.29583333,Modoliya,"Dug Well",W08352,2015,4.15,'0,8.87,8.87
GJ,Bharuch,Andada,Valia,21.63333333,73.36666667,Netrang-1,"Dug Well",W08355,2015,3.82,4.36,3.23,8.96
GJ,Bharuch,"Bharuch Ina",Hansot,21.52083333,72.82083333,Raymal,"Dug Well",W08367,2015,1.4,2.2,1.04,9.1
GJ,Bharuch,"Bharuch Ina",Hansot,21.49166667,72.70833333,Jetpur1,"Dug Well",W07794,2015,3.56,1.01,4.56,9.88
GJ,Bharuch,"Anklesvar Ina",Anklesvar,21.61666667,72.92361111,Sajod,"Dug Well",W08361,2015,5.17,5.34,4.06,9.13
GJ,Bharuch,"Anklesvar Ina",Anklesvar,21.675,72.975,"Juna borbhata","Dug Well",W07788,2015,6.16,8.3,5.92,1.57
GJ,Bharuch,"Anklesvar Ina",Anklesvar,21.68333333,73.01944444,Mulad,"Dug Well",W08359,2015,6.44,10.43,7.02,13.32
GJ,Bharuch,"Anklesvar Ina",Anklesvar,21.5375,72.975,Panoli,"Dug Well",W08360,2015,'0,3.07,1.37,8.7
GJ,Bharuch,"Anklesvar Ina",Anklesvar,21.55555556,72.8875,Motwan,"Dug Well",W08358,2015,2.68,3.62,2.08,5.81
GJ,Bharuch,Bharuch,Bharuch,21.68333333,72.81666667,Kaswa,"Dug Well",W08363,2015,7.63,3.5,4.29,6.58
GJ,Bharuch,Bharuch,Bharuch,21.7,73.00416667,Kaprali,"Dug Well",W08362,2015,2.98,2.88,2.85,18.2
GJ,Bharuch,Bharuch,Bharuch,21.70777778,72.83055556,Navetha,"Dug Well",W08366,2015,6.4,6.75,5.53,5.01
GJ,Bharuch,Bharuch,Bharuch,21.70833333,73,"Bharuch I","Tube Well",W07789,2015,5.97,16.35,6.02,17
GJ,Bharuch,Valia,Valia,21.5725,73.15527778,Valia1,"Dug Well",W27236,2015,'0,2.9,2.96,10.82
GJ,Bharuch,Valia,Valia,21.59583333,73.16916667,Jokhla,"Dug Well",W27246,2015,'0,'0,2.35,5.5
GJ,Bharuch,Valia,Valia,21.64166667,73.36666667,Netrang(Rep)_Pz,"Bore Well",W27277,2015,3.58,8.7,6.35,10.75
GJ,Bharuch,Hansot,Hansot,21.47277778,72.80972222,Sahol,"Dug Well",W27171,2015,'0,4.14,1.69,19.5
GJ,Bharuch,Jhagadia,Jhagadia,21.68833333,73.38388889,Mungaj,"Dug Well",W27303,2015,3.83,3.95,'0,'0
GJ,Bharuch,Bharuch,Bharuch,21.68333333,72.75833333,Mahegam1,"Dug Well",W27300,2015,6.47,5.27,'0,'0
GJ,Bharuch,Bharuch,Bharuch,21.70833333,73,"Bharuch Ii","Tube Well",W27316,2015,'0,5.9,6,6.55
GJ,Bharuch,Vagra,Vagra,21.675,72.55833333,Luhara,"Dug Well",W27294,2015,3.36,3.77,2.6,11.57
GJ,Bharuch,Jambusar,Jambusar,22.05,72.8,Jambusar2,"Dug Well",W27483,2015,'0,'0,'0,9.6
GJ,Bharuch,Jambusar,Jambusar,22.12666667,72.66972222,Chhindra,"Dug Well",W27528,2015,'0,13.55,9.83,10.07
GJ,Bharuch,Jambusar,Jambusar,22.01861111,72.76305556,Kalak1,"Dug Well",W27464,2015,'0,4.42,'0,7.32
GJ,Bharuch,Palej,Vagra,21.79166667,72.66805556,Nirnavi,"Dug Well",W08377,2015,8.56,8.03,8.15,26.65
GJ,Bharuch,Palej,Vagra,21.7625,72.63888889,Kadodara,"Tube Well",W08375,2014,5.6,7.5,8.2,7.93
GJ,Bharuch,Jambusar,Jambusar,22.02694444,72.63611111,Sindhav,"Dug Well",W27473,2014,'0,'0,8.13,'0
GJ,Bharuch,Anklesvar,Amod,21.91666667,72.79166667,"Roja tankaria","Dug Well",W08357,2014,7.39,7.68,5.43,8.71
GJ,Bharuch,Jambusar,Jambusar,22.05277778,72.80555556,Jambusar-2,"Tube Well",W07796,2014,'0,5.47,5.15,5.75
GJ,Bharuch,"Bharuch Ina",Hansot,21.59166667,72.825,Utraj,"Dug Well",W08368,2014,4.73,3.15,4.52,4.6
GJ,Bharuch,Andada,Valia,21.58055556,73.06805556,Kondh,"Dug Well",W08351,2014,1.5,3.3,2.93,5.07
GJ,Bharuch,"Bharuch Ina",Hansot,21.58333333,72.80833333,Hansot,"Tube Well",W07792,2014,2.38,2.7,'0,4.92
GJ,Bharuch,Maktampur,Jhagadia,21.74166667,73.20833333,Simodra,"Dug Well",W08373,2014,1.7,4.75,3.77,7.57
GJ,Bharuch,Palej,Vagra,21.725,72.75,Bhensli,"Dug Well",W07801,2014,'0,.55,'0,1.34
GJ,Bharuch,Jambusar,Jambusar,22.15833333,72.75833333,Sarod,"Dug Well",W08371,2014,7.82,4.6,4,8.82
GJ,Bharuch,Jambusar,Jambusar,21.99166667,72.675,Tankari,"Dug Well",W08372,2014,2.4,2.35,4.3,4.7
GJ,Bharuch,Jambusar,Jambusar,22.18472222,72.59722222,Kavi-1,"Dug Well",W08370,2014,4.36,5.87,7.38,5.135
GJ,Bharuch,Jambusar,Jambusar,22.19361111,72.63944444,Kavi-2,"Dug Well",W20348,2014,5.37,5.82,4.22,6.5
GJ,Bharuch,"Bharuch Ina",Hansot,21.45,72.8,Ilav,"Dug Well",W07793,2014,'0,'0,5.93,8.19
GJ,Bharuch,Andada,Valia,21.6125,73.43527778,Arethi,"Dug Well",W07786,2014,2.75,5.07,6.5,7.65
GJ,Bharuch,Andada,Valia,21.52916667,73.35416667,Kavachiya,"Dug Well",W08350,2014,1.4,3.75,3.52,5.73
GJ,Bharuch,Andada,Valia,21.53333333,73.2875,Mokhdi,"Dug Well",W08353,2014,'0,4.49,4.66,8.86
GJ,Bharuch,Andada,Valia,21.63333333,73.29583333,Modoliya,"Dug Well",W08352,2014,'0,'0,'0,8.87
GJ,Bharuch,Andada,Valia,21.63333333,73.36666667,Netrang-1,"Dug Well",W08355,2014,'0,3.28,2.42,6.55
GJ,Bharuch,"Bharuch Ina",Hansot,21.52083333,72.82083333,Raymal,"Dug Well",W08367,2014,.84,1.4,.48,1.25
GJ,Bharuch,"Bharuch Ina",Hansot,21.49166667,72.70833333,Jetpur1,"Dug Well",W07794,2014,'0,.45,2.02,3.41
GJ,Bharuch,"Anklesvar Ina",Anklesvar,21.61666667,72.92361111,Sajod,"Dug Well",W08361,2014,3.02,4.08,3.88,4.84
GJ,Bharuch,"Anklesvar Ina",Anklesvar,21.675,72.975,"Juna borbhata","Dug Well",W07788,2014,3.06,5.9,5.02,6.12
GJ,Bharuch,"Anklesvar Ina",Anklesvar,21.68333333,73.01944444,Mulad,"Dug Well",W08359,2014,5.51,7.3,5.48,10.6
GJ,Bharuch,"Anklesvar Ina",Anklesvar,21.5375,72.975,Panoli,"Dug Well",W08360,2014,.03,1.65,1.54,2.9
GJ,Bharuch,"Anklesvar Ina",Anklesvar,21.55555556,72.8875,Motwan,"Dug Well",W08358,2014,1.6,2.52,1.89,2.41
GJ,Bharuch,Bharuch,Bharuch,21.68333333,72.81666667,Kaswa,"Dug Well",W08363,2014,1.66,2.9,2.61,5.03
GJ,Bharuch,Bharuch,Bharuch,21.7,73.00416667,Kaprali,"Dug Well",W08362,2014,1.84,2.55,2.05,3.93
GJ,Bharuch,Bharuch,Bharuch,21.70777778,72.83055556,Navetha,"Dug Well",W08366,2014,3.775,4.7,4.56,5.08
GJ,Bharuch,Bharuch,Bharuch,21.70833333,73,"Bharuch I","Tube Well",W07789,2014,13.84,14.48,5,10.635
GJ,Bharuch,Valia,Valia,21.59583333,73.16916667,Jokhla,"Dug Well",W27246,2014,'0,'0,.12,'0
GJ,Bharuch,Valia,Valia,21.64166667,73.36666667,Netrang(Rep)_Pz,"Bore Well",W27277,2014,2.91,6.42,5.9,8.12
GJ,Bharuch,Hansot,Hansot,21.47277778,72.80972222,Sahol,"Dug Well",W27171,2014,'0,'0,1.42,'0
GJ,Bharuch,Bharuch,Bharuch,21.68333333,72.75833333,Mahegam1,"Dug Well",W27300,2014,1.64,3.75,3.97,5.57
GJ,Bharuch,Bharuch,Bharuch,21.70833333,73,"Bharuch Ii","Tube Well",W27316,2014,4.33,5.48,4.75,16.56
GJ,Bharuch,Vagra,Vagra,21.675,72.55833333,Luhara,"Dug Well",W27294,2014,2.46,2.55,2.58,3.42
GJ,Bharuch,Jambusar,Jambusar,22.05,72.8,Jambusar2,"Dug Well",W27483,2014,'0,3.13,'0,5.42
GJ,Bharuch,Jambusar,Jambusar,22.01861111,72.76305556,Kalak1,"Dug Well",W27464,2014,'0,'0,5.95,'0
GJ,Bharuch,Palej,Vagra,21.79166667,72.66805556,Nirnavi,"Dug Well",W08377,2014,1.15,6.15,7.11,10.68
GJ,Bharuch,Palej,Vagra,21.7625,72.63888889,Kadodara,"Tube Well",W08375,2013,'0,8.73,'0,9.1
GJ,Bharuch,Jambusar,Jambusar,22.05,72.8,Jambusar2,"Dug Well",W27483,2013,'0,5.28,3.1,7.55
GJ,Bharuch,Anklesvar,Amod,21.91666667,72.79166667,"Roja tankaria","Dug Well",W08357,2013,'0,8.17,7.55,8.73
GJ,Bharuch,Jambusar,Jambusar,22.05277778,72.80555556,Jambusar-2,"Tube Well",W07796,2013,'0,6.17,5.32,6.9
GJ,Bharuch,"Bharuch Ina",Hansot,21.59166667,72.825,Utraj,"Dug Well",W08368,2013,'0,7.3,3.07,8.17
GJ,Bharuch,Andada,Valia,21.58055556,73.06805556,Kondh,"Dug Well",W08351,2013,'0,4.27,3.32,4.7
GJ,Bharuch,"Bharuch Ina",Hansot,21.58333333,72.80833333,Hansot,"Tube Well",W07792,2013,'0,4.06,2.63,6.4
GJ,Bharuch,Maktampur,Jhagadia,21.74166667,73.20833333,Simodra,"Dug Well",W08373,2013,'0,7.06,4.7,7.23
GJ,Bharuch,Palej,Vagra,21.725,72.75,Bhensli,"Dug Well",W07801,2013,'0,3.8,.51,3.7
GJ,Bharuch,Jambusar,Jambusar,22.05833333,72.59166667,Bhadkodra,"Dug Well",W07795,2013,'0,'0,'0,7
GJ,Bharuch,Jambusar,Jambusar,22.15833333,72.75833333,Sarod,"Dug Well",W08371,2013,'0,9.28,7.5,9.55
GJ,Bharuch,Jambusar,Jambusar,21.99166667,72.675,Tankari,"Dug Well",W08372,2013,'0,5.29,2.26,6.6
GJ,Bharuch,Jambusar,Jambusar,22.18472222,72.59722222,Kavi-1,"Dug Well",W08370,2013,'0,8.55,9.92,7.96
GJ,Bharuch,Jambusar,Jambusar,22.19361111,72.63944444,Kavi-2,"Dug Well",W20348,2013,'0,7.13,5.7,7.33
GJ,Bharuch,"Bharuch Ina",Hansot,21.45,72.8,Ilav,"Dug Well",W07793,2013,'0,7.91,8.19,8.19
GJ,Bharuch,Andada,Valia,21.6125,73.43527778,Arethi,"Dug Well",W07786,2013,'0,5.98,5.3,7.82
GJ,Bharuch,Andada,Valia,21.52916667,73.35416667,Kavachiya,"Dug Well",W08350,2013,'0,4.58,1.43,7.3
GJ,Bharuch,Andada,Valia,21.53333333,73.2875,Mokhdi,"Dug Well",W08353,2013,'0,7.28,4.45,9.84
GJ,Bharuch,Andada,Valia,21.63333333,73.29583333,Modoliya,"Dug Well",W08352,2013,'0,8.87,-.72,8.87
GJ,Bharuch,Andada,Valia,21.63333333,73.36666667,Netrang-1,"Dug Well",W08355,2013,'0,5.5,3.22,6.75
GJ,Bharuch,"Bharuch Ina",Hansot,21.52083333,72.82083333,Raymal,"Dug Well",W08367,2013,'0,1.72,1.36,2.78
GJ,Bharuch,"Bharuch Ina",Hansot,21.49166667,72.70833333,Jetpur1,"Dug Well",W07794,2013,'0,3.05,.42,7.75
GJ,Bharuch,"Anklesvar Ina",Anklesvar,21.61666667,72.92361111,Sajod,"Dug Well",W08361,2013,'0,4.63,4,5.45
GJ,Bharuch,"Anklesvar Ina",Anklesvar,21.675,72.975,"Juna borbhata","Dug Well",W07788,2013,'0,6.2,6.82,6.21
GJ,Bharuch,"Anklesvar Ina",Anklesvar,21.68333333,73.01944444,Mulad,"Dug Well",W08359,2013,'0,7.56,7.5,8.32
GJ,Bharuch,"Anklesvar Ina",Anklesvar,21.5375,72.975,Panoli,"Dug Well",W08360,2013,'0,2.05,1.58,2.82
GJ,Bharuch,"Anklesvar Ina",Anklesvar,21.55555556,72.8875,Motwan,"Dug Well",W08358,2013,'0,3.13,2.4,2.31
GJ,Bharuch,Bharuch,Bharuch,21.68333333,72.81666667,Kaswa,"Dug Well",W08363,2013,'0,5.4,2.83,7.45
GJ,Bharuch,Bharuch,Bharuch,21.7,73.00416667,Kaprali,"Dug Well",W08362,2013,'0,4.45,2.41,5.56
GJ,Bharuch,Bharuch,Bharuch,21.70777778,72.83055556,Navetha,"Dug Well",W08366,2013,'0,'0,4.8,7.22
GJ,Bharuch,Bharuch,Bharuch,21.70833333,73,"Bharuch I","Tube Well",W07789,2013,'0,17.25,14.38,'0
GJ,Bharuch,Valia,Valia,21.64166667,73.36666667,Netrang(Rep)_Pz,"Bore Well",W27277,2013,'0,8.42,6.3,10.6
GJ,Bharuch,Bharuch,Bharuch,21.68333333,72.75833333,Mahegam1,"Dug Well",W27300,2013,'0,1.87,3.73,1.56
GJ,Bharuch,Bharuch,Bharuch,21.70833333,73,"Bharuch Ii","Tube Well",W27316,2013,'0,10.4,5.37,10.35
GJ,Bharuch,Vagra,Vagra,21.675,72.55833333,Luhara,"Dug Well",W27294,2013,'0,5.25,2.6,5.5
GJ,Bharuch,Palej,Vagra,21.79166667,72.66805556,Nirnavi,"Dug Well",W08377,2013,'0,9.01,6.1,10.69
GJ,Bharuch,Palej,Vagra,21.7625,72.63888889,Kadodara,"Tube Well",W08375,2012,'0,7.9,5.08,9.14
GJ,Bharuch,Jambusar,Jambusar,22.05,72.8,Jambusar2,"Dug Well",W27483,2012,'0,'0,5.88,'0
GJ,Bharuch,Anklesvar,Amod,21.91666667,72.79166667,"Roja tankaria","Dug Well",W08357,2012,'0,8.05,9.37,10.43
GJ,Bharuch,Jambusar,Jambusar,22.05277778,72.80555556,Jambusar-2,"Tube Well",W07796,2012,'0,5.75,5.7,5.25
GJ,Bharuch,"Bharuch Ina",Hansot,21.59166667,72.825,Utraj,"Dug Well",W08368,2012,'0,3.5,2.53,6.31
GJ,Bharuch,Andada,Valia,21.58055556,73.06805556,Kondh,"Dug Well",W08351,2012,'0,3.8,3.35,4.63
GJ,Bharuch,"Bharuch Ina",Hansot,21.58333333,72.80833333,Hansot,"Tube Well",W07792,2012,'0,4.25,2.83,4.33
GJ,Bharuch,Maktampur,Jhagadia,21.74166667,73.20833333,Simodra,"Dug Well",W08373,2012,'0,4.5,5.03,6.49
GJ,Bharuch,Palej,Vagra,21.725,72.75,Bhensli,"Dug Well",W07801,2012,'0,4,2.63,3.45
GJ,Bharuch,Jambusar,Jambusar,22.05833333,72.59166667,Bhadkodra,"Dug Well",W07795,2012,'0,5.65,3.66,6.5
GJ,Bharuch,Jambusar,Jambusar,22.15833333,72.75833333,Sarod,"Dug Well",W08371,2012,'0,8.32,8.45,12.56
GJ,Bharuch,Jambusar,Jambusar,21.99166667,72.675,Tankari,"Dug Well",W08372,2012,'0,3.42,2.23,5.59
GJ,Bharuch,Jambusar,Jambusar,22.18472222,72.59722222,Kavi-1,"Dug Well",W08370,2012,'0,8.95,5.21,7.62
GJ,Bharuch,Jambusar,Jambusar,22.19361111,72.63944444,Kavi-2,"Dug Well",W20348,2012,'0,6.2,5.66,6.68
GJ,Bharuch,"Bharuch Ina",Hansot,21.45,72.8,Ilav,"Dug Well",W07793,2012,'0,4.55,7.6,8.19
GJ,Bharuch,Andada,Valia,21.6125,73.43527778,Arethi,"Dug Well",W07786,2012,'0,5.9,5.8,7.53
GJ,Bharuch,Andada,Valia,21.52916667,73.35416667,Kavachiya,"Dug Well",W08350,2012,'0,3.75,2.44,5.99
GJ,Bharuch,Andada,Valia,21.53333333,73.2875,Mokhdi,"Dug Well",W08353,2012,'0,5.94,6.49,8.91
GJ,Bharuch,Andada,Valia,21.63333333,73.29583333,Modoliya,"Dug Well",W08352,2012,'0,8.87,3.77,8.87
GJ,Bharuch,Andada,Valia,21.63333333,73.36666667,Netrang-1,"Dug Well",W08355,2012,'0,4.8,4.2,6.25
GJ,Bharuch,"Bharuch Ina",Hansot,21.52083333,72.82083333,Raymal,"Dug Well",W08367,2012,'0,1.4,1.41,2.85
GJ,Bharuch,"Bharuch Ina",Hansot,21.49166667,72.70833333,Jetpur1,"Dug Well",W07794,2012,'0,2.73,.37,3.13
GJ,Bharuch,"Anklesvar Ina",Anklesvar,21.61666667,72.92361111,Sajod,"Dug Well",W08361,2012,'0,4.15,3.82,1.37
GJ,Bharuch,"Anklesvar Ina",Anklesvar,21.675,72.975,"Juna borbhata","Dug Well",W07788,2012,'0,6.07,4.19,8.5
GJ,Bharuch,"Anklesvar Ina",Anklesvar,21.68333333,73.01944444,Mulad,"Dug Well",W08359,2012,'0,7.2,6.93,7.76
GJ,Bharuch,"Anklesvar Ina",Anklesvar,21.5375,72.975,Panoli,"Dug Well",W08360,2012,'0,2.15,3.08,3.14
GJ,Bharuch,"Anklesvar Ina",Anklesvar,21.55555556,72.8875,Motwan,"Dug Well",W08358,2012,'0,2.9,.7,2.71
GJ,Bharuch,Bharuch,Bharuch,21.68333333,72.81666667,Kaswa,"Dug Well",W08363,2012,'0,5.75,4.15,8.84
GJ,Bharuch,Bharuch,Bharuch,21.7,73.00416667,Kaprali,"Dug Well",W08362,2012,'0,3.95,3.87,4.96
GJ,Bharuch,Bharuch,Bharuch,21.70777778,72.83055556,Navetha,"Dug Well",W08366,2012,'0,6.31,'0,6.86
GJ,Bharuch,Bharuch,Bharuch,21.70833333,73,"Bharuch I","Tube Well",W07789,2012,'0,7.75,16.56,8.82
GJ,Bharuch,Valia,Valia,21.64166667,73.36666667,Netrang(Rep)_Pz,"Bore Well",W27277,2012,'0,'0,6.92,'0
GJ,Bharuch,Bharuch,Bharuch,21.68333333,72.75833333,Mahegam1,"Dug Well",W27300,2012,'0,'0,.15,'0
GJ,Bharuch,Bharuch,Bharuch,21.70833333,73,"Bharuch Ii","Tube Well",W27316,2012,'0,'0,12.25,'0
GJ,Bharuch,Vagra,Vagra,21.675,72.55833333,Luhara,"Dug Well",W27294,2012,'0,'0,2.69,'0
GJ,Bharuch,Palej,Vagra,21.79166667,72.66805556,Nirnavi,"Dug Well",W08377,2012,'0,8.95,5.49,10.74
GJ,Bharuch,Palej,Vagra,21.7625,72.63888889,Kadodara,"Tube Well",W08375,2011,5.62,7.65,6.19,8.9
GJ,Bharuch,Palej,Vagra,21.79166667,72.66805556,Nirnavi,"Dug Well",W08377,2011,3.31,8.26,7.14,10.64
GJ,Bharuch,Anklesvar,Amod,21.91666667,72.79166667,"Roja tankaria","Dug Well",W08357,2011,9.58,8.33,9.88,10.75
GJ,Bharuch,Jambusar,Jambusar,22.05277778,72.80555556,Jambusar-2,"Tube Well",W07796,2011,4.24,6.68,5.83,7.15
GJ,Bharuch,"Bharuch Ina",Hansot,21.59166667,72.825,Utraj,"Dug Well",W08368,2011,1.29,4.64,3.04,7.25
GJ,Bharuch,Andada,Valia,21.58055556,73.06805556,Kondh,"Dug Well",W08351,2011,3.96,3.95,3.33,5.1
GJ,Bharuch,"Bharuch Ina",Hansot,21.58333333,72.80833333,Hansot,"Tube Well",W07792,2011,2.02,4.05,4.03,4.3
GJ,Bharuch,Maktampur,Jhagadia,21.74166667,73.20833333,Simodra,"Dug Well",W08373,2011,4.41,4.21,3.46,6.58
GJ,Bharuch,Palej,Vagra,21.725,72.75,Bhensli,"Dug Well",W07801,2011,1.53,'0,3.53,4.03
GJ,Bharuch,Jambusar,Jambusar,22.05833333,72.59166667,Bhadkodra,"Dug Well",W07795,2011,5.04,48.51,4.84,'0
GJ,Bharuch,Jambusar,Jambusar,22.15833333,72.75833333,Sarod,"Dug Well",W08371,2011,8.19,8.3,14.48,14.8
GJ,Bharuch,Jambusar,Jambusar,21.99166667,72.675,Tankari,"Dug Well",W08372,2011,1.04,2.5,2.43,5.1
GJ,Bharuch,Jambusar,Jambusar,22.18472222,72.59722222,Kavi-1,"Dug Well",W08370,2011,4.91,8.4,8.13,8.4
GJ,Bharuch,Jambusar,Jambusar,22.19361111,72.63944444,Kavi-2,"Dug Well",W20348,2011,6.35,6.82,6.23,7.67
GJ,Bharuch,"Bharuch Ina",Hansot,21.45,72.8,Ilav,"Dug Well",W07793,2011,6.48,4.89,6.73,'0
GJ,Bharuch,Andada,Valia,21.6125,73.43527778,Arethi,"Dug Well",W07786,2011,2.85,5.92,5.84,7.6
GJ,Bharuch,Andada,Valia,21.52916667,73.35416667,Kavachiya,"Dug Well",W08350,2011,2.29,3.81,5.48,5.8
GJ,Bharuch,Andada,Valia,21.53333333,73.2875,Mokhdi,"Dug Well",W08353,2011,2.52,5.04,4.81,9.24
GJ,Bharuch,Andada,Valia,21.63333333,73.29583333,Modoliya,"Dug Well",W08352,2011,2.97,8.87,8.87,'0
GJ,Bharuch,Andada,Valia,21.63333333,73.36666667,Netrang-1,"Dug Well",W08355,2011,3.28,4.18,3.16,6
GJ,Bharuch,"Bharuch Ina",Hansot,21.52083333,72.82083333,Raymal,"Dug Well",W08367,2011,1.19,1.26,2.99,2.2
GJ,Bharuch,"Bharuch Ina",Hansot,21.49166667,72.70833333,Jetpur1,"Dug Well",W07794,2011,3.03,2.26,3.82,2.54
GJ,Bharuch,"Anklesvar Ina",Anklesvar,21.61666667,72.92361111,Sajod,"Dug Well",W08361,2011,.44,5.75,2.08,4.8
GJ,Bharuch,"Anklesvar Ina",Anklesvar,21.675,72.975,"Juna borbhata","Dug Well",W07788,2011,3.04,5.57,5.79,6.1
GJ,Bharuch,"Anklesvar Ina",Anklesvar,21.68333333,73.01944444,Mulad,"Dug Well",W08359,2011,2.88,6.55,6.62,7.25
GJ,Bharuch,"Anklesvar Ina",Anklesvar,21.5375,72.975,Panoli,"Dug Well",W08360,2011,.58,1.23,2.63,1.6
GJ,Bharuch,"Anklesvar Ina",Anklesvar,21.55555556,72.8875,Motwan,"Dug Well",W08358,2011,1.94,3.05,3.74,2.62
GJ,Bharuch,Bharuch,Bharuch,21.68333333,72.81666667,Kaswa,"Dug Well",W08363,2011,5.88,4.45,7.36,7.05
GJ,Bharuch,Bharuch,Bharuch,21.7,73.00416667,Kaprali,"Dug Well",W08362,2011,1.93,3.79,3.28,5.8
GJ,Bharuch,Bharuch,Bharuch,21.70777778,72.83055556,Navetha,"Dug Well",W08366,2011,5.54,5.98,6.76,7.05
GJ,Bharuch,Bharuch,Bharuch,21.70833333,73,"Bharuch I","Tube Well",W07789,2011,8.06,8.12,7.18,9.6
GJ,Bharuch,Bharuch,Bharuch,21.68333333,72.81666667,Kaswa,"Dug Well",W08363,2010,3.21,9.18,3.55,7.25
GJ,Bharuch,"Bharuch Ina",Hansot,21.59166667,72.825,Utraj,"Dug Well",W08368,2010,'0,6.46,6.52,2.89
GJ,Bharuch,Bharuch,Bharuch,21.70777778,72.83055556,Navetha,"Dug Well",W08366,2010,5.23,7.13,5.43,7.8
GJ,Bharuch,Bharuch,Bharuch,21.70833333,73,"Bharuch I","Tube Well",W07789,2010,10.8,13.25,7.71,15.2
GJ,Bharuch,"Bharuch Ina",Hansot,21.49166667,72.70833333,Jetpur1,"Dug Well",W07794,2010,2.6,3.37,1.51,3.03
GJ,Bharuch,"Anklesvar Ina",Anklesvar,21.61666667,72.92361111,Sajod,"Dug Well",W08361,2010,.3,6.09,3.7,1.45
GJ,Bharuch,"Anklesvar Ina",Anklesvar,21.675,72.975,"Juna borbhata","Dug Well",W07788,2010,4.55,8.5,5.28,8.5
GJ,Bharuch,"Anklesvar Ina",Anklesvar,21.68333333,73.01944444,Mulad,"Dug Well",W08359,2010,4.2,8.55,5.92,11.4
GJ,Bharuch,"Anklesvar Ina",Anklesvar,21.5375,72.975,Panoli,"Dug Well",W08360,2010,1.07,5.72,.93,2.75
GJ,Bharuch,"Anklesvar Ina",Anklesvar,21.55555556,72.8875,Motwan,"Dug Well",W08358,2010,1.7,2.11,2,2.7
GJ,Bharuch,Andada,Valia,21.52916667,73.35416667,Kavachiya,"Dug Well",W08350,2010,4.95,4.37,3.32,5.8
GJ,Bharuch,Andada,Valia,21.53333333,73.2875,Mokhdi,"Dug Well",W08353,2010,'0,6.48,4.3,9.84
GJ,Bharuch,Andada,Valia,21.63333333,73.29583333,Modoliya,"Dug Well",W08352,2010,4.38,8.87,'0,8.87
GJ,Bharuch,Andada,Valia,21.63333333,73.36666667,Netrang-1,"Dug Well",W08355,2010,3,5.18,2.74,6.1
GJ,Bharuch,Andada,Valia,21.64166667,73.36666667,Netrang-2,"Bore Well",W08354,2010,'0,8.24,'0,'0
GJ,Bharuch,"Bharuch Ina",Hansot,21.52083333,72.82083333,Raymal,"Dug Well",W08367,2010,1.4,1.56,1.04,2.06
GJ,Bharuch,Jambusar,Jambusar,22.15833333,72.75833333,Sarod,"Dug Well",W08371,2010,7.2,13.85,8.12,12.6
GJ,Bharuch,Jambusar,Jambusar,21.99166667,72.675,Tankari,"Dug Well",W08372,2010,2.5,4.76,1.8,4.13
GJ,Bharuch,Jambusar,Jambusar,22.18472222,72.59722222,Kavi-1,"Dug Well",W08370,2010,6.7,9.69,7.96,10.1
GJ,Bharuch,Jambusar,Jambusar,22.19361111,72.63944444,Kavi-2,"Dug Well",W20348,2010,5.2,6.85,6.65,7.2
GJ,Bharuch,"Bharuch Ina",Hansot,21.45,72.8,Ilav,"Dug Well",W07793,2010,7.75,5.07,3.61,4.52
GJ,Bharuch,Andada,Valia,21.6125,73.43527778,Arethi,"Dug Well",W07786,2010,6.15,6.16,5.63,7.55
GJ,Bharuch,Andada,Valia,21.58055556,73.06805556,Kondh,"Dug Well",W08351,2010,4.95,4.5,1.95,6.11
GJ,Bharuch,"Bharuch Ina",Hansot,21.58333333,72.80833333,Hansot,"Tube Well",W07792,2010,2.7,4.35,3.18,4.7
GJ,Bharuch,Maktampur,Jhagadia,21.74166667,73.20833333,Simodra,"Dug Well",W08373,2010,6.35,6.17,3.6,7.75
GJ,Bharuch,Palej,Vagra,21.725,72.75,Bhensli,"Dug Well",W07801,2010,'0,3.43,1.8,4.2
GJ,Bharuch,Jambusar,Jambusar,22.05833333,72.59166667,Bhadkodra,"Dug Well",W07795,2010,4.9,'0,4.6,50.01
GJ,Bharuch,Palej,Vagra,21.7625,72.63888889,Kadodara,"Tube Well",W08375,2010,'0,8.26,'0,9.22
GJ,Bharuch,Palej,Vagra,21.79166667,72.66805556,Nirnavi,"Dug Well",W08377,2010,3.9,9.47,5.93,10.32
GJ,Bharuch,Anklesvar,Amod,21.91666667,72.79166667,"Roja tankaria","Dug Well",W08357,2010,3.05,10.96,8.35,9.55
GJ,Bharuch,Jambusar,Jambusar,22.05277778,72.80555556,Jambusar-2,"Tube Well",W07796,2010,'0,7.27,16.49,7.75
GJ,Bharuch,Bharuch,Bharuch,21.7,73.00416667,Kaprali,"Dug Well",W08362,2010,6.35,7.78,3.2,13.35
GJ,Bharuch,Bharuch,Bharuch,21.68333333,72.81666667,Kaswa,"Dug Well",W08363,2009,7.41,5.4,9.05,7.65
GJ,Bharuch,"Bharuch Ina",Hansot,21.59166667,72.825,Utraj,"Dug Well",W08368,2009,'0,3.31,2.88,2.92
GJ,Bharuch,Bharuch,Bharuch,21.70777778,72.83055556,Navetha,"Dug Well",W08366,2009,7,6.67,6.96,7.35
GJ,Bharuch,Bharuch,Bharuch,21.70833333,73,"Bharuch I","Tube Well",W07789,2009,11.55,9.8,12.5,12.28
GJ,Bharuch,"Bharuch Ina",Hansot,21.49166667,72.70833333,Jetpur1,"Dug Well",W07794,2009,1.12,2.35,1.7,3.22
GJ,Bharuch,"Anklesvar Ina",Anklesvar,21.61666667,72.92361111,Sajod,"Dug Well",W08361,2009,'0,.88,1.15,1.38
GJ,Bharuch,"Anklesvar Ina",Anklesvar,21.675,72.975,"Juna borbhata","Dug Well",W07788,2009,5.75,5.62,6.25,8.5
GJ,Bharuch,"Anklesvar Ina",Anklesvar,21.68333333,73.01944444,Mulad,"Dug Well",W08359,2009,8.14,6.01,8.7,8.71
GJ,Bharuch,"Anklesvar Ina",Anklesvar,21.5375,72.975,Panoli,"Dug Well",W08360,2009,.04,1.6,1.52,2.67
GJ,Bharuch,"Anklesvar Ina",Anklesvar,21.55555556,72.8875,Motwan,"Dug Well",W08358,2009,1.6,2.8,2.07,3.52
GJ,Bharuch,Andada,Valia,21.52916667,73.35416667,Kavachiya,"Dug Well",W08350,2009,2.11,3.82,3.7,5.8
GJ,Bharuch,Andada,Valia,21.53333333,73.2875,Mokhdi,"Dug Well",W08353,2009,5.69,5.54,5.62,8.49
GJ,Bharuch,Andada,Valia,21.63333333,73.29583333,Modoliya,"Dug Well",W08352,2009,'0,8.87,8.87,8.87
GJ,Bharuch,Andada,Valia,21.63333333,73.36666667,Netrang-1,"Dug Well",W08355,2009,1.05,4.2,3.81,6.31
GJ,Bharuch,Andada,Valia,21.64166667,73.36666667,Netrang-2,"Bore Well",W08354,2009,4.35,7.16,6.8,9.61
GJ,Bharuch,"Bharuch Ina",Hansot,21.52083333,72.82083333,Raymal,"Dug Well",W08367,2009,.81,1.85,1.3,2.27
GJ,Bharuch,Jambusar,Jambusar,22.15833333,72.75833333,Sarod,"Dug Well",W08371,2009,12.25,10.75,13.03,11.95
GJ,Bharuch,Jambusar,Jambusar,21.99166667,72.675,Tankari,"Dug Well",W08372,2009,3.5,2.51,5.02,3.37
GJ,Bharuch,Jambusar,Jambusar,22.18472222,72.59722222,Kavi-1,"Dug Well",W08370,2009,7.25,4.92,7.62,7.15
GJ,Bharuch,Jambusar,Jambusar,22.19361111,72.63944444,Kavi-2,"Dug Well",W20348,2009,6.21,5,5.8,6.05
GJ,Bharuch,"Bharuch Ina",Hansot,21.45,72.8,Ilav,"Dug Well",W07793,2009,4.16,4,4.16,5.97
GJ,Bharuch,Andada,Valia,21.6125,73.43527778,Arethi,"Dug Well",W07786,2009,4.3,6.2,5.73,7.36
GJ,Bharuch,Andada,Valia,21.58055556,73.06805556,Kondh,"Dug Well",W08351,2009,3.75,4,4.32,5.12
GJ,Bharuch,"Bharuch Ina",Hansot,21.58333333,72.80833333,Hansot,"Tube Well",W07792,2009,4.45,4.2,3.65,4.87
GJ,Bharuch,Maktampur,Jhagadia,21.74166667,73.20833333,Simodra,"Dug Well",W08373,2009,4.35,4.05,5.46,6.1
GJ,Bharuch,Palej,Vagra,21.725,72.75,Bhensli,"Dug Well",W07801,2009,1.51,3.05,2.6,3.9
GJ,Bharuch,Jambusar,Jambusar,22.05833333,72.59166667,Bhadkodra,"Dug Well",W07795,2009,5.2,4.92,5.6,5.73
GJ,Bharuch,Palej,Vagra,21.7625,72.63888889,Kadodara,"Tube Well",W08375,2009,6.23,7.89,8.37,8.9
GJ,Bharuch,Palej,Vagra,21.79166667,72.66805556,Nirnavi,"Dug Well",W08377,2009,1.28,7.95,9.06,6.95
GJ,Bharuch,Anklesvar,Amod,21.91666667,72.79166667,"Roja tankaria","Dug Well",W08357,2009,9.4,8.9,9.75,9.5
GJ,Bharuch,Jambusar,Jambusar,22.05277778,72.80555556,Jambusar-2,"Tube Well",W07796,2009,7.32,7.22,7.95,7.61
GJ,Bharuch,Bharuch,Bharuch,21.7,73.00416667,Kaprali,"Dug Well",W08362,2009,5.76,4.95,7.05,7.35
GJ,Bharuch,Bharuch,Bharuch,21.68333333,72.81666667,Kaswa,"Dug Well",W08363,2008,5.41,4.93,3.96,5.57
GJ,Bharuch,"Bharuch Ina",Hansot,21.59166667,72.825,Utraj,"Dug Well",W08368,2008,2.18,2.42,2.35,1.55
GJ,Bharuch,Bharuch,Bharuch,21.70777778,72.83055556,Navetha,"Dug Well",W08366,2008,5.88,6.75,5.06,7.45
GJ,Bharuch,Bharuch,Bharuch,21.70833333,73,"Bharuch I","Tube Well",W07789,2008,10.05,9.83,8.76,12.88
GJ,Bharuch,"Bharuch Ina",Hansot,21.49166667,72.70833333,Jetpur1,"Dug Well",W07794,2008,1.08,2.35,1.91,3.48
GJ,Bharuch,"Anklesvar Ina",Anklesvar,21.61666667,72.92361111,Sajod,"Dug Well",W08361,2008,'0,.91,4.59,5.68
GJ,Bharuch,"Anklesvar Ina",Anklesvar,21.675,72.975,"Juna borbhata","Dug Well",W07788,2008,5.95,6.78,5.71,5.81
GJ,Bharuch,"Anklesvar Ina",Anklesvar,21.68333333,73.01944444,Mulad,"Dug Well",W08359,2008,4.18,5.37,4.49,8.3
GJ,Bharuch,"Anklesvar Ina",Anklesvar,21.5375,72.975,Panoli,"Dug Well",W08360,2008,.15,1.83,1.89,2.12
GJ,Bharuch,"Anklesvar Ina",Anklesvar,21.55555556,72.8875,Motwan,"Dug Well",W08358,2008,1.81,2.15,2.58,2.59
GJ,Bharuch,Andada,Valia,21.52916667,73.35416667,Kavachiya,"Dug Well",W08350,2008,1.85,3.94,3.38,5.36
GJ,Bharuch,Andada,Valia,21.53333333,73.2875,Mokhdi,"Dug Well",W08353,2008,3.62,4.89,3.19,8.96
GJ,Bharuch,Andada,Valia,21.63333333,73.29583333,Modoliya,"Dug Well",W08352,2008,'0,8.87,'0,8.87
GJ,Bharuch,Andada,Valia,21.63333333,73.36666667,Netrang-1,"Dug Well",W08355,2008,'0,3.83,2.2,6.58
GJ,Bharuch,Andada,Valia,21.64166667,73.36666667,Netrang-2,"Bore Well",W08354,2008,3.52,'0,5.42,9.85
GJ,Bharuch,"Bharuch Ina",Hansot,21.52083333,72.82083333,Raymal,"Dug Well",W08367,2008,.93,1.32,1.26,5.87
GJ,Bharuch,Jambusar,Jambusar,21.99166667,72.675,Tankari,"Dug Well",W08372,2008,.59,2.15,1.66,3.35
GJ,Bharuch,Jambusar,Jambusar,22.18472222,72.59722222,Kavi-1,"Dug Well",W08370,2008,2.55,4.15,3.87,7.02
GJ,Bharuch,Jambusar,Jambusar,22.19361111,72.63944444,Kavi-2,"Dug Well",W20348,2008,5,5.45,4.73,6.26
GJ,Bharuch,"Bharuch Ina",Hansot,21.45,72.8,Ilav,"Dug Well",W07793,2008,2.02,3.19,4.01,4.22
GJ,Bharuch,Andada,Valia,21.6125,73.43527778,Arethi,"Dug Well",W07786,2008,3.95,5.75,5.48,7.78
GJ,Bharuch,Andada,Valia,21.58055556,73.06805556,Kondh,"Dug Well",W08351,2008,1.25,3.76,2.85,4.58
GJ,Bharuch,"Bharuch Ina",Hansot,21.58333333,72.80833333,Hansot,"Tube Well",W07792,2008,2.65,3.52,3.1,4.68
GJ,Bharuch,Maktampur,Jhagadia,21.74166667,73.20833333,Simodra,"Dug Well",W08373,2008,4.7,3.79,2.91,6.18
GJ,Bharuch,Palej,Vagra,21.725,72.75,Bhensli,"Dug Well",W07801,2008,2.26,3.06,2.62,3.78
GJ,Bharuch,Jambusar,Jambusar,22.05833333,72.59166667,Bhadkodra,"Dug Well",W07795,2008,4.35,5.21,4.29,5.82
GJ,Bharuch,Jambusar,Jambusar,22.15833333,72.75833333,Sarod,"Dug Well",W08371,2008,5.95,7.24,9.18,12.56
GJ,Bharuch,Palej,Vagra,21.7625,72.63888889,Kadodara,"Tube Well",W08375,2008,'0,7.97,7.8,8.79
GJ,Bharuch,Palej,Vagra,21.79166667,72.66805556,Nirnavi,"Dug Well",W08377,2008,6.74,8.76,7.11,10.77
GJ,Bharuch,Anklesvar,Amod,21.91666667,72.79166667,"Roja tankaria","Dug Well",W08357,2008,8.63,9.69,8.66,10.17
GJ,Bharuch,Jambusar,Jambusar,22.05277778,72.80555556,Jambusar-2,"Tube Well",W07796,2008,'0,8.25,7,8.6
GJ,Bharuch,Bharuch,Bharuch,21.7,73.00416667,Kaprali,"Dug Well",W08362,2008,3.29,4.3,3.83,6.62
GJ,Bharuch,Maktampur,Jhagadia,21.69166667,73.3125,Jesajpur,"Dug Cum Bore Well",W07799,2007,'0,'0,'0,15.41
GJ,Bharuch,"Bharuch Ina",Hansot,21.59166667,72.825,Utraj,"Dug Well",W08368,2007,'0,3.39,2.38,4.08
GJ,Bharuch,Bharuch,Bharuch,21.7,73.00416667,Kaprali,"Dug Well",W08362,2007,1.72,6.43,2.87,10.05
GJ,Bharuch,Bharuch,Bharuch,21.70777778,72.83055556,Navetha,"Dug Well",W08366,2007,6.08,7.6,6.08,7.98
GJ,Bharuch,Bharuch,Bharuch,21.70833333,73,"Bharuch I","Tube Well",W07789,2007,'0,13.22,8.88,15.4
GJ,Bharuch,"Bharuch Ina",Hansot,21.49166667,72.70833333,Jetpur1,"Dug Well",W07794,2007,'0,3.69,1.3,7.75
GJ,Bharuch,"Anklesvar Ina",Anklesvar,21.61666667,72.92361111,Sajod,"Dug Well",W08361,2007,2.7,7.43,1.43,1.6
GJ,Bharuch,"Anklesvar Ina",Anklesvar,21.675,72.975,"Juna borbhata","Dug Well",W07788,2007,5.2,6.23,4.64,8.5
GJ,Bharuch,"Anklesvar Ina",Anklesvar,21.68333333,73.01944444,Mulad,"Dug Well",W08359,2007,3.3,6.71,3.65,8.88
GJ,Bharuch,"Anklesvar Ina",Anklesvar,21.5375,72.975,Panoli,"Dug Well",W08360,2007,.05,2.13,1.43,2.65
GJ,Bharuch,"Anklesvar Ina",Anklesvar,21.55555556,72.8875,Motwan,"Dug Well",W08358,2007,2.03,1.87,2.12,2.22
GJ,Bharuch,Andada,Valia,21.53333333,73.2875,Mokhdi,"Dug Well",W08353,2007,4.39,6.89,2.56,9.84
GJ,Bharuch,Andada,Valia,21.63333333,73.29583333,Modoliya,"Dug Well",W08352,2007,5.48,8.87,9.59,8.87
GJ,Bharuch,Andada,Valia,21.63333333,73.36666667,Netrang-1,"Dug Well",W08355,2007,'0,5.56,2.23,6.7
GJ,Bharuch,Andada,Valia,21.64166667,73.36666667,Netrang-2,"Bore Well",W08354,2007,'0,'0,5.38,'0
GJ,Bharuch,"Bharuch Ina",Hansot,21.52083333,72.82083333,Raymal,"Dug Well",W08367,2007,.75,1.61,1.08,2.65
GJ,Bharuch,Jambusar,Jambusar,21.99166667,72.675,Tankari,"Dug Well",W08372,2007,1.1,2.93,1.44,4.12
GJ,Bharuch,Jambusar,Jambusar,22.18472222,72.59722222,Kavi-1,"Dug Well",W08370,2007,3.15,3.42,4.44,7.48
GJ,Bharuch,Jambusar,Jambusar,22.19361111,72.63944444,Kavi-2,"Dug Well",W20348,2007,5.52,5.97,5.1,6.58
GJ,Bharuch,"Bharuch Ina",Hansot,21.45,72.8,Ilav,"Dug Well",W07793,2007,2.58,4,2.11,4.87
GJ,Bharuch,Andada,Valia,21.6125,73.43527778,Arethi,"Dug Well",W07786,2007,4.15,6.48,5.25,7.53
GJ,Bharuch,Andada,Valia,21.52916667,73.35416667,Kavachiya,"Dug Well",W08350,2007,2.3,3.05,3.3,5.91
GJ,Bharuch,Andada,Valia,21.58055556,73.06805556,Kondh,"Dug Well",W08351,2007,1.6,5.97,2.6,6.06
GJ,Bharuch,"Bharuch Ina",Hansot,21.58333333,72.80833333,Hansot,"Tube Well",W07792,2007,'0,3.98,3.02,4.79
GJ,Bharuch,Maktampur,Jhagadia,21.74166667,73.20833333,Simodra,"Dug Well",W08373,2007,3.7,4.53,2.75,6.04
GJ,Bharuch,Palej,Vagra,21.725,72.75,Bhensli,"Dug Well",W07801,2007,2.3,2.66,2.58,3.14
GJ,Bharuch,Jambusar,Jambusar,22.05833333,72.59166667,Bhadkodra,"Dug Well",W07795,2007,4.9,5.53,4.55,6.38
GJ,Bharuch,Jambusar,Jambusar,22.15833333,72.75833333,Sarod,"Dug Well",W08371,2007,7.35,11.59,8.33,9.88
GJ,Bharuch,Palej,Vagra,21.7625,72.63888889,Kadodara,"Tube Well",W08375,2007,8.2,10.75,7.37,7.84
GJ,Bharuch,Palej,Vagra,21.79166667,72.66805556,Nirnavi,"Dug Well",W08377,2007,5.6,8.63,6.8,11.44
GJ,Bharuch,Anklesvar,Amod,21.91666667,72.79166667,"Roja tankaria","Dug Well",W08357,2007,9.43,8.53,9.5,10.49
GJ,Bharuch,Jambusar,Jambusar,22.05277778,72.80555556,Jambusar-2,"Tube Well",W07796,2007,'0,8.74,8.25,8.92
GJ,Bharuch,Bharuch,Bharuch,21.68333333,72.81666667,Kaswa,"Dug Well",W08363,2007,2.25,8.89,3.15,8.53
GJ,Bharuch,Maktampur,Jhagadia,21.69166667,73.3125,Jesajpur,"Dug Cum Bore Well",W07799,2006,7.84,'0,4.55,'0
GJ,Bharuch,"Bharuch Ina",Hansot,21.59166667,72.825,Utraj,"Dug Well",W08368,2006,'0,2.9,3.25,2.92
GJ,Bharuch,Bharuch,Bharuch,21.7,73.00416667,Kaprali,"Dug Well",W08362,2006,5.15,5.52,'0,7.63
GJ,Bharuch,Bharuch,Bharuch,21.70777778,72.83055556,Navetha,"Dug Well",W08366,2006,5.21,7.8,7.15,8.27
GJ,Bharuch,Bharuch,Bharuch,21.70833333,73,"Bharuch I","Tube Well",W07789,2006,9.5,12.71,11,15.8
GJ,Bharuch,"Anklesvar Ina",Anklesvar,21.61666667,72.92361111,Sajod,"Dug Well",W08361,2006,.6,4.52,.83,1.67
GJ,Bharuch,"Anklesvar Ina",Anklesvar,21.675,72.975,"Juna borbhata","Dug Well",W07788,2006,2.1,7.54,5.15,7.63
GJ,Bharuch,"Anklesvar Ina",Anklesvar,21.68333333,73.01944444,Mulad,"Dug Well",W08359,2006,'0,6.97,'0,9.39
GJ,Bharuch,"Anklesvar Ina",Anklesvar,21.5375,72.975,Panoli,"Dug Well",W08360,2006,.35,3.25,1.54,2.69
GJ,Bharuch,"Anklesvar Ina",Anklesvar,21.55555556,72.8875,Motwan,"Dug Well",W08358,2006,1.9,2.02,1.95,2.75
GJ,Bharuch,Andada,Valia,21.53333333,73.2875,Mokhdi,"Dug Well",W08353,2006,3.54,5.52,4.49,9.13
GJ,Bharuch,Andada,Valia,21.63333333,73.29583333,Modoliya,"Dug Well",W08352,2006,1.82,8.87,3.73,8.87
GJ,Bharuch,Andada,Valia,21.63333333,73.36666667,Netrang-1,"Dug Well",W08355,2006,2.34,7.07,4.35,6.55
GJ,Bharuch,"Bharuch Ina",Hansot,21.52083333,72.82083333,Raymal,"Dug Well",W08367,2006,1.1,1.8,1.32,1.32
GJ,Bharuch,"Bharuch Ina",Hansot,21.49166667,72.70833333,Jetpur1,"Dug Well",W07794,2006,1.43,3.5,3.85,3.87
GJ,Bharuch,Jambusar,Jambusar,21.99166667,72.675,Tankari,"Dug Well",W08372,2006,.73,1.64,1.55,3.25
GJ,Bharuch,Jambusar,Jambusar,22.18472222,72.59722222,Kavi-1,"Dug Well",W08370,2006,4.43,6.39,5.31,8.5
GJ,Bharuch,Jambusar,Jambusar,22.19361111,72.63944444,Kavi-2,"Dug Well",W20348,2006,5.42,6.11,5.55,7.7
GJ,Bharuch,"Bharuch Ina",Hansot,21.45,72.8,Ilav,"Dug Well",W07793,2006,'0,3.97,3.07,5.3
GJ,Bharuch,Andada,Valia,21.6125,73.43527778,Arethi,"Dug Well",W07786,2006,3.95,5.72,5.4,7.35
GJ,Bharuch,Andada,Valia,21.52916667,73.35416667,Kavachiya,"Dug Well",W08350,2006,1.95,4.1,3.6,5.93
GJ,Bharuch,Andada,Valia,21.58055556,73.06805556,Kondh,"Dug Well",W08351,2006,'0,4.86,2.85,'0
GJ,Bharuch,"Bharuch Ina",Hansot,21.58333333,72.80833333,Hansot,"Tube Well",W07792,2006,'0,4.79,'0,4.47
GJ,Bharuch,Maktampur,Jhagadia,21.74166667,73.20833333,Simodra,"Dug Well",W08373,2006,4.77,5.25,3.2,7.11
GJ,Bharuch,Palej,Vagra,21.725,72.75,Bhensli,"Dug Well",W07801,2006,1.91,3.54,2.1,4.15
GJ,Bharuch,Jambusar,Jambusar,22.05833333,72.59166667,Bhadkodra,"Dug Well",W07795,2006,4.5,2.61,5.15,6.45
GJ,Bharuch,Jambusar,Jambusar,22.15833333,72.75833333,Sarod,"Dug Well",W08371,2006,6.15,10.91,11.55,18.14
GJ,Bharuch,Palej,Vagra,21.7625,72.63888889,Kadodara,"Tube Well",W08375,2006,'0,8.62,8.1,8.13
GJ,Bharuch,Palej,Vagra,21.79166667,72.66805556,Nirnavi,"Dug Well",W08377,2006,5.3,8.43,9.45,10.68
GJ,Bharuch,Anklesvar,Amod,21.91666667,72.79166667,"Roja tankaria","Dug Well",W08357,2006,5.25,11.18,5.57,11.45
GJ,Bharuch,Jambusar,Jambusar,22.05277778,72.80555556,Jambusar-2,"Tube Well",W07796,2006,'0,10.22,'0,10.42
GJ,Bharuch,Bharuch,Bharuch,21.68333333,72.81666667,Kaswa,"Dug Well",W08363,2006,4.96,4.45,4.35,7.44
GJ,Bharuch,Bharuch,Bharuch,21.68333333,72.81666667,Kaswa,"Dug Well",W08363,2005,4.33,4.42,3.57,8.24
GJ,Bharuch,Bharuch,Bharuch,21.7,73.00416667,Kaprali,"Dug Well",W08362,2005,10.03,6.93,4.2,13.35
GJ,Bharuch,Bharuch,Bharuch,21.70777778,72.83055556,Navetha,"Dug Well",W08366,2005,7.03,7.78,7.1,8.53
GJ,Bharuch,Bharuch,Bharuch,21.70833333,73,"Bharuch I","Tube Well",W07789,2005,11.1,'0,10.55,16.27
GJ,Bharuch,"Anklesvar Ina",Anklesvar,21.61666667,72.92361111,Sajod,"Dug Well",W08361,2005,.94,1.1,1.84,1.77
GJ,Bharuch,"Anklesvar Ina",Anklesvar,21.675,72.975,"Juna borbhata","Dug Well",W07788,2005,4.4,6.42,6.27,6.9
GJ,Bharuch,"Anklesvar Ina",Anklesvar,21.68333333,73.01944444,Mulad,"Dug Well",W08359,2005,7.13,'0,8.94,10.02
GJ,Bharuch,"Anklesvar Ina",Anklesvar,21.5375,72.975,Panoli,"Dug Well",W08360,2005,1.18,2.22,1.11,2.88
GJ,Bharuch,"Anklesvar Ina",Anklesvar,21.55555556,72.8875,Motwan,"Dug Well",W08358,2005,2.04,2.1,1.83,3.46
GJ,Bharuch,Maktampur,Jhagadia,21.69166667,73.3125,Jesajpur,"Dug Cum Bore Well",W07799,2005,'0,15.41,'0,16.01
GJ,Bharuch,Andada,Valia,21.53333333,73.2875,Mokhdi,"Dug Well",W08353,2005,4.35,5.42,4.56,8.44
GJ,Bharuch,Andada,Valia,21.63333333,73.29583333,Modoliya,"Dug Well",W08352,2005,2.32,6.2,8.87,8.87
GJ,Bharuch,Andada,Valia,21.63333333,73.36666667,Netrang-1,"Dug Well",W08355,2005,2.1,'0,2.16,6.8
GJ,Bharuch,Andada,Valia,21.64166667,73.36666667,Netrang-2,"Bore Well",W08354,2005,'0,7.56,'0,'0
GJ,Bharuch,"Bharuch Ina",Hansot,21.52083333,72.82083333,Raymal,"Dug Well",W08367,2005,1.33,5.96,1.95,2.38
GJ,Bharuch,"Bharuch Ina",Hansot,21.49166667,72.70833333,Jetpur1,"Dug Well",W07794,2005,3.8,2.36,2.71,4.54
GJ,Bharuch,Jambusar,Jambusar,21.99166667,72.675,Tankari,"Dug Well",W08372,2005,1.16,2.53,1.01,3.7
GJ,Bharuch,Jambusar,Jambusar,22.18472222,72.59722222,Kavi-1,"Dug Well",W08370,2005,4.25,6.95,9.84,10.07
GJ,Bharuch,Jambusar,Jambusar,22.19361111,72.63944444,Kavi-2,"Dug Well",W20348,2005,8.2,'0,6.88,10.07
GJ,Bharuch,"Bharuch Ina",Hansot,21.45,72.8,Ilav,"Dug Well",W07793,2005,3.45,4.08,3,5.43
GJ,Bharuch,Andada,Valia,21.6125,73.43527778,Arethi,"Dug Well",W07786,2005,4.85,7.37,5.23,7.15
GJ,Bharuch,Andada,Valia,21.52916667,73.35416667,Kavachiya,"Dug Well",W08350,2005,2.9,4.08,3.56,5.67
GJ,Bharuch,Andada,Valia,21.58055556,73.06805556,Kondh,"Dug Well",W08351,2005,4.9,5.4,3.49,7.02
GJ,Bharuch,"Bharuch Ina",Hansot,21.58333333,72.80833333,Hansot,"Tube Well",W07792,2005,3.74,6.77,3.38,5.2
GJ,Bharuch,Maktampur,Jhagadia,21.74166667,73.20833333,Simodra,"Dug Well",W08373,2005,3.75,4.88,3.73,8.95
GJ,Bharuch,Palej,Vagra,21.725,72.75,Bhensli,"Dug Well",W07801,2005,2.97,4.69,2.52,4.9
GJ,Bharuch,Jambusar,Jambusar,22.05833333,72.59166667,Bhadkodra,"Dug Well",W07795,2005,4.7,6.28,5.18,6.86
GJ,Bharuch,Jambusar,Jambusar,22.15833333,72.75833333,Sarod,"Dug Well",W08371,2005,9.2,14.99,8.18,14.92
GJ,Bharuch,Palej,Vagra,21.7625,72.63888889,Kadodara,"Tube Well",W08375,2005,6.57,'0,7.67,9.32
GJ,Bharuch,Palej,Vagra,21.79166667,72.66805556,Nirnavi,"Dug Well",W08377,2005,6.68,7.51,6.08,11.28
GJ,Bharuch,Anklesvar,Amod,21.91666667,72.79166667,"Roja tankaria","Dug Well",W08357,2005,6.91,7.73,1.3,11.71
GJ,Bharuch,Jambusar,Jambusar,22.05277778,72.80555556,Jambusar-2,"Tube Well",W07796,2005,10.99,11.63,10.24,12.01
GJ,Bharuch,"Bharuch Ina",Hansot,21.59166667,72.825,Utraj,"Dug Well",W08368,2005,1.8,'0,2.71,4.05
GJ,Bharuch,Bharuch,Bharuch,21.68333333,72.75833333,Mahegam,"Dug Well",W08364,2004,'0,7.25,'0,'0
GJ,Bharuch,"Bharuch Ina",Hansot,21.59166667,72.825,Utraj,"Dug Well",W08368,2004,'0,3.28,2.2,4.18
GJ,Bharuch,Bharuch,Bharuch,21.7,73.00416667,Kaprali,"Dug Well",W08362,2004,'0,7.68,6.59,'0
GJ,Bharuch,Bharuch,Bharuch,21.70777778,72.83055556,Navetha,"Dug Well",W08366,2004,5.9,8.46,7.42,8.56
GJ,Bharuch,"Anklesvar Ina",Anklesvar,21.61666667,72.92361111,Sajod,"Dug Well",W08361,2004,4.48,1.5,3.96,1.76
GJ,Bharuch,"Anklesvar Ina",Anklesvar,21.675,72.975,"Juna borbhata","Dug Well",W07788,2004,8.54,6,5.87,8.19
GJ,Bharuch,"Anklesvar Ina",Anklesvar,21.68333333,73.01944444,Mulad,"Dug Well",W08359,2004,6,'0,6.28,10.38
GJ,Bharuch,"Anklesvar Ina",Anklesvar,21.5375,72.975,Panoli,"Dug Well",W08360,2004,1.46,2.05,1.49,2.83
GJ,Bharuch,"Anklesvar Ina",Anklesvar,21.55555556,72.8875,Motwan,"Dug Well",W08358,2004,1.76,2.18,2.07,2.45
GJ,Bharuch,Maktampur,Jhagadia,21.69166667,73.3125,Jesajpur,"Dug Cum Bore Well",W07799,2004,'0,'0,8.95,'0
GJ,Bharuch,Andada,Valia,21.53333333,73.2875,Mokhdi,"Dug Well",W08353,2004,4.12,5.24,3.4,7.77
GJ,Bharuch,Andada,Valia,21.63333333,73.29583333,Modoliya,"Dug Well",W08352,2004,1.63,5.88,3.78,'0
GJ,Bharuch,Andada,Valia,21.63333333,73.36666667,Netrang-1,"Dug Well",W08355,2004,'0,4.56,3.02,6.79
GJ,Bharuch,Andada,Valia,21.64166667,73.36666667,Netrang-2,"Bore Well",W08354,2004,'0,7.41,5.77,'0
GJ,Bharuch,"Bharuch Ina",Hansot,21.52083333,72.82083333,Raymal,"Dug Well",W08367,2004,.85,2.2,1.59,1.4
GJ,Bharuch,"Bharuch Ina",Hansot,21.49166667,72.70833333,Jetpur1,"Dug Well",W07794,2004,2.19,4.48,2.83,3.15
GJ,Bharuch,Jambusar,Jambusar,21.99166667,72.675,Tankari,"Dug Well",W08372,2004,1.04,2.27,2.21,4.24
GJ,Bharuch,Jambusar,Jambusar,22.18472222,72.59722222,Kavi-1,"Dug Well",W08370,2004,10.49,7.55,8.67,11.06
GJ,Bharuch,Jambusar,Jambusar,22.01666667,72.75833333,Kalak,"Dug Well",W08369,2004,'0,'0,'0,7.45
GJ,Bharuch,"Bharuch Ina",Hansot,21.45,72.8,Ilav,"Dug Well",W07793,2004,5.85,'0,3.43,4.81
GJ,Bharuch,Andada,Valia,21.6125,73.43527778,Arethi,"Dug Well",W07786,2004,'0,5.47,4.83,7.02
GJ,Bharuch,Andada,Valia,21.52916667,73.35416667,Kavachiya,"Dug Well",W08350,2004,2,3.85,3.62,5.73
GJ,Bharuch,Andada,Valia,21.58055556,73.06805556,Kondh,"Dug Well",W08351,2004,5.56,'0,4.65,6.48
GJ,Bharuch,"Bharuch Ina",Hansot,21.58333333,72.80833333,Hansot,"Tube Well",W07792,2004,'0,4.3,3.27,4.79
GJ,Bharuch,Maktampur,Jhagadia,21.74166667,73.20833333,Simodra,"Dug Well",W08373,2004,1.5,4.2,4.53,8.01
GJ,Bharuch,Palej,Vagra,21.725,72.75,Bhensli,"Dug Well",W07801,2004,3.51,4.9,4.01,5.55
GJ,Bharuch,Jambusar,Jambusar,22.05833333,72.59166667,Bhadkodra,"Dug Well",W07795,2004,5.35,6.33,5.86,6.9
GJ,Bharuch,Jambusar,Jambusar,22.15833333,72.75833333,Sarod,"Dug Well",W08371,2004,11.03,10.3,12.85,16.2
GJ,Bharuch,Palej,Vagra,21.675,72.55833333,Dahej,"Dug Well",W07802,2004,'0,'0,'0,6.52
GJ,Bharuch,Palej,Vagra,21.7625,72.63888889,Kadodara,"Tube Well",W08375,2004,'0,6.8,5.26,8.45
GJ,Bharuch,Palej,Vagra,21.79166667,72.66805556,Nirnavi,"Dug Well",W08377,2004,7.5,'0,8.7,10.52
GJ,Bharuch,Anklesvar,Amod,21.91666667,72.79166667,"Roja tankaria","Dug Well",W08357,2004,10.9,12.11,12.69,12.49
GJ,Bharuch,Jambusar,Jambusar,22.05277778,72.80555556,Jambusar-2,"Tube Well",W07796,2004,'0,12.02,11.61,12.43
GJ,Bharuch,Bharuch,Bharuch,21.68333333,72.81666667,Kaswa,"Dug Well",W08363,2004,2.85,4.25,4.28,8.13
GJ,Bharuch,Bharuch,Bharuch,21.68333333,72.75833333,Mahegam,"Dug Well",W08364,2003,'0,'0,7.62,'0
GJ,Bharuch,"Bharuch Ina",Hansot,21.59166667,72.825,Utraj,"Dug Well",W08368,2003,'0,1.87,4.27,7.05
GJ,Bharuch,Bharuch,Bharuch,21.7,73.00416667,Kaprali,"Dug Well",W08362,2003,5.32,9.01,6.87,'0
GJ,Bharuch,Bharuch,Bharuch,21.70416667,72.9125,Hinglot,"Dug Well",W07791,2003,'0,'0,3.6,'0
GJ,Bharuch,Bharuch,Bharuch,21.70777778,72.83055556,Navetha,"Dug Well",W08366,2003,5.2,8.6,7.75,8.93
GJ,Bharuch,"Anklesvar Ina",Anklesvar,21.61666667,72.92361111,Sajod,"Dug Well",W08361,2003,'0,4.89,1.2,2.5
GJ,Bharuch,"Anklesvar Ina",Anklesvar,21.675,72.975,"Juna borbhata","Dug Well",W07788,2003,4.92,8.1,5.55,8.72
GJ,Bharuch,"Anklesvar Ina",Anklesvar,21.5375,72.975,Panoli,"Dug Well",W08360,2003,-.05,7.88,1.85,3.47
GJ,Bharuch,"Anklesvar Ina",Anklesvar,21.55555556,72.8875,Motwan,"Dug Well",W08358,2003,1.5,2.02,2.47,2.4
GJ,Bharuch,Maktampur,Jhagadia,21.69166667,73.3125,Jesajpur,"Dug Cum Bore Well",W07799,2003,2.4,6.66,6.03,'0
GJ,Bharuch,Andada,Valia,21.53333333,73.2875,Mokhdi,"Dug Well",W08353,2003,2.89,8.07,6.2,'0
GJ,Bharuch,Andada,Valia,21.63333333,73.29583333,Modoliya,"Dug Well",W08352,2003,3.48,'0,3.93,'0
GJ,Bharuch,Andada,Valia,21.63333333,73.36666667,Netrang-1,"Dug Well",W08355,2003,'0,5.61,'0,7.53
GJ,Bharuch,Andada,Valia,21.64166667,73.36666667,Netrang-2,"Bore Well",W08354,2003,2.8,8.45,5.27,'0
GJ,Bharuch,"Bharuch Ina",Hansot,21.52083333,72.82083333,Raymal,"Dug Well",W08367,2003,.85,2.03,1.45,5.68
GJ,Bharuch,"Bharuch Ina",Hansot,21.49166667,72.70833333,Jetpur1,"Dug Well",W07794,2003,2.3,3.4,3.6,4.71
GJ,Bharuch,Jambusar,Jambusar,21.99166667,72.675,Tankari,"Dug Well",W08372,2003,.58,'0,2.18,4.5
GJ,Bharuch,Jambusar,Jambusar,22.18472222,72.59722222,Kavi-1,"Dug Well",W08370,2003,6.53,8.45,6.88,12.05
GJ,Bharuch,Jambusar,Jambusar,22.01666667,72.75833333,Kalak,"Dug Well",W08369,2003,'0,7.15,'0,'0
GJ,Bharuch,"Bharuch Ina",Hansot,21.45,72.8,Ilav,"Dug Well",W07793,2003,'0,4.4,2.26,4.92
GJ,Bharuch,Andada,Valia,21.6125,73.43527778,Arethi,"Dug Well",W07786,2003,3.05,4.53,4.18,7.75
GJ,Bharuch,Andada,Valia,21.52916667,73.35416667,Kavachiya,"Dug Well",W08350,2003,1.7,5,3.36,6.28
GJ,Bharuch,Andada,Valia,21.58055556,73.06805556,Kondh,"Dug Well",W08351,2003,'0,7.78,'0,8.5
GJ,Bharuch,"Bharuch Ina",Hansot,21.58333333,72.80833333,Hansot,"Tube Well",W07792,2003,2.65,4.17,3.35,5.95
GJ,Bharuch,Maktampur,Jhagadia,21.74166667,73.20833333,Simodra,"Dug Well",W08373,2003,2.55,7.42,3.88,9.25
GJ,Bharuch,Palej,Vagra,21.725,72.75,Bhensli,"Dug Well",W07801,2003,3.62,4.91,3.35,5.94
GJ,Bharuch,Jambusar,Jambusar,22.05833333,72.59166667,Bhadkodra,"Dug Well",W07795,2003,5.3,'0,6.25,7.64
GJ,Bharuch,Jambusar,Jambusar,22.15833333,72.75833333,Sarod,"Dug Well",W08371,2003,15.9,'0,16.3,'0
GJ,Bharuch,Palej,Vagra,21.675,72.55833333,Dahej,"Dug Well",W07802,2003,'0,7.88,'0,'0
GJ,Bharuch,Palej,Vagra,21.89166667,72.66666667,Gandhar,"Dug Well",W07803,2003,'0,1.35,'0,'0
GJ,Bharuch,Palej,Vagra,21.7625,72.63888889,Kadodara,"Tube Well",W08375,2003,6.45,'0,7.68,9.05
GJ,Bharuch,Palej,Vagra,21.79166667,72.66805556,Nirnavi,"Dug Well",W08377,2003,4.28,1.82,8.5,'0
GJ,Bharuch,Anklesvar,Amod,21.91666667,72.79166667,"Roja tankaria","Dug Well",W08357,2003,11.65,11.9,12.05,12.6
GJ,Bharuch,Jambusar,Jambusar,22.05,72.8,Jambusar-1,"Dug Well",W07797,2003,.65,'0,2.35,'0
GJ,Bharuch,Jambusar,Jambusar,22.05277778,72.80555556,Jambusar-2,"Tube Well",W07796,2003,'0,'0,11.84,12.73
GJ,Bharuch,Bharuch,Bharuch,21.68333333,72.81666667,Kaswa,"Dug Well",W08363,2003,2.55,'0,3.97,9.02
GJ,Bharuch,Bharuch,Bharuch,21.68333333,72.75833333,Mahegam,"Dug Well",W08364,2002,'0,9.51,'0,'0
GJ,Bharuch,Jambusar,Jambusar,22.05277778,72.80555556,Jambusar-2,"Tube Well",W07796,2002,'0,'0,12.27,'0
GJ,Bharuch,Bharuch,Bharuch,21.7,73.00416667,Kaprali,"Dug Well",W08362,2002,8.02,5.35,7.49,8.98
GJ,Bharuch,Bharuch,Bharuch,21.70777778,72.83055556,Navetha,"Dug Well",W08366,2002,6.49,10.9,8.13,7.86
GJ,Bharuch,Bharuch,Bharuch,21.70833333,73,"Bharuch I","Tube Well",W07789,2002,'0,'0,21.02,'0
GJ,Bharuch,"Anklesvar Ina",Anklesvar,21.61666667,72.92361111,Sajod,"Dug Well",W08361,2002,1.18,2.05,1.4,4.4
GJ,Bharuch,"Anklesvar Ina",Anklesvar,21.675,72.975,"Juna borbhata","Dug Well",W07788,2002,5.36,8.15,6,6.32
GJ,Bharuch,"Anklesvar Ina",Anklesvar,21.68333333,73.01944444,Mulad,"Dug Well",W08359,2002,9.09,9.68,7.89,10.88
GJ,Bharuch,"Anklesvar Ina",Anklesvar,21.5375,72.975,Panoli,"Dug Well",W08360,2002,1.28,2.93,2.19,1.98
GJ,Bharuch,"Anklesvar Ina",Anklesvar,21.55555556,72.8875,Motwan,"Dug Well",W08358,2002,1.43,2.4,2,1.64
GJ,Bharuch,Maktampur,Jhagadia,21.69166667,73.3125,Jesajpur,"Dug Cum Bore Well",W07799,2002,5,'0,8.6,'0
GJ,Bharuch,Andada,Valia,21.53333333,73.2875,Mokhdi,"Dug Well",W08353,2002,7.79,6.26,6.62,9.31
GJ,Bharuch,Andada,Valia,21.63333333,73.29583333,Modoliya,"Dug Well",W08352,2002,'0,9.22,'0,'0
GJ,Bharuch,Andada,Valia,21.63333333,73.36666667,Netrang-1,"Dug Well",W08355,2002,'0,5.38,5.83,'0
GJ,Bharuch,Andada,Valia,21.64166667,73.36666667,Netrang-2,"Bore Well",W08354,2002,5.5,7.75,6.87,9.67
GJ,Bharuch,"Bharuch Ina",Hansot,21.52083333,72.82083333,Raymal,"Dug Well",W08367,2002,.85,4.73,1.61,1.32
GJ,Bharuch,"Bharuch Ina",Hansot,21.49166667,72.70833333,Jetpur1,"Dug Well",W07794,2002,3,4.29,3.21,4.5
GJ,Bharuch,Jambusar,Jambusar,21.99166667,72.675,Tankari,"Dug Well",W08372,2002,.91,3.05,2.48,5.78
GJ,Bharuch,Jambusar,Jambusar,22.18472222,72.59722222,Kavi-1,"Dug Well",W08370,2002,9.78,14.05,12.41,'0
GJ,Bharuch,Jambusar,Jambusar,22.01666667,72.75833333,Kalak,"Dug Well",W08369,2002,2.38,'0,'0,'0
GJ,Bharuch,"Bharuch Ina",Hansot,21.45,72.8,Ilav,"Dug Well",W07793,2002,3.3,3.15,5.15,3.27
GJ,Bharuch,Andada,Valia,21.6125,73.43527778,Arethi,"Dug Well",W07786,2002,4.77,6.69,5.9,5.27
GJ,Bharuch,Andada,Valia,21.52916667,73.35416667,Kavachiya,"Dug Well",W08350,2002,3.09,4.5,4.25,5.92
GJ,Bharuch,Andada,Valia,21.58055556,73.06805556,Kondh,"Dug Well",W08351,2002,'0,7.6,7.55,8.94
GJ,Bharuch,"Bharuch Ina",Hansot,21.58333333,72.80833333,Hansot,"Tube Well",W07792,2002,'0,4.77,3.63,3.7
GJ,Bharuch,Maktampur,Jhagadia,21.74166667,73.20833333,Simodra,"Dug Well",W08373,2002,4.77,6.77,6.27,8.98
GJ,Bharuch,Palej,Vagra,21.725,72.75,Bhensli,"Dug Well",W07801,2002,2.82,9.3,4.29,4.36
GJ,Bharuch,Jambusar,Jambusar,22.05833333,72.59166667,Bhadkodra,"Dug Well",W07795,2002,6.06,7.15,6.43,6.15
GJ,Bharuch,Jambusar,Jambusar,22.15833333,72.75833333,Sarod,"Dug Well",W08371,2002,16.59,17.15,16.98,18.18
GJ,Bharuch,Palej,Vagra,21.89166667,72.66666667,Gandhar,"Dug Well",W07803,2002,'0,'0,'0,3.03
GJ,Bharuch,Palej,Vagra,21.7625,72.63888889,Kadodara,"Tube Well",W08375,2002,6.67,'0,8.35,'0
GJ,Bharuch,Palej,Vagra,21.79166667,72.66805556,Nirnavi,"Dug Well",W08377,2002,1.1,'0,'0,3.57
GJ,Bharuch,Anklesvar,Amod,21.91666667,72.79166667,"Roja tankaria","Dug Well",W08357,2002,11.99,11.07,12.13,12.43
GJ,Bharuch,Bharuch,Bharuch,21.68333333,72.81666667,Kaswa,"Dug Well",W08363,2002,2.51,7.95,4.95,7.02
GJ,Bharuch,Bharuch,Bharuch,21.68333333,72.81666667,Kaswa,"Dug Well",W08363,2001,9.73,9.9,7.15,10.31
GJ,Bharuch,"Bharuch Ina",Hansot,21.59166667,72.825,Utraj,"Dug Well",W08368,2001,3.19,.85,'0,4.5
GJ,Bharuch,Bharuch,Bharuch,21.70777778,72.83055556,Navetha,"Dug Well",W08366,2001,9.6,10.55,10.4,12.05
GJ,Bharuch,"Anklesvar Ina",Anklesvar,21.61666667,72.92361111,Sajod,"Dug Well",W08361,2001,4.71,5.26,1.85,5.6
GJ,Bharuch,"Anklesvar Ina",Anklesvar,21.675,72.975,"Juna borbhata","Dug Well",W07788,2001,6.13,6.5,7.87,6.66
GJ,Bharuch,"Anklesvar Ina",Anklesvar,21.68333333,73.01944444,Mulad,"Dug Well",W08359,2001,8.73,9.3,9.3,'0
GJ,Bharuch,"Anklesvar Ina",Anklesvar,21.5375,72.975,Panoli,"Dug Well",W08360,2001,1.65,3.92,2.59,4.2
GJ,Bharuch,"Anklesvar Ina",Anklesvar,21.55555556,72.8875,Motwan,"Dug Well",W08358,2001,1.96,1.95,2.41,2.45
GJ,Bharuch,Maktampur,Jhagadia,21.69166667,73.3125,Jesajpur,"Dug Cum Bore Well",W07799,2001,4.48,'0,'0,'0
GJ,Bharuch,Andada,Valia,21.53333333,73.2875,Mokhdi,"Dug Well",W08353,2001,4.45,9.45,'0,'0
GJ,Bharuch,Andada,Valia,21.63333333,73.29583333,Modoliya,"Dug Well",W08352,2001,6.73,'0,7.78,'0
GJ,Bharuch,Andada,Valia,21.63333333,73.36666667,Netrang-1,"Dug Well",W08355,2001,'0,7.49,5.05,9.2
GJ,Bharuch,Andada,Valia,21.64166667,73.36666667,Netrang-2,"Bore Well",W08354,2001,4.88,'0,6.67,'0
GJ,Bharuch,"Bharuch Ina",Hansot,21.52083333,72.82083333,Raymal,"Dug Well",W08367,2001,'0,5.3,4.63,5.06
GJ,Bharuch,"Bharuch Ina",Hansot,21.49166667,72.70833333,Jetpur1,"Dug Well",W07794,2001,3.38,2.59,4,4.32
GJ,Bharuch,Jambusar,Jambusar,21.99166667,72.675,Tankari,"Dug Well",W08372,2001,1.81,3.55,2.73,5.44
GJ,Bharuch,Jambusar,Jambusar,22.18472222,72.59722222,Kavi-1,"Dug Well",W08370,2001,13.15,12.12,13.85,12.82
GJ,Bharuch,"Bharuch Ina",Hansot,21.45,72.8,Ilav,"Dug Well",W07793,2001,2.98,5.1,2.75,5.37
GJ,Bharuch,Andada,Valia,21.6125,73.43527778,Arethi,"Dug Well",W07786,2001,5.13,7.89,6.2,8.75
GJ,Bharuch,Andada,Valia,21.52916667,73.35416667,Kavachiya,"Dug Well",W08350,2001,3.16,6,4.2,'0
GJ,Bharuch,Andada,Valia,21.58055556,73.06805556,Kondh,"Dug Well",W08351,2001,7.96,7.23,7.5,9.8
GJ,Bharuch,"Bharuch Ina",Hansot,21.58333333,72.80833333,Hansot,"Tube Well",W07792,2001,'0,4,4.45,5.03
GJ,Bharuch,Maktampur,Jhagadia,21.74166667,73.20833333,Simodra,"Dug Well",W08373,2001,3.7,10.36,6.06,9.45
GJ,Bharuch,Palej,Vagra,21.725,72.75,Bhensli,"Dug Well",W07801,2001,4.11,5.72,9.18,6.45
GJ,Bharuch,Jambusar,Jambusar,22.05833333,72.59166667,Bhadkodra,"Dug Well",W07795,2001,'0,6.98,6.85,7.2
GJ,Bharuch,Jambusar,Jambusar,22.15833333,72.75833333,Sarod,"Dug Well",W08371,2001,16.58,16.75,16.8,17.05
GJ,Bharuch,Palej,Vagra,21.7625,72.63888889,Kadodara,"Tube Well",W08375,2001,'0,8.29,'0,'0
GJ,Bharuch,Palej,Vagra,21.79166667,72.66805556,Nirnavi,"Dug Well",W08377,2001,4.8,9.3,'0,'0
GJ,Bharuch,Anklesvar,Amod,21.91666667,72.79166667,"Roja tankaria","Dug Well",W08357,2001,9.77,11.8,10.9,12.13
GJ,Bharuch,Jambusar,Jambusar,22.05,72.8,Jambusar-1,"Dug Well",W07797,2001,'0,8.4,'0,9.2
GJ,Bharuch,Jambusar,Jambusar,22.05277778,72.80555556,Jambusar-2,"Tube Well",W07796,2001,'0,'0,'0,12.42
GJ,Bharuch,Bharuch,Bharuch,21.7,73.00416667,Kaprali,"Dug Well",W08362,2001,'0,9.91,'0,'0
GJ,Bharuch,Bharuch,Bharuch,21.68333333,72.75833333,Mahegam,"Dug Well",W08364,2000,8.95,'0,'0,'0
GJ,Bharuch,Andada,Valia,21.58055556,73.06805556,Kondh,"Dug Well",W08351,2000,9.1,7.87,9.15,8.98
GJ,Bharuch,Bharuch,Bharuch,21.7,73.00416667,Kaprali,"Dug Well",W08362,2000,5.75,9.08,7.84,'0
GJ,Bharuch,Bharuch,Bharuch,21.70777778,72.83055556,Navetha,"Dug Well",W08366,2000,9.56,9.82,10.6,10.25
GJ,Bharuch,Bharuch,Bharuch,21.70833333,73,"Bharuch I","Tube Well",W07789,2000,'0,'0,'0,20.34
GJ,Bharuch,"Anklesvar Ina",Anklesvar,21.61666667,72.92361111,Sajod,"Dug Well",W08361,2000,4.6,4.83,5.05,6.4
GJ,Bharuch,"Anklesvar Ina",Anklesvar,21.675,72.975,"Juna borbhata","Dug Well",W07788,2000,5.32,6.52,6.6,7.65
GJ,Bharuch,"Anklesvar Ina",Anklesvar,21.68333333,73.01944444,Mulad,"Dug Well",W08359,2000,7.6,7.35,8.85,8.95
GJ,Bharuch,"Anklesvar Ina",Anklesvar,21.5375,72.975,Panoli,"Dug Well",W08360,2000,3.52,3.78,3.75,4.15
GJ,Bharuch,"Anklesvar Ina",Anklesvar,21.55555556,72.8875,Motwan,"Dug Well",W08358,2000,1.73,1.97,2.1,1.97
GJ,Bharuch,Maktampur,Jhagadia,21.69166667,73.3125,Jesajpur,"Dug Cum Bore Well",W07799,2000,8.85,'0,9.55,'0
GJ,Bharuch,Andada,Valia,21.53333333,73.2875,Mokhdi,"Dug Well",W08353,2000,6.49,9.09,8.19,'0
GJ,Bharuch,Andada,Valia,21.63333333,73.29583333,Modoliya,"Dug Well",W08352,2000,'0,8.45,'0,'0
GJ,Bharuch,Andada,Valia,21.63333333,73.36666667,Netrang-1,"Dug Well",W08355,2000,5.74,6.91,6.71,7.8
GJ,Bharuch,Andada,Valia,21.64166667,73.36666667,Netrang-2,"Bore Well",W08354,2000,'0,6.61,'0,'0
GJ,Bharuch,"Bharuch Ina",Hansot,21.52083333,72.82083333,Raymal,"Dug Well",W08367,2000,3,3.74,5.55,3.7
GJ,Bharuch,"Bharuch Ina",Hansot,21.49166667,72.70833333,Jetpur1,"Dug Well",W07794,2000,1.85,3.03,2.24,2.68
GJ,Bharuch,Jambusar,Jambusar,21.99166667,72.675,Tankari,"Dug Well",W08372,2000,2.67,'0,4.46,5.9
GJ,Bharuch,Jambusar,Jambusar,22.18472222,72.59722222,Kavi-1,"Dug Well",W08370,2000,11.72,11.62,12.05,10.3
GJ,Bharuch,Jambusar,Jambusar,22.01666667,72.75833333,Kalak,"Dug Well",W08369,2000,'0,4.06,'0,'0
GJ,Bharuch,"Bharuch Ina",Hansot,21.45,72.8,Ilav,"Dug Well",W07793,2000,6.58,6.47,4.55,4.65
GJ,Bharuch,Andada,Valia,21.6125,73.43527778,Arethi,"Dug Well",W07786,2000,6.49,8.53,7.36,8.05
GJ,Bharuch,Andada,Valia,21.52916667,73.35416667,Kavachiya,"Dug Well",W08350,2000,4,4.3,5.1,5.97
GJ,Bharuch,"Bharuch Ina",Hansot,21.58333333,72.80833333,Hansot,"Tube Well",W07792,2000,'0,'0,3.36,3.5
GJ,Bharuch,Maktampur,Jhagadia,21.73333333,73.16666667,Jhagadia,"Dug Well",W07800,2000,'0,8.6,'0,'0
GJ,Bharuch,Maktampur,Jhagadia,21.74166667,73.20833333,Simodra,"Dug Well",W08373,2000,5.58,6.76,6.71,7.5
GJ,Bharuch,Palej,Vagra,21.725,72.75,Bhensli,"Dug Well",W07801,2000,4.72,5.2,5.35,5.33
GJ,Bharuch,Jambusar,Jambusar,22.05833333,72.59166667,Bhadkodra,"Dug Well",W07795,2000,6.27,6.9,7,7.1
GJ,Bharuch,Jambusar,Jambusar,22.15833333,72.75833333,Sarod,"Dug Well",W08371,2000,17,16.28,16.82,16.61
GJ,Bharuch,Palej,Vagra,21.675,72.55833333,Dahej,"Dug Well",W07802,2000,6.54,5.93,'0,'0
GJ,Bharuch,Palej,Vagra,21.89166667,72.66666667,Gandhar,"Dug Well",W07803,2000,1,'0,'0,'0
GJ,Bharuch,Palej,Vagra,21.7625,72.63888889,Kadodara,"Tube Well",W08375,2000,'0,'0,8.37,7.13
GJ,Bharuch,Palej,Vagra,21.79166667,72.66805556,Nirnavi,"Dug Well",W08377,2000,6.88,5.17,10.9,'0
GJ,Bharuch,Anklesvar,Amod,21.91666667,72.79166667,"Roja tankaria","Dug Well",W08357,2000,11.7,11.67,12.55,12
GJ,Bharuch,Jambusar,Jambusar,22.05,72.8,Jambusar-1,"Dug Well",W07797,2000,7.67,'0,8,'0
GJ,Bharuch,Jambusar,Jambusar,22.05277778,72.80555556,Jambusar-2,"Tube Well",W07796,2000,'0,'0,'0,11.65
GJ,Bharuch,"Bharuch Ina",Hansot,21.59166667,72.825,Utraj,"Dug Well",W08368,2000,2.15,3.92,3.54,3.5
GJ,Bharuch,Bharuch,Bharuch,21.68333333,72.81666667,Kaswa,"Dug Well",W08363,2000,10.25,9.78,10.45,'0
GJ,Bharuch,Maktampur,Jhagadia,21.69166667,73.3125,Jesajpur,"Dug Cum Bore Well",W07799,1999,'0,9.03,10,10.5
GJ,Bharuch,Jambusar,Jambusar,22.18472222,72.59722222,Kavi-1,"Dug Well",W08370,1999,11.45,10.2,9.76,10.33
GJ,Bharuch,Bharuch,Bharuch,21.68333333,72.81666667,Kaswa,"Dug Well",W08363,1999,7.83,5.95,8.58,10.2
GJ,Bharuch,Bharuch,Bharuch,21.7,73.00416667,Kaprali,"Dug Well",W08362,1999,14.5,6.76,'0,8.3
GJ,Bharuch,Bharuch,Bharuch,21.70777778,72.83055556,Navetha,"Dug Well",W08366,1999,9.42,8.05,8.9,9.45
GJ,Bharuch,Bharuch,Bharuch,21.70833333,73,"Bharuch I","Tube Well",W07789,1999,'0,19.1,1,20.4
GJ,Bharuch,Jambusar,Jambusar,22.01666667,72.75833333,Kalak,"Dug Well",W08369,1999,3.25,9.75,'0,'0
GJ,Bharuch,"Bharuch Ina",Hansot,21.45,72.8,Ilav,"Dug Well",W07793,1999,3.65,3.45,3.95,4.35
GJ,Bharuch,Andada,Valia,21.6125,73.43527778,Arethi,"Dug Well",W07786,1999,7.88,6.23,6.12,7.65
GJ,Bharuch,Andada,Valia,21.52916667,73.35416667,Kavachiya,"Dug Well",W08350,1999,4.38,3.73,4,5.6
GJ,Bharuch,Andada,Valia,21.53333333,73.2875,Mokhdi,"Dug Well",W08353,1999,7.21,5.3,6.31,8.89
GJ,Bharuch,Andada,Valia,21.63333333,73.29583333,Modoliya,"Dug Well",W08352,1999,6.78,5.08,7.47,8.18
GJ,Bharuch,Andada,Valia,21.63333333,73.36666667,Netrang-1,"Dug Well",W08355,1999,4.1,3.97,5.12,10.25
GJ,Bharuch,Andada,Valia,21.64166667,73.36666667,Netrang-2,"Bore Well",W08354,1999,5.64,7,1,10
GJ,Bharuch,Andada,Valia,21.57083333,73.15833333,Valia,"Dug Well",W08356,1999,11.6,'0,'0,'0
GJ,Bharuch,"Bharuch Ina",Hansot,21.52083333,72.82083333,Raymal,"Dug Well",W08367,1999,3.5,3.72,3.6,4.37
GJ,Bharuch,"Bharuch Ina",Hansot,21.49166667,72.70833333,Jetpur1,"Dug Well",W07794,1999,3.7,1.9,3.07,3.47
GJ,Bharuch,"Anklesvar Ina",Anklesvar,21.61666667,72.92361111,Sajod,"Dug Well",W08361,1999,1.25,4.64,4.76,5.38
GJ,Bharuch,"Anklesvar Ina",Anklesvar,21.675,72.975,"Juna borbhata","Dug Well",W07788,1999,6.35,5.64,6.2,7.5
GJ,Bharuch,"Anklesvar Ina",Anklesvar,21.68333333,73.01944444,Mulad,"Dug Well",W08359,1999,7.5,5.95,5.7,9.6
GJ,Bharuch,"Anklesvar Ina",Anklesvar,21.5375,72.975,Panoli,"Dug Well",W08360,1999,3.25,3.45,3.25,4.35
GJ,Bharuch,"Anklesvar Ina",Anklesvar,21.55555556,72.8875,Motwan,"Dug Well",W08358,1999,1.9,1.98,1.88,2.7
GJ,Bharuch,Palej,Vagra,21.675,72.55833333,Dahej,"Dug Well",W07802,1999,7.35,'0,'0,'0
GJ,Bharuch,Palej,Vagra,21.89166667,72.66666667,Gandhar,"Dug Well",W07803,1999,7.02,'0,'0,'0
GJ,Bharuch,Palej,Vagra,21.79166667,72.66805556,Nirnavi,"Dug Well",W08377,1999,9.4,6.6,7.4,10.6
GJ,Bharuch,Anklesvar,Amod,21.91666667,72.79166667,"Roja tankaria","Dug Well",W08357,1999,10.71,'0,11.1,'0
GJ,Bharuch,Jambusar,Jambusar,22.05,72.8,Jambusar-1,"Dug Well",W07797,1999,13.83,'0,'0,'0
GJ,Bharuch,Jambusar,Jambusar,22.05277778,72.80555556,Jambusar-2,"Tube Well",W07796,1999,10.8,10.54,1,10.76
GJ,Bharuch,"Bharuch Ina",Hansot,21.59166667,72.825,Utraj,"Dug Well",W08368,1999,2.8,1.68,3.53,3.95
GJ,Bharuch,Andada,Valia,21.58055556,73.06805556,Kondh,"Dug Well",W08351,1999,7.7,6.2,7.62,7.55
GJ,Bharuch,Maktampur,Jhagadia,21.73333333,73.16666667,Jhagadia,"Dug Well",W07800,1999,8.91,5.93,7.9,7.85
GJ,Bharuch,Maktampur,Jhagadia,21.74166667,73.20833333,Simodra,"Dug Well",W08373,1999,5.3,3.5,6.12,6.8
GJ,Bharuch,Palej,Vagra,21.725,72.75,Bhensli,"Dug Well",W07801,1999,5.75,4.4,3.62,4.9
GJ,Bharuch,Anklesvar,Amod,21.99444444,72.875,Amod,"Dug Well",W07787,1999,18.3,'0,'0,'0
GJ,Bharuch,Jambusar,Jambusar,22.05833333,72.59166667,Bhadkodra,"Dug Well",W07795,1999,6.53,5.18,6.95,6
GJ,Bharuch,Jambusar,Jambusar,22.15833333,72.75833333,Sarod,"Dug Well",W08371,1999,16.48,14.46,16.23,15.43
GJ,Bharuch,Jambusar,Jambusar,21.99166667,72.675,Tankari,"Dug Well",W08372,1999,3.2,.95,4.58,3.45
GJ,Bharuch,Bharuch,Bharuch,21.68333333,72.75833333,Mahegam,"Dug Well",W08364,1999,8,7.34,'0,8
GJ,Bharuch,Maktampur,Jhagadia,21.69166667,73.3125,Jesajpur,"Dug Cum Bore Well",W07799,1998,6.18,'0,8.12,9.3
GJ,Bharuch,Bharuch,Bharuch,21.68333333,72.75833333,Mahegam,"Dug Well",W08364,1998,6.72,'0,6.8,11.33
GJ,Bharuch,Bharuch,Bharuch,21.68333333,72.81666667,Kaswa,"Dug Well",W08363,1998,6.25,7.85,5.32,10.35
GJ,Bharuch,Bharuch,Bharuch,21.7,73.00416667,Kaprali,"Dug Well",W08362,1998,7.1,14.5,6.3,9.85
GJ,Bharuch,Bharuch,Bharuch,21.70416667,72.9125,Hinglot,"Dug Well",W07791,1998,'0,13.55,'0,13.55
GJ,Bharuch,Bharuch,Bharuch,21.70777778,72.83055556,Navetha,"Dug Well",W08366,1998,5.18,9.4,7.53,10.5
GJ,Bharuch,Bharuch,Bharuch,21.70833333,73,"Bharuch I","Tube Well",W07789,1998,'0,'0,18.49,'0
GJ,Bharuch,"Bharuch Ina",Hansot,21.45,72.8,Ilav,"Dug Well",W07793,1998,'0,6.11,2.65,4.75
GJ,Bharuch,Andada,Valia,21.6125,73.43527778,Arethi,"Dug Well",W07786,1998,4.83,8.45,5.9,7.47
GJ,Bharuch,Andada,Valia,21.52916667,73.35416667,Kavachiya,"Dug Well",W08350,1998,2.9,4.27,5.55,5.72
GJ,Bharuch,Andada,Valia,21.53333333,73.2875,Mokhdi,"Dug Well",W08353,1998,5.44,6.06,4.34,9.89
GJ,Bharuch,Andada,Valia,21.63333333,73.29583333,Modoliya,"Dug Well",W08352,1998,4.88,6.5,4.45,7.88
GJ,Bharuch,Andada,Valia,21.63333333,73.36666667,Netrang-1,"Dug Well",W08355,1998,'0,7.75,2.78,10.06
GJ,Bharuch,Andada,Valia,21.64166667,73.36666667,Netrang-2,"Bore Well",W08354,1998,4.42,'0,6.13,'0
GJ,Bharuch,Andada,Valia,21.57083333,73.15833333,Valia,"Dug Well",W08356,1998,'0,11.6,11.6,11.6
GJ,Bharuch,"Bharuch Ina",Hansot,21.52083333,72.82083333,Raymal,"Dug Well",W08367,1998,3.3,3.5,3.55,6.07
GJ,Bharuch,"Bharuch Ina",Hansot,21.49166667,72.70833333,Jetpur1,"Dug Well",W07794,1998,1.65,3.66,1.85,3.45
GJ,Bharuch,"Anklesvar Ina",Anklesvar,21.61666667,72.92361111,Sajod,"Dug Well",W08361,1998,4.5,1.56,4.5,1.98
GJ,Bharuch,"Anklesvar Ina",Anklesvar,21.675,72.975,"Juna borbhata","Dug Well",W07788,1998,5.5,8.07,6.05,7.7
GJ,Bharuch,"Anklesvar Ina",Anklesvar,21.68333333,73.01944444,Mulad,"Dug Well",W08359,1998,7.65,'0,5.3,9.5
GJ,Bharuch,"Anklesvar Ina",Anklesvar,21.5375,72.975,Panoli,"Dug Well",W08360,1998,3.45,4.45,3.1,4.75
GJ,Bharuch,"Anklesvar Ina",Anklesvar,21.55555556,72.8875,Motwan,"Dug Well",W08358,1998,1.7,2.45,2,2.53
GJ,Bharuch,Maktampur,Jhagadia,21.63333333,73.15694444,Talodra,"Dug Well",W08374,1998,'0,10.8,'0,10.8
GJ,Bharuch,Palej,Vagra,21.675,72.55833333,Dahej,"Dug Well",W07802,1998,8.2,7.2,8.2,8.2
GJ,Bharuch,Palej,Vagra,21.89166667,72.66666667,Gandhar,"Dug Well",W07803,1998,'0,7.02,7.02,7.02
GJ,Bharuch,Palej,Vagra,21.79166667,72.66805556,Nirnavi,"Dug Well",W08377,1998,1.6,9.38,6.7,10.53
GJ,Bharuch,Anklesvar,Amod,21.91666667,72.79166667,"Roja tankaria","Dug Well",W08357,1998,'0,10.8,'0,10.67
GJ,Bharuch,Jambusar,Jambusar,22.05,72.8,Jambusar-1,"Dug Well",W07797,1998,7.37,13.83,'0,8.42
GJ,Bharuch,"Bharuch Ina",Hansot,21.59166667,72.825,Utraj,"Dug Well",W08368,1998,'0,7.36,3.3,3.76
GJ,Bharuch,Andada,Valia,21.58055556,73.06805556,Kondh,"Dug Well",W08351,1998,8.65,.7,6.05,10.06
GJ,Bharuch,Maktampur,Jhagadia,21.73333333,73.16666667,Jhagadia,"Dug Well",W07800,1998,4,8.24,5.43,11.03
GJ,Bharuch,Maktampur,Jhagadia,21.74166667,73.20833333,Simodra,"Dug Well",W08373,1998,4,4.95,3.05,7.15
GJ,Bharuch,Palej,Vagra,21.725,72.75,Bhensli,"Dug Well",W07801,1998,3.4,5.88,3.07,6.02
GJ,Bharuch,Anklesvar,Amod,21.99444444,72.875,Amod,"Dug Well",W07787,1998,'0,18.3,15,18.3
GJ,Bharuch,Jambusar,Jambusar,22.05833333,72.59166667,Bhadkodra,"Dug Well",W07795,1998,5.6,6.6,4.6,6.8
GJ,Bharuch,Jambusar,Jambusar,22.15833333,72.75833333,Sarod,"Dug Well",W08371,1998,'0,16.4,15.1,16.4
GJ,Bharuch,Jambusar,Jambusar,21.99166667,72.675,Tankari,"Dug Well",W08372,1998,1.32,2.74,1.2,4.9
GJ,Bharuch,Jambusar,Jambusar,22.18472222,72.59722222,Kavi-1,"Dug Well",W08370,1998,7.64,11.45,8.9,8.68
GJ,Bharuch,Jambusar,Jambusar,22.01666667,72.75833333,Kalak,"Dug Well",W08369,1998,4.7,3.35,5.77,6.53
GJ,Bharuch,Bharuch,Bharuch,21.68333333,72.75833333,Mahegam,"Dug Well",W08364,1997,'0,8.2,7.6,8
GJ,Bharuch,Jambusar,Jambusar,22.01666667,72.75833333,Kalak,"Dug Well",W08369,1997,3.61,'0,'0,9.75
GJ,Bharuch,Bharuch,Bharuch,21.7,73.00416667,Kaprali,"Dug Well",W08362,1997,4.51,6.82,7.95,9.84
GJ,Bharuch,Bharuch,Bharuch,21.70416667,72.9125,Hinglot,"Dug Well",W07791,1997,13.55,'0,'0,'0
GJ,Bharuch,Bharuch,Bharuch,21.70777778,72.83055556,Navetha,"Dug Well",W08366,1997,7.44,10.07,8.2,11.09
GJ,Bharuch,"Bharuch Ina",Hansot,21.45,72.8,Ilav,"Dug Well",W07793,1997,3.63,4.4,'0,8.94
GJ,Bharuch,Andada,Valia,21.6125,73.43527778,Arethi,"Dug Well",W07786,1997,3.29,6.38,6.15,6.69
GJ,Bharuch,Andada,Valia,21.52916667,73.35416667,Kavachiya,"Dug Well",W08350,1997,2.18,4.48,4.1,5.85
GJ,Bharuch,Andada,Valia,21.53333333,73.2875,Mokhdi,"Dug Well",W08353,1997,'0,6,'0,10.5
GJ,Bharuch,Andada,Valia,21.63333333,73.29583333,Modoliya,"Dug Well",W08352,1997,4.04,6.13,5.36,7.54
GJ,Bharuch,Andada,Valia,21.63333333,73.36666667,Netrang-1,"Dug Well",W08355,1997,.71,4.38,'0,6.58
GJ,Bharuch,Andada,Valia,21.57083333,73.15833333,Valia,"Dug Well",W08356,1997,11.6,11.6,'0,11.6
GJ,Bharuch,"Bharuch Ina",Hansot,21.52083333,72.82083333,Raymal,"Dug Well",W08367,1997,2.51,4.25,3.7,4.79
GJ,Bharuch,"Bharuch Ina",Hansot,21.49166667,72.70833333,Jetpur1,"Dug Well",W07794,1997,1.48,2.3,2.9,6.51
GJ,Bharuch,"Anklesvar Ina",Anklesvar,21.61666667,72.92361111,Sajod,"Dug Well",W08361,1997,'0,6.51,'0,1.62
GJ,Bharuch,"Anklesvar Ina",Anklesvar,21.675,72.975,"Juna borbhata","Dug Well",W07788,1997,5.88,7.41,5.7,7.96
GJ,Bharuch,"Anklesvar Ina",Anklesvar,21.68333333,73.01944444,Mulad,"Dug Well",W08359,1997,6.78,7.6,6.9,8.9
GJ,Bharuch,"Anklesvar Ina",Anklesvar,21.5375,72.975,Panoli,"Dug Well",W08360,1997,4.09,4.1,4.05,4.94
GJ,Bharuch,"Anklesvar Ina",Anklesvar,21.55555556,72.8875,Motwan,"Dug Well",W08358,1997,1.88,2.65,2.46,3.49
GJ,Bharuch,Maktampur,Jhagadia,21.63333333,73.15694444,Talodra,"Dug Well",W08374,1997,'0,'0,'0,10.8
GJ,Bharuch,Maktampur,Jhagadia,21.69166667,73.3125,Jesajpur,"Dug Cum Bore Well",W07799,1997,4.53,8.65,7.3,'0
GJ,Bharuch,Palej,Vagra,21.675,72.55833333,Dahej,"Dug Well",W07802,1997,6.28,8.36,'0,6.78
GJ,Bharuch,Palej,Vagra,21.89166667,72.66666667,Gandhar,"Dug Well",W07803,1997,2.96,5.01,2.3,'0
GJ,Bharuch,Palej,Vagra,21.79166667,72.66805556,Nirnavi,"Dug Well",W08377,1997,.93,8.67,8.6,9.79
GJ,Bharuch,Anklesvar,Amod,21.91666667,72.79166667,"Roja tankaria","Dug Well",W08357,1997,13.07,10.3,10.45,13.8
GJ,Bharuch,Jambusar,Jambusar,22.05,72.8,Jambusar-1,"Dug Well",W07797,1997,8.52,9,7.65,13.83
GJ,Bharuch,"Bharuch Ina",Hansot,21.59166667,72.825,Utraj,"Dug Well",W08368,1997,2.86,3.62,3.5,7.17
GJ,Bharuch,Andada,Valia,21.58055556,73.06805556,Kondh,"Dug Well",W08351,1997,8.55,7.04,7.55,8.87
GJ,Bharuch,Maktampur,Jhagadia,21.73333333,73.16666667,Jhagadia,"Dug Well",W07800,1997,6.78,9.05,6.4,11.03
GJ,Bharuch,Maktampur,Jhagadia,21.74166667,73.20833333,Simodra,"Dug Well",W08373,1997,2.38,6.04,3.9,7.84
GJ,Bharuch,Palej,Vagra,21.725,72.75,Bhensli,"Dug Well",W07801,1997,3.15,5.6,4.85,6.95
GJ,Bharuch,Anklesvar,Amod,21.99444444,72.875,Amod,"Dug Well",W07787,1997,18.3,18.3,17,18.3
GJ,Bharuch,Jambusar,Jambusar,22.05833333,72.59166667,Bhadkodra,"Dug Well",W07795,1997,5.72,5.85,5.9,7.46
GJ,Bharuch,Jambusar,Jambusar,22.15833333,72.75833333,Sarod,"Dug Well",W08371,1997,16.12,16.02,15.9,18.74
GJ,Bharuch,Jambusar,Jambusar,21.99166667,72.675,Tankari,"Dug Well",W08372,1997,1.26,3.39,2.2,5.85
GJ,Bharuch,Jambusar,Jambusar,22.18472222,72.59722222,Kavi-1,"Dug Well",W08370,1997,6.85,10.55,9.5,11.73
GJ,Bharuch,Bharuch,Bharuch,21.68333333,72.81666667,Kaswa,"Dug Well",W08363,1997,4.59,8.45,10.25,11.05
GJ,Bharuch,Bharuch,Bharuch,21.68333333,72.75833333,Mahegam,"Dug Well",W08364,1996,'0,7.4,7.61,7.63
GJ,Bharuch,Jambusar,Jambusar,22.01666667,72.75833333,Kalak,"Dug Well",W08369,1996,'0,9.43,9.75,9.75
GJ,Bharuch,Bharuch,Bharuch,21.7,73.00416667,Kaprali,"Dug Well",W08362,1996,3.54,8.7,6.04,9.24
GJ,Bharuch,Bharuch,Bharuch,21.70416667,72.9125,Hinglot,"Dug Well",W07791,1996,'0,11.32,13.55,'0
GJ,Bharuch,Bharuch,Bharuch,21.70777778,72.83055556,Navetha,"Dug Well",W08366,1996,8.73,8.6,9.51,10.42
GJ,Bharuch,"Bharuch Ina",Hansot,21.45,72.8,Ilav,"Dug Well",W07793,1996,3.97,4.95,4.2,4.1
GJ,Bharuch,Andada,Valia,21.6125,73.43527778,Arethi,"Dug Well",W07786,1996,4.53,6.95,5.6,7
GJ,Bharuch,Andada,Valia,21.52916667,73.35416667,Kavachiya,"Dug Well",W08350,1996,2.86,6.6,3.6,6.4
GJ,Bharuch,Andada,Valia,21.53333333,73.2875,Mokhdi,"Dug Well",W08353,1996,5.15,7.44,6.23,8.78
GJ,Bharuch,Andada,Valia,21.63333333,73.29583333,Modoliya,"Dug Well",W08352,1996,4.76,6.17,5.57,7.42
GJ,Bharuch,Andada,Valia,21.63333333,73.36666667,Netrang-1,"Dug Well",W08355,1996,2.79,9.35,1.64,6.8
GJ,Bharuch,Andada,Valia,21.57083333,73.15833333,Valia,"Dug Well",W08356,1996,'0,11.31,11.6,11.6
GJ,Bharuch,"Bharuch Ina",Hansot,21.52083333,72.82083333,Raymal,"Dug Well",W08367,1996,3.22,4.3,'0,5.08
GJ,Bharuch,"Bharuch Ina",Hansot,21.49166667,72.70833333,Jetpur1,"Dug Well",W07794,1996,2.35,3.05,2.4,3.68
GJ,Bharuch,"Anklesvar Ina",Anklesvar,21.61666667,72.92361111,Sajod,"Dug Well",W08361,1996,5.1,8,5.16,2.4
GJ,Bharuch,"Anklesvar Ina",Anklesvar,21.675,72.975,"Juna borbhata","Dug Well",W07788,1996,4.17,7.32,5.83,8.55
GJ,Bharuch,"Anklesvar Ina",Anklesvar,21.68333333,73.01944444,Mulad,"Dug Well",W08359,1996,4.9,7.2,5.92,9.9
GJ,Bharuch,"Anklesvar Ina",Anklesvar,21.5375,72.975,Panoli,"Dug Well",W08360,1996,3.52,3.6,3.91,5.08
GJ,Bharuch,"Anklesvar Ina",Anklesvar,21.55555556,72.8875,Motwan,"Dug Well",W08358,1996,1.8,1.48,3,2.75
GJ,Bharuch,Maktampur,Jhagadia,21.63333333,73.15694444,Talodra,"Dug Well",W08374,1996,10.8,'0,'0,10.8
GJ,Bharuch,Maktampur,Jhagadia,21.69166667,73.3125,Jesajpur,"Dug Cum Bore Well",W07799,1996,6,'0,7.16,'0
GJ,Bharuch,Palej,Vagra,21.675,72.55833333,Dahej,"Dug Well",W07802,1996,6.32,9,7.5,9.67
GJ,Bharuch,Palej,Vagra,21.89166667,72.66666667,Gandhar,"Dug Well",W07803,1996,'0,7.02,4.4,7.02
GJ,Bharuch,Palej,Vagra,21.79166667,72.66805556,Nirnavi,"Dug Well",W08377,1996,1.8,9.1,8.4,10.58
GJ,Bharuch,Anklesvar,Amod,21.91666667,72.79166667,"Roja tankaria","Dug Well",W08357,1996,8.5,10.73,10,10.44
GJ,Bharuch,Jambusar,Jambusar,22.05,72.8,Jambusar-1,"Dug Well",W07797,1996,'0,8.72,8.64,9.25
GJ,Bharuch,"Bharuch Ina",Hansot,21.59166667,72.825,Utraj,"Dug Well",W08368,1996,.99,4.1,1.6,4.97
GJ,Bharuch,Andada,Valia,21.58055556,73.06805556,Kondh,"Dug Well",W08351,1996,7.87,7.4,7,9.04
GJ,Bharuch,Maktampur,Jhagadia,21.73333333,73.16666667,Jhagadia,"Dug Well",W07800,1996,8.1,8,8.68,9.27
GJ,Bharuch,Maktampur,Jhagadia,21.74166667,73.20833333,Simodra,"Dug Well",W08373,1996,3.86,5.79,5.41,7.43
GJ,Bharuch,Palej,Vagra,21.725,72.75,Bhensli,"Dug Well",W07801,1996,3.53,7.1,5.1,7.52
GJ,Bharuch,Anklesvar,Amod,21.99444444,72.875,Amod,"Dug Well",W07787,1996,16.92,16.4,18.3,18.3
GJ,Bharuch,Jambusar,Jambusar,22.05833333,72.59166667,Bhadkodra,"Dug Well",W07795,1996,5.57,5.93,6.2,7.27
GJ,Bharuch,Jambusar,Jambusar,22.15833333,72.75833333,Sarod,"Dug Well",W08371,1996,14,14.3,15.8,15.48
GJ,Bharuch,Jambusar,Jambusar,21.99166667,72.675,Tankari,"Dug Well",W08372,1996,3.37,3.85,3.66,10.44
GJ,Bharuch,Jambusar,Jambusar,22.18472222,72.59722222,Kavi-1,"Dug Well",W08370,1996,10.3,1.17,8.75,11.95
GJ,Bharuch,Bharuch,Bharuch,21.68333333,72.81666667,Kaswa,"Dug Well",W08363,1996,7.37,7.95,7.8,8.42
