STATE,DISTRICT,TEH_NAME,BLOCK_NAME,LAT,LON,SITE_NAME,SITE_TYPE,WLCODE,YEAR_OBS,MONSOON,POMRB,POMKH,PREMON
GJ,"The Dangs","The Dangs","The Dangs",20.64583333,73.79166667,Dhumkal,"Dug Well",W08151,2018,'0,1.39,'0,'0
GJ,"The Dangs","The Dangs","The Dangs",20.87833333,73.51833333,"Vazat Amba","Dug Well",W26765,2018,'0,'0,'0,6.78
GJ,"The Dangs","The Dangs","The Dangs",20.64583333,73.79166667,Dhumkal,"Dug Well",W08151,2018,'0,'0,'0,3.2
GJ,"The Dangs","The Dangs","The Dangs",20.65833333,73.6875,Chikhli,"Dug Well",W08148,2018,'0,'0,'0,9.75
GJ,"The Dangs","The Dangs","The Dangs",20.8,73.7375,Ghubita,"Dug Well",W08153,2018,'0,.87,'0,'0
GJ,"The Dangs","The Dangs","The Dangs",20.8,73.7375,Ghubita,"Dug Well",W08153,2018,'0,'0,'0,2.05
GJ,"The Dangs","The Dangs","The Dangs",20.86666667,73.61666667,Sodmal,"Dug Well",W08953,2018,'0,3.94,'0,'0
GJ,"The Dangs","The Dangs","The Dangs",20.80416667,73.6125,"Nadak khadi","Dug Well",W08951,2018,'0,2.14,'0,'0
GJ,"The Dangs","The Dangs","The Dangs",20.80416667,73.6125,"Nadak khadi","Dug Well",W08951,2018,'0,'0,'0,5.87
GJ,"The Dangs","The Dangs","The Dangs",20.92222222,73.58055556,Subir,"Dug Well",W08954,2018,'0,'0,'0,7.5
GJ,"The Dangs","The Dangs","The Dangs",20.86666667,73.61666667,Sodmal,"Dug Well",W08953,2018,'0,'0,'0,12.4
GJ,"The Dangs","The Dangs","The Dangs",20.92083333,73.58055556,Kalibel,"Dug Well",W08947,2018,'0,'0,'0,3.05
GJ,"The Dangs","The Dangs","The Dangs",20.92083333,73.58055556,Kalibel,"Dug Well",W08947,2018,'0,1.31,'0,'0
GJ,"The Dangs","The Dangs","The Dangs",20.92222222,73.58055556,Subir,"Dug Well",W08954,2018,'0,2.44,'0,'0
GJ,"The Dangs","The Dangs","The Dangs",20.68333333,73.725,Umberpada,"Dug Well",W08955,2018,'0,2.99,'0,'0
GJ,"The Dangs","The Dangs","The Dangs",20.68333333,73.725,Umberpada,"Dug Well",W08955,2018,'0,'0,'0,5.53
GJ,"The Dangs","The Dangs","The Dangs",20.80833333,73.55277778,Chinchnogaotha,"Dug Well",W08149,2018,'0,2.6,'0,'0
GJ,"The Dangs","The Dangs","The Dangs",20.80833333,73.55277778,Chinchnogaotha,"Dug Well",W08149,2018,'0,'0,'0,6.91
GJ,"The Dangs","The Dangs","The Dangs",20.6,73.74583333,Malegaon,"Dug Well",W08949,2018,'0,.59,'0,'0
GJ,"The Dangs","The Dangs","The Dangs",20.6,73.74583333,Malegaon,"Dug Well",W08949,2018,'0,'0,'0,5.83
GJ,"The Dangs","The Dangs","The Dangs",20.7,73.58333333,"Nana pada","Dug Well",W08952,2018,'0,3.13,'0,'0
GJ,"The Dangs","The Dangs","The Dangs",20.7,73.58333333,"Nana pada","Dug Well",W08952,2018,'0,'0,'0,7.73
GJ,"The Dangs","The Dangs","The Dangs",20.75833333,73.68333333,Ahwa-1,"Dug Well",W08143,2018,'0,1.48,'0,'0
GJ,"The Dangs","The Dangs","The Dangs",20.75833333,73.68333333,Ahwa-1,"Dug Well",W08143,2018,'0,'0,'0,4.8
GJ,"The Dangs","The Dangs","The Dangs",20.75888889,73.68611111,Ahwa-2,"Bore Well",W08142,2018,'0,1.8,'0,'0
GJ,"The Dangs","The Dangs","The Dangs",20.75888889,73.68611111,Ahwa-2,"Bore Well",W08142,2018,'0,'0,'0,3.1
GJ,"The Dangs","The Dangs","The Dangs",20.63333333,73.74583333,Jakana,"Dug Well",W08154,2018,'0,1.71,'0,'0
GJ,"The Dangs","The Dangs","The Dangs",20.63333333,73.74583333,Jakana,"Dug Well",W08154,2018,'0,'0,'0,11.65
GJ,"The Dangs","The Dangs","The Dangs",20.6375,73.775,Chinchpada,"Dug Well",W08150,2018,'0,2.36,'0,'0
GJ,"The Dangs","The Dangs","The Dangs",20.6375,73.775,Chinchpada,"Dug Well",W08150,2018,'0,'0,'0,7.3
GJ,"The Dangs","The Dangs","The Dangs",20.91666667,73.67916667,Mahal,"Dug Well",W08948,2018,'0,3.26,'0,'0
GJ,"The Dangs","The Dangs","The Dangs",20.91666667,73.67916667,Mahal,"Dug Well",W08948,2018,'0,'0,'0,4.3
GJ,"The Dangs","The Dangs","The Dangs",20.69166667,73.61666667,Aherdi,"Dug Well",W08141,2018,'0,2.68,'0,'0
GJ,"The Dangs","The Dangs","The Dangs",20.6375,73.775,Gadad,"Dug Well",W26622,2018,'0,'0,'0,5.15
GJ,"The Dangs","The Dangs","The Dangs",20.64,73.69138889,"Bari Pada","Dug Well",W26624,2018,'0,'0,'0,13.15
GJ,"The Dangs","The Dangs","The Dangs",20.71944444,73.55694444,Sakarpatal,"Dug Well",W26668,2018,'0,2,'0,'0
GJ,"The Dangs","The Dangs","The Dangs",20.71944444,73.55694444,Sakarpatal,"Dug Well",W26668,2018,'0,'0,'0,5.95
GJ,"The Dangs","The Dangs","The Dangs",20.73166667,73.52055556,Jamalpada,"Dug Well",W26675,2018,'0,5.35,'0,'0
GJ,"The Dangs","The Dangs","The Dangs",20.73166667,73.52055556,Jamalpada,"Dug Well",W26675,2018,'0,'0,'0,7.05
GJ,"The Dangs","The Dangs","The Dangs",20.76388889,73.50444444,Vaghai,"Dug Well",W26697,2018,'0,'0,'0,12.1
GJ,"The Dangs","The Dangs","The Dangs",20.81083333,73.50305556,"Bori Gaotha 1","Dug Well",W26722,2018,'0,5.58,'0,'0
GJ,"The Dangs","The Dangs","The Dangs",20.81083333,73.50305556,"Bori Gaotha 1","Dug Well",W26722,2018,'0,'0,'0,9.45
GJ,"The Dangs","The Dangs","The Dangs",20.87833333,73.51833333,"Vazat Amba","Dug Well",W26765,2018,'0,4.24,'0,'0
GJ,"The Dangs","The Dangs","The Dangs",20.65833333,73.6875,Chikhli,"Dug Well",W08148,2018,'0,1.18,'0,'0
GJ,"The Dangs","The Dangs","The Dangs",20.64583333,73.79166667,Dhumkal,"Dug Well",W08151,2017,1.26,1.15,'0,3.95
GJ,"The Dangs","The Dangs","The Dangs",20.87833333,73.51833333,"Vazat Amba","Dug Well",W26765,2017,'0,'0,5,'0
GJ,"The Dangs","The Dangs","The Dangs",20.8,73.7375,Ghubita,"Dug Well",W08153,2017,.52,3.35,'0,2.53
GJ,"The Dangs","The Dangs","The Dangs",20.64583333,73.79166667,Dhumkal,"Dug Well",W08151,2017,'0,'0,2.2,'0
GJ,"The Dangs","The Dangs","The Dangs",20.65833333,73.6875,Chikhli,"Dug Well",W08148,2017,'0,'0,1,'0
GJ,"The Dangs","The Dangs","The Dangs",20.8,73.7375,Ghubita,"Dug Well",W08153,2017,'0,'0,.3,'0
GJ,"The Dangs","The Dangs","The Dangs",20.86666667,73.61666667,Sodmal,"Dug Well",W08953,2017,1.25,4.63,'0,12.32
GJ,"The Dangs","The Dangs","The Dangs",20.80416667,73.6125,"Nadak khadi","Dug Well",W08951,2017,.72,1.98,'0,6.61
GJ,"The Dangs","The Dangs","The Dangs",20.80416667,73.6125,"Nadak khadi","Dug Well",W08951,2017,'0,'0,.95,'0
GJ,"The Dangs","The Dangs","The Dangs",20.92083333,73.58055556,Kalibel,"Dug Well",W08947,2017,.95,1.4,'0,3.52
GJ,"The Dangs","The Dangs","The Dangs",20.92222222,73.58055556,Subir,"Dug Well",W08954,2017,.78,2.37,'0,6.8
GJ,"The Dangs","The Dangs","The Dangs",20.86666667,73.61666667,Sodmal,"Dug Well",W08953,2017,'0,'0,1.8,'0
GJ,"The Dangs","The Dangs","The Dangs",20.92083333,73.58055556,Kalibel,"Dug Well",W08947,2017,'0,'0,.8,'0
GJ,"The Dangs","The Dangs","The Dangs",20.92222222,73.58055556,Subir,"Dug Well",W08954,2017,'0,'0,1,'0
GJ,"The Dangs","The Dangs","The Dangs",20.68333333,73.725,Umberpada,"Dug Well",W08955,2017,.65,3.1,'0,5.35
GJ,"The Dangs","The Dangs","The Dangs",20.68333333,73.725,Umberpada,"Dug Well",W08955,2017,'0,'0,1.35,'0
GJ,"The Dangs","The Dangs","The Dangs",20.80833333,73.55277778,Chinchnogaotha,"Dug Well",W08149,2017,1.31,2.36,'0,7.04
GJ,"The Dangs","The Dangs","The Dangs",20.80833333,73.55277778,Chinchnogaotha,"Dug Well",W08149,2017,'0,'0,2.41,'0
GJ,"The Dangs","The Dangs","The Dangs",20.6,73.74583333,Malegaon,"Dug Well",W08949,2017,.25,'0,'0,5.95
GJ,"The Dangs","The Dangs","The Dangs",20.6,73.74583333,Malegaon,"Dug Well",W08949,2017,'0,'0,.2,'0
GJ,"The Dangs","The Dangs","The Dangs",20.7,73.58333333,"Nana pada","Dug Well",W08952,2017,1.33,9.18,'0,10.88
GJ,"The Dangs","The Dangs","The Dangs",20.7,73.58333333,"Nana pada","Dug Well",W08952,2017,'0,'0,2.58,'0
GJ,"The Dangs","The Dangs","The Dangs",20.75833333,73.68333333,Ahwa-1,"Dug Well",W08143,2017,.96,2.57,'0,3.44
GJ,"The Dangs","The Dangs","The Dangs",20.75833333,73.68333333,Ahwa-1,"Dug Well",W08143,2017,'0,'0,.7,'0
GJ,"The Dangs","The Dangs","The Dangs",20.75888889,73.68611111,Ahwa-2,"Bore Well",W08142,2017,2.8,2.5,'0,3.4
GJ,"The Dangs","The Dangs","The Dangs",20.75888889,73.68611111,Ahwa-2,"Bore Well",W08142,2017,'0,'0,2.2,'0
GJ,"The Dangs","The Dangs","The Dangs",20.76805556,73.54166667,Bhenskatri,"Dug Well",W08146,2017,'0,'0,8,'0
GJ,"The Dangs","The Dangs","The Dangs",20.63333333,73.74583333,Jakana,"Dug Well",W08154,2017,1.79,1.57,'0,10.35
GJ,"The Dangs","The Dangs","The Dangs",20.63333333,73.74583333,Jakana,"Dug Well",W08154,2017,'0,'0,1.55,'0
GJ,"The Dangs","The Dangs","The Dangs",20.6375,73.775,Chinchpada,"Dug Well",W08150,2017,1.05,2.24,'0,'0
GJ,"The Dangs","The Dangs","The Dangs",20.6375,73.775,Chinchpada,"Dug Well",W08150,2017,'0,'0,1.1,'0
GJ,"The Dangs","The Dangs","The Dangs",20.91666667,73.67916667,Mahal,"Dug Well",W08948,2017,3.2,3.32,'0,6.6
GJ,"The Dangs","The Dangs","The Dangs",20.91666667,73.67916667,Mahal,"Dug Well",W08948,2017,'0,'0,3,'0
GJ,"The Dangs","The Dangs","The Dangs",20.64166667,73.69166667,Bardipada-2,"Dug Well",W08145,2017,'0,'0,3.35,'0
GJ,"The Dangs","The Dangs","The Dangs",20.69166667,73.61666667,Aherdi,"Dug Well",W08141,2017,.9,2.72,'0,3.92
GJ,"The Dangs","The Dangs","The Dangs",20.69166667,73.61666667,Aherdi,"Dug Well",W08141,2017,'0,'0,1.45,'0
GJ,"The Dangs","The Dangs","The Dangs",20.6375,73.775,Gadad,"Dug Well",W26622,2017,.97,3.5,'0,5.15
GJ,"The Dangs","The Dangs","The Dangs",20.6375,73.775,Gadad,"Dug Well",W26622,2017,'0,'0,2.05,'0
GJ,"The Dangs","The Dangs","The Dangs",20.64,73.69138889,"Bari Pada","Dug Well",W26624,2017,.15,2.5,'0,12.7
GJ,"The Dangs","The Dangs","The Dangs",20.64,73.69138889,"Bari Pada","Dug Well",W26624,2017,'0,'0,.1,'0
GJ,"The Dangs","The Dangs","The Dangs",20.71944444,73.55694444,Sakarpatal,"Dug Well",W26668,2017,1.26,1.6,'0,'0
GJ,"The Dangs","The Dangs","The Dangs",20.71944444,73.55694444,Sakarpatal,"Dug Well",W26668,2017,'0,'0,1.3,'0
GJ,"The Dangs","The Dangs","The Dangs",20.73166667,73.52055556,Jamalpada,"Dug Well",W26675,2017,2.16,5.7,'0,7.05
GJ,"The Dangs","The Dangs","The Dangs",20.73166667,73.52055556,Jamalpada,"Dug Well",W26675,2017,'0,'0,4.8,'0
GJ,"The Dangs","The Dangs","The Dangs",20.76388889,73.50444444,Vaghai,"Dug Well",W26697,2017,'0,9.7,'0,13.12
GJ,"The Dangs","The Dangs","The Dangs",20.81083333,73.50305556,"Bori Gaotha 1","Dug Well",W26722,2017,'0,6.38,'0,9.4
GJ,"The Dangs","The Dangs","The Dangs",20.81083333,73.50305556,"Bori Gaotha 1","Dug Well",W26722,2017,'0,'0,4.1,'0
GJ,"The Dangs","The Dangs","The Dangs",20.87833333,73.51833333,"Vazat Amba","Dug Well",W26765,2017,2.4,7.12,'0,7.74
GJ,"The Dangs","The Dangs","The Dangs",20.65833333,73.6875,Chikhli,"Dug Well",W08148,2017,1.2,1.05,'0,9.46
GJ,"The Dangs","The Dangs","The Dangs",20.64583333,73.79166667,Dhumkal,"Dug Well",W08151,2016,1.52,'0,.1,4.37
GJ,"The Dangs","The Dangs","The Dangs",20.87833333,73.51833333,"Vazat Amba","Dug Well",W26765,2016,2.5,4.5,3.35,6.33
GJ,"The Dangs","The Dangs","The Dangs",20.8,73.7375,Ghubita,"Dug Well",W08153,2016,.5,'0,.4,2.05
GJ,"The Dangs","The Dangs","The Dangs",20.86666667,73.61666667,Sodmal,"Dug Well",W08953,2016,1.3,'0,1.7,11.97
GJ,"The Dangs","The Dangs","The Dangs",20.80416667,73.6125,"Nadak khadi","Dug Well",W08951,2016,.85,'0,.95,6.28
GJ,"The Dangs","The Dangs","The Dangs",20.92083333,73.58055556,Kalibel,"Dug Well",W08947,2016,.8,'0,.8,3.53
GJ,"The Dangs","The Dangs","The Dangs",20.92222222,73.58055556,Subir,"Dug Well",W08954,2016,1.02,'0,1.2,7.77
GJ,"The Dangs","The Dangs","The Dangs",20.68333333,73.725,Umberpada,"Dug Well",W08955,2016,2.55,'0,1.35,4.91
GJ,"The Dangs","The Dangs","The Dangs",20.80833333,73.55277778,Chinchnogaotha,"Dug Well",W08149,2016,1.4,'0,2.36,7.68
GJ,"The Dangs","The Dangs","The Dangs",20.6,73.74583333,Malegaon,"Dug Well",W08949,2016,.22,'0,.3,5.87
GJ,"The Dangs","The Dangs","The Dangs",20.7,73.58333333,"Nana pada","Dug Well",W08952,2016,1.38,'0,1.8,8.03
GJ,"The Dangs","The Dangs","The Dangs",20.75833333,73.68333333,Ahwa-1,"Dug Well",W08143,2016,1.12,'0,1,3.38
GJ,"The Dangs","The Dangs","The Dangs",20.75888889,73.68611111,Ahwa-2,"Bore Well",W08142,2016,2.1,'0,2.2,3.22
GJ,"The Dangs","The Dangs","The Dangs",20.63333333,73.74583333,Jakana,"Dug Well",W08154,2016,1.65,'0,.65,9.91
GJ,"The Dangs","The Dangs","The Dangs",20.6375,73.775,Chinchpada,"Dug Well",W08150,2016,.6,'0,.7,6.5
GJ,"The Dangs","The Dangs","The Dangs",20.91666667,73.67916667,Mahal,"Dug Well",W08948,2016,2.9,'0,2.9,6.6
GJ,"The Dangs","The Dangs","The Dangs",20.69166667,73.61666667,Aherdi,"Dug Well",W08141,2016,1.47,'0,1.35,4.79
GJ,"The Dangs","The Dangs","The Dangs",21.00388889,73.55805556,"Bhenskatri 1","Dug Well",W31314,2016,'0,'0,'0,9.05
GJ,"The Dangs","The Dangs","The Dangs",20.6375,73.775,Gadad,"Dug Well",W26622,2016,.47,3.55,1.25,'0
GJ,"The Dangs","The Dangs","The Dangs",20.64,73.69138889,"Bari Pada","Dug Well",W26624,2016,.3,3,.3,13.1
GJ,"The Dangs","The Dangs","The Dangs",20.71944444,73.55694444,Sakarpatal,"Dug Well",W26668,2016,1.37,1.8,.4,6.01
GJ,"The Dangs","The Dangs","The Dangs",20.73166667,73.52055556,Jamalpada,"Dug Well",W26675,2016,2.93,5.6,4.8,7.05
GJ,"The Dangs","The Dangs","The Dangs",20.76388889,73.50444444,Vaghai,"Dug Well",W26697,2016,5.47,11.8,8.6,12.93
GJ,"The Dangs","The Dangs","The Dangs",20.81083333,73.50305556,"Bori Gaotha 1","Dug Well",W26722,2016,3.43,8.2,4.93,9
GJ,"The Dangs","The Dangs","The Dangs",20.65833333,73.6875,Chikhli,"Dug Well",W08148,2016,1.12,'0,1,10.34
GJ,"The Dangs","The Dangs","The Dangs",20.64583333,73.79166667,Dhumkal,"Dug Well",W08151,2015,1.2,1.38,1.9,13.35
GJ,"The Dangs","The Dangs","The Dangs",20.87833333,73.51833333,"Vazat Amba","Dug Well",W26765,2015,3.1,4.07,3.35,17.45
GJ,"The Dangs","The Dangs","The Dangs",20.8,73.7375,Ghubita,"Dug Well",W08153,2015,1.6,1.03,2.4,12.12
GJ,"The Dangs","The Dangs","The Dangs",20.86666667,73.61666667,Sodmal,"Dug Well",W08953,2015,1.4,3.06,1.8,.24
GJ,"The Dangs","The Dangs","The Dangs",20.80416667,73.6125,"Nadak khadi","Dug Well",W08951,2015,1.35,2.69,2.15,21.25
GJ,"The Dangs","The Dangs","The Dangs",20.92083333,73.58055556,Kalibel,"Dug Well",W08947,2015,.9,1.35,1.8,3.53
GJ,"The Dangs","The Dangs","The Dangs",20.92222222,73.58055556,Subir,"Dug Well",W08954,2015,1.3,2.3,1.5,1.9
GJ,"The Dangs","The Dangs","The Dangs",20.68333333,73.725,Umberpada,"Dug Well",W08955,2015,1.25,2.36,1.4,9.15
GJ,"The Dangs","The Dangs","The Dangs",20.80833333,73.55277778,Chinchnogaotha,"Dug Well",W08149,2015,2.31,3.19,3.11,17.1
GJ,"The Dangs","The Dangs","The Dangs",20.6,73.74583333,Malegaon,"Dug Well",W08949,2015,.2,.63,.5,12.5
GJ,"The Dangs","The Dangs","The Dangs",20.7,73.58333333,"Nana pada","Dug Well",W08952,2015,2.28,3.54,2.88,9.9
GJ,"The Dangs","The Dangs","The Dangs",20.75833333,73.68333333,Ahwa-1,"Dug Well",W08143,2015,1,1.9,1.1,6.55
GJ,"The Dangs","The Dangs","The Dangs",20.75888889,73.68611111,Ahwa-2,"Bore Well",W08142,2015,3.5,2.97,4.8,3.39
GJ,"The Dangs","The Dangs","The Dangs",20.94527778,73.55833333,Mheskatri,"Bore Well",W08950,2015,11.1,10.58,'0,11.1
GJ,"The Dangs","The Dangs","The Dangs",20.63333333,73.74583333,Jakana,"Dug Well",W08154,2015,1.75,1.91,2.55,11.64
GJ,"The Dangs","The Dangs","The Dangs",20.6375,73.775,Chinchpada,"Dug Well",W08150,2015,1,2.12,1.5,7.3
GJ,"The Dangs","The Dangs","The Dangs",20.91666667,73.67916667,Mahal,"Dug Well",W08948,2015,3.3,3.48,3.7,13
GJ,"The Dangs","The Dangs","The Dangs",20.69166667,73.61666667,Aherdi,"Dug Well",W08141,2015,1.55,2.13,2.25,1.55
GJ,"The Dangs","The Dangs","The Dangs",20.6375,73.775,Gadad,"Dug Well",W26622,2015,1.15,2.52,1.95,5.15
GJ,"The Dangs","The Dangs","The Dangs",20.64,73.69138889,"Bari Pada","Dug Well",W26624,2015,.5,'0,.9,7.78
GJ,"The Dangs","The Dangs","The Dangs",20.71944444,73.55694444,Sakarpatal,"Dug Well",W26668,2015,1.5,2.1,2.3,6.36
GJ,"The Dangs","The Dangs","The Dangs",20.73166667,73.52055556,Jamalpada,"Dug Well",W26675,2015,3.9,5.43,4.8,7.05
GJ,"The Dangs","The Dangs","The Dangs",20.76388889,73.50444444,Vaghai,"Dug Well",W26697,2015,11,'0,10.8,12.64
GJ,"The Dangs","The Dangs","The Dangs",20.81083333,73.50305556,"Bori Gaotha 1","Dug Well",W26722,2015,5.4,5.6,6.3,9.44
GJ,"The Dangs","The Dangs","The Dangs",20.65833333,73.6875,Chikhli,"Dug Well",W08148,2015,1.2,1.4,1.4,21.25
GJ,"The Dangs","The Dangs","The Dangs",20.64583333,73.79166667,Dhumkal,"Dug Well",W08151,2014,1.09,1.4,1.24,3.15
GJ,"The Dangs","The Dangs","The Dangs",20.65833333,73.6875,Chikhli,"Dug Well",W08148,2014,1.09,1.25,1.24,10.16
GJ,"The Dangs","The Dangs","The Dangs",20.8,73.7375,Ghubita,"Dug Well",W08153,2014,.42,.93,.8,2.84
GJ,"The Dangs","The Dangs","The Dangs",20.86666667,73.61666667,Sodmal,"Dug Well",W08953,2014,'0,4.41,2.78,12.36
GJ,"The Dangs","The Dangs","The Dangs",20.80416667,73.6125,"Nadak khadi","Dug Well",W08951,2014,1.05,4.24,2.43,6.47
GJ,"The Dangs","The Dangs","The Dangs",20.92083333,73.58055556,Kalibel,"Dug Well",W08947,2014,.83,1.33,1.17,3.53
GJ,"The Dangs","The Dangs","The Dangs",20.92222222,73.58055556,Subir,"Dug Well",W08954,2014,.79,2.31,2,6.56
GJ,"The Dangs","The Dangs","The Dangs",20.68333333,73.725,Umberpada,"Dug Well",W08955,2014,.77,3.19,2.14,5.93
GJ,"The Dangs","The Dangs","The Dangs",20.80833333,73.55277778,Chinchnogaotha,"Dug Well",W08149,2014,1.43,2.83,2.41,7.86
GJ,"The Dangs","The Dangs","The Dangs",20.81111111,73.50416667,"Bori gaotha","Dug Well",W08147,2014,-.7,'0,'0,'0
GJ,"The Dangs","The Dangs","The Dangs",20.6,73.74583333,Malegaon,"Dug Well",W08949,2014,.22,.75,.4,2.33
GJ,"The Dangs","The Dangs","The Dangs",20.7,73.58333333,"Nana pada","Dug Well",W08952,2014,1.39,4.17,3.41,6.6
GJ,"The Dangs","The Dangs","The Dangs",20.75833333,73.68333333,Ahwa-1,"Dug Well",W08143,2014,1.12,2.12,1.72,4.9
GJ,"The Dangs","The Dangs","The Dangs",20.75888889,73.68611111,Ahwa-2,"Bore Well",W08142,2014,1.95,'0,2.72,3.72
GJ,"The Dangs","The Dangs","The Dangs",20.94527778,73.55833333,Mheskatri,"Bore Well",W08950,2014,9.7,10.18,10.12,12.35
GJ,"The Dangs","The Dangs","The Dangs",20.63333333,73.74583333,Jakana,"Dug Well",W08154,2014,1.65,.62,1.74,4.1
GJ,"The Dangs","The Dangs","The Dangs",20.6375,73.775,Chinchpada,"Dug Well",W08150,2014,.56,2.25,2.02,5.85
GJ,"The Dangs","The Dangs","The Dangs",20.91666667,73.67916667,Mahal,"Dug Well",W08948,2014,2.75,3.35,3.16,6.6
GJ,"The Dangs","The Dangs","The Dangs",20.69166667,73.61666667,Aherdi,"Dug Well",W08141,2014,1.42,2.37,1.94,6.69
GJ,"The Dangs","The Dangs","The Dangs",21.00388889,73.55805556,"Bhenskatri 1","Dug Well",W31314,2014,'0,8.28,'0,8.73
GJ,"The Dangs","The Dangs","The Dangs",20.6375,73.775,Gadad,"Dug Well",W26622,2014,'0,2.65,2.4,5.15
GJ,"The Dangs","The Dangs","The Dangs",20.64,73.69138889,"Bari Pada","Dug Well",W26624,2014,'0,2.71,1.12,11.96
GJ,"The Dangs","The Dangs","The Dangs",20.71944444,73.55694444,Sakarpatal,"Dug Well",W26668,2014,1.27,1.7,1.98,5.2
GJ,"The Dangs","The Dangs","The Dangs",20.73166667,73.52055556,Jamalpada,"Dug Well",W26675,2014,1.88,5.22,5.25,6.71
GJ,"The Dangs","The Dangs","The Dangs",20.76388889,73.50444444,Vaghai,"Dug Well",W26697,2014,6.55,8.75,8.3,11.94
GJ,"The Dangs","The Dangs","The Dangs",20.81083333,73.50305556,"Bori Gaotha 1","Dug Well",W26722,2014,4,5.35,5.44,8.99
GJ,"The Dangs","The Dangs","The Dangs",20.87833333,73.51833333,"Vazat Amba","Dug Well",W26765,2014,2.08,4.77,3.97,6.56
GJ,"The Dangs","The Dangs","The Dangs",20.91666667,73.67916667,Mahal,"Dug Well",W08948,2013,3.07,3.65,3.65,6.6
GJ,"The Dangs","The Dangs","The Dangs",20.86666667,73.61666667,Sodmal,"Dug Well",W08953,2013,1.28,4.28,2.5,11.39
GJ,"The Dangs","The Dangs","The Dangs",20.69166667,73.61666667,Aherdi,"Dug Well",W08141,2013,'0,4.93,1.55,'0
GJ,"The Dangs","The Dangs","The Dangs",20.6375,73.775,Gadad,"Dug Well",W26622,2013,1.05,3.45,1.85,5.15
GJ,"The Dangs","The Dangs","The Dangs",20.64,73.69138889,"Bari Pada","Dug Well",W26624,2013,.52,'0,.9,10.55
GJ,"The Dangs","The Dangs","The Dangs",20.71944444,73.55694444,Sakarpatal,"Dug Well",W26668,2013,1.38,'0,1.6,5.32
GJ,"The Dangs","The Dangs","The Dangs",20.73166667,73.52055556,Jamalpada,"Dug Well",W26675,2013,3.27,'0,5.1,'0
GJ,"The Dangs","The Dangs","The Dangs",20.76388889,73.50444444,Vaghai,"Dug Well",W26697,2013,4.54,'0,7.7,'0
GJ,"The Dangs","The Dangs","The Dangs",20.81083333,73.50305556,"Bori Gaotha 1","Dug Well",W26722,2013,2.66,'0,4.2,'0
GJ,"The Dangs","The Dangs","The Dangs",20.87833333,73.51833333,"Vazat Amba","Dug Well",W26765,2013,2.59,'0,4.1,'0
GJ,"The Dangs","The Dangs","The Dangs",20.75888889,73.68611111,Ahwa-2,"Bore Well",W08142,2013,2.15,3.42,1.3,3.9
GJ,"The Dangs","The Dangs","The Dangs",20.76805556,73.54166667,Bhenskatri,"Dug Well",W08146,2013,'0,'0,7.27,'0
GJ,"The Dangs","The Dangs","The Dangs",20.94527778,73.55833333,Mheskatri,"Bore Well",W08950,2013,'0,12.5,'0,'0
GJ,"The Dangs","The Dangs","The Dangs",20.63333333,73.74583333,Jakana,"Dug Well",W08154,2013,'0,.77,.1,1.61
GJ,"The Dangs","The Dangs","The Dangs",20.6375,73.775,Chinchpada,"Dug Well",W08150,2013,.57,2.38,1.35,7.3
GJ,"The Dangs","The Dangs","The Dangs",20.80833333,73.55277778,Chinchnogaotha,"Dug Well",W08149,2013,'0,2.99,2.46,7.67
GJ,"The Dangs","The Dangs","The Dangs",20.6,73.74583333,Malegaon,"Dug Well",W08949,2013,.18,2.22,.2,'0
GJ,"The Dangs","The Dangs","The Dangs",20.7,73.58333333,"Nana pada","Dug Well",W08952,2013,1.48,4.11,2.53,6.56
GJ,"The Dangs","The Dangs","The Dangs",20.75833333,73.68333333,Ahwa-1,"Dug Well",W08143,2013,.83,2.22,1.3,5.39
GJ,"The Dangs","The Dangs","The Dangs",20.80416667,73.6125,"Nadak khadi","Dug Well",W08951,2013,1.5,3.73,2.68,5.04
GJ,"The Dangs","The Dangs","The Dangs",20.92083333,73.58055556,Kalibel,"Dug Well",W08947,2013,.87,1.49,1,3.53
GJ,"The Dangs","The Dangs","The Dangs",20.92222222,73.58055556,Subir,"Dug Well",W08954,2013,.93,2.43,1.35,6.47
GJ,"The Dangs","The Dangs","The Dangs",20.68333333,73.725,Umberpada,"Dug Well",W08955,2013,1.275,2.96,1.95,6.53
GJ,"The Dangs","The Dangs","The Dangs",20.64583333,73.79166667,Dhumkal,"Dug Well",W08151,2013,1.13,1.85,.9,4.46
GJ,"The Dangs","The Dangs","The Dangs",20.65833333,73.6875,Chikhli,"Dug Well",W08148,2013,1.08,1.8,1.1,10.7
GJ,"The Dangs","The Dangs","The Dangs",20.8,73.7375,Ghubita,"Dug Well",W08153,2013,.49,1.13,.6,3.86
GJ,"The Dangs","The Dangs","The Dangs",20.64166667,73.69166667,Bardipada-2,"Dug Well",W08145,2013,'0,'0,.75,'0
GJ,"The Dangs","The Dangs","The Dangs",20.91666667,73.67916667,Mahal,"Dug Well",W08948,2012,'0,3.5,3.08,6.6
GJ,"The Dangs","The Dangs","The Dangs",20.86666667,73.61666667,Sodmal,"Dug Well",W08953,2012,'0,2.57,3.93,7.99
GJ,"The Dangs","The Dangs","The Dangs",20.6375,73.775,Gadad,"Dug Well",W26622,2012,'0,'0,3.15,'0
GJ,"The Dangs","The Dangs","The Dangs",20.75888889,73.68611111,Ahwa-2,"Bore Well",W08142,2012,'0,3,3.06,5.59
GJ,"The Dangs","The Dangs","The Dangs",20.94527778,73.55833333,Mheskatri,"Bore Well",W08950,2012,'0,10.65,'0,12.38
GJ,"The Dangs","The Dangs","The Dangs",20.63333333,73.74583333,Jakana,"Dug Well",W08154,2012,'0,.43,.59,2.89
GJ,"The Dangs","The Dangs","The Dangs",20.6375,73.775,Chinchpada,"Dug Well",W08150,2012,'0,2.6,1.5,6.18
GJ,"The Dangs","The Dangs","The Dangs",20.80833333,73.55277778,Chinchnogaotha,"Dug Well",W08149,2012,'0,3.53,2.47,7.95
GJ,"The Dangs","The Dangs","The Dangs",20.6,73.74583333,Malegaon,"Dug Well",W08949,2012,'0,.78,3.15,4.48
GJ,"The Dangs","The Dangs","The Dangs",20.7,73.58333333,"Nana pada","Dug Well",W08952,2012,'0,5.38,3.72,7.17
GJ,"The Dangs","The Dangs","The Dangs",20.75833333,73.68333333,Ahwa-1,"Dug Well",W08143,2012,'0,2.3,1.92,4.89
GJ,"The Dangs","The Dangs","The Dangs",20.80416667,73.6125,"Nadak khadi","Dug Well",W08951,2012,'0,5.4,3.31,4.58
GJ,"The Dangs","The Dangs","The Dangs",20.92083333,73.58055556,Kalibel,"Dug Well",W08947,2012,'0,1.28,1.11,3.53
GJ,"The Dangs","The Dangs","The Dangs",20.92222222,73.58055556,Subir,"Dug Well",W08954,2012,'0,4.28,1.8,6.79
GJ,"The Dangs","The Dangs","The Dangs",20.68333333,73.725,Umberpada,"Dug Well",W08955,2012,'0,4.1,2.5,5.99
GJ,"The Dangs","The Dangs","The Dangs",20.64583333,73.79166667,Dhumkal,"Dug Well",W08151,2012,'0,1.43,1.4,6.28
GJ,"The Dangs","The Dangs","The Dangs",20.65833333,73.6875,Chikhli,"Dug Well",W08148,2012,'0,2.2,1.19,10.7
GJ,"The Dangs","The Dangs","The Dangs",20.8,73.7375,Ghubita,"Dug Well",W08153,2012,'0,1.4,.73,3.28
GJ,"The Dangs","The Dangs","The Dangs",20.69166667,73.61666667,Aherdi,"Dug Well",W08141,2012,'0,2.9,'0,4.44
GJ,"The Dangs","The Dangs","The Dangs",20.91666667,73.67916667,Mahal,"Dug Well",W08948,2011,2.9,3.3,2.97,'0
GJ,"The Dangs","The Dangs","The Dangs",20.86666667,73.61666667,Sodmal,"Dug Well",W08953,2011,.95,4.2,1.91,9.8
GJ,"The Dangs","The Dangs","The Dangs",20.75888889,73.68611111,Ahwa-2,"Bore Well",W08142,2011,2.35,2.6,2.42,4.35
GJ,"The Dangs","The Dangs","The Dangs",20.94527778,73.55833333,Mheskatri,"Bore Well",W08950,2011,9.2,9.28,9.18,12.3
GJ,"The Dangs","The Dangs","The Dangs",20.63333333,73.74583333,Jakana,"Dug Well",W08154,2011,.97,.6,1.13,.8
GJ,"The Dangs","The Dangs","The Dangs",20.6375,73.775,Chinchpada,"Dug Well",W08150,2011,.75,1.7,.78,3.7
GJ,"The Dangs","The Dangs","The Dangs",20.80833333,73.55277778,Chinchnogaotha,"Dug Well",W08149,2011,1.36,3.01,1.57,7.36
GJ,"The Dangs","The Dangs","The Dangs",20.6,73.74583333,Malegaon,"Dug Well",W08949,2011,.2,.45,.4,1.3
GJ,"The Dangs","The Dangs","The Dangs",20.7,73.58333333,"Nana pada","Dug Well",W08952,2011,.51,3.93,2.14,6.63
GJ,"The Dangs","The Dangs","The Dangs",20.75833333,73.68333333,Ahwa-1,"Dug Well",W08143,2011,1.22,1.2,1.12,3.54
GJ,"The Dangs","The Dangs","The Dangs",20.80416667,73.6125,"Nadak khadi","Dug Well",W08951,2011,1.05,2.15,1.34,5.25
GJ,"The Dangs","The Dangs","The Dangs",20.92083333,73.58055556,Kalibel,"Dug Well",W08947,2011,.9,.95,1.08,2.9
GJ,"The Dangs","The Dangs","The Dangs",20.92222222,73.58055556,Subir,"Dug Well",W08954,2011,.7,3,.99,4.4
GJ,"The Dangs","The Dangs","The Dangs",20.68333333,73.725,Umberpada,"Dug Well",W08955,2011,.7,2.25,1.07,5.85
GJ,"The Dangs","The Dangs","The Dangs",20.64583333,73.79166667,Dhumkal,"Dug Well",W08151,2011,1.15,1.18,1.41,2.65
GJ,"The Dangs","The Dangs","The Dangs",20.65833333,73.6875,Chikhli,"Dug Well",W08148,2011,1.2,1.22,1.23,7.37
GJ,"The Dangs","The Dangs","The Dangs",20.8,73.7375,Ghubita,"Dug Well",W08153,2011,.6,'0,.73,1.15
GJ,"The Dangs","The Dangs","The Dangs",20.69166667,73.61666667,Aherdi,"Dug Well",W08141,2011,'0,'0,'0,3.8
GJ,"The Dangs","The Dangs","The Dangs",20.91666667,73.67916667,Mahal,"Dug Well",W08948,2010,2.6,3.47,3,6.6
GJ,"The Dangs","The Dangs","The Dangs",20.86666667,73.61666667,Sodmal,"Dug Well",W08953,2010,1.25,2.58,1.59,11.87
GJ,"The Dangs","The Dangs","The Dangs",20.69166667,73.61666667,Aherdi,"Dug Well",W08141,2010,2.36,2.23,'0,4.95
GJ,"The Dangs","The Dangs","The Dangs",20.75888889,73.68611111,Ahwa-2,"Bore Well",W08142,2010,.01,3.06,2.1,3.6
GJ,"The Dangs","The Dangs","The Dangs",20.76805556,73.54166667,Bhenskatri,"Dug Well",W08146,2010,'0,3.6,'0,'0
GJ,"The Dangs","The Dangs","The Dangs",20.94527778,73.55833333,Mheskatri,"Bore Well",W08950,2010,9.25,10.7,9.98,12.35
GJ,"The Dangs","The Dangs","The Dangs",20.63333333,73.74583333,Jakana,"Dug Well",W08154,2010,'0,1.1,'0,1.97
GJ,"The Dangs","The Dangs","The Dangs",20.6375,73.775,Chinchpada,"Dug Well",W08150,2010,.52,2.18,.83,6.4
GJ,"The Dangs","The Dangs","The Dangs",20.80833333,73.55277778,Chinchnogaotha,"Dug Well",W08149,2010,1.01,2.64,1.56,7.39
GJ,"The Dangs","The Dangs","The Dangs",20.6,73.74583333,Malegaon,"Dug Well",W08949,2010,.17,.86,.28,1.71
GJ,"The Dangs","The Dangs","The Dangs",20.7,73.58333333,"Nana pada","Dug Well",W08952,2010,1.38,2.93,2.23,7.11
GJ,"The Dangs","The Dangs","The Dangs",20.75833333,73.68333333,Ahwa-1,"Dug Well",W08143,2010,.73,1.34,.81,4.66
GJ,"The Dangs","The Dangs","The Dangs",20.80416667,73.6125,"Nadak khadi","Dug Well",W08951,2010,1.26,3.59,1.8,5.27
GJ,"The Dangs","The Dangs","The Dangs",20.92083333,73.58055556,Kalibel,"Dug Well",W08947,2010,.75,1.15,.9,3.07
GJ,"The Dangs","The Dangs","The Dangs",20.92222222,73.58055556,Subir,"Dug Well",W08954,2010,.77,2.45,1.02,6.85
GJ,"The Dangs","The Dangs","The Dangs",20.68333333,73.725,Umberpada,"Dug Well",W08955,2010,.67,2.05,1.15,6.11
GJ,"The Dangs","The Dangs","The Dangs",20.64583333,73.79166667,Dhumkal,"Dug Well",W08151,2010,1.08,2.15,.84,4.68
GJ,"The Dangs","The Dangs","The Dangs",20.65833333,73.6875,Chikhli,"Dug Well",W08148,2010,1.19,2.37,1.18,5.53
GJ,"The Dangs","The Dangs","The Dangs",20.8,73.7375,Ghubita,"Dug Well",W08153,2010,.6,1.55,.57,3.89
GJ,"The Dangs","The Dangs","The Dangs",20.64166667,73.69166667,Bardipada-2,"Dug Well",W08145,2010,.01,'0,'0,'0
GJ,"The Dangs","The Dangs","The Dangs",20.91666667,73.67916667,Mahal,"Dug Well",W08948,2009,2.8,3.09,2.96,4.25
GJ,"The Dangs","The Dangs","The Dangs",20.86666667,73.61666667,Sodmal,"Dug Well",W08953,2009,2.35,4.5,2.15,11.51
GJ,"The Dangs","The Dangs","The Dangs",20.69166667,73.61666667,Aherdi,"Dug Well",W08141,2009,2.3,1.36,1.8,'0
GJ,"The Dangs","The Dangs","The Dangs",20.75888889,73.68611111,Ahwa-2,"Bore Well",W08142,2009,.85,1.9,2.2,3.68
GJ,"The Dangs","The Dangs","The Dangs",20.76805556,73.54166667,Bhenskatri,"Dug Well",W08146,2009,'0,7.59,'0,7.48
GJ,"The Dangs","The Dangs","The Dangs",20.94527778,73.55833333,Mheskatri,"Bore Well",W08950,2009,10.02,10.27,8.6,12.98
GJ,"The Dangs","The Dangs","The Dangs",20.63333333,73.74583333,Jakana,"Dug Well",W08154,2009,.35,.4,.35,1.61
GJ,"The Dangs","The Dangs","The Dangs",20.6375,73.775,Chinchpada,"Dug Well",W08150,2009,.55,2.34,1.3,4.2
GJ,"The Dangs","The Dangs","The Dangs",20.80833333,73.55277778,Chinchnogaotha,"Dug Well",W08149,2009,'0,'0,1.95,7.58
GJ,"The Dangs","The Dangs","The Dangs",20.81111111,73.50416667,"Bori gaotha","Dug Well",W08147,2009,'0,5.27,'0,'0
GJ,"The Dangs","The Dangs","The Dangs",20.6,73.74583333,Malegaon,"Dug Well",W08949,2009,.05,1.14,.25,1.5
GJ,"The Dangs","The Dangs","The Dangs",20.7,73.58333333,"Nana pada","Dug Well",W08952,2009,1.53,4.79,2.45,10.75
GJ,"The Dangs","The Dangs","The Dangs",20.75833333,73.68333333,Ahwa-1,"Dug Well",W08143,2009,.8,1.77,1.05,5.6
GJ,"The Dangs","The Dangs","The Dangs",20.80416667,73.6125,"Nadak khadi","Dug Well",W08951,2009,1.25,'0,3.05,7.78
GJ,"The Dangs","The Dangs","The Dangs",20.92083333,73.58055556,Kalibel,"Dug Well",W08947,2009,1.3,1.01,.96,2.32
GJ,"The Dangs","The Dangs","The Dangs",20.92222222,73.58055556,Subir,"Dug Well",W08954,2009,.9,2.51,1.82,6.74
GJ,"The Dangs","The Dangs","The Dangs",20.68333333,73.725,Umberpada,"Dug Well",W08955,2009,.85,3.42,1.69,5.85
GJ,"The Dangs","The Dangs","The Dangs",20.64583333,73.79166667,Dhumkal,"Dug Well",W08151,2009,1.3,1.25,1.24,5.94
GJ,"The Dangs","The Dangs","The Dangs",20.65833333,73.6875,Chikhli,"Dug Well",W08148,2009,'0,1.39,1.29,10.35
GJ,"The Dangs","The Dangs","The Dangs",20.8,73.7375,Ghubita,"Dug Well",W08153,2009,.65,1.08,.58,3.7
GJ,"The Dangs","The Dangs","The Dangs",20.64166667,73.69166667,Bardipada-2,"Dug Well",W08145,2009,'0,1.08,'0,'0
GJ,"The Dangs","The Dangs","The Dangs",20.91666667,73.67916667,Mahal,"Dug Well",W08948,2008,2.81,2.98,2.84,5.63
GJ,"The Dangs","The Dangs","The Dangs",20.86666667,73.61666667,Sodmal,"Dug Well",W08953,2008,1.89,6.65,2.81,12.05
GJ,"The Dangs","The Dangs","The Dangs",20.69166667,73.61666667,Aherdi,"Dug Well",W08141,2008,.67,1.7,.82,4.05
GJ,"The Dangs","The Dangs","The Dangs",20.76805556,73.54166667,Bhenskatri,"Dug Well",W08146,2008,'0,'0,8.18,9.4
GJ,"The Dangs","The Dangs","The Dangs",20.94527778,73.55833333,Mheskatri,"Bore Well",W08950,2008,9.22,'0,11.31,6.5
GJ,"The Dangs","The Dangs","The Dangs",20.63333333,73.74583333,Jakana,"Dug Well",W08154,2008,.83,.8,1.26,5.63
GJ,"The Dangs","The Dangs","The Dangs",20.6375,73.775,Chinchpada,"Dug Well",W08150,2008,.65,2.46,1.08,3.55
GJ,"The Dangs","The Dangs","The Dangs",20.6,73.74583333,Malegaon,"Dug Well",W08949,2008,.21,'0,.28,1.23
GJ,"The Dangs","The Dangs","The Dangs",20.7,73.58333333,"Nana pada","Dug Well",W08952,2008,1.54,4.88,2.52,9.68
GJ,"The Dangs","The Dangs","The Dangs",20.75833333,73.68333333,Ahwa-1,"Dug Well",W08143,2008,.97,2.05,1.18,5.37
GJ,"The Dangs","The Dangs","The Dangs",20.75888889,73.68611111,Ahwa-2,"Bore Well",W08142,2008,2.02,'0,2.17,3.58
GJ,"The Dangs","The Dangs","The Dangs",20.80416667,73.6125,"Nadak khadi","Dug Well",W08951,2008,1.44,'0,'0,6.13
GJ,"The Dangs","The Dangs","The Dangs",20.92083333,73.58055556,Kalibel,"Dug Well",W08947,2008,.93,1,.95,2.9
GJ,"The Dangs","The Dangs","The Dangs",20.92222222,73.58055556,Subir,"Dug Well",W08954,2008,1.01,2.63,.98,6.5
GJ,"The Dangs","The Dangs","The Dangs",20.68333333,73.725,Umberpada,"Dug Well",W08955,2008,.97,3.65,1.67,6.05
GJ,"The Dangs","The Dangs","The Dangs",20.80833333,73.55277778,Chinchnogaotha,"Dug Well",W08149,2008,1.51,'0,'0,6.61
GJ,"The Dangs","The Dangs","The Dangs",20.64583333,73.79166667,Dhumkal,"Dug Well",W08151,2008,1.22,2.82,1.46,5
GJ,"The Dangs","The Dangs","The Dangs",20.65833333,73.6875,Chikhli,"Dug Well",W08148,2008,1.29,1.41,.71,10.2
GJ,"The Dangs","The Dangs","The Dangs",20.8,73.7375,Ghubita,"Dug Well",W08153,2008,.52,1.2,.52,2.34
GJ,"The Dangs","The Dangs","The Dangs",20.64166667,73.69166667,Bardipada-2,"Dug Well",W08145,2008,'0,'0,1.08,'0
GJ,"The Dangs","The Dangs","The Dangs",20.91666667,73.67916667,Mahal,"Dug Well",W08948,2007,2.42,4.29,3.42,4.11
GJ,"The Dangs","The Dangs","The Dangs",20.86666667,73.61666667,Sodmal,"Dug Well",W08953,2007,1.27,6.28,4.85,11.95
GJ,"The Dangs","The Dangs","The Dangs",20.69166667,73.61666667,Aherdi,"Dug Well",W08141,2007,.51,2.45,1.33,3.8
GJ,"The Dangs","The Dangs","The Dangs",20.76805556,73.54166667,Bhenskatri,"Dug Well",W08146,2007,10.42,10.28,6.86,9.73
GJ,"The Dangs","The Dangs","The Dangs",20.94527778,73.55833333,Mheskatri,"Bore Well",W08950,2007,10.42,11.78,9.4,12
GJ,"The Dangs","The Dangs","The Dangs",20.63333333,73.74583333,Jakana,"Dug Well",W08154,2007,.52,1.91,.79,1.66
GJ,"The Dangs","The Dangs","The Dangs",20.6375,73.775,Chinchpada,"Dug Well",W08150,2007,.5,3.28,1.78,5.77
GJ,"The Dangs","The Dangs","The Dangs",20.81111111,73.50416667,"Bori gaotha","Dug Well",W08147,2007,'0,6.2,'0,'0
GJ,"The Dangs","The Dangs","The Dangs",20.6,73.74583333,Malegaon,"Dug Well",W08949,2007,.1,1.66,.32,1.21
GJ,"The Dangs","The Dangs","The Dangs",20.7,73.58333333,"Nana pada","Dug Well",W08952,2007,2.41,5.19,3,13.43
GJ,"The Dangs","The Dangs","The Dangs",20.75833333,73.68333333,Ahwa-1,"Dug Well",W08143,2007,.76,3.08,2.5,3.65
GJ,"The Dangs","The Dangs","The Dangs",20.75888889,73.68611111,Ahwa-2,"Bore Well",W08142,2007,2.04,3.08,2.58,3.24
GJ,"The Dangs","The Dangs","The Dangs",20.80416667,73.6125,"Nadak khadi","Dug Well",W08951,2007,'0,2.82,1.35,'0
GJ,"The Dangs","The Dangs","The Dangs",20.92083333,73.58055556,Kalibel,"Dug Well",W08947,2007,.72,2.13,.9,2.59
GJ,"The Dangs","The Dangs","The Dangs",20.92222222,73.58055556,Subir,"Dug Well",W08954,2007,.75,2.78,1.84,6.55
GJ,"The Dangs","The Dangs","The Dangs",20.68333333,73.725,Umberpada,"Dug Well",W08955,2007,.75,4.09,2.63,6.73
GJ,"The Dangs","The Dangs","The Dangs",20.80833333,73.55277778,Chinchnogaotha,"Dug Well",W08149,2007,'0,8.21,4.69,6.81
GJ,"The Dangs","The Dangs","The Dangs",20.64583333,73.79166667,Dhumkal,"Dug Well",W08151,2007,1.1,3.34,1.38,4.68
GJ,"The Dangs","The Dangs","The Dangs",20.65833333,73.6875,Chikhli,"Dug Well",W08148,2007,1.06,3.58,1.83,9.81
GJ,"The Dangs","The Dangs","The Dangs",20.8,73.7375,Ghubita,"Dug Well",W08153,2007,.42,2.38,1.08,4.11
GJ,"The Dangs","The Dangs","The Dangs",20.64166667,73.69166667,Bardipada-2,"Dug Well",W08145,2007,'0,2.93,1.09,3.16
GJ,"The Dangs","The Dangs","The Dangs",20.91666667,73.67916667,Mahal,"Dug Well",W08948,2006,2.66,3.7,3.05,3.84
GJ,"The Dangs","The Dangs","The Dangs",20.86666667,73.61666667,Sodmal,"Dug Well",W08953,2006,1.78,5.06,3.15,12.2
GJ,"The Dangs","The Dangs","The Dangs",20.69166667,73.61666667,Aherdi,"Dug Well",W08141,2006,.03,1.46,2.32,6.85
GJ,"The Dangs","The Dangs","The Dangs",20.76805556,73.54166667,Bhenskatri,"Dug Well",W08146,2006,7.33,8.51,7.92,11.3
GJ,"The Dangs","The Dangs","The Dangs",20.94527778,73.55833333,Mheskatri,"Bore Well",W08950,2006,9.33,10.42,10.25,11.6
GJ,"The Dangs","The Dangs","The Dangs",20.63333333,73.74583333,Jakana,"Dug Well",W08154,2006,.28,.84,.58,2.46
GJ,"The Dangs","The Dangs","The Dangs",20.6375,73.775,Chinchpada,"Dug Well",W08150,2006,.6,2.24,1.46,6.3
GJ,"The Dangs","The Dangs","The Dangs",20.81111111,73.50416667,"Bori gaotha","Dug Well",W08147,2006,1.4,5.17,'0,6.73
GJ,"The Dangs","The Dangs","The Dangs",20.6,73.74583333,Malegaon,"Dug Well",W08949,2006,.17,.44,.52,1.4
GJ,"The Dangs","The Dangs","The Dangs",20.7,73.58333333,"Nana pada","Dug Well",W08952,2006,2.49,4.25,2.72,12.89
GJ,"The Dangs","The Dangs","The Dangs",20.75833333,73.68333333,Ahwa-1,"Dug Well",W08143,2006,.79,1.64,1.4,'0
GJ,"The Dangs","The Dangs","The Dangs",20.75888889,73.68611111,Ahwa-2,"Bore Well",W08142,2006,2.29,2.74,2.45,3.37
GJ,"The Dangs","The Dangs","The Dangs",20.80416667,73.6125,"Nadak khadi","Dug Well",W08951,2006,'0,1.63,1.72,'0
GJ,"The Dangs","The Dangs","The Dangs",20.92083333,73.58055556,Kalibel,"Dug Well",W08947,2006,.86,1.08,.94,2.54
GJ,"The Dangs","The Dangs","The Dangs",20.92222222,73.58055556,Subir,"Dug Well",W08954,2006,.85,1.98,1.47,7.94
GJ,"The Dangs","The Dangs","The Dangs",20.68333333,73.725,Umberpada,"Dug Well",W08955,2006,.78,2.83,2.37,6.78
GJ,"The Dangs","The Dangs","The Dangs",20.80833333,73.55277778,Chinchnogaotha,"Dug Well",W08149,2006,'0,6.73,2.11,7.73
GJ,"The Dangs","The Dangs","The Dangs",20.64583333,73.79166667,Dhumkal,"Dug Well",W08151,2006,.2,1.68,1.23,3.52
GJ,"The Dangs","The Dangs","The Dangs",20.65833333,73.6875,Chikhli,"Dug Well",W08148,2006,.15,2.03,1.26,9.73
GJ,"The Dangs","The Dangs","The Dangs",20.8,73.7375,Ghubita,"Dug Well",W08153,2006,.57,1.22,.65,2.21
GJ,"The Dangs","The Dangs","The Dangs",20.64166667,73.69166667,Bardipada-2,"Dug Well",W08145,2006,.26,1.27,.25,2.37
GJ,"The Dangs","The Dangs","The Dangs",20.91666667,73.67916667,Mahal,"Dug Well",W08948,2005,2.6,2.9,2.96,4.35
GJ,"The Dangs","The Dangs","The Dangs",20.64166667,73.69166667,Bardipada-2,"Dug Well",W08145,2005,.01,.43,.55,3.55
GJ,"The Dangs","The Dangs","The Dangs",20.69166667,73.61666667,Aherdi,"Dug Well",W08141,2005,.27,.78,1.1,6.69
GJ,"The Dangs","The Dangs","The Dangs",20.76805556,73.54166667,Bhenskatri,"Dug Well",W08146,2005,6.35,8.16,7.85,9.73
GJ,"The Dangs","The Dangs","The Dangs",20.94527778,73.55833333,Mheskatri,"Bore Well",W08950,2005,9.48,10.38,'0,12.08
GJ,"The Dangs","The Dangs","The Dangs",20.63333333,73.74583333,Jakana,"Dug Well",W08154,2005,.45,.01,.55,1.48
GJ,"The Dangs","The Dangs","The Dangs",20.6375,73.775,Chinchpada,"Dug Well",W08150,2005,.46,1.73,1.8,6.1
GJ,"The Dangs","The Dangs","The Dangs",20.81111111,73.50416667,"Bori gaotha","Dug Well",W08147,2005,.88,4.78,3.9,6.66
GJ,"The Dangs","The Dangs","The Dangs",20.6,73.74583333,Malegaon,"Dug Well",W08949,2005,.1,.1,.3,3.57
GJ,"The Dangs","The Dangs","The Dangs",20.7,73.58333333,"Nana pada","Dug Well",W08952,2005,1.33,4.15,4.08,13.17
GJ,"The Dangs","The Dangs","The Dangs",20.75833333,73.68333333,Ahwa-1,"Dug Well",W08143,2005,.76,1.07,1.48,3.2
GJ,"The Dangs","The Dangs","The Dangs",20.75888889,73.68611111,Ahwa-2,"Bore Well",W08142,2005,1.84,2.45,2.58,3.35
GJ,"The Dangs","The Dangs","The Dangs",20.80416667,73.6125,"Nadak khadi","Dug Well",W08951,2005,1.17,.98,1.45,3.43
GJ,"The Dangs","The Dangs","The Dangs",20.92083333,73.58055556,Kalibel,"Dug Well",W08947,2005,.72,.01,1,1.8
GJ,"The Dangs","The Dangs","The Dangs",20.92222222,73.58055556,Subir,"Dug Well",W08954,2005,.82,2.22,1.7,7.07
GJ,"The Dangs","The Dangs","The Dangs",20.68333333,73.725,Umberpada,"Dug Well",W08955,2005,1.4,2.46,2.57,6.74
GJ,"The Dangs","The Dangs","The Dangs",20.80833333,73.55277778,Chinchnogaotha,"Dug Well",W08149,2005,1.34,4.14,5.39,8.02
GJ,"The Dangs","The Dangs","The Dangs",21.03611111,73.78611111,Kakshala,"Bore Well",W08946,2005,'0,8.82,'0,10.47
GJ,"The Dangs","The Dangs","The Dangs",20.64583333,73.79166667,Dhumkal,"Dug Well",W08151,2005,1.1,.47,1.23,3.17
GJ,"The Dangs","The Dangs","The Dangs",20.65833333,73.6875,Chikhli,"Dug Well",W08148,2005,1.25,.27,1.25,9.9
GJ,"The Dangs","The Dangs","The Dangs",20.8,73.7375,Ghubita,"Dug Well",W08153,2005,.47,.28,.83,5.19
GJ,"The Dangs","The Dangs","The Dangs",20.86666667,73.61666667,Sodmal,"Dug Well",W08953,2005,1.81,4.41,4.25,10.85
GJ,"The Dangs","The Dangs","The Dangs",20.64166667,73.69166667,Bardipada-2,"Dug Well",W08145,2004,.21,1.52,1.05,3.79
GJ,"The Dangs","The Dangs","The Dangs",20.86666667,73.61666667,Sodmal,"Dug Well",W08953,2004,1.03,4.8,3,11.44
GJ,"The Dangs","The Dangs","The Dangs",20.76805556,73.54166667,Bhenskatri,"Dug Well",W08146,2004,5.79,11.59,6.5,8.45
GJ,"The Dangs","The Dangs","The Dangs",20.94527778,73.55833333,Mheskatri,"Bore Well",W08950,2004,'0,9.38,'0,12.12
GJ,"The Dangs","The Dangs","The Dangs",20.63333333,73.74583333,Jakana,"Dug Well",W08154,2004,.53,.75,1.15,3.88
GJ,"The Dangs","The Dangs","The Dangs",20.6375,73.775,Chinchpada,"Dug Well",W08150,2004,.67,2.55,2,'0
GJ,"The Dangs","The Dangs","The Dangs",20.91666667,73.67916667,Mahal,"Dug Well",W08948,2004,2.68,3.4,3,4.4
GJ,"The Dangs","The Dangs","The Dangs",20.81111111,73.50416667,"Bori gaotha","Dug Well",W08147,2004,5.26,6.38,4.4,8.07
GJ,"The Dangs","The Dangs","The Dangs",20.6,73.74583333,Malegaon,"Dug Well",W08949,2004,.85,1.35,.6,5.8
GJ,"The Dangs","The Dangs","The Dangs",20.7,73.58333333,"Nana pada","Dug Well",W08952,2004,1.02,4.26,2.18,12.45
GJ,"The Dangs","The Dangs","The Dangs",20.75833333,73.68333333,Ahwa-1,"Dug Well",W08143,2004,1.14,2.1,.6,'0
GJ,"The Dangs","The Dangs","The Dangs",20.75888889,73.68611111,Ahwa-2,"Bore Well",W08142,2004,'0,2.85,2.25,3.05
GJ,"The Dangs","The Dangs","The Dangs",20.80416667,73.6125,"Nadak khadi","Dug Well",W08951,2004,1.24,2.43,'0,3.31
GJ,"The Dangs","The Dangs","The Dangs",20.92083333,73.58055556,Kalibel,"Dug Well",W08947,2004,.4,1.3,.9,2.84
GJ,"The Dangs","The Dangs","The Dangs",20.92222222,73.58055556,Subir,"Dug Well",W08954,2004,'0,2,1.1,7.28
GJ,"The Dangs","The Dangs","The Dangs",20.68333333,73.725,Umberpada,"Dug Well",W08955,2004,.64,4.25,1.65,9.88
GJ,"The Dangs","The Dangs","The Dangs",20.80833333,73.55277778,Chinchnogaotha,"Dug Well",W08149,2004,2.6,3.36,8.41,7.5
GJ,"The Dangs","The Dangs","The Dangs",20.96666667,73.64166667,Bardipada-1,"Dug Well",W08144,2004,'0,14.23,16.64,'0
GJ,"The Dangs","The Dangs","The Dangs",21.03611111,73.78611111,Kakshala,"Bore Well",W08946,2004,'0,'0,'0,12
GJ,"The Dangs","The Dangs","The Dangs",20.64583333,73.79166667,Dhumkal,"Dug Well",W08151,2004,1.22,1.35,1.3,3.8
GJ,"The Dangs","The Dangs","The Dangs",20.65833333,73.6875,Chikhli,"Dug Well",W08148,2004,1.35,2.15,1.8,9.8
GJ,"The Dangs","The Dangs","The Dangs",20.8,73.7375,Ghubita,"Dug Well",W08153,2004,.72,1.2,.7,2.27
GJ,"The Dangs","The Dangs","The Dangs",20.69166667,73.61666667,Aherdi,"Dug Well",W08141,2004,.02,1.96,1.05,6.53
GJ,"The Dangs","The Dangs","The Dangs",20.64166667,73.69166667,Bardipada-2,"Dug Well",W08145,2003,1.35,1.82,.2,4.65
GJ,"The Dangs","The Dangs","The Dangs",20.86666667,73.61666667,Sodmal,"Dug Well",W08953,2003,2.15,4.32,1.06,11.9
GJ,"The Dangs","The Dangs","The Dangs",20.76805556,73.54166667,Bhenskatri,"Dug Well",W08146,2003,7.5,8.95,7.42,'0
GJ,"The Dangs","The Dangs","The Dangs",20.94527778,73.55833333,Mheskatri,"Bore Well",W08950,2003,'0,10.78,9.5,12.8
GJ,"The Dangs","The Dangs","The Dangs",20.63333333,73.74583333,Jakana,"Dug Well",W08154,2003,.65,.79,.31,2.75
GJ,"The Dangs","The Dangs","The Dangs",20.6375,73.775,Chinchpada,"Dug Well",W08150,2003,.7,2.61,.86,6.6
GJ,"The Dangs","The Dangs","The Dangs",20.91666667,73.67916667,Mahal,"Dug Well",W08948,2003,3.8,3.49,2.97,'0
GJ,"The Dangs","The Dangs","The Dangs",20.81111111,73.50416667,"Bori gaotha","Dug Well",W08147,2003,1.4,6.06,3.2,7.6
GJ,"The Dangs","The Dangs","The Dangs",20.6,73.74583333,Malegaon,"Dug Well",W08949,2003,.62,.89,.65,5.55
GJ,"The Dangs","The Dangs","The Dangs",20.7,73.58333333,"Nana pada","Dug Well",W08952,2003,1.68,4.89,1.62,7.98
GJ,"The Dangs","The Dangs","The Dangs",20.75833333,73.68333333,Ahwa-1,"Dug Well",W08143,2003,1.9,1.91,.99,3.42
GJ,"The Dangs","The Dangs","The Dangs",20.75888889,73.68611111,Ahwa-2,"Bore Well",W08142,2003,'0,'0,2.4,3.11
GJ,"The Dangs","The Dangs","The Dangs",20.80416667,73.6125,"Nadak khadi","Dug Well",W08951,2003,'0,2.35,1.08,4.15
GJ,"The Dangs","The Dangs","The Dangs",20.92083333,73.58055556,Kalibel,"Dug Well",W08947,2003,.95,1.22,.7,3.8
GJ,"The Dangs","The Dangs","The Dangs",20.92222222,73.58055556,Subir,"Dug Well",W08954,2003,1.1,2.26,.77,'0
GJ,"The Dangs","The Dangs","The Dangs",20.68333333,73.725,Umberpada,"Dug Well",W08955,2003,1.95,4.62,1.68,12.31
GJ,"The Dangs","The Dangs","The Dangs",20.80833333,73.55277778,Chinchnogaotha,"Dug Well",W08149,2003,2.51,3.4,1.64,7.26
GJ,"The Dangs","The Dangs","The Dangs",20.96666667,73.64166667,Bardipada-1,"Dug Well",W08144,2003,'0,14.38,13.31,16.91
GJ,"The Dangs","The Dangs","The Dangs",20.64583333,73.79166667,Dhumkal,"Dug Well",W08151,2003,1,1.35,.91,4.8
GJ,"The Dangs","The Dangs","The Dangs",20.65833333,73.6875,Chikhli,"Dug Well",W08148,2003,.9,3.51,1.1,10.3
GJ,"The Dangs","The Dangs","The Dangs",20.8,73.7375,Ghubita,"Dug Well",W08153,2003,.4,1.4,.31,2.8
GJ,"The Dangs","The Dangs","The Dangs",20.69166667,73.61666667,Aherdi,"Dug Well",W08141,2003,.45,5.13,.23,11.85
GJ,"The Dangs","The Dangs","The Dangs",20.64166667,73.69166667,Bardipada-2,"Dug Well",W08145,2002,.64,2.15,.93,4.35
GJ,"The Dangs","The Dangs","The Dangs",20.86666667,73.61666667,Sodmal,"Dug Well",W08953,2002,1.48,5.73,6.57,'0
GJ,"The Dangs","The Dangs","The Dangs",20.76805556,73.54166667,Bhenskatri,"Dug Well",W08146,2002,2.09,9.19,6.65,'0
GJ,"The Dangs","The Dangs","The Dangs",20.94527778,73.55833333,Mheskatri,"Bore Well",W08950,2002,1.38,11.1,10.37,13.52
GJ,"The Dangs","The Dangs","The Dangs",20.63333333,73.74583333,Jakana,"Dug Well",W08154,2002,1.27,.87,.81,2.85
GJ,"The Dangs","The Dangs","The Dangs",20.6375,73.775,Chinchpada,"Dug Well",W08150,2002,1.4,2.7,2.08,'0
GJ,"The Dangs","The Dangs","The Dangs",20.91666667,73.67916667,Mahal,"Dug Well",W08948,2002,1.05,3.55,3.43,'0
GJ,"The Dangs","The Dangs","The Dangs",20.81111111,73.50416667,"Bori gaotha","Dug Well",W08147,2002,1.86,6.2,5.35,8.43
GJ,"The Dangs","The Dangs","The Dangs",20.6,73.74583333,Malegaon,"Dug Well",W08949,2002,'0,.2,.18,'0
GJ,"The Dangs","The Dangs","The Dangs",20.7,73.58333333,"Nana pada","Dug Well",W08952,2002,.63,4.68,3.43,7.98
GJ,"The Dangs","The Dangs","The Dangs",20.75833333,73.68333333,Ahwa-1,"Dug Well",W08143,2002,1.16,1.7,1.41,3.15
GJ,"The Dangs","The Dangs","The Dangs",20.80416667,73.6125,"Nadak khadi","Dug Well",W08951,2002,2.35,2.05,2.33,4.59
GJ,"The Dangs","The Dangs","The Dangs",20.92083333,73.58055556,Kalibel,"Dug Well",W08947,2002,2.62,1.4,.82,4.95
GJ,"The Dangs","The Dangs","The Dangs",20.92222222,73.58055556,Subir,"Dug Well",W08954,2002,1.38,2.2,1.76,4.12
GJ,"The Dangs","The Dangs","The Dangs",20.68333333,73.725,Umberpada,"Dug Well",W08955,2002,1.9,4.49,3.13,8.45
GJ,"The Dangs","The Dangs","The Dangs",20.80833333,73.55277778,Chinchnogaotha,"Dug Well",W08149,2002,1.48,4.57,4.21,6.3
GJ,"The Dangs","The Dangs","The Dangs",20.96666667,73.64166667,Bardipada-1,"Dug Well",W08144,2002,10.95,14.43,14.11,15.25
GJ,"The Dangs","The Dangs","The Dangs",20.64583333,73.79166667,Dhumkal,"Dug Well",W08151,2002,2.32,1.4,1.37,'0
GJ,"The Dangs","The Dangs","The Dangs",20.65833333,73.6875,Chikhli,"Dug Well",W08148,2002,.75,4.53,1.47,'0
GJ,"The Dangs","The Dangs","The Dangs",20.8,73.7375,Ghubita,"Dug Well",W08153,2002,1.24,1.42,1.04,4.1
GJ,"The Dangs","The Dangs","The Dangs",20.69166667,73.61666667,Aherdi,"Dug Well",W08141,2002,1.51,1.95,1.21,'0
GJ,"The Dangs","The Dangs","The Dangs",20.64166667,73.69166667,Bardipada-2,"Dug Well",W08145,2001,.02,2.8,.58,2.61
GJ,"The Dangs","The Dangs","The Dangs",20.86666667,73.61666667,Sodmal,"Dug Well",W08953,2001,1.45,12.45,3.05,11.3
GJ,"The Dangs","The Dangs","The Dangs",20.76805556,73.54166667,Bhenskatri,"Dug Well",W08146,2001,7.03,9.2,9.16,'0
GJ,"The Dangs","The Dangs","The Dangs",20.94527778,73.55833333,Mheskatri,"Bore Well",W08950,2001,9.64,11.34,'0,12.9
GJ,"The Dangs","The Dangs","The Dangs",20.63333333,73.74583333,Jakana,"Dug Well",W08154,2001,.83,1.25,.83,3.65
GJ,"The Dangs","The Dangs","The Dangs",20.6375,73.775,Chinchpada,"Dug Well",W08150,2001,.58,6.2,1.56,6.27
GJ,"The Dangs","The Dangs","The Dangs",20.91666667,73.67916667,Mahal,"Dug Well",W08948,2001,2.98,4.2,3.33,'0
GJ,"The Dangs","The Dangs","The Dangs",20.81111111,73.50416667,"Bori gaotha","Dug Well",W08147,2001,2.81,7.49,5.05,7.8
GJ,"The Dangs","The Dangs","The Dangs",20.6,73.74583333,Malegaon,"Dug Well",W08949,2001,.11,3.1,.02,2.4
GJ,"The Dangs","The Dangs","The Dangs",20.7,73.58333333,"Nana pada","Dug Well",W08952,2001,1.02,5.7,2.36,7.83
GJ,"The Dangs","The Dangs","The Dangs",20.75833333,73.68333333,Ahwa-1,"Dug Well",W08143,2001,.48,2.2,1.52,2.7
GJ,"The Dangs","The Dangs","The Dangs",20.75888889,73.68611111,Ahwa-2,"Bore Well",W08142,2001,.48,2.37,'0,'0
GJ,"The Dangs","The Dangs","The Dangs",20.80416667,73.6125,"Nadak khadi","Dug Well",W08951,2001,1.27,3.7,1.71,2.75
GJ,"The Dangs","The Dangs","The Dangs",20.92083333,73.58055556,Kalibel,"Dug Well",W08947,2001,.91,2.1,.99,4.1
GJ,"The Dangs","The Dangs","The Dangs",20.92222222,73.58055556,Subir,"Dug Well",W08954,2001,1.28,7.9,1.6,7.84
GJ,"The Dangs","The Dangs","The Dangs",20.68333333,73.725,Umberpada,"Dug Well",W08955,2001,1.56,7,2.07,12.75
GJ,"The Dangs","The Dangs","The Dangs",20.80833333,73.55277778,Chinchnogaotha,"Dug Well",W08149,2001,1.58,6.71,1.33,6.83
GJ,"The Dangs","The Dangs","The Dangs",20.96666667,73.64166667,Bardipada-1,"Dug Well",W08144,2001,13.26,18.41,14.14,'0
GJ,"The Dangs","The Dangs","The Dangs",20.64583333,73.79166667,Dhumkal,"Dug Well",W08151,2001,1.33,4.7,1.15,4.5
GJ,"The Dangs","The Dangs","The Dangs",20.65833333,73.6875,Chikhli,"Dug Well",W08148,2001,1.69,8.43,1.78,8.5
GJ,"The Dangs","The Dangs","The Dangs",20.8,73.7375,Ghubita,"Dug Well",W08153,2001,.49,1.85,.71,2.5
GJ,"The Dangs","The Dangs","The Dangs",20.69166667,73.61666667,Aherdi,"Dug Well",W08141,2001,1.09,4.74,.77,7.65
GJ,"The Dangs","The Dangs","The Dangs",20.64166667,73.69166667,Bardipada-2,"Dug Well",W08145,2000,'0,.52,.01,2.6
GJ,"The Dangs","The Dangs","The Dangs",20.80416667,73.6125,"Nadak khadi","Dug Well",W08951,2000,1.33,1.93,1.85,3.4
GJ,"The Dangs","The Dangs","The Dangs",20.76805556,73.54166667,Bhenskatri,"Dug Well",W08146,2000,9.22,8.99,8.52,10.91
GJ,"The Dangs","The Dangs","The Dangs",20.94527778,73.55833333,Mheskatri,"Bore Well",W08950,2000,'0,10.24,10.47,'0
GJ,"The Dangs","The Dangs","The Dangs",20.63333333,73.74583333,Jakana,"Dug Well",W08154,2000,.77,.79,.75,1.16
GJ,"The Dangs","The Dangs","The Dangs",20.6375,73.775,Chinchpada,"Dug Well",W08150,2000,.9,'0,2.05,3.07
GJ,"The Dangs","The Dangs","The Dangs",20.91666667,73.67916667,Mahal,"Dug Well",W08948,2000,'0,3.26,3.12,3.86
GJ,"The Dangs","The Dangs","The Dangs",20.81111111,73.50416667,"Bori gaotha","Dug Well",W08147,2000,'0,4.99,7.65,7.01
GJ,"The Dangs","The Dangs","The Dangs",20.6,73.74583333,Malegaon,"Dug Well",W08949,2000,.3,.38,.5,1.1
GJ,"The Dangs","The Dangs","The Dangs",20.7,73.58333333,"Nana pada","Dug Well",W08952,2000,1.18,2.97,1.7,4.55
GJ,"The Dangs","The Dangs","The Dangs",20.75833333,73.68333333,Ahwa-1,"Dug Well",W08143,2000,.65,1.81,1.29,2.22
GJ,"The Dangs","The Dangs","The Dangs",20.75888889,73.68611111,Ahwa-2,"Bore Well",W08142,2000,'0,2.39,'0,'0
GJ,"The Dangs","The Dangs","The Dangs",20.92083333,73.58055556,Kalibel,"Dug Well",W08947,2000,1,11.01,.97,1.09
GJ,"The Dangs","The Dangs","The Dangs",20.92222222,73.58055556,Subir,"Dug Well",W08954,2000,1.32,1.79,1.73,'0
GJ,"The Dangs","The Dangs","The Dangs",20.68333333,73.725,Umberpada,"Dug Well",W08955,2000,1.6,3.15,2.02,6.23
GJ,"The Dangs","The Dangs","The Dangs",20.80833333,73.55277778,Chinchnogaotha,"Dug Well",W08149,2000,1.61,'0,2.4,5.56
GJ,"The Dangs","The Dangs","The Dangs",20.96666667,73.64166667,Bardipada-1,"Dug Well",W08144,2000,14.57,13.81,20.04,15.42
GJ,"The Dangs","The Dangs","The Dangs",20.64583333,73.79166667,Dhumkal,"Dug Well",W08151,2000,1.28,.9,1.32,4.08
GJ,"The Dangs","The Dangs","The Dangs",20.65833333,73.6875,Chikhli,"Dug Well",W08148,2000,.1,.68,1.21,1.58
GJ,"The Dangs","The Dangs","The Dangs",20.8,73.7375,Ghubita,"Dug Well",W08153,2000,.45,.75,.66,1.4
GJ,"The Dangs","The Dangs","The Dangs",20.86666667,73.61666667,Sodmal,"Dug Well",W08953,2000,1.5,3.32,2.62,'0
GJ,"The Dangs","The Dangs","The Dangs",20.69166667,73.61666667,Aherdi,"Dug Well",W08141,2000,1.75,1.1,.71,.75
GJ,"The Dangs","The Dangs","The Dangs",20.76805556,73.54166667,Bhenskatri,"Dug Well",W08146,1999,8,9.02,8.73,10.86
GJ,"The Dangs","The Dangs","The Dangs",20.75888889,73.68611111,Ahwa-2,"Bore Well",W08142,1999,2.05,2.68,2.4,'0
GJ,"The Dangs","The Dangs","The Dangs",20.63333333,73.74583333,Jakana,"Dug Well",W08154,1999,.74,.6,.75,1.25
GJ,"The Dangs","The Dangs","The Dangs",20.91666667,73.67916667,Mahal,"Dug Well",W08948,1999,3.11,3.15,3.24,4.16
GJ,"The Dangs","The Dangs","The Dangs",20.64166667,73.69166667,Bardipada-2,"Dug Well",W08145,1999,'0,3.75,.15,2.39
GJ,"The Dangs","The Dangs","The Dangs",20.69166667,73.61666667,Aherdi,"Dug Well",W08141,1999,.57,1.47,.77,4
GJ,"The Dangs","The Dangs","The Dangs",20.96666667,73.64166667,Bardipada-1,"Dug Well",W08144,1999,13.55,14.03,13.53,15.24
GJ,"The Dangs","The Dangs","The Dangs",21.03611111,73.78611111,Kakshala,"Bore Well",W08946,1999,3.38,3.57,'0,7.67
GJ,"The Dangs","The Dangs","The Dangs",20.64583333,73.79166667,Dhumkal,"Dug Well",W08151,1999,1.02,1.07,.42,3.03
GJ,"The Dangs","The Dangs","The Dangs",20.65833333,73.6875,Chikhli,"Dug Well",W08148,1999,.87,1.35,.4,6.24
GJ,"The Dangs","The Dangs","The Dangs",20.8,73.7375,Ghubita,"Dug Well",W08153,1999,.48,.95,.59,1.81
GJ,"The Dangs","The Dangs","The Dangs",20.86666667,73.61666667,Sodmal,"Dug Well",W08953,1999,1.5,3.75,2.45,8.34
GJ,"The Dangs","The Dangs","The Dangs",20.80416667,73.6125,"Nadak khadi","Dug Well",W08951,1999,1.32,1.8,1.74,3.35
GJ,"The Dangs","The Dangs","The Dangs",20.92083333,73.58055556,Kalibel,"Dug Well",W08947,1999,.85,.85,.99,1.93
GJ,"The Dangs","The Dangs","The Dangs",20.92222222,73.58055556,Subir,"Dug Well",W08954,1999,1.49,1.98,1.61,7.05
GJ,"The Dangs","The Dangs","The Dangs",20.68333333,73.725,Umberpada,"Dug Well",W08955,1999,1.01,3.6,2.49,6.8
GJ,"The Dangs","The Dangs","The Dangs",20.80833333,73.55277778,Chinchnogaotha,"Dug Well",W08149,1999,1.71,3.16,2.21,6.07
GJ,"The Dangs","The Dangs","The Dangs",20.81111111,73.50416667,"Bori gaotha","Dug Well",W08147,1999,3.29,5.25,4.36,6.97
GJ,"The Dangs","The Dangs","The Dangs",20.6,73.74583333,Malegaon,"Dug Well",W08949,1999,'0,.8,.25,.93
GJ,"The Dangs","The Dangs","The Dangs",20.7,73.58333333,"Nana pada","Dug Well",W08952,1999,1.17,3.73,2.6,8.18
GJ,"The Dangs","The Dangs","The Dangs",20.75833333,73.68333333,Ahwa-1,"Dug Well",W08143,1999,.99,1.47,1.71,2.55
GJ,"The Dangs","The Dangs","The Dangs",20.94527778,73.55833333,Mheskatri,"Bore Well",W08950,1999,9.87,8.08,10.17,'0
GJ,"The Dangs","The Dangs","The Dangs",20.94527778,73.55833333,Mheskatri,"Bore Well",W08950,1998,9.79,'0,'0,12.02
GJ,"The Dangs","The Dangs","The Dangs",20.63333333,73.74583333,Jakana,"Dug Well",W08154,1998,.79,.73,.75,1.53
GJ,"The Dangs","The Dangs","The Dangs",20.6375,73.775,Chinchpada,"Dug Well",W08150,1998,.1,'0,'0,'0
GJ,"The Dangs","The Dangs","The Dangs",20.91666667,73.67916667,Mahal,"Dug Well",W08948,1998,3.07,3.47,3.15,4.28
GJ,"The Dangs","The Dangs","The Dangs",20.64166667,73.69166667,Bardipada-2,"Dug Well",W08145,1998,'0,1.91,'0,4.87
GJ,"The Dangs","The Dangs","The Dangs",20.69166667,73.61666667,Aherdi,"Dug Well",W08141,1998,.54,3.59,.61,7.5
GJ,"The Dangs","The Dangs","The Dangs",20.96666667,73.64166667,Bardipada-1,"Dug Well",W08144,1998,13.42,14.42,12.61,15.93
GJ,"The Dangs","The Dangs","The Dangs",21.03611111,73.78611111,Kakshala,"Bore Well",W08946,1998,'0,'0,4.45,'0
GJ,"The Dangs","The Dangs","The Dangs",20.64583333,73.79166667,Dhumkal,"Dug Well",W08151,1998,'0,'0,1.2,3.1
GJ,"The Dangs","The Dangs","The Dangs",20.65833333,73.6875,Chikhli,"Dug Well",W08148,1998,1.54,1.57,1.5,7.87
GJ,"The Dangs","The Dangs","The Dangs",20.8,73.7375,Ghubita,"Dug Well",W08153,1998,.05,1.3,.53,2.31
GJ,"The Dangs","The Dangs","The Dangs",20.86666667,73.61666667,Sodmal,"Dug Well",W08953,1998,1.43,3.53,1.38,11.02
GJ,"The Dangs","The Dangs","The Dangs",20.80416667,73.6125,"Nadak khadi","Dug Well",W08951,1998,1.2,2.32,1.1,3.55
GJ,"The Dangs","The Dangs","The Dangs",20.92083333,73.58055556,Kalibel,"Dug Well",W08947,1998,.88,1.07,.9,3.32
GJ,"The Dangs","The Dangs","The Dangs",20.92222222,73.58055556,Subir,"Dug Well",W08954,1998,.69,2.16,1.45,7.72
GJ,"The Dangs","The Dangs","The Dangs",20.68333333,73.725,Umberpada,"Dug Well",W08955,1998,1.61,4.21,1.17,7.6
GJ,"The Dangs","The Dangs","The Dangs",20.80833333,73.55277778,Chinchnogaotha,"Dug Well",W08149,1998,1.04,3.16,1.11,5.52
GJ,"The Dangs","The Dangs","The Dangs",20.81111111,73.50416667,"Bori gaotha","Dug Well",W08147,1998,'0,2.57,1.12,7.01
GJ,"The Dangs","The Dangs","The Dangs",20.6,73.74583333,Malegaon,"Dug Well",W08949,1998,.07,.68,'0,1.85
GJ,"The Dangs","The Dangs","The Dangs",20.7,73.58333333,"Nana pada","Dug Well",W08952,1998,1.16,4.91,1.2,8.07
GJ,"The Dangs","The Dangs","The Dangs",20.75833333,73.68333333,Ahwa-1,"Dug Well",W08143,1998,.98,2.08,1.05,3.76
GJ,"The Dangs","The Dangs","The Dangs",20.75888889,73.68611111,Ahwa-2,"Bore Well",W08142,1998,1.9,1.71,'0,3.01
GJ,"The Dangs","The Dangs","The Dangs",20.76805556,73.54166667,Bhenskatri,"Dug Well",W08146,1998,6.7,9.92,7.24,11.25
GJ,"The Dangs","The Dangs","The Dangs",20.8,73.7375,Ghubita,"Dug Well",W08153,1997,.55,1.46,1.7,4.55
GJ,"The Dangs","The Dangs","The Dangs",20.94527778,73.55833333,Mheskatri,"Bore Well",W08950,1997,9.85,'0,'0,'0
GJ,"The Dangs","The Dangs","The Dangs",20.75833333,73.68333333,Ahwa-1,"Dug Well",W08143,1997,1.08,1.67,1.85,3.19
GJ,"The Dangs","The Dangs","The Dangs",20.63333333,73.74583333,Jakana,"Dug Well",W08154,1997,.8,.75,.55,1.46
GJ,"The Dangs","The Dangs","The Dangs",20.7,73.58333333,"Nana pada","Dug Well",W08952,1997,1.11,4.2,1.88,7.02
GJ,"The Dangs","The Dangs","The Dangs",20.65833333,73.6875,Chikhli,"Dug Well",W08148,1997,1.5,2.46,1.35,4.18
GJ,"The Dangs","The Dangs","The Dangs",20.6,73.74583333,Malegaon,"Dug Well",W08949,1997,.35,.78,'0,2.01
GJ,"The Dangs","The Dangs","The Dangs",20.91666667,73.67916667,Mahal,"Dug Well",W08948,1997,3.17,3.33,3.45,4.27
GJ,"The Dangs","The Dangs","The Dangs",20.81111111,73.50416667,"Bori gaotha","Dug Well",W08147,1997,4.02,5.68,4.5,6.4
GJ,"The Dangs","The Dangs","The Dangs",20.64583333,73.79166667,Dhumkal,"Dug Well",W08151,1997,'0,1.16,'0,3.2
GJ,"The Dangs","The Dangs","The Dangs",20.80833333,73.55277778,Chinchnogaotha,"Dug Well",W08149,1997,1,2.55,1.39,5.26
GJ,"The Dangs","The Dangs","The Dangs",20.76805556,73.54166667,Bhenskatri,"Dug Well",W08146,1997,7.87,9.61,9.05,11.19
GJ,"The Dangs","The Dangs","The Dangs",20.68333333,73.725,Umberpada,"Dug Well",W08955,1997,1.73,4.13,2.4,7.5
GJ,"The Dangs","The Dangs","The Dangs",20.96666667,73.64166667,Bardipada-1,"Dug Well",W08144,1997,13,14.12,14.11,15.17
GJ,"The Dangs","The Dangs","The Dangs",20.92222222,73.58055556,Subir,"Dug Well",W08954,1997,1.35,1.96,2.45,7.64
GJ,"The Dangs","The Dangs","The Dangs",20.6375,73.775,Chinchpada,"Dug Well",W08150,1997,'0,2.47,'0,6.73
GJ,"The Dangs","The Dangs","The Dangs",20.92083333,73.58055556,Kalibel,"Dug Well",W08947,1997,.83,1.05,1.95,1.35
GJ,"The Dangs","The Dangs","The Dangs",20.69166667,73.61666667,Aherdi,"Dug Well",W08141,1997,.14,1.14,.67,2.2
GJ,"The Dangs","The Dangs","The Dangs",20.80416667,73.6125,"Nadak khadi","Dug Well",W08951,1997,1.38,2.1,1.64,3.94
GJ,"The Dangs","The Dangs","The Dangs",20.64166667,73.69166667,Bardipada-2,"Dug Well",W08145,1997,'0,'0,1.85,3.35
GJ,"The Dangs","The Dangs","The Dangs",20.86666667,73.61666667,Sodmal,"Dug Well",W08953,1997,1.4,3.14,'0,11.35
GJ,"The Dangs","The Dangs","The Dangs",20.75888889,73.68611111,Ahwa-2,"Bore Well",W08142,1997,2.02,'0,'0,'0
GJ,"The Dangs","The Dangs","The Dangs",20.76805556,73.54166667,Bhenskatri,"Dug Well",W08146,1996,7.86,9.88,8.28,11.62
GJ,"The Dangs","The Dangs","The Dangs",20.75833333,73.68333333,Ahwa-1,"Dug Well",W08143,1996,1.23,1.76,1.52,3.41
GJ,"The Dangs","The Dangs","The Dangs",20.7,73.58333333,"Nana pada","Dug Well",W08952,1996,1.08,4.22,1.86,8.01
GJ,"The Dangs","The Dangs","The Dangs",20.6,73.74583333,Malegaon,"Dug Well",W08949,1996,.21,.79,1.4,5.52
GJ,"The Dangs","The Dangs","The Dangs",20.81111111,73.50416667,"Bori gaotha","Dug Well",W08147,1996,2.14,6.29,5.14,7
GJ,"The Dangs","The Dangs","The Dangs",20.80833333,73.55277778,Chinchnogaotha,"Dug Well",W08149,1996,.96,2.97,1.6,6.94
GJ,"The Dangs","The Dangs","The Dangs",20.68333333,73.725,Umberpada,"Dug Well",W08955,1996,1.65,3.89,2.01,7.01
GJ,"The Dangs","The Dangs","The Dangs",20.92222222,73.58055556,Subir,"Dug Well",W08954,1996,1.43,2.33,1.61,8.55
GJ,"The Dangs","The Dangs","The Dangs",20.92083333,73.58055556,Kalibel,"Dug Well",W08947,1996,.73,1.11,1.12,4.67
GJ,"The Dangs","The Dangs","The Dangs",20.80416667,73.6125,"Nadak khadi","Dug Well",W08951,1996,1.18,2.19,1.51,3.63
GJ,"The Dangs","The Dangs","The Dangs",20.86666667,73.61666667,Sodmal,"Dug Well",W08953,1996,1.44,2.37,1.67,10.08
GJ,"The Dangs","The Dangs","The Dangs",20.8,73.7375,Ghubita,"Dug Well",W08153,1996,.83,1.13,.65,3.01
GJ,"The Dangs","The Dangs","The Dangs",20.65833333,73.6875,Chikhli,"Dug Well",W08148,1996,.63,1.49,.85,7.85
GJ,"The Dangs","The Dangs","The Dangs",20.64583333,73.79166667,Dhumkal,"Dug Well",W08151,1996,1.13,1.39,1.24,5.23
GJ,"The Dangs","The Dangs","The Dangs",20.96666667,73.64166667,Bardipada-1,"Dug Well",W08144,1996,12.37,16.89,13.95,17.08
GJ,"The Dangs","The Dangs","The Dangs",20.69166667,73.61666667,Aherdi,"Dug Well",W08141,1996,.34,2.32,.48,7.45
GJ,"The Dangs","The Dangs","The Dangs",20.64166667,73.69166667,Bardipada-2,"Dug Well",W08145,1996,.63,1.7,.79,3.85
GJ,"The Dangs","The Dangs","The Dangs",20.91666667,73.67916667,Mahal,"Dug Well",W08948,1996,3.1,3.41,3.4,4.38
GJ,"The Dangs","The Dangs","The Dangs",20.6375,73.775,Chinchpada,"Dug Well",W08150,1996,.69,2.71,1.52,7
GJ,"The Dangs","The Dangs","The Dangs",20.63333333,73.74583333,Jakana,"Dug Well",W08154,1996,.78,.81,.81,2.05
