STATE,DISTRICT,TEH_NAME,BLOCK_NAME,LAT,LON,SITE_NAME,SITE_TYPE,WLCODE,YEAR_OBS,MONSOON,POMRB,POMKH,PREMON
JK,Badgam,Pulwama,Pulwama,33.95638889,74.92555556,Sambura-Kokapura,"Dug Well",W30828,2018,'0,'0,'0,5.28
JK,Badgam,Pulwama,Pulwama,33.95638889,74.92555556,Sambura-Kokapura,"Dug Well",W30828,2017,'0,'0,6.02,'0
JK,Badgam,Pulwama,Pulwama,33.99361111,74.92166667,Pampore,"Dug Well",W32227,2017,'0,'0,5.53,'0
JK,Badgam,Pulwama,Pulwama,33.95638889,74.92555556,Sambura-Kokapura,"Dug Well",W30828,2016,'0,'0,'0,4.22
JK,Badgam,Pulwama,Pulwama,33.95638889,74.92555556,Sambura-Kokapura,"Dug Well",W30828,2015,5.21,'0,5.46,'0
JK,Badgam,Pulwama,Pulwama,33.99361111,74.92166667,Pampore,"Dug Well",W32227,2014,3.95,'0,'0,3.21
JK,Badgam,Pulwama,Pulwama,33.95638889,74.92555556,Sambura-Kokapura,"Dug Well",W30828,2014,4.38,'0,5.58,3.11
JK,Badgam,Pulwama,Pulwama,33.99361111,74.92166667,Pampore,"Dug Well",W32227,2013,4.2,'0,4.99,4.05
JK,Badgam,Pulwama,Pulwama,33.95638889,74.92555556,Sambura-Kokapura,"Dug Well",W30828,2013,5.04,'0,6.24,3.52
