STATE,DISTRICT,TEH_NAME,BLOCK_NAME,LAT,LON,SITE_NAME,SITE_TYPE,WLCODE,YEAR_OBS,MONSOON,POMRB,POMKH,PREMON
MS,Raigarh,Alibag,Murud,18.49472222,72.98222222,Kude,"Dug Well",W25866,2018,'0,6.05,'0,'0
MS,Raigarh,Alibag,Murud,18.49472222,72.98222222,Kude,"Dug Well",W25866,2018,'0,'0,'0,4.6
MS,Raigarh,Mangaon,Roha,18.36944444,73.14111111,Varaigaon,"Dug Well",W25831,2018,'0,1.4,'0,'0
MS,Raigarh,Roha,Roha,18.46805556,73.07527778,Shenvai-1,"Dug Well",W25857,2018,'0,4.2,'0,'0
MS,Raigarh,Roha,Roha,18.46805556,73.07527778,Shenvai-1,"Dug Well",W25857,2018,'0,'0,'0,5.1
MS,Raigarh,Sudhagad,Roha,18.4875,73.18416667,Sukeli,"Dug Well",W25864,2018,'0,3.05,'0,'0
MS,Raigarh,Sudhagad,Roha,18.4875,73.18416667,Sukeli,"Dug Well",W25864,2018,'0,'0,'0,5.72
MS,Raigarh,Roha,Roha,18.53166667,73.11138889,Nagothan-1,"Dug Well",W33397,2018,'0,2.4,'0,'0
MS,Raigarh,Roha,Roha,18.53166667,73.11138889,Nagothan-1,"Dug Well",W33397,2018,'0,'0,'0,1.3
MS,Raigarh,"Ambivali Tarf Wankhal",Alibag,18.53472222,72.98333333,"Bilji (Umta)","Dug Well",W17573,2018,'0,3.25,'0,'0
MS,Raigarh,"Ambivali Tarf Wankhal",Alibag,18.53472222,72.98333333,"Bilji (Umta)","Dug Well",W17573,2018,'0,'0,'0,2.7
MS,Raigarh,Matheran,Poladpur,17.98333333,73.46666667,Poladpur,"Dug Well",W07396,2018,'0,5.85,'0,'0
MS,Raigarh,Matheran,Poladpur,17.98333333,73.46666667,Poladpur,"Dug Well",W07396,2018,'0,'0,'0,4.71
MS,Raigarh,Karjat,Mhasla,18.08888889,73.10555556,Kelte,"Dug Well",W17580,2018,'0,2.25,'0,'0
MS,Raigarh,Karjat,Mhasla,18.08888889,73.10555556,Kelte,"Dug Well",W17580,2018,'0,'0,'0,3.3
MS,Raigarh,"Mohpada Alias Wasambe",Shrivardhan,18.03194444,73.08055556,"Saigaon Govalwadi","Dug Well",W07399,2018,'0,1.4,'0,'0
MS,Raigarh,"Mohpada Alias Wasambe",Shrivardhan,18.03194444,73.08055556,"Saigaon Govalwadi","Dug Well",W07399,2018,'0,'0,'0,1.7
MS,Raigarh,Dharamjaigarh,Mangaon,18.135,73.325,Temple,"Dug Well",W07390,2018,'0,2.62,'0,'0
MS,Raigarh,Dharamjaigarh,Mangaon,18.135,73.325,Temple,"Dug Well",W07390,2018,'0,'0,'0,2.7
MS,Raigarh,Dharamjaigarh,Mangaon,18.16666667,73.18333333,Chandore,"Dug Well",W17576,2018,'0,4.42,'0,'0
MS,Raigarh,Dharamjaigarh,Mangaon,18.16666667,73.18333333,Chandore,"Dug Well",W17576,2018,'0,'0,'0,3.4
MS,Raigarh,Dharamjaigarh,Mangaon,18.30277778,73.23888889,Indapur,"Dug Well",W17578,2018,'0,1.91,'0,'0
MS,Raigarh,Dharamjaigarh,Mangaon,18.30277778,73.23888889,Indapur,"Dug Well",W17578,2018,'0,'0,'0,5.1
MS,Raigarh,Dharamjaigarh,Mangaon,18.30277778,73.30555556,"Kumbharcha Kosta Bk","Dug Well",W17579,2018,'0,3.41,'0,'0
MS,Raigarh,Dharamjaigarh,Mangaon,18.30277778,73.30555556,"Kumbharcha Kosta Bk","Dug Well",W17579,2018,'0,'0,'0,3.9
MS,Raigarh,Kegaon,Murud,18.35833333,73.03055556,Khutal,"Dug Well",W17581,2018,'0,3.32,'0,'0
MS,Raigarh,Kegaon,Murud,18.35833333,73.03055556,Khutal,"Dug Well",W17581,2018,'0,'0,'0,3.15
MS,Raigarh,Mhasla,Roha,18.43333333,73.20555556,Phugaon,"Dug Well",W07398,2018,'0,1.65,'0,'0
MS,Raigarh,Mhasla,Roha,18.43333333,73.20555556,Phugaon,"Dug Well",W07398,2018,'0,'0,'0,5.7
MS,Raigarh,Mhasla,Roha,18.45,73.1,Kharapati,"Dug Well",W17587,2018,'0,2.1,'0,'0
MS,Raigarh,Mhasla,Roha,18.45,73.1,Kharapati,"Dug Well",W17587,2018,'0,'0,'0,2.7
MS,Raigarh,Sarangarh,Mahad,18.13333333,73.56666667,Varandha,"Dug Well",W07402,2018,'0,3.22,'0,'0
MS,Raigarh,Sarangarh,Mahad,18.13333333,73.56666667,Varandha,"Dug Well",W07402,2018,'0,'0,'0,6.15
MS,Raigarh,Sarangarh,Mahad,18.07083333,73.4,Sochinde,"Dug Well",W07401,2018,'0,2.84,'0,'0
MS,Raigarh,Sarangarh,Mahad,18.07083333,73.4,Sochinde,"Dug Well",W07401,2018,'0,'0,'0,3.72
MS,Raigarh,Murud,Sudhagad,18.5425,73.21888889,Pali,"Dug Well",W07400,2018,'0,4.8,'0,'0
MS,Raigarh,Murud,Sudhagad,18.5425,73.21888889,Pali,"Dug Well",W07400,2018,'0,'0,'0,5.7
MS,Raigarh,Mhasla,Roha,18.47777778,73.00833333,Dapoli,"Dug Well",W17586,2018,'0,4.12,'0,'0
MS,Raigarh,Mhasla,Roha,18.47777778,73.00833333,Dapoli,"Dug Well",W17586,2018,'0,'0,'0,3.4
MS,Raigarh,"Ambivali Tarf Wankhal",Alibag,18.61166667,72.9,Nagaon,"Dug Well",W07386,2018,'0,4.2,'0,'0
MS,Raigarh,"Ambivali Tarf Wankhal",Alibag,18.61166667,72.9,Nagaon,"Dug Well",W07386,2018,'0,'0,'0,1.83
MS,Raigarh,"Ambivali Tarf Wankhal",Alibag,18.69166667,72.99166667,Poynad,"Dug Well",W07387,2018,'0,6.1,'0,'0
MS,Raigarh,"Ambivali Tarf Wankhal",Alibag,18.69166667,72.99166667,Poynad,"Dug Well",W07387,2018,'0,'0,'0,3.1
MS,Raigarh,Mahad,Pen,18.73333333,73.05,Vadkhal,"Dug Well",W07393,2018,'0,2.1,'0,'0
MS,Raigarh,Mahad,Pen,18.73333333,73.05,Vadkhal,"Dug Well",W07393,2018,'0,'0,'0,3.7
MS,Raigarh,Mahad,Pen,18.75,73.03333333,Veshwi,"Dug Well",W07394,2018,'0,6.22,'0,'0
MS,Raigarh,Mahad,Pen,18.75,73.03333333,Veshwi,"Dug Well",W07394,2018,'0,'0,'0,7.1
MS,Raigarh,Mahad,Pen,18.81388889,73.0875,Jite,"Dug Well",W17585,2018,'0,.95,'0,'0
MS,Raigarh,Mahad,Pen,18.81388889,73.0875,Jite,"Dug Well",W17585,2018,'0,'0,'0,6.5
MS,Raigarh,Raigarh,Khalapur,18.72638889,73.29861111,Kargaon,"Dug Well",W17591,2018,'0,2.05,'0,'0
MS,Raigarh,Raigarh,Khalapur,18.72638889,73.29861111,Kargaon,"Dug Well",W17591,2018,'0,'0,'0,3.5
MS,Raigarh,Raigarh,Khalapur,18.82777778,73.28416667,Khalapur,"Dug Well",W17592,2018,'0,4.12,'0,'0
MS,Raigarh,Raigarh,Khalapur,18.82777778,73.28416667,Khalapur,"Dug Well",W17592,2018,'0,'0,'0,2.65
MS,Raigarh,Birwadi,Karjat,19.02916667,73.325,Neral,"Dug Well",W07388,2018,'0,3.1,'0,'0
MS,Raigarh,Birwadi,Karjat,19.02916667,73.325,Neral,"Dug Well",W07388,2018,'0,'0,'0,2.31
MS,Raigarh,Birwadi,Karjat,18.9125,73.31944444,"Hudhre Budruk (Karjat","Dug Well",W17574,2018,'0,1.8,'0,'0
MS,Raigarh,Birwadi,Karjat,18.9125,73.31944444,"Hudhre Budruk (Karjat","Dug Well",W17574,2018,'0,'0,'0,3.7
MS,Raigarh,Khopoli,Panvel,18.925,73.11666667,Chinchwad,"Dug Well",W17583,2018,'0,4.91,'0,'0
MS,Raigarh,Khopoli,Panvel,18.925,73.11666667,Chinchwad,"Dug Well",W17583,2018,'0,'0,'0,7.3
MS,Raigarh,Alibag,Alibag,18.60694444,72.97944444,"Valvade Shababaj","Dug Well",W25897,2018,'0,4.69,'0,'0
MS,Raigarh,Alibag,Alibag,18.60694444,72.97944444,"Valvade Shababaj","Dug Well",W25897,2018,'0,'0,'0,1.8
MS,Raigarh,Alibag,Alibag,18.62166667,72.95055556,"Vadva Bk","Dug Well",W25903,2018,'0,5.1,'0,'0
MS,Raigarh,Alibag,Alibag,18.62166667,72.95055556,"Vadva Bk","Dug Well",W25903,2018,'0,'0,'0,3.6
MS,Raigarh,Panvel,Panvel,18.95694444,73.155,Ajivali-1,"Dug Well",W25996,2018,'0,3.31,'0,'0
MS,Raigarh,Panvel,Panvel,18.95694444,73.155,Ajivali-1,"Dug Well",W25996,2018,'0,'0,'0,4.46
MS,Raigarh,Panvel,Panvel,18.98555556,73.03805556,Targhar,"Dug Well",W26007,2018,'0,1.64,'0,'0
MS,Raigarh,Panvel,Panvel,19.05055556,73.10083333,Navade-1,"Dug Well",W26019,2018,'0,1.9,'0,'0
MS,Raigarh,Mahad,Mahad,18.07277778,73.40361111,Kembulde,"Dug Well",W25738,2018,'0,2.35,'0,'0
MS,Raigarh,Mahad,Mahad,18.07277778,73.40361111,Kembulde,"Dug Well",W25738,2018,'0,'0,'0,4.65
MS,Raigarh,Mhasla,Mhasla,18.12222222,73.21555556,Madegaon,"Dug Well",W25745,2018,'0,2.69,'0,'0
MS,Raigarh,Mhasla,Mhasla,18.12222222,73.21555556,Madegaon,"Dug Well",W25745,2018,'0,'0,'0,2.5
MS,Raigarh,Mangaon,Mangaon,18.29861111,73.23888889,Indapur-1,"Dug Well",W25813,2018,'0,3.1,'0,'0
MS,Raigarh,Mangaon,Mangaon,18.29861111,73.23888889,Indapur-1,"Dug Well",W25813,2018,'0,'0,'0,5.1
MS,Raigarh,Mhasla,Mhasla,18.12222222,73.21555556,Madegaon,"Dug Well",W25745,2017,'0,'0,1.2,'0
MS,Raigarh,Mangaon,Mangaon,18.29861111,73.23888889,Indapur-1,"Dug Well",W25813,2017,.01,'0,'0,2.04
MS,Raigarh,Mangaon,Mangaon,18.29861111,73.23888889,Indapur-1,"Dug Well",W25813,2017,'0,'0,2.1,'0
MS,Raigarh,Alibag,Murud,18.49472222,72.98222222,Kude,"Dug Well",W25866,2017,.8,4.7,'0,'0
MS,Raigarh,Alibag,Murud,18.49472222,72.98222222,Kude,"Dug Well",W25866,2017,'0,'0,3.1,'0
MS,Raigarh,Mangaon,Roha,18.36944444,73.14111111,Varaigaon,"Dug Well",W25831,2017,.01,2.7,'0,'0
MS,Raigarh,Roha,Roha,18.46805556,73.07527778,Shenvai-1,"Dug Well",W25857,2017,1.1,3.1,'0,4.85
MS,Raigarh,Roha,Roha,18.46805556,73.07527778,Shenvai-1,"Dug Well",W25857,2017,'0,'0,2.3,'0
MS,Raigarh,Sudhagad,Roha,18.4875,73.18416667,Sukeli,"Dug Well",W25864,2017,.01,2.55,'0,3.6
MS,Raigarh,Sudhagad,Roha,18.4875,73.18416667,Sukeli,"Dug Well",W25864,2017,'0,'0,1.5,'0
MS,Raigarh,Roha,Roha,18.53166667,73.11138889,Nagothan-1,"Dug Well",W33397,2017,.01,.75,'0,.88
MS,Raigarh,Roha,Roha,18.53166667,73.11138889,Nagothan-1,"Dug Well",W33397,2017,'0,'0,.01,'0
MS,Raigarh,"Ambivali Tarf Wankhal",Alibag,18.53472222,72.98333333,"Bilji (Umta)","Dug Well",W17573,2017,.01,2.7,'0,4.26
MS,Raigarh,"Ambivali Tarf Wankhal",Alibag,18.53472222,72.98333333,"Bilji (Umta)","Dug Well",W17573,2017,'0,'0,1.7,'0
MS,Raigarh,Khopoli,Panvel,18.95277778,73.15,Ajivali,"Dug Well",W17582,2017,'0,2.22,'0,'0
MS,Raigarh,Sarangarh,Mahad,18.00416667,73.4,Lohare,"Bore Well",W21771,2017,'0,3.77,'0,4.24
MS,Raigarh,Matheran,Poladpur,17.98333333,73.46666667,Poladpur,"Dug Well",W07396,2017,3.4,3.1,'0,5.55
MS,Raigarh,Matheran,Poladpur,17.98333333,73.46666667,Poladpur,"Dug Well",W07396,2017,'0,'0,2.7,'0
MS,Raigarh,Karjat,Mhasla,18.08888889,73.10555556,Kelte,"Dug Well",W17580,2017,.01,2.2,'0,2.15
MS,Raigarh,Karjat,Mhasla,18.08888889,73.10555556,Kelte,"Dug Well",W17580,2017,'0,'0,1.7,'0
MS,Raigarh,"Mohpada Alias Wasambe",Shrivardhan,18.03194444,73.08055556,"Saigaon Govalwadi","Dug Well",W07399,2017,.01,2.8,'0,5
MS,Raigarh,"Mohpada Alias Wasambe",Shrivardhan,18.03194444,73.08055556,"Saigaon Govalwadi","Dug Well",W07399,2017,'0,'0,2.7,'0
MS,Raigarh,Dharamjaigarh,Mangaon,18.135,73.325,Temple,"Dug Well",W07390,2017,.01,3.25,'0,3.45
MS,Raigarh,Dharamjaigarh,Mangaon,18.135,73.325,Temple,"Dug Well",W07390,2017,'0,'0,1.7,'0
MS,Raigarh,Dharamjaigarh,Mangaon,18.16666667,73.18333333,Chandore,"Dug Well",W17576,2017,.01,3.4,'0,5.47
MS,Raigarh,Dharamjaigarh,Mangaon,18.16666667,73.18333333,Chandore,"Dug Well",W17576,2017,'0,'0,1.2,'0
MS,Raigarh,Dharamjaigarh,Mangaon,18.30277778,73.23888889,Indapur,"Dug Well",W17578,2017,.01,.01,'0,'0
MS,Raigarh,Dharamjaigarh,Mangaon,18.30277778,73.30555556,"Kumbharcha Kosta Bk","Dug Well",W17579,2017,.01,1.67,'0,5.32
MS,Raigarh,Dharamjaigarh,Mangaon,18.30277778,73.30555556,"Kumbharcha Kosta Bk","Dug Well",W17579,2017,'0,'0,.7,'0
MS,Raigarh,Kegaon,Murud,18.35833333,73.03055556,Khutal,"Dug Well",W17581,2017,.01,2.2,'0,5.05
MS,Raigarh,Mhasla,Roha,18.43333333,73.20555556,Phugaon,"Dug Well",W07398,2017,1.3,2.2,'0,1.52
MS,Raigarh,Mhasla,Roha,18.43333333,73.20555556,Phugaon,"Dug Well",W07398,2017,'0,'0,.9,'0
MS,Raigarh,Mhasla,Roha,18.45,73.1,Kharapati,"Dug Well",W17587,2017,.01,2.2,'0,3.1
MS,Raigarh,Mhasla,Roha,18.45,73.1,Kharapati,"Dug Well",W17587,2017,'0,'0,1,'0
MS,Raigarh,Sarangarh,Mahad,18.13333333,73.56666667,Varandha,"Dug Well",W07402,2017,1.6,3.4,'0,3.72
MS,Raigarh,Sarangarh,Mahad,18.13333333,73.56666667,Varandha,"Dug Well",W07402,2017,'0,'0,2.1,'0
MS,Raigarh,Sarangarh,Mahad,18.07083333,73.4,Sochinde,"Dug Well",W07401,2017,.01,3.1,'0,2.68
MS,Raigarh,Sarangarh,Mahad,18.07083333,73.4,Sochinde,"Dug Well",W07401,2017,'0,'0,1.3,'0
MS,Raigarh,Murud,Sudhagad,18.5425,73.21888889,Pali,"Dug Well",W07400,2017,1.8,'0,'0,2.1
MS,Raigarh,Murud,Sudhagad,18.5425,73.21888889,Pali,"Dug Well",W07400,2017,'0,'0,.01,'0
MS,Raigarh,Mhasla,Roha,18.47777778,73.00833333,Dapoli,"Dug Well",W17586,2017,1.2,2.7,'0,1.02
MS,Raigarh,Mhasla,Roha,18.47777778,73.00833333,Dapoli,"Dug Well",W17586,2017,'0,'0,1.5,'0
MS,Raigarh,"Ambivali Tarf Wankhal",Alibag,18.61166667,72.9,Nagaon,"Dug Well",W07386,2017,.01,1.64,'0,2.67
MS,Raigarh,"Ambivali Tarf Wankhal",Alibag,18.61166667,72.9,Nagaon,"Dug Well",W07386,2017,'0,'0,2.3,'0
MS,Raigarh,"Ambivali Tarf Wankhal",Alibag,18.69166667,72.99166667,Poynad,"Dug Well",W07387,2017,1.4,2.97,'0,3.14
MS,Raigarh,"Ambivali Tarf Wankhal",Alibag,18.69166667,72.99166667,Poynad,"Dug Well",W07387,2017,'0,'0,2.1,'0
MS,Raigarh,Mahad,Pen,18.73333333,73.05,Vadkhal,"Dug Well",W07393,2017,.01,.3,'0,2.6
MS,Raigarh,Mahad,Pen,18.73333333,73.05,Vadkhal,"Dug Well",W07393,2017,'0,'0,.01,'0
MS,Raigarh,Mahad,Pen,18.75,73.03333333,Veshwi,"Dug Well",W07394,2017,.9,5.2,'0,7.15
MS,Raigarh,Mahad,Pen,18.75,73.03333333,Veshwi,"Dug Well",W07394,2017,'0,'0,3.2,'0
MS,Raigarh,Mahad,Pen,18.81388889,73.0875,Jite,"Dug Well",W17585,2017,2.2,.01,'0,'0
MS,Raigarh,Mahad,Pen,18.81388889,73.0875,Jite,"Dug Well",W17585,2017,'0,'0,.01,'0
MS,Raigarh,Raigarh,Khalapur,18.72638889,73.29861111,Kargaon,"Dug Well",W17591,2017,.01,2.07,'0,6.03
MS,Raigarh,Raigarh,Khalapur,18.72638889,73.29861111,Kargaon,"Dug Well",W17591,2017,'0,'0,.8,'0
MS,Raigarh,Raigarh,Khalapur,18.82777778,73.28416667,Khalapur,"Dug Well",W17592,2017,2.2,3.15,'0,4.02
MS,Raigarh,Raigarh,Khalapur,18.82777778,73.28416667,Khalapur,"Dug Well",W17592,2017,'0,'0,3.3,'0
MS,Raigarh,Birwadi,Karjat,19.02916667,73.325,Neral,"Dug Well",W07388,2017,2.56,3.07,'0,3.35
MS,Raigarh,Birwadi,Karjat,19.02916667,73.325,Neral,"Dug Well",W07388,2017,'0,'0,3.2,'0
MS,Raigarh,Birwadi,Karjat,18.9125,73.31944444,"Hudhre Budruk (Karjat","Dug Well",W17574,2017,.01,1.35,'0,2.45
MS,Raigarh,Birwadi,Karjat,18.9125,73.31944444,"Hudhre Budruk (Karjat","Dug Well",W17574,2017,'0,'0,.01,'0
MS,Raigarh,Khopoli,Panvel,18.925,73.11666667,Chinchwad,"Dug Well",W17583,2017,6.5,4.2,'0,7.82
MS,Raigarh,Khopoli,Panvel,18.925,73.11666667,Chinchwad,"Dug Well",W17583,2017,'0,'0,1.1,'0
MS,Raigarh,Roha,Roha,18.50555556,73.16611111,Shenvai,"Dug Well",W25872,2017,'0,2.8,'0,'0
MS,Raigarh,Alibag,Alibag,18.60694444,72.97944444,"Valvade Shababaj","Dug Well",W25897,2017,.01,3.8,'0,'0
MS,Raigarh,Alibag,Alibag,18.60694444,72.97944444,"Valvade Shababaj","Dug Well",W25897,2017,'0,'0,2.3,'0
MS,Raigarh,Alibag,Alibag,18.62166667,72.95055556,"Vadva Bk","Dug Well",W25903,2017,.01,3.23,'0,'0
MS,Raigarh,Alibag,Alibag,18.62166667,72.95055556,"Vadva Bk","Dug Well",W25903,2017,'0,'0,2.1,'0
MS,Raigarh,Panvel,Panvel,18.95694444,73.155,Ajivali-1,"Dug Well",W25996,2017,2.1,1.47,'0,3.82
MS,Raigarh,Panvel,Panvel,18.95694444,73.155,Ajivali-1,"Dug Well",W25996,2017,'0,'0,1.23,'0
MS,Raigarh,Panvel,Panvel,18.98555556,73.03805556,Targhar,"Dug Well",W26007,2017,.01,.7,'0,1.28
MS,Raigarh,Panvel,Panvel,18.98555556,73.03805556,Targhar,"Dug Well",W26007,2017,'0,'0,.01,'0
MS,Raigarh,Panvel,Panvel,19.05055556,73.10083333,Navade-1,"Dug Well",W26019,2017,.01,.01,'0,.4
MS,Raigarh,Panvel,Panvel,19.05055556,73.10083333,Navade-1,"Dug Well",W26019,2017,'0,'0,.01,'0
MS,Raigarh,Mahad,Mahad,18.07277778,73.40361111,Kembulde,"Dug Well",W25738,2017,.01,2.9,'0,6.9
MS,Raigarh,Mahad,Mahad,18.07277778,73.40361111,Kembulde,"Dug Well",W25738,2017,'0,'0,.9,'0
MS,Raigarh,Mhasla,Mhasla,18.12222222,73.21555556,Madegaon,"Dug Well",W25745,2017,.01,2.32,'0,2.75
MS,Raigarh,"Ambivali Tarf Wankhal",Alibag,18.53472222,72.98333333,"Bilji (Umta)","Dug Well",W17573,2016,1.31,'0,2.17,2.87
MS,Raigarh,Roha,Roha,18.53166667,73.11138889,Nagothan-1,"Dug Well",W33397,2016,'0,'0,.01,'0
MS,Raigarh,Sarangarh,Mahad,18.00416667,73.4,Lohare,"Bore Well",W21771,2016,2.23,'0,1.88,4.19
MS,Raigarh,Matheran,Poladpur,17.98333333,73.46666667,Poladpur,"Dug Well",W07396,2016,1.46,'0,2.8,6.35
MS,Raigarh,Karjat,Mhasla,18.08888889,73.10555556,Kelte,"Dug Well",W17580,2016,1.07,'0,1.21,2.16
MS,Raigarh,"Mohpada Alias Wasambe",Shrivardhan,18.03194444,73.08055556,"Saigaon Govalwadi","Dug Well",W07399,2016,.05,'0,2.2,4.1
MS,Raigarh,Dharamjaigarh,Mangaon,18.135,73.325,Temple,"Dug Well",W07390,2016,1.37,'0,2.11,3.65
MS,Raigarh,Dharamjaigarh,Mangaon,18.16666667,73.18333333,Chandore,"Dug Well",W17576,2016,1.44,'0,1.52,8.95
MS,Raigarh,Dharamjaigarh,Mangaon,18.30277778,73.23888889,Indapur,"Dug Well",W17578,2016,.41,'0,2.26,1
MS,Raigarh,Dharamjaigarh,Mangaon,18.30277778,73.30555556,"Kumbharcha Kosta Bk","Dug Well",W17579,2016,.94,'0,.95,3.57
MS,Raigarh,Kegaon,Murud,18.35833333,73.03055556,Khutal,"Dug Well",W17581,2016,.64,'0,.6,4.6
MS,Raigarh,Mhasla,Roha,18.55,73.13333333,Nagothan,"Dug Well",W07397,2016,.17,'0,'0,'0
MS,Raigarh,Mhasla,Roha,18.43333333,73.20555556,Phugaon,"Dug Well",W07398,2016,.86,'0,.85,1.65
MS,Raigarh,Mhasla,Roha,18.45,73.1,Kharapati,"Dug Well",W17587,2016,3.74,'0,.3,2.7
MS,Raigarh,Sarangarh,Mahad,18.13333333,73.56666667,Varandha,"Dug Well",W07402,2016,1.91,'0,3,3.78
MS,Raigarh,Sarangarh,Mahad,18.07083333,73.4,Sochinde,"Dug Well",W07401,2016,.43,'0,1.1,3.6
MS,Raigarh,Murud,Sudhagad,18.5425,73.21888889,Pali,"Dug Well",W07400,2016,1.4,'0,'0,1.25
MS,Raigarh,Mhasla,Roha,18.47777778,73.00833333,Dapoli,"Dug Well",W17586,2016,.05,'0,1.82,1.3
MS,Raigarh,"Ambivali Tarf Wankhal",Alibag,18.61166667,72.9,Nagaon,"Dug Well",W07386,2016,.04,'0,.85,2.33
MS,Raigarh,"Ambivali Tarf Wankhal",Alibag,18.69166667,72.99166667,Poynad,"Dug Well",W07387,2016,1.94,'0,2.13,4.07
MS,Raigarh,Mahad,Pen,18.73333333,73.05,Vadkhal,"Dug Well",W07393,2016,.01,'0,.3,3.45
MS,Raigarh,Mahad,Pen,18.75,73.03333333,Veshwi,"Dug Well",W07394,2016,1.47,'0,2.3,7.35
MS,Raigarh,Mahad,Pen,18.81388889,73.0875,Jite,"Dug Well",W17585,2016,.1,'0,.8,.51
MS,Raigarh,Raigarh,Khalapur,18.72638889,73.29861111,Kargaon,"Dug Well",W17591,2016,.42,'0,1.31,5.12
MS,Raigarh,Raigarh,Khalapur,18.82777778,73.28416667,Khalapur,"Dug Well",W17592,2016,3,'0,2.77,3.93
MS,Raigarh,Birwadi,Karjat,19.02916667,73.325,Neral,"Dug Well",W07388,2016,1.88,'0,2.65,2.75
MS,Raigarh,Birwadi,Karjat,18.9125,73.31944444,"Hudhre Budruk (Karjat","Dug Well",W17574,2016,.04,'0,.3,2.05
MS,Raigarh,Khopoli,Panvel,18.925,73.11666667,Chinchwad,"Dug Well",W17583,2016,.2,'0,.5,6
MS,Raigarh,Roha,Roha,18.50555556,73.16611111,Shenvai,"Dug Well",W25872,2016,'0,4.15,1.52,'0
MS,Raigarh,Alibag,Alibag,18.60694444,72.97944444,"Valvade Shababaj","Dug Well",W25897,2016,'0,4.55,2.62,6.9
MS,Raigarh,Alibag,Alibag,18.62166667,72.95055556,"Vadva Bk","Dug Well",W25903,2016,'0,4.55,1.5,'0
MS,Raigarh,Panvel,Panvel,18.95694444,73.155,Ajivali-1,"Dug Well",W25996,2016,.62,2.3,.9,4.07
MS,Raigarh,Panvel,Panvel,18.98555556,73.03805556,Targhar,"Dug Well",W26007,2016,'0,2.43,.3,'0
MS,Raigarh,Panvel,Panvel,19.05055556,73.10083333,Navade-1,"Dug Well",W26019,2016,'0,1.93,.01,'0
MS,Raigarh,Mahad,Mahad,18.07277778,73.40361111,Kembulde,"Dug Well",W25738,2016,.24,3.63,.8,8.25
MS,Raigarh,Mhasla,Mhasla,18.12222222,73.21555556,Madegaon,"Dug Well",W25745,2016,1.53,2.76,1.9,6
MS,Raigarh,Mangaon,Mangaon,18.29861111,73.23888889,Indapur-1,"Dug Well",W25813,2016,'0,.92,'0,'0
MS,Raigarh,Alibag,Murud,18.49472222,72.98222222,Kude,"Dug Well",W25866,2016,1.07,5.85,2.05,'0
MS,Raigarh,Mangaon,Roha,18.36944444,73.14111111,Varaigaon,"Dug Well",W25831,2016,'0,'0,2.33,'0
MS,Raigarh,Roha,Roha,18.46805556,73.07527778,Shenvai-1,"Dug Well",W25857,2016,1.52,4.18,2.2,4.75
MS,Raigarh,Sudhagad,Roha,18.4875,73.18416667,Sukeli,"Dug Well",W25864,2016,.94,3.05,.9,3.65
MS,Raigarh,Khopoli,Panvel,18.95277778,73.15,Ajivali,"Dug Well",W17582,2016,'0,'0,.97,'0
MS,Raigarh,"Ambivali Tarf Wankhal",Alibag,18.53472222,72.98333333,"Bilji (Umta)","Dug Well",W17573,2015,1.25,3.2,.95,3.8
MS,Raigarh,Sudhagad,Roha,18.4875,73.18416667,Sukeli,"Dug Well",W25864,2015,.67,2.7,.3,3.6
MS,Raigarh,Sarangarh,Mahad,18.00416667,73.4,Lohare,"Bore Well",W21771,2015,1.8,3.5,3.1,1.8
MS,Raigarh,Matheran,Poladpur,17.98333333,73.46666667,Poladpur,"Dug Well",W07396,2015,1.41,5.2,2.65,6.2
MS,Raigarh,Karjat,Mhasla,18.08888889,73.10555556,Kelte,"Dug Well",W17580,2015,1.08,1.9,.6,2.1
MS,Raigarh,"Mohpada Alias Wasambe",Shrivardhan,18.03194444,73.08055556,"Saigaon Govalwadi","Dug Well",W07399,2015,.8,2,3,4.7
MS,Raigarh,Dharamjaigarh,Mangaon,18.135,73.325,Temple,"Dug Well",W07390,2015,1.25,2,1.85,4
MS,Raigarh,Dharamjaigarh,Mangaon,18.16666667,73.18333333,Chandore,"Dug Well",W17576,2015,1.32,3.9,2.2,5.9
MS,Raigarh,Dharamjaigarh,Mangaon,18.30277778,73.23888889,Indapur,"Dug Well",W17578,2015,.25,'0,'0,1.9
MS,Raigarh,Dharamjaigarh,Mangaon,18.30277778,73.30555556,"Kumbharcha Kosta Bk","Dug Well",W17579,2015,1.15,1.8,.57,3
MS,Raigarh,Kegaon,Murud,18.35833333,73.03055556,Khutal,"Dug Well",W17581,2015,2.1,3.2,1.55,4.5
MS,Raigarh,Mhasla,Roha,18.55,73.13333333,Nagothan,"Dug Well",W07397,2015,.4,.1,'0,.45
MS,Raigarh,Mhasla,Roha,18.43333333,73.20555556,Phugaon,"Dug Well",W07398,2015,.57,1.3,1.1,1.5
MS,Raigarh,Mhasla,Roha,18.45,73.1,Kharapati,"Dug Well",W17587,2015,.3,2.5,.6,2.6
MS,Raigarh,Sarangarh,Mahad,18.13333333,73.56666667,Varandha,"Dug Well",W07402,2015,1.66,3.4,2.05,3.7
MS,Raigarh,Sarangarh,Mahad,18.07083333,73.4,Sochinde,"Dug Well",W07401,2015,.3,2.2,1,2.7
MS,Raigarh,Murud,Sudhagad,18.5425,73.21888889,Pali,"Dug Well",W07400,2015,1,2,1.05,2.4
MS,Raigarh,Mhasla,Roha,18.47777778,73.00833333,Dapoli,"Dug Well",W17586,2015,1.53,2.7,.95,2.05
MS,Raigarh,"Ambivali Tarf Wankhal",Alibag,18.61166667,72.9,Nagaon,"Dug Well",W07386,2015,.2,1.8,.2,3.2
MS,Raigarh,"Ambivali Tarf Wankhal",Alibag,18.69166667,72.99166667,Poynad,"Dug Well",W07387,2015,1.7,3.3,1.8,4.4
MS,Raigarh,Mahad,Pen,18.73333333,73.05,Vadkhal,"Dug Well",W07393,2015,.1,.5,.7,2.3
MS,Raigarh,Mahad,Pen,18.75,73.03333333,Veshwi,"Dug Well",W07394,2015,1.35,6.3,2.15,7.15
MS,Raigarh,Mahad,Pen,18.81388889,73.0875,Jite,"Dug Well",W17585,2015,.4,.8,'0,1.5
MS,Raigarh,Raigarh,Khalapur,18.72638889,73.29861111,Kargaon,"Dug Well",W17591,2015,.3,1.6,.05,3.8
MS,Raigarh,Raigarh,Khalapur,18.82777778,73.28416667,Khalapur,"Dug Well",W17592,2015,2.55,3,2.6,3.8
MS,Raigarh,Birwadi,Karjat,19.02916667,73.325,Neral,"Dug Well",W07388,2015,1.4,2.8,2.1,2.8
MS,Raigarh,Birwadi,Karjat,18.9125,73.31944444,"Hudhre Budruk (Karjat","Dug Well",W17574,2015,.1,1.2,.7,2.05
MS,Raigarh,Khopoli,Panvel,18.925,73.11666667,Chinchwad,"Dug Well",W17583,2015,.2,5,.9,.2
MS,Raigarh,Roha,Roha,18.50555556,73.16611111,Shenvai,"Dug Well",W25872,2015,1.35,'0,.91,5.06
MS,Raigarh,Alibag,Alibag,18.60694444,72.97944444,"Valvade Shababaj","Dug Well",W25897,2015,.35,'0,2.82,'0
MS,Raigarh,Alibag,Alibag,18.62166667,72.95055556,"Vadva Bk","Dug Well",W25903,2015,.3,3.8,2,5.8
MS,Raigarh,Panvel,Panvel,18.95694444,73.155,Ajivali-1,"Dug Well",W25996,2015,1.02,2.9,.65,2.5
MS,Raigarh,Panvel,Panvel,18.98555556,73.03805556,Targhar,"Dug Well",W26007,2015,1.35,'0,'0,4.6
MS,Raigarh,Panvel,Panvel,19.05055556,73.10083333,Navade-1,"Dug Well",W26019,2015,.85,.5,'0,5.6
MS,Raigarh,Mahad,Mahad,18.07277778,73.40361111,Kembulde,"Dug Well",W25738,2015,.16,2.1,1.2,4.4
MS,Raigarh,Mhasla,Mhasla,18.12222222,73.21555556,Madegaon,"Dug Well",W25745,2015,1.2,2,1.25,3.3
MS,Raigarh,Mangaon,Mangaon,18.29861111,73.23888889,Indapur-1,"Dug Well",W25813,2015,.15,1.8,1.3,'0
MS,Raigarh,Alibag,Murud,18.49472222,72.98222222,Kude,"Dug Well",W25866,2015,.45,5,1.15,8.5
MS,Raigarh,Mangaon,Roha,18.36944444,73.14111111,Varaigaon,"Dug Well",W25831,2015,.25,3.1,2.05,4
MS,Raigarh,Roha,Roha,18.46805556,73.07527778,Shenvai-1,"Dug Well",W25857,2015,1.35,3.3,1.8,'0
MS,Raigarh,Khopoli,Panvel,18.95277778,73.15,Ajivali,"Dug Well",W17582,2015,1.04,2,1.4,3.5
MS,Raigarh,"Ambivali Tarf Wankhal",Alibag,18.53472222,72.98333333,"Bilji (Umta)","Dug Well",W17573,2014,2.07,2.5,4.4,3.8
MS,Raigarh,Sudhagad,Roha,18.4875,73.18416667,Sukeli,"Dug Well",W25864,2014,1.33,2.4,2.1,'0
MS,Raigarh,Sarangarh,Mahad,18.00416667,73.4,Lohare,"Bore Well",W21771,2014,2.15,3.6,3.2,4
MS,Raigarh,Matheran,Poladpur,17.98333333,73.46666667,Poladpur,"Dug Well",W07396,2014,2.15,4.2,4.7,6.2
MS,Raigarh,Karjat,Mhasla,18.08888889,73.10555556,Kelte,"Dug Well",W17580,2014,1.9,1.7,2.5,2.6
MS,Raigarh,"Mohpada Alias Wasambe",Shrivardhan,18.03194444,73.08055556,"Saigaon Govalwadi","Dug Well",W07399,2014,'0,3.05,2.5,5
MS,Raigarh,Dharamjaigarh,Mangaon,18.135,73.325,Temple,"Dug Well",W07390,2014,1.84,3,3.3,3.9
MS,Raigarh,Dharamjaigarh,Mangaon,18.16666667,73.18333333,Chandore,"Dug Well",W17576,2014,1.57,4.1,3.7,4.8
MS,Raigarh,Dharamjaigarh,Mangaon,18.30277778,73.23888889,Indapur,"Dug Well",W17578,2014,'0,2.2,'0,2.7
MS,Raigarh,Dharamjaigarh,Mangaon,18.30277778,73.30555556,"Kumbharcha Kosta Bk","Dug Well",W17579,2014,1.59,3.47,2,3.6
MS,Raigarh,Kegaon,Murud,18.35833333,73.03055556,Khutal,"Dug Well",W17581,2014,'0,3.1,2.4,4.4
MS,Raigarh,Mhasla,Roha,18.55,73.13333333,Nagothan,"Dug Well",W07397,2014,'0,2.65,1.3,6.5
MS,Raigarh,Mhasla,Roha,18.43333333,73.20555556,Phugaon,"Dug Well",W07398,2014,1.12,1.3,2.5,6.5
MS,Raigarh,Mhasla,Roha,18.45,73.1,Kharapati,"Dug Well",W17587,2014,.7,2.2,1.9,'0
MS,Raigarh,Sarangarh,Mahad,18.13333333,73.56666667,Varandha,"Dug Well",W07402,2014,2.8,2.65,3.7,3.7
MS,Raigarh,Sarangarh,Mahad,18.07083333,73.4,Sochinde,"Dug Well",W07401,2014,1.64,2.65,3,3.6
MS,Raigarh,Murud,Sudhagad,18.5425,73.21888889,Pali,"Dug Well",W07400,2014,1.53,2,2.6,1.4
MS,Raigarh,Mhasla,Roha,18.47777778,73.00833333,Dapoli,"Dug Well",W17586,2014,1.74,3.35,3.4,5.1
MS,Raigarh,"Ambivali Tarf Wankhal",Alibag,18.61166667,72.9,Nagaon,"Dug Well",W07386,2014,.85,2.8,'0,2.9
MS,Raigarh,"Ambivali Tarf Wankhal",Alibag,18.69166667,72.99166667,Poynad,"Dug Well",W07387,2014,2.41,3,3.9,4.5
MS,Raigarh,Mahad,Pen,18.73333333,73.05,Vadkhal,"Dug Well",W07393,2014,.65,.7,2.3,2.55
MS,Raigarh,Mahad,Pen,18.75,73.03333333,Veshwi,"Dug Well",W07394,2014,1.91,4.25,4.4,7.4
MS,Raigarh,Mahad,Pen,18.81388889,73.0875,Jite,"Dug Well",W17585,2014,.64,.75,1.7,.9
MS,Raigarh,Raigarh,Khalapur,18.72638889,73.29861111,Kargaon,"Dug Well",W17591,2014,1.34,.95,'0,5.3
MS,Raigarh,Raigarh,Khalapur,18.82777778,73.28416667,Khalapur,"Dug Well",W17592,2014,2.89,1.4,3.75,2.5
MS,Raigarh,Birwadi,Karjat,19.02916667,73.325,Neral,"Dug Well",W07388,2014,2.06,1.2,3.3,3.55
MS,Raigarh,Birwadi,Karjat,18.9125,73.31944444,"Hudhre Budruk (Karjat","Dug Well",W17574,2014,.72,2.95,1.3,3
MS,Raigarh,Khopoli,Panvel,18.925,73.11666667,Chinchwad,"Dug Well",W17583,2014,.74,.9,4.7,8
MS,Raigarh,Roha,Roha,18.50555556,73.16611111,Shenvai,"Dug Well",W25872,2014,2.24,2.26,3.7,5.2
MS,Raigarh,Alibag,Alibag,18.60694444,72.97944444,"Valvade Shababaj","Dug Well",W25897,2014,'0,'0,'0,3.1
MS,Raigarh,Alibag,Alibag,18.62166667,72.95055556,"Vadva Bk","Dug Well",W25903,2014,1.37,3,3.3,6.2
MS,Raigarh,Panvel,Panvel,18.95694444,73.155,Ajivali-1,"Dug Well",W25996,2014,1.58,'0,2.3,2.7
MS,Raigarh,Panvel,Panvel,18.98555556,73.03805556,Targhar,"Dug Well",W26007,2014,.75,'0,2,'0
MS,Raigarh,Panvel,Panvel,19.05055556,73.10083333,Navade-1,"Dug Well",W26019,2014,'0,.2,2.7,'0
MS,Raigarh,Mahad,Mahad,18.07277778,73.40361111,Kembulde,"Dug Well",W25738,2014,1.26,3.9,2.8,10
MS,Raigarh,Mhasla,Mhasla,18.12222222,73.21555556,Madegaon,"Dug Well",W25745,2014,2.15,1.9,2.9,4.9
MS,Raigarh,Mangaon,Mangaon,18.29861111,73.23888889,Indapur-1,"Dug Well",W25813,2014,.96,4.2,2.4,.6
MS,Raigarh,Alibag,Murud,18.49472222,72.98222222,Kude,"Dug Well",W25866,2014,1.53,4.2,4.7,2.9
MS,Raigarh,Mangaon,Roha,18.36944444,73.14111111,Varaigaon,"Dug Well",W25831,2014,.7,2.35,2.4,3
MS,Raigarh,Roha,Roha,18.46805556,73.07527778,Shenvai-1,"Dug Well",W25857,2014,2.24,3,3,5.2
MS,Raigarh,Khopoli,Panvel,18.95277778,73.15,Ajivali,"Dug Well",W17582,2014,1.48,1.2,2,2.5
MS,Raigarh,"Ambivali Tarf Wankhal",Alibag,18.53472222,72.98333333,"Bilji (Umta)","Dug Well",W17573,2013,1.18,2.7,2.05,5.4
MS,Raigarh,Sudhagad,Roha,18.4875,73.18416667,Sukeli,"Dug Well",W25864,2013,.84,'0,1.82,4.62
MS,Raigarh,Sarangarh,Mahad,18.00416667,73.4,Lohare,"Bore Well",W21771,2013,2.66,'0,3.74,4.56
MS,Raigarh,Matheran,Poladpur,17.98333333,73.46666667,Poladpur,"Dug Well",W07396,2013,1.5,4.75,2.31,7.14
MS,Raigarh,Karjat,Mhasla,18.08888889,73.10555556,Kelte,"Dug Well",W17580,2013,.64,2.83,1.26,3.08
MS,Raigarh,"Mohpada Alias Wasambe",Shrivardhan,18.03194444,73.08055556,"Saigaon Govalwadi","Dug Well",W07399,2013,.01,2.18,.87,'0
MS,Raigarh,Dharamjaigarh,Mangaon,18.135,73.325,Temple,"Dug Well",W07390,2013,1.25,3.14,1.73,5.08
MS,Raigarh,Dharamjaigarh,Mangaon,18.16666667,73.18333333,Chandore,"Dug Well",W17576,2013,.84,4.3,2.6,6
MS,Raigarh,Dharamjaigarh,Mangaon,18.30277778,73.23888889,Indapur,"Dug Well",W17578,2013,'0,'0,'0,5.6
MS,Raigarh,Dharamjaigarh,Mangaon,18.30277778,73.30555556,"Kumbharcha Kosta Bk","Dug Well",W17579,2013,.67,2.33,1.02,5.2
MS,Raigarh,Kegaon,Murud,18.35833333,73.03055556,Khutal,"Dug Well",W17581,2013,.6,1.46,1.96,4.16
MS,Raigarh,Mhasla,Roha,18.55,73.13333333,Nagothan,"Dug Well",W07397,2013,.3,.5,.41,'0
MS,Raigarh,Mhasla,Roha,18.43333333,73.20555556,Phugaon,"Dug Well",W07398,2013,.94,1.5,1.36,2.22
MS,Raigarh,Mhasla,Roha,18.45,73.1,Kharapati,"Dug Well",W17587,2013,.31,1.63,1.63,3.22
MS,Raigarh,Sarangarh,Mahad,18.13333333,73.56666667,Varandha,"Dug Well",W07402,2013,1.25,3.04,2.64,4.61
MS,Raigarh,Sarangarh,Mahad,18.07083333,73.4,Sochinde,"Dug Well",W07401,2013,.46,3,1.53,4.12
MS,Raigarh,Murud,Sudhagad,18.5425,73.21888889,Pali,"Dug Well",W07400,2013,.46,1.63,1.08,3.1
MS,Raigarh,Mhasla,Roha,18.47777778,73.00833333,Dapoli,"Dug Well",W17586,2013,.21,.7,.36,2
MS,Raigarh,"Ambivali Tarf Wankhal",Alibag,18.61166667,72.9,Nagaon,"Dug Well",W07386,2013,'0,2.21,'0,'0
MS,Raigarh,"Ambivali Tarf Wankhal",Alibag,18.69166667,72.99166667,Poynad,"Dug Well",W07387,2013,2.05,2.83,2.8,6
MS,Raigarh,Mahad,Pen,18.73333333,73.05,Vadkhal,"Dug Well",W07393,2013,.01,'0,.46,3.42
MS,Raigarh,Mahad,Pen,18.75,73.03333333,Veshwi,"Dug Well",W07394,2013,1.45,4.68,2.55,8.32
MS,Raigarh,Mahad,Pen,18.81388889,73.0875,Jite,"Dug Well",W17585,2013,.22,.65,.38,1.77
MS,Raigarh,Raigarh,Khalapur,18.82777778,73.28416667,Khalapur,"Dug Well",W17592,2013,.71,1.205,1.66,3.24
MS,Raigarh,Birwadi,Karjat,19.02916667,73.325,Neral,"Dug Well",W07388,2013,.95,2.58,1.46,'0
MS,Raigarh,Birwadi,Karjat,18.9125,73.31944444,"Hudhre Budruk (Karjat","Dug Well",W17574,2013,.23,.3,.61,5.03
MS,Raigarh,Khopoli,Panvel,18.925,73.11666667,Chinchwad,"Dug Well",W17583,2013,1.88,5.36,2.16,5.9
MS,Raigarh,Roha,Roha,18.50555556,73.16611111,Shenvai,"Dug Well",W25872,2013,.84,3.1,1.6,'0
MS,Raigarh,Alibag,Alibag,18.60694444,72.97944444,"Valvade Shababaj","Dug Well",W25897,2013,'0,1.75,'0,'0
MS,Raigarh,Alibag,Alibag,18.62166667,72.95055556,"Vadva Bk","Dug Well",W25903,2013,'0,'0,'0,5.8
MS,Raigarh,Panvel,Panvel,18.95694444,73.155,Ajivali-1,"Dug Well",W25996,2013,'0,3.8,'0,'0
MS,Raigarh,Panvel,Panvel,18.98555556,73.03805556,Targhar,"Dug Well",W26007,2013,'0,'0,'0,5.2
MS,Raigarh,Panvel,Panvel,19.05055556,73.10083333,Navade-1,"Dug Well",W26019,2013,'0,5.5,'0,4.57
MS,Raigarh,Mahad,Mahad,18.07277778,73.40361111,Kembulde,"Dug Well",W25738,2013,'0,'0,'0,8
MS,Raigarh,Mhasla,Mhasla,18.12222222,73.21555556,Madegaon,"Dug Well",W25745,2013,.59,2.63,2.01,'0
MS,Raigarh,Mangaon,Mangaon,18.29861111,73.23888889,Indapur-1,"Dug Well",W25813,2013,.3,'0,1.1,2.81
MS,Raigarh,Alibag,Murud,18.49472222,72.98222222,Kude,"Dug Well",W25866,2013,1.7,'0,3.21,7.6
MS,Raigarh,Mangaon,Roha,18.36944444,73.14111111,Varaigaon,"Dug Well",W25831,2013,.63,6.7,1.22,'0
MS,Raigarh,Roha,Roha,18.46805556,73.07527778,Shenvai-1,"Dug Well",W25857,2013,1.5,'0,2.56,7.7
MS,Raigarh,Khopoli,Panvel,18.95277778,73.15,Ajivali,"Dug Well",W17582,2013,1.02,2.84,1.61,4.35
MS,Raigarh,"Ambivali Tarf Wankhal",Alibag,18.53472222,72.98333333,"Bilji (Umta)","Dug Well",W17573,2012,'0,3.9,2.4,5.1
MS,Raigarh,Khopoli,Panvel,18.95277778,73.15,Ajivali,"Dug Well",W17582,2012,'0,3.03,1.86,4.9
MS,Raigarh,Matheran,Poladpur,17.98333333,73.46666667,Poladpur,"Dug Well",W07396,2012,'0,5.82,2.65,6.8
MS,Raigarh,Karjat,Mhasla,18.08888889,73.10555556,Kelte,"Dug Well",W17580,2012,'0,2.73,1.26,3.64
MS,Raigarh,"Mohpada Alias Wasambe",Shrivardhan,18.03194444,73.08055556,"Saigaon Govalwadi","Dug Well",W07399,2012,'0,2.42,.63,4.81
MS,Raigarh,Dharamjaigarh,Mangaon,18.135,73.325,Temple,"Dug Well",W07390,2012,'0,3.04,1.38,'0
MS,Raigarh,Dharamjaigarh,Mangaon,18.16666667,73.18333333,Chandore,"Dug Well",W17576,2012,'0,4.48,2.65,5.7
MS,Raigarh,Dharamjaigarh,Mangaon,18.30277778,73.23888889,Indapur,"Dug Well",W17578,2012,'0,2.2,'0,3.5
MS,Raigarh,Dharamjaigarh,Mangaon,18.30277778,73.30555556,"Kumbharcha Kosta Bk","Dug Well",W17579,2012,'0,2.56,.86,6.01
MS,Raigarh,Kegaon,Murud,18.35833333,73.03055556,Khutal,"Dug Well",W17581,2012,'0,'0,1.45,'0
MS,Raigarh,Mhasla,Roha,18.55,73.13333333,Nagothan,"Dug Well",W07397,2012,'0,1.4,.45,4.16
MS,Raigarh,Mhasla,Roha,18.43333333,73.20555556,Phugaon,"Dug Well",W07398,2012,'0,2.52,1.3,3.98
MS,Raigarh,Mhasla,Roha,18.45,73.1,Kharapati,"Dug Well",W17587,2012,'0,2.54,'0,3.7
MS,Raigarh,Sarangarh,Mahad,18.13333333,73.56666667,Varandha,"Dug Well",W07402,2012,'0,3.96,2.7,4.6
MS,Raigarh,Sarangarh,Mahad,18.07083333,73.4,Sochinde,"Dug Well",W07401,2012,'0,3.86,1.3,4.73
MS,Raigarh,Murud,Sudhagad,18.5425,73.21888889,Pali,"Dug Well",W07400,2012,'0,2.63,1.67,2.4
MS,Raigarh,Mhasla,Roha,18.47777778,73.00833333,Dapoli,"Dug Well",W17586,2012,'0,2,.74,1.32
MS,Raigarh,"Ambivali Tarf Wankhal",Alibag,18.69166667,72.99166667,Poynad,"Dug Well",W07387,2012,'0,4.09,3.15,5.11
MS,Raigarh,Mahad,Pen,18.73333333,73.05,Vadkhal,"Dug Well",W07393,2012,'0,1.78,'0,'0
MS,Raigarh,Mahad,Pen,18.75,73.03333333,Veshwi,"Dug Well",W07394,2012,'0,5.63,4.32,8.16
MS,Raigarh,Mahad,Pen,18.81388889,73.0875,Jite,"Dug Well",W17585,2012,'0,1.6,.5,1.5
MS,Raigarh,Raigarh,Khalapur,18.72638889,73.29861111,Kargaon,"Dug Well",W17591,2012,'0,'0,'0,3.8
MS,Raigarh,Raigarh,Khalapur,18.82777778,73.28416667,Khalapur,"Dug Well",W17592,2012,'0,2.95,1.94,3.62
MS,Raigarh,Birwadi,Karjat,19.02916667,73.325,Neral,"Dug Well",W07388,2012,'0,3.58,1.86,3.68
MS,Raigarh,Birwadi,Karjat,18.9125,73.31944444,"Hudhre Budruk (Karjat","Dug Well",W17574,2012,'0,1.84,.2,2.78
MS,Raigarh,Khopoli,Panvel,18.925,73.11666667,Chinchwad,"Dug Well",W17583,2012,'0,6,.8,9.61
MS,Raigarh,Murud,Sudhagad,18.66027778,73.3,Jambhulpada,"Dug Well",W17589,2012,'0,2.65,'0,'0
MS,Raigarh,Khopoli,Panvel,18.925,73.11666667,Chinchwad,"Dug Well",W17583,2011,.8,3,2.51,7.7
MS,Raigarh,Karjat,Mhasla,18.08888889,73.10555556,Kelte,"Dug Well",W17580,2011,'0,1.6,2.4,2.55
MS,Raigarh,Raigarh,Khalapur,18.72638889,73.29861111,Kargaon,"Dug Well",W17591,2011,'0,.7,1.55,1.9
MS,Raigarh,Raigarh,Khalapur,18.82777778,73.28416667,Khalapur,"Dug Well",W17592,2011,'0,2.7,2.8,3.05
MS,Raigarh,Birwadi,Karjat,19.02916667,73.325,Neral,"Dug Well",W07388,2011,'0,2.4,'0,2.7
MS,Raigarh,Birwadi,Karjat,18.9125,73.31944444,"Hudhre Budruk (Karjat","Dug Well",W17574,2011,'0,.8,1.1,3.95
MS,Raigarh,Sarangarh,Mahad,18.07083333,73.4,Sochinde,"Dug Well",W07401,2011,'0,2.2,2.2,4.8
MS,Raigarh,Murud,Sudhagad,18.5425,73.21888889,Pali,"Dug Well",W07400,2011,'0,1.4,2.54,1.6
MS,Raigarh,Mhasla,Roha,18.47777778,73.00833333,Dapoli,"Dug Well",W17586,2011,'0,1,1.75,1.15
MS,Raigarh,"Ambivali Tarf Wankhal",Alibag,18.69166667,72.99166667,Poynad,"Dug Well",W07387,2011,2.6,2.6,3.3,3.2
MS,Raigarh,Mahad,Pen,18.73333333,73.05,Vadkhal,"Dug Well",W07393,2011,'0,1.2,1.4,3.3
MS,Raigarh,Mahad,Pen,18.75,73.03333333,Veshwi,"Dug Well",W07394,2011,1.8,4.2,4.05,6.85
MS,Raigarh,Kegaon,Murud,18.35833333,73.03055556,Khutal,"Dug Well",W17581,2011,'0,2.1,'0,3.2
MS,Raigarh,Mhasla,Roha,18.55,73.13333333,Nagothan,"Dug Well",W07397,2011,'0,.3,1.4,2.05
MS,Raigarh,Mhasla,Roha,18.43333333,73.20555556,Phugaon,"Dug Well",W07398,2011,1.2,1.9,2.35,2.2
MS,Raigarh,Mhasla,Roha,18.45,73.1,Kharapati,"Dug Well",W17587,2011,1,1.8,1.31,3.2
MS,Raigarh,Sarangarh,Mahad,18.13333333,73.56666667,Varandha,"Dug Well",W07402,2011,'0,2.65,2.67,3.65
MS,Raigarh,"Mohpada Alias Wasambe",Shrivardhan,18.03194444,73.08055556,"Saigaon Govalwadi","Dug Well",W07399,2011,'0,1.1,2.21,3.35
MS,Raigarh,Dharamjaigarh,Mangaon,18.135,73.325,Temple,"Dug Well",W07390,2011,2.2,2.1,2.55,5.8
MS,Raigarh,Dharamjaigarh,Mangaon,18.16666667,73.18333333,Chandore,"Dug Well",W17576,2011,'0,3,3.01,5.8
MS,Raigarh,Dharamjaigarh,Mangaon,18.30277778,73.23888889,Indapur,"Dug Well",W17578,2011,'0,2,'0,4.1
MS,Raigarh,Dharamjaigarh,Mangaon,18.30277778,73.30555556,"Kumbharcha Kosta Bk","Dug Well",W17579,2011,1.5,1,2.05,3.17
MS,Raigarh,"Ambivali Tarf Wankhal",Alibag,18.53472222,72.98333333,"Bilji (Umta)","Dug Well",W17573,2011,'0,1.2,2.7,2.6
MS,Raigarh,Khopoli,Panvel,18.95277778,73.15,Ajivali,"Dug Well",W17582,2011,'0,1.8,2.25,3.5
MS,Raigarh,Sarangarh,Mahad,18.00416667,73.4,Lohare,"Bore Well",W21771,2011,'0,2.2,'0,4.65
MS,Raigarh,Matheran,Poladpur,17.98333333,73.46666667,Poladpur,"Dug Well",W07396,2011,1.8,4.2,4,6.15
MS,Raigarh,Mahad,Pen,18.81388889,73.0875,Jite,"Dug Well",W17585,2011,'0,.8,1.93,.95
MS,Raigarh,Khopoli,Panvel,18.925,73.11666667,Chinchwad,"Dug Well",W17583,2010,.3,3.92,1.2,8.55
MS,Raigarh,Karjat,Mhasla,18.08888889,73.10555556,Kelte,"Dug Well",W17580,2010,.4,1.84,1.7,2.7
MS,Raigarh,Mahad,Pen,18.81388889,73.0875,Jite,"Dug Well",W17585,2010,.3,.7,.8,.8
MS,Raigarh,Raigarh,Khalapur,18.72638889,73.29861111,Kargaon,"Dug Well",W17591,2010,.3,.56,.6,2.9
MS,Raigarh,Raigarh,Khalapur,18.82777778,73.28416667,Khalapur,"Dug Well",W17592,2010,.2,2.56,2.4,2.9
MS,Raigarh,Birwadi,Karjat,19.02916667,73.325,Neral,"Dug Well",W07388,2010,.2,2.5,2.1,2.6
MS,Raigarh,Birwadi,Karjat,18.9125,73.31944444,"Hudhre Budruk (Karjat","Dug Well",W17574,2010,'0,1,.45,3.3
MS,Raigarh,Sarangarh,Mahad,18.07083333,73.4,Sochinde,"Dug Well",W07401,2010,.15,2.84,.4,4.1
MS,Raigarh,Murud,Sudhagad,18.5425,73.21888889,Pali,"Dug Well",W07400,2010,.85,1.63,1.5,1.9
MS,Raigarh,Mhasla,Roha,18.47777778,73.00833333,Dapoli,"Dug Well",W17586,2010,.5,'0,.85,2.6
MS,Raigarh,"Ambivali Tarf Wankhal",Alibag,18.61166667,72.9,Nagaon,"Dug Well",W07386,2010,'0,3.69,'0,'0
MS,Raigarh,"Ambivali Tarf Wankhal",Alibag,18.69166667,72.99166667,Poynad,"Dug Well",W07387,2010,1.4,2.64,2.6,4.4
MS,Raigarh,Mahad,Pen,18.73333333,73.05,Vadkhal,"Dug Well",W07393,2010,'0,'0,.6,'0
MS,Raigarh,Mahad,Pen,18.75,73.03333333,Veshwi,"Dug Well",W07394,2010,1.7,3.6,2.95,6.8
MS,Raigarh,Kegaon,Murud,18.35833333,73.03055556,Khutal,"Dug Well",W17581,2010,.65,'0,1.3,'0
MS,Raigarh,Mhasla,Roha,18.55,73.13333333,Nagothan,"Dug Well",W07397,2010,.4,.45,.5,.2
MS,Raigarh,Mhasla,Roha,18.43333333,73.20555556,Phugaon,"Dug Well",W07398,2010,.8,1.51,1.2,2.1
MS,Raigarh,Mhasla,Roha,18.45,73.1,Kharapati,"Dug Well",W17587,2010,.7,1.25,.8,2.55
MS,Raigarh,Sarangarh,Mahad,18.13333333,73.56666667,Varandha,"Dug Well",W07402,2010,'0,3.09,2.85,4.05
MS,Raigarh,"Mohpada Alias Wasambe",Shrivardhan,18.03194444,73.08055556,"Saigaon Govalwadi","Dug Well",W07399,2010,.2,1.25,1.75,3.35
MS,Raigarh,Dharamjaigarh,Mangaon,18.135,73.325,Temple,"Dug Well",W07390,2010,.9,2.8,1.5,5.7
MS,Raigarh,Dharamjaigarh,Mangaon,18.16666667,73.18333333,Chandore,"Dug Well",W17576,2010,.4,4,2.4,4.6
MS,Raigarh,Dharamjaigarh,Mangaon,18.30277778,73.23888889,Indapur,"Dug Well",W17578,2010,.7,1.2,.7,2.7
MS,Raigarh,Dharamjaigarh,Mangaon,18.30277778,73.30555556,"Kumbharcha Kosta Bk","Dug Well",W17579,2010,.3,1.6,1.47,4.8
MS,Raigarh,"Ambivali Tarf Wankhal",Alibag,18.53472222,72.98333333,"Bilji (Umta)","Dug Well",W17573,2010,1.1,2.73,.3,4.3
MS,Raigarh,Khopoli,Panvel,18.95277778,73.15,Ajivali,"Dug Well",W17582,2010,1.2,2.3,1.5,3.3
MS,Raigarh,Sarangarh,Mahad,18.00416667,73.4,Lohare,"Bore Well",W21771,2010,1.7,3.5,1.7,'0
MS,Raigarh,Matheran,Poladpur,17.98333333,73.46666667,Poladpur,"Dug Well",W07396,2010,1.3,4.9,3,6.6
MS,Raigarh,Murud,Sudhagad,18.66027778,73.3,Jambhulpada,"Dug Well",W17589,2010,'0,4.38,'0,6.9
MS,Raigarh,Khopoli,Panvel,18.925,73.11666667,Chinchwad,"Dug Well",W17583,2009,'0,6.3,4.3,'0
MS,Raigarh,Karjat,Mhasla,18.08888889,73.10555556,Kelte,"Dug Well",W17580,2009,1.3,1.75,1.2,4.25
MS,Raigarh,Mahad,Pen,18.81388889,73.0875,Jite,"Dug Well",W17585,2009,.82,2.3,1.9,'0
MS,Raigarh,Raigarh,Khalapur,18.72638889,73.29861111,Kargaon,"Dug Well",W17591,2009,'0,2.55,1.3,6.45
MS,Raigarh,Raigarh,Khalapur,18.82777778,73.28416667,Khalapur,"Dug Well",W17592,2009,1.85,3,1.8,4.1
MS,Raigarh,Birwadi,Karjat,19.02916667,73.325,Neral,"Dug Well",W07388,2009,1.42,3.8,1.8,3.45
MS,Raigarh,Birwadi,Karjat,18.9125,73.31944444,"Hudhre Budruk (Karjat","Dug Well",W17574,2009,'0,2.2,1.9,3.35
MS,Raigarh,Murud,Sudhagad,18.5425,73.21888889,Pali,"Dug Well",W07400,2009,1,1.95,-.9,2.55
MS,Raigarh,Mhasla,Roha,18.47777778,73.00833333,Dapoli,"Dug Well",W17586,2009,'0,2.05,.9,'0
MS,Raigarh,"Ambivali Tarf Wankhal",Alibag,18.61166667,72.9,Nagaon,"Dug Well",W07386,2009,'0,1.75,1.1,6.5
MS,Raigarh,"Ambivali Tarf Wankhal",Alibag,18.69166667,72.99166667,Poynad,"Dug Well",W07387,2009,1.5,3.2,.85,6.85
MS,Raigarh,Mahad,Pen,18.73333333,73.05,Vadkhal,"Dug Well",W07393,2009,.2,1.55,1.1,3.05
MS,Raigarh,Mahad,Pen,18.75,73.03333333,Veshwi,"Dug Well",W07394,2009,1.25,6.15,6.15,8.25
MS,Raigarh,Kegaon,Murud,18.35833333,73.03055556,Khutal,"Dug Well",W17581,2009,'0,1.6,.9,'0
MS,Raigarh,Mhasla,Roha,18.55,73.13333333,Nagothan,"Dug Well",W07397,2009,'0,1.8,.45,1.35
MS,Raigarh,Mhasla,Roha,18.43333333,73.20555556,Phugaon,"Dug Well",W07398,2009,.85,2,.65,'0
MS,Raigarh,Mhasla,Roha,18.45,73.1,Kharapati,"Dug Well",W17587,2009,'0,2.4,1.4,3.65
MS,Raigarh,Sarangarh,Mahad,18.13333333,73.56666667,Varandha,"Dug Well",W07402,2009,1.35,4,4,4.5
MS,Raigarh,Sarangarh,Mahad,18.07083333,73.4,Sochinde,"Dug Well",W07401,2009,'0,3.95,2.8,4.8
MS,Raigarh,"Mohpada Alias Wasambe",Shrivardhan,18.03194444,73.08055556,"Saigaon Govalwadi","Dug Well",W07399,2009,1.35,2.85,2.1,'0
MS,Raigarh,Dharamjaigarh,Mangaon,18.135,73.325,Temple,"Dug Well",W07390,2009,1.3,4.63,2.95,'0
MS,Raigarh,Dharamjaigarh,Mangaon,18.16666667,73.18333333,Chandore,"Dug Well",W17576,2009,1.1,4.2,2.7,'0
MS,Raigarh,Dharamjaigarh,Mangaon,18.30277778,73.23888889,Indapur,"Dug Well",W17578,2009,.8,2.3,.7,1.55
MS,Raigarh,Dharamjaigarh,Mangaon,18.30277778,73.30555556,"Kumbharcha Kosta Bk","Dug Well",W17579,2009,.35,2.73,2.05,3
MS,Raigarh,"Ambivali Tarf Wankhal",Alibag,18.53472222,72.98333333,"Bilji (Umta)","Dug Well",W17573,2009,1.3,4.15,3.1,5.1
MS,Raigarh,Khopoli,Panvel,18.95,73.15,Kone,"Dug Well",W17584,2009,'0,'0,1.3,'0
MS,Raigarh,Khopoli,Panvel,18.95277778,73.15,Ajivali,"Dug Well",W17582,2009,.38,3.2,1.9,3.75
MS,Raigarh,Sarangarh,Mahad,18.00416667,73.4,Lohare,"Bore Well",W21771,2009,'0,10.7,9.3,10.2
MS,Raigarh,Matheran,Poladpur,17.98333333,73.46666667,Poladpur,"Dug Well",W07396,2009,.08,5.95,2.7,6.8
MS,Raigarh,Murud,Sudhagad,18.66027778,73.3,Jambhulpada,"Dug Well",W17589,2009,1.42,4,2.3,'0
MS,Raigarh,Khopoli,Panvel,18.925,73.11666667,Chinchwad,"Dug Well",W17583,2008,.3,4.5,2.4,7.11
MS,Raigarh,Karjat,Mhasla,18.08888889,73.10555556,Kelte,"Dug Well",W17580,2008,1.1,2,2.6,3.1
MS,Raigarh,Mahad,Pen,18.81388889,73.0875,Jite,"Dug Well",W17585,2008,.6,.75,1.7,7.8
MS,Raigarh,Raigarh,Khalapur,18.72638889,73.29861111,Kargaon,"Dug Well",W17591,2008,.4,1.1,2.2,6.54
MS,Raigarh,Raigarh,Khalapur,18.82777778,73.28416667,Khalapur,"Dug Well",W17592,2008,.9,2.2,2.9,3.45
MS,Raigarh,Birwadi,Karjat,19.02916667,73.325,Neral,"Dug Well",W07388,2008,1.8,3.5,3.2,2.55
MS,Raigarh,Birwadi,Karjat,18.9125,73.31944444,"Hudhre Budruk (Karjat","Dug Well",W17574,2008,.15,1.7,1.4,2.1
MS,Raigarh,Mhasla,Roha,18.47777778,73.00833333,Dapoli,"Dug Well",W17586,2008,.45,1.1,1.4,3.12
MS,Raigarh,"Ambivali Tarf Wankhal",Alibag,18.61166667,72.9,Nagaon,"Dug Well",W07386,2008,'0,'0,1.7,7.3
MS,Raigarh,"Ambivali Tarf Wankhal",Alibag,18.69166667,72.99166667,Poynad,"Dug Well",W07387,2008,1.7,4.1,3.6,5.15
MS,Raigarh,Mahad,Pen,18.73333333,73.05,Vadkhal,"Dug Well",W07393,2008,.4,1.2,1.4,2.9
MS,Raigarh,Mahad,Pen,18.75,73.03333333,Veshwi,"Dug Well",W07394,2008,1.55,6.5,3.9,7
MS,Raigarh,Kegaon,Murud,18.35833333,73.03055556,Khutal,"Dug Well",W17581,2008,1,3.2,1.2,3.97
MS,Raigarh,Mhasla,Roha,18.55,73.13333333,Nagothan,"Dug Well",W07397,2008,.65,.4,2.45,.52
MS,Raigarh,Mhasla,Roha,18.43333333,73.20555556,Phugaon,"Dug Well",W07398,2008,.85,1.8,2.3,2.32
MS,Raigarh,Mhasla,Roha,18.45,73.1,Kharapati,"Dug Well",W17587,2008,.05,2.2,2.3,2.95
MS,Raigarh,Sarangarh,Mahad,18.13333333,73.56666667,Varandha,"Dug Well",W07402,2008,2.15,3.4,3.5,4.22
MS,Raigarh,Sarangarh,Mahad,18.07083333,73.4,Sochinde,"Dug Well",W07401,2008,.25,3.05,1.9,4.6
MS,Raigarh,"Mohpada Alias Wasambe",Shrivardhan,18.03194444,73.08055556,"Saigaon Govalwadi","Dug Well",W07399,2008,'0,1.6,2.4,4
MS,Raigarh,Dharamjaigarh,Mangaon,18.135,73.325,Temple,"Dug Well",W07390,2008,1.25,3.35,1.9,4.85
MS,Raigarh,Dharamjaigarh,Mangaon,18.16666667,73.18333333,Chandore,"Dug Well",W17576,2008,.6,3.6,3.4,5.84
MS,Raigarh,Dharamjaigarh,Mangaon,18.30277778,73.23888889,Indapur,"Dug Well",W17578,2008,'0,1.2,2.95,2.4
MS,Raigarh,Dharamjaigarh,Mangaon,18.30277778,73.30555556,"Kumbharcha Kosta Bk","Dug Well",W17579,2008,1.27,1.8,2.1,3.47
MS,Raigarh,"Ambivali Tarf Wankhal",Alibag,18.53472222,72.98333333,"Bilji (Umta)","Dug Well",W17573,2008,.2,1.8,1.8,4.8
MS,Raigarh,Khopoli,Panvel,18.95277778,73.15,Ajivali,"Dug Well",W17582,2008,1.3,1.5,2.4,'0
MS,Raigarh,Sarangarh,Mahad,18.00416667,73.4,Lohare,"Bore Well",W21771,2008,'0,'0,9.4,'0
MS,Raigarh,Murud,Sudhagad,18.5425,73.21888889,Pali,"Dug Well",W07400,2008,1.3,1.5,1.5,1.7
MS,Raigarh,Matheran,Poladpur,17.98333333,73.46666667,Poladpur,"Dug Well",W07396,2008,1.4,5.55,4.5,7
MS,Raigarh,Murud,Sudhagad,18.66027778,73.3,Jambhulpada,"Dug Well",W17589,2008,'0,'0,3.5,6.52
MS,Raigarh,Khopoli,Panvel,18.925,73.11666667,Chinchwad,"Dug Well",W17583,2007,.01,4.3,.62,8.6
MS,Raigarh,Karjat,Mhasla,18.08888889,73.10555556,Kelte,"Dug Well",W17580,2007,.9,2.62,2.05,3.05
MS,Raigarh,Mahad,Pen,18.81388889,73.0875,Jite,"Dug Well",W17585,2007,'0,.87,.92,.8
MS,Raigarh,Raigarh,Khalapur,18.72638889,73.29861111,Kargaon,"Dug Well",W17591,2007,'0,2.75,.3,4.2
MS,Raigarh,Raigarh,Khalapur,18.82777778,73.28416667,Khalapur,"Dug Well",W17592,2007,.6,2.48,3.28,3.1
MS,Raigarh,Birwadi,Karjat,19.02916667,73.325,Neral,"Dug Well",W07388,2007,1.2,1.78,.65,2.7
MS,Raigarh,Birwadi,Karjat,18.9125,73.31944444,"Hudhre Budruk (Karjat","Dug Well",W17574,2007,.01,2.55,1.38,6.7
MS,Raigarh,Mhasla,Roha,18.47777778,73.00833333,Dapoli,"Dug Well",W17586,2007,.2,2.75,.85,5.25
MS,Raigarh,"Ambivali Tarf Wankhal",Alibag,18.61166667,72.9,Nagaon,"Dug Well",W07386,2007,'0,2.9,1.92,4
MS,Raigarh,"Ambivali Tarf Wankhal",Alibag,18.69166667,72.99166667,Poynad,"Dug Well",W07387,2007,1.5,3.12,2.52,4
MS,Raigarh,Mahad,Pen,18.73333333,73.05,Vadkhal,"Dug Well",W07393,2007,.4,'0,'0,1.9
MS,Raigarh,Mahad,Pen,18.75,73.03333333,Veshwi,"Dug Well",W07394,2007,.95,4.72,2.8,7.6
MS,Raigarh,Kegaon,Murud,18.35833333,73.03055556,Khutal,"Dug Well",W17581,2007,.9,3.05,1.12,4.4
MS,Raigarh,Mhasla,Roha,18.55,73.13333333,Nagothan,"Dug Well",W07397,2007,.45,2.38,.75,.55
MS,Raigarh,Mhasla,Roha,18.43333333,73.20555556,Phugaon,"Dug Well",W07398,2007,.65,2.48,1.02,2.2
MS,Raigarh,Mhasla,Roha,18.45,73.1,Kharapati,"Dug Well",W17587,2007,.01,1.3,.62,2.6
MS,Raigarh,Sarangarh,Mahad,18.13333333,73.56666667,Varandha,"Dug Well",W07402,2007,1.05,3.27,2.6,4.3
MS,Raigarh,Sarangarh,Mahad,18.07083333,73.4,Sochinde,"Dug Well",W07401,2007,1.1,3.38,1.6,4.6
MS,Raigarh,"Mohpada Alias Wasambe",Shrivardhan,18.03194444,73.08055556,"Saigaon Govalwadi","Dug Well",W07399,2007,'0,1.54,1.6,3.85
MS,Raigarh,Dharamjaigarh,Mangaon,18.135,73.325,Temple,"Dug Well",W07390,2007,1,1.5,2.08,5.75
MS,Raigarh,Dharamjaigarh,Mangaon,18.16666667,73.18333333,Chandore,"Dug Well",W17576,2007,.01,3.02,1.82,4.7
MS,Raigarh,Dharamjaigarh,Mangaon,18.30277778,73.23888889,Indapur,"Dug Well",W17578,2007,'0,.95,1.25,1.5
MS,Raigarh,Dharamjaigarh,Mangaon,18.30277778,73.30555556,"Kumbharcha Kosta Bk","Dug Well",W17579,2007,.87,2.37,1.28,2.6
MS,Raigarh,"Ambivali Tarf Wankhal",Alibag,18.53472222,72.98333333,"Bilji (Umta)","Dug Well",W17573,2007,'0,2.92,1.92,3.1
MS,Raigarh,Khopoli,Panvel,18.95277778,73.15,Ajivali,"Dug Well",W17582,2007,.3,1.5,1.08,2.35
MS,Raigarh,Murud,Sudhagad,18.5425,73.21888889,Pali,"Dug Well",W07400,2007,.8,3.57,1.82,1.7
MS,Raigarh,Matheran,Poladpur,17.98333333,73.46666667,Poladpur,"Dug Well",W07396,2007,.01,4.12,2.1,6.1
MS,Raigarh,Murud,Sudhagad,18.66027778,73.3,Jambhulpada,"Dug Well",W17589,2007,'0,5.05,2.85,6.17
MS,Raigarh,Khopoli,Panvel,18.925,73.11666667,Chinchwad,"Dug Well",W17583,2006,1.12,5.08,2.3,8.2
MS,Raigarh,Karjat,Mhasla,18.08888889,73.10555556,Kelte,"Dug Well",W17580,2006,1,2.45,1.28,3.42
MS,Raigarh,Mahad,Pen,18.81388889,73.0875,Jite,"Dug Well",W17585,2006,.78,.72,.95,.77
MS,Raigarh,Raigarh,Khalapur,18.72638889,73.29861111,Kargaon,"Dug Well",W17591,2006,.87,.92,.8,4.5
MS,Raigarh,Raigarh,Khalapur,18.82777778,73.28416667,Khalapur,"Dug Well",W17592,2006,1.52,3.05,2.72,2.78
MS,Raigarh,Birwadi,Karjat,19.02916667,73.325,Neral,"Dug Well",W07388,2006,2.05,2.62,1.75,2.62
MS,Raigarh,Birwadi,Karjat,18.9125,73.31944444,"Hudhre Budruk (Karjat","Dug Well",W17574,2006,.37,2.67,2,6.1
MS,Raigarh,Mhasla,Roha,18.47777778,73.00833333,Dapoli,"Dug Well",W17586,2006,.72,.9,.9,4.3
MS,Raigarh,"Ambivali Tarf Wankhal",Alibag,18.61166667,72.9,Nagaon,"Dug Well",W07386,2006,.87,3.15,2.05,'0
MS,Raigarh,"Ambivali Tarf Wankhal",Alibag,18.69166667,72.99166667,Poynad,"Dug Well",W07387,2006,1.9,3.42,3.1,4.11
MS,Raigarh,Mahad,Pen,18.73333333,73.05,Vadkhal,"Dug Well",W07393,2006,.4,'0,'0,.55
MS,Raigarh,Mahad,Pen,18.75,73.03333333,Veshwi,"Dug Well",W07394,2006,1.4,5.3,3.67,6.09
MS,Raigarh,Kegaon,Murud,18.35833333,73.03055556,Khutal,"Dug Well",W17581,2006,.86,3.4,2.6,6.25
MS,Raigarh,Mhasla,Roha,18.55,73.13333333,Nagothan,"Dug Well",W07397,2006,.67,.6,.01,.5
MS,Raigarh,Mhasla,Roha,18.43333333,73.20555556,Phugaon,"Dug Well",W07398,2006,.95,1.5,2.32,1.85
MS,Raigarh,Mhasla,Roha,18.45,73.1,Kharapati,"Dug Well",W17587,2006,.55,1.7,1.02,2.17
MS,Raigarh,Sarangarh,Mahad,18.13333333,73.56666667,Varandha,"Dug Well",W07402,2006,1.95,3.45,2.45,4.07
MS,Raigarh,Sarangarh,Mahad,18.07083333,73.4,Sochinde,"Dug Well",W07401,2006,.13,3.22,1.6,5.42
MS,Raigarh,"Mohpada Alias Wasambe",Shrivardhan,18.03194444,73.08055556,"Saigaon Govalwadi","Dug Well",W07399,2006,.68,1.48,.82,2.55
MS,Raigarh,Dharamjaigarh,Mangaon,18.135,73.325,Temple,"Dug Well",W07390,2006,1.05,2.5,'0,4.7
MS,Raigarh,Dharamjaigarh,Mangaon,18.16666667,73.18333333,Chandore,"Dug Well",W17576,2006,.35,2.65,1.62,5.03
MS,Raigarh,Dharamjaigarh,Mangaon,18.30277778,73.23888889,Indapur,"Dug Well",W17578,2006,.75,.9,2.15,1.9
MS,Raigarh,Dharamjaigarh,Mangaon,18.30277778,73.30555556,"Kumbharcha Kosta Bk","Dug Well",W17579,2006,.8,2.12,1.47,2.7
MS,Raigarh,"Ambivali Tarf Wankhal",Alibag,18.53472222,72.98333333,"Bilji (Umta)","Dug Well",W17573,2006,1.05,3.1,2.55,4.09
MS,Raigarh,Khopoli,Panvel,18.95277778,73.15,Ajivali,"Dug Well",W17582,2006,.41,2.25,1.58,3.7
MS,Raigarh,Murud,Sudhagad,18.5425,73.21888889,Pali,"Dug Well",W07400,2006,1.15,1.98,2.12,1.7
MS,Raigarh,Matheran,Poladpur,17.98333333,73.46666667,Poladpur,"Dug Well",W07396,2006,.92,4.4,2.3,5.92
MS,Raigarh,Murud,Sudhagad,18.66027778,73.3,Jambhulpada,"Dug Well",W17589,2006,1.65,5.45,4.07,'0
MS,Raigarh,Khopoli,Panvel,18.925,73.11666667,Chinchwad,"Dug Well",W17583,2005,.95,5.5,2.72,9.55
MS,Raigarh,Karjat,Mhasla,18.08888889,73.10555556,Kelte,"Dug Well",W17580,2005,.65,2.9,1.7,1.8
MS,Raigarh,Mahad,Pen,18.81388889,73.0875,Jite,"Dug Well",W17585,2005,.78,1.9,.72,1.2
MS,Raigarh,Raigarh,Khalapur,18.72638889,73.29861111,Kargaon,"Dug Well",W17591,2005,.01,1.1,1.27,'0
MS,Raigarh,Raigarh,Khalapur,18.82777778,73.28416667,Khalapur,"Dug Well",W17592,2005,'0,3.2,2.15,3.1
MS,Raigarh,Birwadi,Karjat,19.02916667,73.325,Neral,"Dug Well",W07388,2005,.45,3.6,1.57,2.6
MS,Raigarh,Birwadi,Karjat,18.9125,73.31944444,"Hudhre Budruk (Karjat","Dug Well",W17574,2005,.88,3.25,1.74,2.8
MS,Raigarh,Mhasla,Roha,18.47777778,73.00833333,Dapoli,"Dug Well",W17586,2005,.6,1.2,.9,'0
MS,Raigarh,"Ambivali Tarf Wankhal",Alibag,18.61166667,72.9,Nagaon,"Dug Well",W07386,2005,.82,3.4,2.81,1.25
MS,Raigarh,"Ambivali Tarf Wankhal",Alibag,18.69166667,72.99166667,Poynad,"Dug Well",W07387,2005,.85,1.9,2.95,2.8
MS,Raigarh,Mahad,Pen,18.73333333,73.05,Vadkhal,"Dug Well",W07393,2005,.92,1.5,.45,1.1
MS,Raigarh,Mahad,Pen,18.75,73.03333333,Veshwi,"Dug Well",W07394,2005,1.8,2.3,3.2,2.5
MS,Raigarh,Mhasla,Roha,18.55,73.13333333,Nagothan,"Dug Well",W07397,2005,.68,2.1,.65,1.55
MS,Raigarh,Mhasla,Roha,18.43333333,73.20555556,Phugaon,"Dug Well",W07398,2005,.01,1.8,2.22,1.55
MS,Raigarh,Mhasla,Roha,18.45,73.1,Kharapati,"Dug Well",W17587,2005,.72,1.3,1.1,.65
MS,Raigarh,Sarangarh,Mahad,18.13333333,73.56666667,Varandha,"Dug Well",W07402,2005,.35,3.8,2.84,1.2
MS,Raigarh,Sarangarh,Mahad,18.07083333,73.4,Sochinde,"Dug Well",W07401,2005,1.05,3.56,2.2,1.8
MS,Raigarh,"Mohpada Alias Wasambe",Shrivardhan,18.03194444,73.08055556,"Saigaon Govalwadi","Dug Well",W07399,2005,.58,1.8,1.52,.8
MS,Raigarh,Dharamjaigarh,Mangaon,18.135,73.325,Temple,"Dug Well",W07390,2005,.54,2.85,2.31,1.9
MS,Raigarh,Dharamjaigarh,Mangaon,18.16666667,73.18333333,Chandore,"Dug Well",W17576,2005,.62,2.4,2.2,1.3
MS,Raigarh,Dharamjaigarh,Mangaon,18.30277778,73.23888889,Indapur,"Dug Well",W17578,2005,.7,1.2,1.72,1.5
MS,Raigarh,Dharamjaigarh,Mangaon,18.30277778,73.30555556,"Kumbharcha Kosta Bk","Dug Well",W17579,2005,.07,1.2,1.2,2.3
MS,Raigarh,Kegaon,Murud,18.35833333,73.03055556,Khutal,"Dug Well",W17581,2005,.32,'0,2.7,'0
MS,Raigarh,"Ambivali Tarf Wankhal",Alibag,18.53472222,72.98333333,"Bilji (Umta)","Dug Well",W17573,2005,1.2,2.3,1.97,2.1
MS,Raigarh,Khopoli,Panvel,18.95277778,73.15,Ajivali,"Dug Well",W17582,2005,.01,2.7,.45,2.8
MS,Raigarh,Murud,Sudhagad,18.5425,73.21888889,Pali,"Dug Well",W07400,2005,.42,2.2,1.63,1.5
MS,Raigarh,Matheran,Poladpur,17.98333333,73.46666667,Poladpur,"Dug Well",W07396,2005,.88,5.05,3.06,2.5
MS,Raigarh,Murud,Sudhagad,18.66027778,73.3,Jambhulpada,"Dug Well",W17589,2005,.01,'0,3.76,'0
MS,Raigarh,Khopoli,Panvel,18.925,73.11666667,Chinchwad,"Dug Well",W17583,2004,'0,2.5,'0,8.2
MS,Raigarh,Karjat,Mhasla,18.08888889,73.10555556,Kelte,"Dug Well",W17580,2004,'0,1.48,'0,2.76
MS,Raigarh,Mahad,Pen,18.81388889,73.0875,Jite,"Dug Well",W17585,2004,'0,.9,'0,.8
MS,Raigarh,Raigarh,Khalapur,18.72638889,73.29861111,Kargaon,"Dug Well",W17591,2004,'0,.9,'0,99.99
MS,Raigarh,Raigarh,Khalapur,18.82777778,73.28416667,Khalapur,"Dug Well",W17592,2004,'0,2.7,'0,3.43
MS,Raigarh,Birwadi,Karjat,19.02916667,73.325,Neral,"Dug Well",W07388,2004,'0,2.42,'0,2.4
MS,Raigarh,Birwadi,Karjat,18.9125,73.31944444,"Hudhre Budruk (Karjat","Dug Well",W17574,2004,'0,2.77,'0,5.55
MS,Raigarh,Mhasla,Roha,18.47777778,73.00833333,Dapoli,"Dug Well",W17586,2004,'0,.7,'0,1.73
MS,Raigarh,"Ambivali Tarf Wankhal",Alibag,18.61166667,72.9,Nagaon,"Dug Well",W07386,2004,'0,2.9,'0,3.9
MS,Raigarh,"Ambivali Tarf Wankhal",Alibag,18.69166667,72.99166667,Poynad,"Dug Well",W07387,2004,'0,3.85,'0,4.2
MS,Raigarh,Mahad,Pen,18.73333333,73.05,Vadkhal,"Dug Well",W07393,2004,'0,'0,'0,.45
MS,Raigarh,Mahad,Pen,18.75,73.03333333,Veshwi,"Dug Well",W07394,2004,'0,5.25,'0,7.45
MS,Raigarh,Mhasla,Roha,18.55,73.13333333,Nagothan,"Dug Well",W07397,2004,'0,.55,'0,.7
MS,Raigarh,Mhasla,Roha,18.43333333,73.20555556,Phugaon,"Dug Well",W07398,2004,'0,1.4,'0,1.25
MS,Raigarh,Mhasla,Roha,18.45,73.1,Kharapati,"Dug Well",W17587,2004,'0,.6,'0,1.9
MS,Raigarh,Sarangarh,Mahad,18.13333333,73.56666667,Varandha,"Dug Well",W07402,2004,'0,3.07,'0,4.12
MS,Raigarh,Sarangarh,Mahad,18.07083333,73.4,Sochinde,"Dug Well",W07401,2004,'0,4.45,'0,5.54
MS,Raigarh,"Mohpada Alias Wasambe",Shrivardhan,18.03194444,73.08055556,"Saigaon Govalwadi","Dug Well",W07399,2004,'0,1.25,'0,3.15
MS,Raigarh,Dharamjaigarh,Mangaon,18.135,73.325,Temple,"Dug Well",W07390,2004,'0,4.4,'0,6.08
MS,Raigarh,Dharamjaigarh,Mangaon,18.16666667,73.18333333,Chandore,"Dug Well",W17576,2004,'0,1.2,'0,4.44
MS,Raigarh,Dharamjaigarh,Mangaon,18.30277778,73.23888889,Indapur,"Dug Well",W17578,2004,'0,.92,'0,1.44
MS,Raigarh,Dharamjaigarh,Mangaon,18.30277778,73.30555556,"Kumbharcha Kosta Bk","Dug Well",W17579,2004,'0,2.72,'0,2.78
MS,Raigarh,Kegaon,Murud,18.35833333,73.03055556,Khutal,"Dug Well",W17581,2004,'0,.65,'0,5.1
MS,Raigarh,"Ambivali Tarf Wankhal",Alibag,18.53472222,72.98333333,"Bilji (Umta)","Dug Well",W17573,2004,'0,3,'0,3.41
MS,Raigarh,Khopoli,Panvel,18.95277778,73.15,Ajivali,"Dug Well",W17582,2004,'0,1.75,'0,3.8
MS,Raigarh,Murud,Sudhagad,18.5425,73.21888889,Pali,"Dug Well",W07400,2004,'0,.82,'0,1.82
MS,Raigarh,Matheran,Poladpur,17.98333333,73.46666667,Poladpur,"Dug Well",W07396,2004,'0,3.9,'0,3.45
MS,Raigarh,Murud,Sudhagad,18.66027778,73.3,Jambhulpada,"Dug Well",W17589,2004,'0,2.77,'0,5.8
MS,Raigarh,Murud,Sudhagad,18.66027778,73.3,Jambhulpada,"Dug Well",W17589,2003,1.12,4.82,2.35,6.43
MS,Raigarh,Mahad,Pen,18.81388889,73.0875,Jite,"Dug Well",W17585,2003,1.05,1.3,1.35,1.46
MS,Raigarh,Raigarh,Khalapur,18.72638889,73.29861111,Kargaon,"Dug Well",W17591,2003,.7,1.2,1.1,6.01
MS,Raigarh,Raigarh,Khalapur,18.82777778,73.28416667,Khalapur,"Dug Well",W17592,2003,.65,3.2,2.3,2.66
MS,Raigarh,Birwadi,Karjat,19.02916667,73.325,Neral,"Dug Well",W07388,2003,1.6,2.6,2.5,2.5
MS,Raigarh,Birwadi,Karjat,18.9125,73.31944444,"Hudhre Budruk (Karjat","Dug Well",W17574,2003,.1,2.45,1.5,'0
MS,Raigarh,Khopoli,Panvel,18.925,73.11666667,Chinchwad,"Dug Well",W17583,2003,.2,5,1.9,9.28
MS,Raigarh,Mhasla,Roha,18.47777778,73.00833333,Dapoli,"Dug Well",W17586,2003,.5,1.05,1,'0
MS,Raigarh,"Ambivali Tarf Wankhal",Alibag,18.61166667,72.9,Nagaon,"Dug Well",W07386,2003,.5,3,2.4,4.4
MS,Raigarh,"Ambivali Tarf Wankhal",Alibag,18.69166667,72.99166667,Poynad,"Dug Well",W07387,2003,1.4,3.5,3.35,4.86
MS,Raigarh,Mahad,Pen,18.73333333,73.05,Vadkhal,"Dug Well",W07393,2003,.25,.5,.6,2.45
MS,Raigarh,Mahad,Pen,18.75,73.03333333,Veshwi,"Dug Well",W07394,2003,1.3,5.32,3.35,8.84
MS,Raigarh,Mhasla,Roha,18.55,73.13333333,Nagothan,"Dug Well",W07397,2003,.5,.63,.45,.32
MS,Raigarh,Mhasla,Roha,18.43333333,73.20555556,Phugaon,"Dug Well",W07398,2003,1.05,1.45,2.9,1.3
MS,Raigarh,Mhasla,Roha,18.45,73.1,Kharapati,"Dug Well",W17587,2003,.8,2.6,.9,1.6
MS,Raigarh,Sarangarh,Mahad,18.13333333,73.56666667,Varandha,"Dug Well",W07402,2003,1.8,2.1,2.92,2.87
MS,Raigarh,Sarangarh,Mahad,18.07083333,73.4,Sochinde,"Dug Well",W07401,2003,.25,4.4,2.2,'0
MS,Raigarh,"Mohpada Alias Wasambe",Shrivardhan,18.03194444,73.08055556,"Saigaon Govalwadi","Dug Well",W07399,2003,1.4,1.4,1.4,4.12
MS,Raigarh,Dharamjaigarh,Mangaon,18.135,73.325,Temple,"Dug Well",W07390,2003,1.15,2.5,2.5,'0
MS,Raigarh,Dharamjaigarh,Mangaon,18.16666667,73.18333333,Chandore,"Dug Well",W17576,2003,.2,3.45,2,4.7
MS,Raigarh,Dharamjaigarh,Mangaon,18.30277778,73.23888889,Indapur,"Dug Well",W17578,2003,.5,1,1.6,.7
MS,Raigarh,Dharamjaigarh,Mangaon,18.30277778,73.30555556,"Kumbharcha Kosta Bk","Dug Well",W17579,2003,.8,1.7,1.3,4
MS,Raigarh,Kegaon,Murud,18.35833333,73.03055556,Khutal,"Dug Well",W17581,2003,.4,2.95,1.95,3.98
MS,Raigarh,"Ambivali Tarf Wankhal",Alibag,18.53472222,72.98333333,"Bilji (Umta)","Dug Well",W17573,2003,1.25,3.55,1.75,3.1
MS,Raigarh,Khopoli,Panvel,18.95277778,73.15,Ajivali,"Dug Well",W17582,2003,.45,2.6,1.15,3.92
MS,Raigarh,Murud,Sudhagad,18.5425,73.21888889,Pali,"Dug Well",W07400,2003,1.2,1.47,1.75,1.75
MS,Raigarh,Matheran,Poladpur,17.98333333,73.46666667,Poladpur,"Dug Well",W07396,2003,.4,4,2.5,5.32
MS,Raigarh,Karjat,Mhasla,18.08888889,73.10555556,Kelte,"Dug Well",W17580,2003,1.1,2,1.6,3.32
MS,Raigarh,Murud,Sudhagad,18.66027778,73.3,Jambhulpada,"Dug Well",W17589,2002,.61,4.94,3.9,5.9
MS,Raigarh,Karjat,Mhasla,18.08888889,73.10555556,Kelte,"Dug Well",W17580,2002,1.05,1.67,1.7,3
MS,Raigarh,Raigarh,Khalapur,18.72638889,73.29861111,Kargaon,"Dug Well",W17591,2002,.51,1,1,4.92
MS,Raigarh,Raigarh,Khalapur,18.82777778,73.28416667,Khalapur,"Dug Well",W17592,2002,.81,2.75,2.45,3
MS,Raigarh,Birwadi,Karjat,19.02916667,73.325,Neral,"Dug Well",W07388,2002,1.21,2.5,2.3,2.7
MS,Raigarh,Birwadi,Karjat,18.9125,73.31944444,"Hudhre Budruk (Karjat","Dug Well",W17574,2002,.1,2.53,1.7,6.5
MS,Raigarh,Khopoli,Panvel,18.925,73.11666667,Chinchwad,"Dug Well",W17583,2002,.08,3.95,2.9,8.5
MS,Raigarh,Mhasla,Roha,18.47777778,73.00833333,Dapoli,"Dug Well",W17586,2002,.72,.8,1,1.1
MS,Raigarh,"Ambivali Tarf Wankhal",Alibag,18.61166667,72.9,Nagaon,"Dug Well",W07386,2002,.52,2.9,1.8,'0
MS,Raigarh,"Ambivali Tarf Wankhal",Alibag,18.69166667,72.99166667,Poynad,"Dug Well",W07387,2002,1.71,2.92,3.27,3.75
MS,Raigarh,Mahad,Pen,18.73333333,73.05,Vadkhal,"Dug Well",W07393,2002,.46,'0,.35,1.15
MS,Raigarh,Mahad,Pen,18.75,73.03333333,Veshwi,"Dug Well",W07394,2002,1.49,4.75,3.7,7.65
MS,Raigarh,Mhasla,Roha,18.55,73.13333333,Nagothan,"Dug Well",W07397,2002,.31,.47,.5,.65
MS,Raigarh,Mhasla,Roha,18.43333333,73.20555556,Phugaon,"Dug Well",W07398,2002,.83,2.28,1.8,1.9
MS,Raigarh,Mhasla,Roha,18.45,73.1,Kharapati,"Dug Well",W17587,2002,.42,2.05,1.5,2.8
MS,Raigarh,Sarangarh,Mahad,18.13333333,73.56666667,Varandha,"Dug Well",W07402,2002,1.24,3,3,4.05
MS,Raigarh,Sarangarh,Mahad,18.07083333,73.4,Sochinde,"Dug Well",W07401,2002,.13,2.05,2.8,6.8
MS,Raigarh,"Mohpada Alias Wasambe",Shrivardhan,18.03194444,73.08055556,"Saigaon Govalwadi","Dug Well",W07399,2002,1.28,1.35,1.25,3.35
MS,Raigarh,Dharamjaigarh,Mangaon,18.135,73.325,Temple,"Dug Well",W07390,2002,1.02,2.25,3.15,5.45
MS,Raigarh,Dharamjaigarh,Mangaon,18.16666667,73.18333333,Chandore,"Dug Well",W17576,2002,.11,2.34,2.45,4.6
MS,Raigarh,Dharamjaigarh,Mangaon,18.30277778,73.23888889,Indapur,"Dug Well",W17578,2002,.41,.75,1.3,1.5
MS,Raigarh,Dharamjaigarh,Mangaon,18.30277778,73.30555556,"Kumbharcha Kosta Bk","Dug Well",W17579,2002,.34,1.09,.5,2.5
MS,Raigarh,Kegaon,Murud,18.35833333,73.03055556,Khutal,"Dug Well",W17581,2002,.97,2.78,2.3,4.2
MS,Raigarh,"Ambivali Tarf Wankhal",Alibag,18.53472222,72.98333333,"Bilji (Umta)","Dug Well",W17573,2002,.96,2.32,1.1,3
MS,Raigarh,Khopoli,Panvel,18.95277778,73.15,Ajivali,"Dug Well",W17582,2002,.31,1.7,1.6,3.9
MS,Raigarh,Murud,Sudhagad,18.5425,73.21888889,Pali,"Dug Well",W07400,2002,1.17,1.6,1.9,2.36
MS,Raigarh,Matheran,Poladpur,17.98333333,73.46666667,Poladpur,"Dug Well",W07396,2002,.63,3.92,3,5.7
MS,Raigarh,Mahad,Pen,18.81388889,73.0875,Jite,"Dug Well",W17585,2002,1.11,2.1,2,2.75
MS,Raigarh,Murud,Sudhagad,18.66027778,73.3,Jambhulpada,"Dug Well",W17589,2001,1.85,4.34,3.32,5.89
MS,Raigarh,"Mohpada Alias Wasambe",Shrivardhan,18.03194444,73.08055556,"Saigaon Govalwadi","Dug Well",W07399,2001,1.55,1.49,.78,3.13
MS,Raigarh,Raigarh,Khalapur,18.72638889,73.29861111,Kargaon,"Dug Well",W17591,2001,1.3,.7,.97,2.72
MS,Raigarh,Raigarh,Khalapur,18.82777778,73.28416667,Khalapur,"Dug Well",W17592,2001,1.87,3.16,2.5,3.3
MS,Raigarh,Birwadi,Karjat,19.02916667,73.325,Neral,"Dug Well",W07388,2001,1.95,2.46,2.45,2.68
MS,Raigarh,Birwadi,Karjat,18.9125,73.31944444,"Hudhre Budruk (Karjat","Dug Well",W17574,2001,.3,2.24,1.2,'0
MS,Raigarh,Khopoli,Panvel,18.925,73.11666667,Chinchwad,"Dug Well",W17583,2001,.45,3.88,1.25,8.2
MS,Raigarh,Mhasla,Roha,18.47777778,73.00833333,Dapoli,"Dug Well",W17586,2001,.82,.79,.75,1.03
MS,Raigarh,"Ambivali Tarf Wankhal",Alibag,18.61166667,72.9,Nagaon,"Dug Well",W07386,2001,1.4,3.16,.92,4.33
MS,Raigarh,"Ambivali Tarf Wankhal",Alibag,18.69166667,72.99166667,Poynad,"Dug Well",W07387,2001,1.54,2.96,2.55,3.38
MS,Raigarh,Mahad,Pen,18.73333333,73.05,Vadkhal,"Dug Well",W07393,2001,.52,.46,'0,.45
MS,Raigarh,Mahad,Pen,18.75,73.03333333,Veshwi,"Dug Well",W07394,2001,1.9,5.22,2.7,7.54
MS,Raigarh,Mhasla,Roha,18.55,73.13333333,Nagothan,"Dug Well",W07397,2001,.17,.25,.57,.4
MS,Raigarh,Mhasla,Roha,18.43333333,73.20555556,Phugaon,"Dug Well",W07398,2001,.97,1.55,1.05,1.61
MS,Raigarh,Mhasla,Roha,18.45,73.1,Kharapati,"Dug Well",W17587,2001,.16,1.76,1.03,2.97
MS,Raigarh,Sarangarh,Mahad,18.13333333,73.56666667,Varandha,"Dug Well",W07402,2001,2.1,3.14,2.87,3.9
MS,Raigarh,Sarangarh,Mahad,18.07083333,73.4,Sochinde,"Dug Well",W07401,2001,.33,3.54,1.85,6.57
MS,Raigarh,Dharamjaigarh,Mangaon,18.135,73.325,Temple,"Dug Well",W07390,2001,1.3,2.64,2.1,5.65
MS,Raigarh,Dharamjaigarh,Mangaon,18.16666667,73.18333333,Chandore,"Dug Well",W17576,2001,.32,3.16,1.78,4.2
MS,Raigarh,Dharamjaigarh,Mangaon,18.30277778,73.23888889,Indapur,"Dug Well",W17578,2001,.45,.9,1.1,1.28
MS,Raigarh,Dharamjaigarh,Mangaon,18.30277778,73.30555556,"Kumbharcha Kosta Bk","Dug Well",W17579,2001,.43,.63,1.32,2.06
MS,Raigarh,Kegaon,Murud,18.35833333,73.03055556,Khutal,"Dug Well",W17581,2001,.97,2.75,1.92,3.49
MS,Raigarh,"Ambivali Tarf Wankhal",Alibag,18.53472222,72.98333333,"Bilji (Umta)","Dug Well",W17573,2001,1,2.73,1.95,2.94
MS,Raigarh,Khopoli,Panvel,18.95277778,73.15,Ajivali,"Dug Well",W17582,2001,.01,1.48,.93,3.4
MS,Raigarh,Murud,Sudhagad,18.5425,73.21888889,Pali,"Dug Well",W07400,2001,1.51,1.46,1.85,1.67
MS,Raigarh,Matheran,Poladpur,17.98333333,73.46666667,Poladpur,"Dug Well",W07396,2001,1.05,3.69,1.95,5.05
MS,Raigarh,Karjat,Mhasla,18.08888889,73.10555556,Kelte,"Dug Well",W17580,2001,1.2,1.6,.65,2.18
MS,Raigarh,Mahad,Pen,18.81388889,73.0875,Jite,"Dug Well",W17585,2001,1.11,1.96,1.9,3.29
MS,Raigarh,Murud,Sudhagad,18.66027778,73.3,Jambhulpada,"Dug Well",W17589,2000,1.05,4.6,1.99,3.58
MS,Raigarh,"Mohpada Alias Wasambe",Shrivardhan,18.03194444,73.08055556,"Saigaon Govalwadi","Dug Well",W07399,2000,.47,1.55,1.56,2.55
MS,Raigarh,Raigarh,Khalapur,18.72638889,73.29861111,Kargaon,"Dug Well",W17591,2000,.41,1.05,.86,.95
MS,Raigarh,Raigarh,Khalapur,18.82777778,73.28416667,Khalapur,"Dug Well",W17592,2000,1.12,2.7,2.46,2.45
MS,Raigarh,Birwadi,Karjat,19.02916667,73.325,Neral,"Dug Well",W07388,2000,1.43,2.65,2.41,1.65
MS,Raigarh,Birwadi,Karjat,18.9125,73.31944444,"Hudhre Budruk (Karjat","Dug Well",W17574,2000,.05,2.4,1.05,1.46
MS,Raigarh,Khopoli,Panvel,18.925,73.11666667,Chinchwad,"Dug Well",W17583,2000,.15,4.25,.91,5.95
MS,Raigarh,Mhasla,Roha,18.47777778,73.00833333,Dapoli,"Dug Well",W17586,2000,.35,1.1,.99,.65
MS,Raigarh,"Ambivali Tarf Wankhal",Alibag,18.61166667,72.9,Nagaon,"Dug Well",W07386,2000,.15,2,2.47,.8
MS,Raigarh,"Ambivali Tarf Wankhal",Alibag,18.69166667,72.99166667,Poynad,"Dug Well",W07387,2000,1.36,3.35,2.71,1.78
MS,Raigarh,Mahad,Pen,18.73333333,73.05,Vadkhal,"Dug Well",W07393,2000,.3,1.5,.65,.42
MS,Raigarh,Mahad,Pen,18.75,73.03333333,Veshwi,"Dug Well",W07394,2000,1.43,4.8,4.01,7.29
MS,Raigarh,Mhasla,Roha,18.55,73.13333333,Nagothan,"Dug Well",W07397,2000,.47,.5,.61,.57
MS,Raigarh,Mhasla,Roha,18.43333333,73.20555556,Phugaon,"Dug Well",W07398,2000,.71,.65,1.34,1.18
MS,Raigarh,Mhasla,Roha,18.45,73.1,Kharapati,"Dug Well",W17587,2000,.39,2.7,1.09,1.9
MS,Raigarh,Sarangarh,Mahad,18.13333333,73.56666667,Varandha,"Dug Well",W07402,2000,1.26,3.2,2.86,3.04
MS,Raigarh,Sarangarh,Mahad,18.07083333,73.4,Sochinde,"Dug Well",W07401,2000,.12,3.2,1.79,5.45
MS,Raigarh,Dharamjaigarh,Mangaon,18.135,73.325,Temple,"Dug Well",W07390,2000,1.08,1.8,2.57,2.6
MS,Raigarh,Dharamjaigarh,Mangaon,18.16666667,73.18333333,Chandore,"Dug Well",W17576,2000,.19,3,2.15,3.5
MS,Raigarh,Dharamjaigarh,Mangaon,18.30277778,73.23888889,Indapur,"Dug Well",W17578,2000,.32,.95,1.1,.8
MS,Raigarh,Dharamjaigarh,Mangaon,18.30277778,73.30555556,"Kumbharcha Kosta Bk","Dug Well",W17579,2000,.53,1,.47,1.77
MS,Raigarh,Kegaon,Murud,18.35833333,73.03055556,Khutal,"Dug Well",W17581,2000,.83,4.9,2.22,3.6
MS,Raigarh,"Ambivali Tarf Wankhal",Alibag,18.53472222,72.98333333,"Bilji (Umta)","Dug Well",W17573,2000,1,2.7,1.86,1.64
MS,Raigarh,Khopoli,Panvel,18.95277778,73.15,Ajivali,"Dug Well",W17582,2000,.21,1.75,.86,.36
MS,Raigarh,Murud,Sudhagad,18.5425,73.21888889,Pali,"Dug Well",W07400,2000,.69,2,1.99,1.92
MS,Raigarh,Matheran,Poladpur,17.98333333,73.46666667,Poladpur,"Dug Well",W07396,2000,.52,3.6,1.71,4.05
MS,Raigarh,Karjat,Mhasla,18.08888889,73.10555556,Kelte,"Dug Well",W17580,2000,.87,1.65,1.51,1.6
MS,Raigarh,Mahad,Pen,18.81388889,73.0875,Jite,"Dug Well",W17585,2000,.55,2,1.96,1.14
MS,Raigarh,Sarangarh,Mahad,18.13333333,73.56666667,Varandha,"Dug Well",W07402,1999,2.24,2.97,2.8,4.3
MS,Raigarh,Mhasla,Roha,18.45,73.1,Kharapati,"Dug Well",W17587,1999,.45,1.8,.87,1.8
MS,Raigarh,Mhasla,Roha,18.47777778,73.00833333,Dapoli,"Dug Well",W17586,1999,.56,.59,.85,.9
MS,Raigarh,"Ambivali Tarf Wankhal",Alibag,18.61166667,72.9,Nagaon,"Dug Well",W07386,1999,1.18,1.9,2,4.1
MS,Raigarh,"Ambivali Tarf Wankhal",Alibag,18.69166667,72.99166667,Poynad,"Dug Well",W07387,1999,1.82,2.05,1.8,4.1
MS,Raigarh,Mahad,Pen,18.73333333,73.05,Vadkhal,"Dug Well",W07393,1999,.7,.92,1,1
MS,Raigarh,Mahad,Pen,18.75,73.03333333,Veshwi,"Dug Well",W07394,1999,2.77,5.4,2.6,'0
MS,Raigarh,Mahad,Pen,18.81388889,73.0875,Jite,"Dug Well",W17585,1999,.9,1.85,1.05,1.8
MS,Raigarh,Raigarh,Khalapur,18.72638889,73.29861111,Kargaon,"Dug Well",W17591,1999,.67,.92,1.3,2.2
MS,Raigarh,Raigarh,Khalapur,18.82777778,73.28416667,Khalapur,"Dug Well",W17592,1999,1.99,2.7,2.45,2.6
MS,Raigarh,Birwadi,Karjat,19.02916667,73.325,Neral,"Dug Well",W07388,1999,2.09,2.44,2.4,3
MS,Raigarh,Birwadi,Karjat,18.9125,73.31944444,"Hudhre Budruk (Karjat","Dug Well",W17574,1999,.39,2.05,.9,5.1
MS,Raigarh,Khopoli,Panvel,18.925,73.11666667,Chinchwad,"Dug Well",W17583,1999,.44,3.3,.85,7.7
MS,Raigarh,Raigarh,Khalapur,18.78333333,73.33333333,Khopoli,"Dug Well",W17593,1999,'0,2.96,'0,.8
MS,Raigarh,Murud,Sudhagad,18.66027778,73.3,Jambhulpada,"Dug Well",W17589,1999,1.92,4.52,2.75,6
MS,Raigarh,"Ambivali Tarf Wankhal",Alibag,18.53472222,72.98333333,"Bilji (Umta)","Dug Well",W17573,1999,1.06,3.1,1.7,3
MS,Raigarh,Khopoli,Panvel,18.95277778,73.15,Ajivali,"Dug Well",W17582,1999,.29,1.1,'0,3.62
MS,Raigarh,Murud,Sudhagad,18.5425,73.21888889,Pali,"Dug Well",W07400,1999,1.55,1.76,1.7,1.8
MS,Raigarh,Matheran,Poladpur,17.98333333,73.46666667,Poladpur,"Dug Well",W07396,1999,.94,3.55,1.6,5
MS,Raigarh,Karjat,Mhasla,18.08888889,73.10555556,Kelte,"Dug Well",W17580,1999,1.14,1.88,1.4,1.6
MS,Raigarh,"Mohpada Alias Wasambe",Shrivardhan,18.03194444,73.08055556,"Saigaon Govalwadi","Dug Well",W07399,1999,1.23,1.52,1.52,5.9
MS,Raigarh,Dharamjaigarh,Mangaon,18.135,73.325,Temple,"Dug Well",W07390,1999,1.16,2.35,1.63,3.7
MS,Raigarh,Dharamjaigarh,Mangaon,18.16666667,73.18333333,Chandore,"Dug Well",W17576,1999,.57,2.7,1.2,4.2
MS,Raigarh,Dharamjaigarh,Mangaon,18.30277778,73.23888889,Indapur,"Dug Well",W17578,1999,.46,.8,.65,.5
MS,Raigarh,Dharamjaigarh,Mangaon,18.30277778,73.30555556,"Kumbharcha Kosta Bk","Dug Well",W17579,1999,.33,.87,.45,1.3
MS,Raigarh,Kegaon,Murud,18.35833333,73.03055556,Khutal,"Dug Well",W17581,1999,1.05,2.78,1.8,4.7
MS,Raigarh,Mhasla,Roha,18.55,73.13333333,Nagothan,"Dug Well",W07397,1999,.4,.47,.55,.3
MS,Raigarh,Mhasla,Roha,18.43333333,73.20555556,Phugaon,"Dug Well",W07398,1999,.95,2.4,.95,1.55
MS,Raigarh,Sarangarh,Mahad,18.07083333,73.4,Sochinde,"Dug Well",W07401,1999,.14,3.44,1.2,5.6
MS,Raigarh,Sarangarh,Mahad,18.13333333,73.56666667,Varandha,"Dug Well",W07402,1998,1.5,2.93,2.68,4.2
MS,Raigarh,Sarangarh,Mahad,18.07083333,73.4,Sochinde,"Dug Well",W07401,1998,.01,2.56,.92,'0
MS,Raigarh,Mhasla,Roha,18.47777778,73.00833333,Dapoli,"Dug Well",W17586,1998,.5,.67,.7,1.5
MS,Raigarh,"Ambivali Tarf Wankhal",Alibag,18.61166667,72.9,Nagaon,"Dug Well",W07386,1998,.01,2.16,1.43,5.05
MS,Raigarh,"Ambivali Tarf Wankhal",Alibag,18.69166667,72.99166667,Poynad,"Dug Well",W07387,1998,1.2,2.35,2.07,3.4
MS,Raigarh,Mahad,Pen,18.73333333,73.05,Vadkhal,"Dug Well",W07393,1998,.01,'0,.6,1.98
MS,Raigarh,Mahad,Pen,18.75,73.03333333,Veshwi,"Dug Well",W07394,1998,1.55,5.37,2.19,8.5
MS,Raigarh,Mahad,Pen,18.81388889,73.0875,Jite,"Dug Well",W17585,1998,.9,1.3,.75,5.6
MS,Raigarh,Raigarh,Khalapur,18.72638889,73.29861111,Kargaon,"Dug Well",W17591,1998,.75,1.56,.62,5
MS,Raigarh,Raigarh,Khalapur,18.82777778,73.28416667,Khalapur,"Dug Well",W17592,1998,1.6,2.36,2.02,5.63
MS,Raigarh,Birwadi,Karjat,19.02916667,73.325,Neral,"Dug Well",W07388,1998,1.12,2.5,1.93,2.9
MS,Raigarh,Birwadi,Karjat,18.9125,73.31944444,"Hudhre Budruk (Karjat","Dug Well",W17574,1998,.01,1.85,.56,4.75
MS,Raigarh,Khopoli,Panvel,18.925,73.11666667,Chinchwad,"Dug Well",W17583,1998,.01,3.76,.74,5.38
MS,Raigarh,Murud,Sudhagad,18.66027778,73.3,Jambhulpada,"Dug Well",W17589,1998,1.57,4.44,3.46,6
MS,Raigarh,"Ambivali Tarf Wankhal",Alibag,18.53472222,72.98333333,"Bilji (Umta)","Dug Well",W17573,1998,1.15,2.82,1.35,3.5
MS,Raigarh,Khopoli,Panvel,18.95277778,73.15,Ajivali,"Dug Well",W17582,1998,.01,1.28,.22,'0
MS,Raigarh,Murud,Sudhagad,18.5425,73.21888889,Pali,"Dug Well",W07400,1998,1.38,1.8,1.02,2.12
MS,Raigarh,Matheran,Poladpur,17.98333333,73.46666667,Poladpur,"Dug Well",W07396,1998,.35,3.52,1.41,5.3
MS,Raigarh,Karjat,Mhasla,18.08888889,73.10555556,Kelte,"Dug Well",W17580,1998,1.4,1.84,1.17,2.6
MS,Raigarh,"Mohpada Alias Wasambe",Shrivardhan,18.03194444,73.08055556,"Saigaon Govalwadi","Dug Well",W07399,1998,.81,1.45,1.51,2.7
MS,Raigarh,Dharamjaigarh,Mangaon,18.135,73.325,Temple,"Dug Well",W07390,1998,1.15,2.42,1.82,5.2
MS,Raigarh,Dharamjaigarh,Mangaon,18.16666667,73.18333333,Chandore,"Dug Well",W17576,1998,.01,2.95,1.08,4.8
MS,Raigarh,Dharamjaigarh,Mangaon,18.30277778,73.23888889,Indapur,"Dug Well",W17578,1998,.52,.58,.42,1.65
MS,Raigarh,Dharamjaigarh,Mangaon,18.30277778,73.30555556,"Kumbharcha Kosta Bk","Dug Well",W17579,1998,.01,.95,.28,2.85
MS,Raigarh,Kegaon,Murud,18.35833333,73.03055556,Khutal,"Dug Well",W17581,1998,1.15,2.96,1.34,6.7
MS,Raigarh,Mhasla,Roha,18.55,73.13333333,Nagothan,"Dug Well",W07397,1998,.55,.91,.31,1
MS,Raigarh,Mhasla,Roha,18.43333333,73.20555556,Phugaon,"Dug Well",W07398,1998,.88,1.42,1.54,2.4
MS,Raigarh,Mhasla,Roha,18.45,73.1,Kharapati,"Dug Well",W17587,1998,.01,2.75,.39,3.8
MS,Raigarh,Sarangarh,Mahad,18.13333333,73.56666667,Varandha,"Dug Well",W07402,1997,1.84,2.17,2.82,4.4
MS,Raigarh,Khopoli,Panvel,18.95,73.15,Kone,"Dug Well",W17584,1997,'0,4.66,'0,'0
MS,Raigarh,"Ambivali Tarf Wankhal",Alibag,18.53472222,72.98333333,"Bilji (Umta)","Dug Well",W17573,1997,1.01,2.67,1.64,2.95
MS,Raigarh,Mhasla,Roha,18.45,73.1,Kharapati,"Dug Well",W17587,1997,.35,2.33,1.84,3.53
MS,Raigarh,Mhasla,Roha,18.43333333,73.20555556,Phugaon,"Dug Well",W07398,1997,.85,3.3,2.47,1.4
MS,Raigarh,Raigarh,Khalapur,18.72638889,73.29861111,Kargaon,"Dug Well",W17591,1997,.9,1.66,.97,3.55
MS,Raigarh,Mhasla,Roha,18.55,73.13333333,Nagothan,"Dug Well",W07397,1997,.49,.6,.5,1.45
MS,Raigarh,Mhasla,Roha,18.47777778,73.00833333,Dapoli,"Dug Well",W17586,1997,.73,.73,.67,2.3
MS,Raigarh,Kegaon,Murud,18.35833333,73.03055556,Khutal,"Dug Well",W17581,1997,.98,2.78,2.42,.25
MS,Raigarh,Murud,Sudhagad,18.66027778,73.3,Jambhulpada,"Dug Well",W17589,1997,1.37,'0,3.93,'0
MS,Raigarh,Dharamjaigarh,Mangaon,18.30277778,73.30555556,"Kumbharcha Kosta Bk","Dug Well",W17579,1997,.31,.7,.7,2.4
MS,Raigarh,Raigarh,Khalapur,18.78333333,73.33333333,Khopoli,"Dug Well",W17593,1997,.34,4.1,4.12,3.45
MS,Raigarh,Dharamjaigarh,Mangaon,18.30277778,73.23888889,Indapur,"Dug Well",W17578,1997,1.37,1.8,1.46,1.4
MS,Raigarh,Mahad,Pen,18.81388889,73.0875,Jite,"Dug Well",W17585,1997,.72,1.4,1.46,3.4
MS,Raigarh,Khopoli,Panvel,18.925,73.11666667,Chinchwad,"Dug Well",W17583,1997,.23,3.75,2.04,8.45
MS,Raigarh,"Ambivali Tarf Wankhal",Alibag,18.61166667,72.9,Nagaon,"Dug Well",W07386,1997,.77,'0,2.28,4.44
MS,Raigarh,Dharamjaigarh,Mangaon,18.16666667,73.18333333,Chandore,"Dug Well",W17576,1997,.14,2.74,1.96,4.5
MS,Raigarh,Mahad,Pen,18.75,73.03333333,Veshwi,"Dug Well",W07394,1997,1.43,4.6,4.2,8.45
MS,Raigarh,Dharamjaigarh,Mangaon,18.135,73.325,Temple,"Dug Well",W07390,1997,1.83,3.45,4.11,3.68
MS,Raigarh,Birwadi,Karjat,18.9125,73.31944444,"Hudhre Budruk (Karjat","Dug Well",W17574,1997,.01,2.2,1.6,6
MS,Raigarh,"Mohpada Alias Wasambe",Shrivardhan,18.03194444,73.08055556,"Saigaon Govalwadi","Dug Well",W07399,1997,1.2,1.25,1.49,4.5
MS,Raigarh,Sarangarh,Mahad,18.07083333,73.4,Sochinde,"Dug Well",W07401,1997,.28,3,2.59,6.65
MS,Raigarh,Karjat,Mhasla,18.08888889,73.10555556,Kelte,"Dug Well",W17580,1997,1.1,1.65,1.46,3.55
MS,Raigarh,Birwadi,Karjat,19.02916667,73.325,Neral,"Dug Well",W07388,1997,1.69,2.16,2.15,3.11
MS,Raigarh,Matheran,Poladpur,17.98333333,73.46666667,Poladpur,"Dug Well",W07396,1997,.67,3.63,3.28,5.5
MS,Raigarh,Mahad,Pen,18.73333333,73.05,Vadkhal,"Dug Well",W07393,1997,.6,'0,.8,'0
MS,Raigarh,Murud,Sudhagad,18.5425,73.21888889,Pali,"Dug Well",W07400,1997,1.32,1.56,1.26,2.2
MS,Raigarh,Raigarh,Khalapur,18.82777778,73.28416667,Khalapur,"Dug Well",W17592,1997,1.71,2.52,2.13,2.68
MS,Raigarh,Khopoli,Panvel,18.95277778,73.15,Ajivali,"Dug Well",W17582,1997,.38,'0,'0,'0
MS,Raigarh,"Ambivali Tarf Wankhal",Alibag,18.69166667,72.99166667,Poynad,"Dug Well",W07387,1997,1.8,2.8,2.45,3.45
MS,Raigarh,Mhasla,Roha,18.45,73.1,Kharapati,"Dug Well",W17587,1996,.36,1.88,.01,3.15
MS,Raigarh,Sarangarh,Mahad,18.13333333,73.56666667,Varandha,"Dug Well",W07402,1996,1.43,3,2.65,4.8
MS,Raigarh,Mhasla,Roha,18.41527778,73.30972222,Kudli,"Dug Well",W17588,1996,'0,2.7,'0,'0
MS,Raigarh,Mhasla,Roha,18.43333333,73.20555556,Phugaon,"Dug Well",W07398,1996,.95,1.75,1.34,1.26
MS,Raigarh,Mhasla,Roha,18.55,73.13333333,Nagothan,"Dug Well",W07397,1996,.44,.45,.58,1.25
MS,Raigarh,Kegaon,Murud,18.35833333,73.03055556,Khutal,"Dug Well",W17581,1996,1.18,3.06,1.31,3.4
MS,Raigarh,Dharamjaigarh,Mangaon,18.30277778,73.30555556,"Kumbharcha Kosta Bk","Dug Well",W17579,1996,.18,.95,.4,2.3
MS,Raigarh,Dharamjaigarh,Mangaon,18.30277778,73.23888889,Indapur,"Dug Well",W17578,1996,.39,2.05,.57,1.29
MS,Raigarh,Dharamjaigarh,Mangaon,18.24722222,73.28611111,Mangaon,"Dug Well",W07389,1996,'0,1.41,'0,'0
MS,Raigarh,Dharamjaigarh,Mangaon,18.18611111,73.27222222,Dahiwali,"Dug Well",W17577,1996,'0,2.52,'0,'0
MS,Raigarh,Dharamjaigarh,Mangaon,18.16666667,73.18333333,Chandore,"Dug Well",W17576,1996,.17,2.8,1.36,4.24
MS,Raigarh,Dharamjaigarh,Mangaon,18.135,73.325,Temple,"Dug Well",W07390,1996,1.02,2.85,1.33,4.88
MS,Raigarh,"Mohpada Alias Wasambe",Shrivardhan,18.03194444,73.08055556,"Saigaon Govalwadi","Dug Well",W07399,1996,1.28,1.4,2.25,2.58
MS,Raigarh,Karjat,Mhasla,18.08888889,73.10555556,Kelte,"Dug Well",W17580,1996,1.07,1.7,1.37,2.47
MS,Raigarh,Matheran,Poladpur,17.98333333,73.46666667,Poladpur,"Dug Well",W07396,1996,.61,4.14,1.46,5.1
MS,Raigarh,Murud,Sudhagad,18.5425,73.21888889,Pali,"Dug Well",W07400,1996,1.37,1.67,1.29,2
MS,Raigarh,Birwadi,Karjat,18.96666667,73.4,Kadav,"Dug Well",W17575,1996,'0,.6,'0,'0
MS,Raigarh,"Ambivali Tarf Wankhal",Alibag,18.53472222,72.98333333,"Bilji (Umta)","Dug Well",W17573,1996,1.06,2.86,1.3,3.21
MS,Raigarh,Kegaon,Murud,18.52777778,72.90833333,Revdanda,"Dug Well",W07391,1996,'0,2.54,'0,'0
MS,Raigarh,Raigarh,Khalapur,18.78333333,73.33333333,Khopoli,"Dug Well",W17593,1996,.82,3.7,4.28,3
MS,Raigarh,Khopoli,Panvel,18.925,73.11666667,Chinchwad,"Dug Well",W17583,1996,.16,4.4,1.17,8.96
MS,Raigarh,Khopoli,Panvel,19.04805556,73.10166667,Navade,"Dug Well",W07392,1996,'0,.15,'0,'0
MS,Raigarh,Birwadi,Karjat,18.9125,73.31944444,"Hudhre Budruk (Karjat","Dug Well",W17574,1996,.11,3.2,.6,'0
MS,Raigarh,Birwadi,Karjat,19.02916667,73.325,Neral,"Dug Well",W07388,1996,1.44,2.58,1.92,3.09
MS,Raigarh,Raigarh,Khalapur,18.82777778,73.28416667,Khalapur,"Dug Well",W17592,1996,1.19,2.9,2.08,3.43
MS,Raigarh,Raigarh,Khalapur,18.72638889,73.29861111,Kargaon,"Dug Well",W17591,1996,1.68,1.65,1.25,2.9
MS,Raigarh,Mahad,Pen,18.81388889,73.0875,Jite,"Dug Well",W17585,1996,.94,1.5,1.35,4.82
MS,Raigarh,Mahad,Pen,18.75,73.03333333,Veshwi,"Dug Well",W07394,1996,1.6,5.62,2.4,7.62
MS,Raigarh,"Ambivali Tarf Wankhal",Alibag,18.69166667,72.99166667,Poynad,"Dug Well",W07387,1996,1.76,3.2,2.21,3.1
MS,Raigarh,"Ambivali Tarf Wankhal",Alibag,18.61166667,72.9,Nagaon,"Dug Well",W07386,1996,.92,3.4,'0,'0
MS,Raigarh,Mhasla,Roha,18.47777778,73.00833333,Dapoli,"Dug Well",W17586,1996,.7,.9,.78,2.06
MS,Raigarh,Sarangarh,Mahad,18.07083333,73.4,Sochinde,"Dug Well",W07401,1996,.14,3.75,.83,'0
MS,Raigarh,Khopoli,Panvel,18.95,73.15,Kone,"Dug Well",W17584,1996,.6,3.18,2.72,7.5
