STATE,DISTRICT,TEH_NAME,BLOCK_NAME,LAT,LON,SITE_NAME,SITE_TYPE,WLCODE,YEAR_OBS,MONSOON,POMRB,POMKH,PREMON
TN,Kanniyakumari,Kalkulam,Thackalai,8.24861111,77.30833333,Thakkalai1,"Bore Well",W02180,2018,'0,6.68,'0,'0
TN,Kanniyakumari,Kalkulam,Thackalai,8.24166667,77.325,Takkalai,"Dug Well",W02179,2018,'0,'0,'0,6.15
TN,Kanniyakumari,Thovala,Thovala,8.25833333,77.45277778,Boothapandy,"Dug Well",W02186,2018,'0,4.18,'0,'0
TN,Kanniyakumari,Thovala,Thovala,8.25833333,77.45277778,Boothapandy,"Dug Well",W02186,2018,'0,'0,'0,4.3
TN,Kanniyakumari,Vilavancode,Vilavancode,8.31666667,77.20833333,Marthandam,"Bore Well",W02190,2018,'0,'0,'0,6.86
TN,Kanniyakumari,Kalkulam,Kalkulam,8.325,77.25833333,Attur1,"Dug Well",W02181,2018,'0,7.72,'0,'0
TN,Kanniyakumari,Kalkulam,Kalkulam,8.325,77.25833333,Attur1,"Dug Well",W02181,2018,'0,'0,'0,11.1
TN,Kanniyakumari,Kalkulam,Kalkulam,8.33333333,77.26777778,Thiruvattar,"Bore Well",W02184,2018,'0,'0,'0,6.72
TN,Kanniyakumari,Agastheeswaram,Rajakkamangalam,8.13194444,77.36666667,Rajakamangalam,"Bore Well",W02175,2018,'0,1.88,'0,'0
TN,Kanniyakumari,Agastheeswaram,Rajakkamangalam,8.13194444,77.36666667,Rajakamangalam,"Bore Well",W02175,2018,'0,'0,'0,2.8
TN,Kanniyakumari,Agastheeswaram,Agastheeswaram,8.08333333,77.55,Kanyakumari-1,"Dug Well",W02166,2018,'0,5.63,'0,'0
TN,Kanniyakumari,Agastheeswaram,Agastheeswaram,8.08333333,77.55,Kanyakumari-1,"Dug Well",W02166,2018,'0,'0,'0,7.72
TN,Kanniyakumari,Kalkulam,Kalkulam,8.17777778,77.2625,Kolachal,"Dug Well",W02177,2018,'0,11.04,'0,'0
TN,Kanniyakumari,Kalkulam,Kalkulam,8.17777778,77.2625,Kolachal,"Dug Well",W02177,2018,'0,'0,'0,11.9
TN,Kanniyakumari,Agastheeswaram,Agastheeswaram,8.16666667,77.45,Nagarkoil-1,"Dug Well",W02171,2018,'0,1.66,'0,'0
TN,Kanniyakumari,Agastheeswaram,Agastheeswaram,8.16666667,77.45,Nagarkoil-1,"Dug Well",W02171,2018,'0,'0,'0,2.22
TN,Kanniyakumari,Kalkulam,Kalkulam,8.225,77.35833333,Villukuri,"Dug Well",W02178,2018,'0,3.52,'0,'0
TN,Kanniyakumari,Kalkulam,Kalkulam,8.225,77.35833333,Villukuri,"Dug Well",W02178,2018,'0,'0,'0,8.45
TN,Kanniyakumari,Vilavancode,Vilavancode,8.22222222,77.25833333,Vellaivilai,"Dug Well",W02189,2018,'0,'0,'0,11.4
TN,Kanniyakumari,Thovala,Thovala,8.25,77.51666667,Aralvaimozhi,"Dug Well",W02185,2018,'0,2.9,'0,'0
TN,Kanniyakumari,Thovala,Thovala,8.25,77.51666667,Aralvaimozhi,"Dug Well",W02185,2018,'0,'0,'0,4.55
TN,Kanniyakumari,Kalkulam,Thackalai,8.24166667,77.325,Takkalai,"Dug Well",W02179,2018,'0,2.5,'0,'0
TN,Kanniyakumari,Kalkulam,Thackalai,8.24861111,77.30833333,Thakkalai1,"Bore Well",W02180,2018,'0,'0,'0,6.5
TN,Kanniyakumari,Kalkulam,Thackalai,8.24861111,77.30833333,Thakkalai1,"Bore Well",W02180,2017,6.92,7.64,'0,7.55
TN,Kanniyakumari,Kalkulam,Thackalai,8.24166667,77.325,Takkalai,"Dug Well",W02179,2017,'0,'0,4.16,'0
TN,Kanniyakumari,Thovala,Thovala,8.25833333,77.45277778,Boothapandy,"Dug Well",W02186,2017,4.4,4.48,'0,4.15
TN,Kanniyakumari,Thovala,Thovala,8.25833333,77.45277778,Boothapandy,"Dug Well",W02186,2017,'0,'0,4.07,'0
TN,Kanniyakumari,Kalkulam,Kalkulam,8.325,77.25833333,Attur1,"Dug Well",W02181,2017,11.3,10.85,'0,11.85
TN,Kanniyakumari,Kalkulam,Kalkulam,8.325,77.25833333,Attur1,"Dug Well",W02181,2017,'0,'0,12.13,'0
TN,Kanniyakumari,Kalkulam,Kalkulam,8.33333333,77.26777778,Thiruvattar,"Bore Well",W02184,2017,9.08,9.65,'0,8.8
TN,Kanniyakumari,Kalkulam,Kalkulam,8.33333333,77.26777778,Thiruvattar,"Bore Well",W02184,2017,'0,'0,5.45,'0
TN,Kanniyakumari,Agastheeswaram,Rajakkamangalam,8.13194444,77.36666667,Rajakamangalam,"Bore Well",W02175,2017,4.3,4.17,'0,'0
TN,Kanniyakumari,Agastheeswaram,Rajakkamangalam,8.13194444,77.36666667,Rajakamangalam,"Bore Well",W02175,2017,'0,'0,2.67,'0
TN,Kanniyakumari,Agastheeswaram,Agastheeswaram,8.08333333,77.55,Kanyakumari-1,"Dug Well",W02166,2017,14.05,7.3,'0,11
TN,Kanniyakumari,Agastheeswaram,Agastheeswaram,8.08333333,77.55,Kanyakumari-1,"Dug Well",W02166,2017,'0,'0,13.28,'0
TN,Kanniyakumari,Agastheeswaram,Agastheeswaram,8.08888889,77.55,Kanyakumari-2,"Bore Well",W02167,2017,14.05,'0,'0,'0
TN,Kanniyakumari,Kalkulam,Kalkulam,8.17777778,77.2625,Kolachal,"Dug Well",W02177,2017,11.73,12.38,'0,12.28
TN,Kanniyakumari,Kalkulam,Kalkulam,8.17777778,77.2625,Kolachal,"Dug Well",W02177,2017,'0,'0,11.18,'0
TN,Kanniyakumari,Agastheeswaram,Agastheeswaram,8.16666667,77.45,Nagarkoil-1,"Dug Well",W02171,2017,3.84,3.21,'0,3.11
TN,Kanniyakumari,Agastheeswaram,Agastheeswaram,8.16666667,77.45,Nagarkoil-1,"Dug Well",W02171,2017,'0,'0,3.3,'0
TN,Kanniyakumari,Kalkulam,Kalkulam,8.225,77.35833333,Villukuri,"Dug Well",W02178,2017,12.64,8.95,'0,9.65
TN,Kanniyakumari,Kalkulam,Kalkulam,8.225,77.35833333,Villukuri,"Dug Well",W02178,2017,'0,'0,3.12,'0
TN,Kanniyakumari,Thovala,Thovala,8.25,77.51666667,Aralvaimozhi,"Dug Well",W02185,2017,6.7,5.3,'0,4.25
TN,Kanniyakumari,Thovala,Thovala,8.25,77.51666667,Aralvaimozhi,"Dug Well",W02185,2017,'0,'0,5.57,'0
TN,Kanniyakumari,Kalkulam,Thackalai,8.24166667,77.325,Takkalai,"Dug Well",W02179,2017,7.7,8.05,'0,7.7
TN,Kanniyakumari,Kalkulam,Thackalai,8.24861111,77.30833333,Thakkalai1,"Bore Well",W02180,2017,'0,'0,6.56,'0
TN,Kanniyakumari,Kalkulam,Thackalai,8.24861111,77.30833333,Thakkalai1,"Bore Well",W02180,2016,6.75,'0,7.05,6.9
TN,Kanniyakumari,Thovala,Thovala,8.25833333,77.45277778,Boothapandy,"Dug Well",W02186,2016,4.4,'0,4.95,4.2
TN,Kanniyakumari,Kalkulam,Kalkulam,8.325,77.25833333,Attur1,"Dug Well",W02181,2016,9.35,'0,10.3,7.69
TN,Kanniyakumari,Kalkulam,Kalkulam,8.33333333,77.26777778,Thiruvattar,"Bore Well",W02184,2016,6.2,'0,8.2,4.7
TN,Kanniyakumari,Agastheeswaram,Rajakkamangalam,8.13194444,77.36666667,Rajakamangalam,"Bore Well",W02175,2016,2.82,'0,3.6,'0
TN,Kanniyakumari,Kalkulam,Thackalai,8.24166667,77.325,Takkalai,"Dug Well",W02179,2016,4.14,'0,5.25,.65
TN,Kanniyakumari,Kalkulam,Kalkulam,8.17777778,77.2625,Kolachal,"Dug Well",W02177,2016,12.14,'0,11.87,9.46
TN,Kanniyakumari,Agastheeswaram,Agastheeswaram,8.16666667,77.45,Nagarkoil-1,"Dug Well",W02171,2016,2.06,'0,2.32,1.58
TN,Kanniyakumari,Kalkulam,Kalkulam,8.225,77.35833333,Villukuri,"Dug Well",W02178,2016,6.49,'0,5.75,'0
TN,Kanniyakumari,Thovala,Thovala,8.25,77.51666667,Aralvaimozhi,"Dug Well",W02185,2016,5.13,'0,4.85,4.54
TN,Kanniyakumari,Agastheeswaram,Agastheeswaram,8.08333333,77.55,Kanyakumari-1,"Dug Well",W02166,2016,5.34,'0,5.33,'0
TN,Kanniyakumari,Kalkulam,Thackalai,8.24861111,77.30833333,Thakkalai1,"Bore Well",W02180,2015,5.37,'0,7.24,7.8
TN,Kanniyakumari,Thovala,Thovala,8.25833333,77.45277778,Boothapandy,"Dug Well",W02186,2015,4.45,'0,3.63,3.83
TN,Kanniyakumari,Kalkulam,Kalkulam,8.325,77.25833333,Attur1,"Dug Well",W02181,2015,7.47,'0,6.09,6.25
TN,Kanniyakumari,Kalkulam,Kalkulam,8.33333333,77.26777778,Thiruvattar,"Bore Well",W02184,2015,6.53,'0,5.98,4.27
TN,Kanniyakumari,Agastheeswaram,Rajakkamangalam,8.13194444,77.36666667,Rajakamangalam,"Bore Well",W02175,2015,2.62,'0,1.34,3.1
TN,Kanniyakumari,Kalkulam,Thackalai,8.24166667,77.325,Takkalai,"Dug Well",W02179,2015,2.68,'0,1.55,2.19
TN,Kanniyakumari,Kalkulam,Kalkulam,8.17777778,77.2625,Kolachal,"Dug Well",W02177,2015,11.73,'0,10.02,10.64
TN,Kanniyakumari,Agastheeswaram,Agastheeswaram,8.16666667,77.45,Nagarkoil-1,"Dug Well",W02171,2015,1.77,'0,.76,1.2
TN,Kanniyakumari,Kalkulam,Kalkulam,8.225,77.35833333,Villukuri,"Dug Well",W02178,2015,2.62,'0,2.28,2.7
TN,Kanniyakumari,Thovala,Thovala,8.25,77.51666667,Aralvaimozhi,"Dug Well",W02185,2015,4.3,'0,2.9,3.3
TN,Kanniyakumari,Agastheeswaram,Agastheeswaram,8.08333333,77.55,Kanyakumari-1,"Dug Well",W02166,2015,5.95,'0,1.55,6.2
TN,Kanniyakumari,Kalkulam,Thackalai,8.24861111,77.30833333,Thakkalai1,"Bore Well",W02180,2014,7.62,7.84,'0,7.65
TN,Kanniyakumari,Kalkulam,Thackalai,8.24166667,77.325,Takkalai,"Dug Well",W02179,2014,4.26,4.3,'0,5
TN,Kanniyakumari,Kalkulam,Kalkulam,8.29166667,77.275,Kattudurai,"Dug Well",W02182,2014,'0,5.1,'0,'0
TN,Kanniyakumari,Kalkulam,Kalkulam,8.325,77.25833333,Attur1,"Dug Well",W02181,2014,'0,5.45,'0,6.85
TN,Kanniyakumari,Kalkulam,Kalkulam,8.33333333,77.26777778,Thiruvattar,"Bore Well",W02184,2014,5.24,8.6,'0,7.65
TN,Kanniyakumari,Kalkulam,Kalkulam,8.375,77.29583333,Kulasekharan,"Dug Well",W02183,2014,'0,6.38,'0,'0
TN,Kanniyakumari,Agastheeswaram,Rajakkamangalam,8.13194444,77.36666667,Rajakamangalam,"Bore Well",W02175,2014,3.1,2.2,'0,2.79
TN,Kanniyakumari,Agastheeswaram,Agastheeswaram,8.10833333,77.54583333,Kundal(East),"Tube Well",W02169,2014,'0,8.96,'0,'0
TN,Kanniyakumari,Agastheeswaram,Agastheeswaram,8.08333333,77.55,Kanyakumari-1,"Dug Well",W02166,2014,7.96,8.1,'0,6.3
TN,Kanniyakumari,Agastheeswaram,Agastheeswaram,8.10555556,77.54583333,Kundal(West),"Tube Well",W02170,2014,'0,6.24,'0,'0
TN,Kanniyakumari,Kalkulam,Kalkulam,8.17777778,77.2625,Kolachal,"Dug Well",W02177,2014,11.18,11.28,'0,11.25
TN,Kanniyakumari,Kalkulam,Kalkulam,8.19583333,77.3,Chettiarmadam,"Dug Well",W02176,2014,'0,4.43,'0,'0
TN,Kanniyakumari,Agastheeswaram,Agastheeswaram,8.16666667,77.45,Nagarkoil-1,"Dug Well",W02171,2014,2.46,2.01,'0,2.12
TN,Kanniyakumari,Kalkulam,Kalkulam,8.225,77.35833333,Villukuri,"Dug Well",W02178,2014,3.7,3.7,'0,4.6
TN,Kanniyakumari,Vilavancode,Vilavancode,8.22916667,77.24444444,Karungal,"Dug Well",W02187,2014,'0,12.26,'0,'0
TN,Kanniyakumari,Thovala,Thovala,8.25,77.51666667,Aralvaimozhi,"Dug Well",W02185,2014,6.1,6.05,'0,5.6
TN,Kanniyakumari,Thovala,Thovala,8.25833333,77.45277778,Boothapandy,"Dug Well",W02186,2014,3.93,4.9,'0,4.5
TN,Kanniyakumari,Kalkulam,Thackalai,8.24861111,77.30833333,Thakkalai1,"Bore Well",W02180,2013,7.8,7.67,7.86,'0
TN,Kanniyakumari,Vilavancode,Vilavancode,8.31666667,77.20833333,Marthandom1,"Dug Well",W30852,2013,'0,9.12,'0,'0
TN,Kanniyakumari,Vilavancode,Vilavancode,8.31666667,77.20833333,Marthandam,"Bore Well",W02190,2013,'0,17.24,'0,'0
TN,Kanniyakumari,Kalkulam,Kalkulam,8.29166667,77.275,Kattudurai,"Dug Well",W02182,2013,6,7.91,'0,19
TN,Kanniyakumari,Kalkulam,Kalkulam,8.325,77.25833333,Attur1,"Dug Well",W02181,2013,7.95,7.15,7.6,8.35
TN,Kanniyakumari,Kalkulam,Kalkulam,8.33333333,77.26777778,Thiruvattar,"Bore Well",W02184,2013,7.93,7.82,7.08,'0
TN,Kanniyakumari,Kalkulam,Kalkulam,8.375,77.29583333,Kulasekharan,"Dug Well",W02183,2013,5.95,7.51,'0,11.75
TN,Kanniyakumari,Agastheeswaram,Rajakkamangalam,8.13194444,77.36666667,Rajakamangalam,"Bore Well",W02175,2013,'0,2.09,2.96,'0
TN,Kanniyakumari,Agastheeswaram,Agastheeswaram,8.10833333,77.54583333,Kundal(East),"Tube Well",W02169,2013,'0,13.41,'0,'0
TN,Kanniyakumari,Agastheeswaram,Agastheeswaram,8.08333333,77.55,Kanyakumari-1,"Dug Well",W02166,2013,9.75,'0,9.84,11.15
TN,Kanniyakumari,Agastheeswaram,Agastheeswaram,8.08888889,77.55,Kanyakumari-2,"Bore Well",W02167,2013,'0,11.8,'0,'0
TN,Kanniyakumari,Agastheeswaram,Agastheeswaram,8.10555556,77.54583333,Kundal(West),"Tube Well",W02170,2013,'0,10.05,'0,'0
TN,Kanniyakumari,Agastheeswaram,Agastheeswaram,8.125,77.525,Kottaram,"Dug Well",W02168,2013,'0,'0,'0,.86
TN,Kanniyakumari,Kalkulam,Kalkulam,8.17777778,77.2625,Kolachal,"Dug Well",W02177,2013,11.38,12.05,11.9,12.33
TN,Kanniyakumari,Kalkulam,Kalkulam,8.19583333,77.3,Chettiarmadam,"Dug Well",W02176,2013,2.6,11.1,'0,15.3
TN,Kanniyakumari,Agastheeswaram,Agastheeswaram,8.16666667,77.45,Nagarkoil-1,"Dug Well",W02171,2013,'0,3.06,2.96,3.85
TN,Kanniyakumari,Kalkulam,Kalkulam,8.225,77.35833333,Villukuri,"Dug Well",W02178,2013,7.45,9.45,6.64,12.65
TN,Kanniyakumari,Vilavancode,Vilavancode,8.23472222,77.23472222,Karungal1,"Bore Well",W02188,2013,'0,3.65,'0,'0
TN,Kanniyakumari,Vilavancode,Vilavancode,8.22222222,77.25833333,Vellaivilai,"Dug Well",W02189,2013,'0,14.42,'0,'0
TN,Kanniyakumari,Thovala,Thovala,8.25,77.51666667,Aralvaimozhi,"Dug Well",W02185,2013,6.8,5.4,7.7,6.7
TN,Kanniyakumari,Kalkulam,Thackalai,8.24166667,77.325,Takkalai,"Dug Well",W02179,2013,6.1,6.87,5.95,8.6
TN,Kanniyakumari,Thovala,Thovala,8.25833333,77.45277778,Boothapandy,"Dug Well",W02186,2013,4.3,4.21,4.3,4.5
TN,Kanniyakumari,Kalkulam,Thackalai,8.24861111,77.30833333,Thakkalai1,"Bore Well",W02180,2012,'0,8.62,8.15,7.7
TN,Kanniyakumari,Vilavancode,Vilavancode,8.31666667,77.20833333,Marthandom1,"Dug Well",W30852,2012,'0,'0,18.27,'0
TN,Kanniyakumari,Vilavancode,Vilavancode,8.31666667,77.20833333,Marthandam,"Bore Well",W02190,2012,'0,15.37,18.57,16.65
TN,Kanniyakumari,Kalkulam,Kalkulam,8.29166667,77.275,Kattudurai,"Dug Well",W02182,2012,'0,7.67,10.3,11
TN,Kanniyakumari,Kalkulam,Kalkulam,8.325,77.25833333,Attur1,"Dug Well",W02181,2012,'0,9.55,9.35,10.39
TN,Kanniyakumari,Kalkulam,Kalkulam,8.33333333,77.26777778,Thiruvattar,"Bore Well",W02184,2012,'0,8.93,9.1,8.72
TN,Kanniyakumari,Kalkulam,Kalkulam,8.375,77.29583333,Kulasekharan,"Dug Well",W02183,2012,'0,5.58,6.94,10.4
TN,Kanniyakumari,Agastheeswaram,Rajakkamangalam,8.13194444,77.36666667,Rajakamangalam,"Bore Well",W02175,2012,'0,1.52,2.76,3.75
TN,Kanniyakumari,Agastheeswaram,Agastheeswaram,8.10833333,77.54583333,Kundal(East),"Tube Well",W02169,2012,'0,1.26,'0,7.55
TN,Kanniyakumari,Agastheeswaram,Agastheeswaram,8.08888889,77.55,Kanyakumari-2,"Bore Well",W02167,2012,'0,10.17,11.4,6.95
TN,Kanniyakumari,Agastheeswaram,Agastheeswaram,8.10555556,77.54583333,Kundal(West),"Tube Well",W02170,2012,'0,2.23,10.82,9.1
TN,Kanniyakumari,Kalkulam,Kalkulam,8.17777778,77.2625,Kolachal,"Dug Well",W02177,2012,'0,12.13,12.01,12.33
TN,Kanniyakumari,Kalkulam,Kalkulam,8.19583333,77.3,Chettiarmadam,"Dug Well",W02176,2012,'0,5.55,12.96,11.8
TN,Kanniyakumari,Agastheeswaram,Agastheeswaram,8.16666667,77.45,Nagarkoil-1,"Dug Well",W02171,2012,'0,1.15,2.45,2.96
TN,Kanniyakumari,Kalkulam,Kalkulam,8.225,77.35833333,Villukuri,"Dug Well",W02178,2012,'0,4.51,6.4,8.85
TN,Kanniyakumari,Vilavancode,Vilavancode,8.23472222,77.23472222,Karungal1,"Bore Well",W02188,2012,'0,7.97,13.11,13
TN,Kanniyakumari,Vilavancode,Vilavancode,8.22222222,77.25833333,Vellaivilai,"Dug Well",W02189,2012,'0,10.3,14.1,15.4
TN,Kanniyakumari,Thovala,Thovala,8.25,77.51666667,Aralvaimozhi,"Dug Well",W02185,2012,'0,5.28,5.08,6.1
TN,Kanniyakumari,Kalkulam,Thackalai,8.24166667,77.325,Takkalai,"Dug Well",W02179,2012,'0,4.33,6.48,7.45
TN,Kanniyakumari,Thovala,Thovala,8.25833333,77.45277778,Boothapandy,"Dug Well",W02186,2012,'0,4.44,4.4,4.63
TN,Kanniyakumari,Kalkulam,Thackalai,8.24861111,77.30833333,Thakkalai1,"Bore Well",W02180,2011,'0,7.86,6.89,7.8
TN,Kanniyakumari,Kalkulam,Thackalai,8.24166667,77.325,Takkalai,"Dug Well",W02179,2011,5.88,1.6,4.1,5.4
TN,Kanniyakumari,Vilavancode,Vilavancode,8.31666667,77.20833333,Marthandam,"Bore Well",W02190,2011,15.25,10.3,15.13,14.25
TN,Kanniyakumari,Kalkulam,Kalkulam,8.29166667,77.275,Kattudurai,"Dug Well",W02182,2011,10.28,4.8,14.48,9.9
TN,Kanniyakumari,Kalkulam,Kalkulam,8.325,77.25833333,Attur1,"Dug Well",W02181,2011,7.47,6.15,8.53,8.15
TN,Kanniyakumari,Kalkulam,Kalkulam,8.33333333,77.26777778,Thiruvattar,"Bore Well",W02184,2011,8.05,7.8,'0,6.65
TN,Kanniyakumari,Kalkulam,Kalkulam,8.375,77.29583333,Kulasekharan,"Dug Well",W02183,2011,7,5.8,8.7,7.5
TN,Kanniyakumari,Agastheeswaram,Rajakkamangalam,8.13194444,77.36666667,Rajakamangalam,"Bore Well",W02175,2011,3.78,1.74,2.22,3.4
TN,Kanniyakumari,Agastheeswaram,Agastheeswaram,8.10833333,77.54583333,Kundal(East),"Tube Well",W02169,2011,6.34,2.85,8.02,8.75
TN,Kanniyakumari,Agastheeswaram,Agastheeswaram,8.08888889,77.55,Kanyakumari-2,"Bore Well",W02167,2011,12.6,11.9,'0,11.8
TN,Kanniyakumari,Agastheeswaram,Agastheeswaram,8.10555556,77.54583333,Kundal(West),"Tube Well",W02170,2011,10.69,3.95,2.85,9.75
TN,Kanniyakumari,Kalkulam,Kalkulam,8.17777778,77.2625,Kolachal,"Dug Well",W02177,2011,12.23,10.58,10.68,12.23
TN,Kanniyakumari,Kalkulam,Kalkulam,8.19583333,77.3,Chettiarmadam,"Dug Well",W02176,2011,4.88,8.6,9.1,12.2
TN,Kanniyakumari,Agastheeswaram,Agastheeswaram,8.16666667,77.45,Nagarkoil-1,"Dug Well",W02171,2011,2.68,.96,1.53,2.01
TN,Kanniyakumari,Kalkulam,Kalkulam,8.225,77.35833333,Villukuri,"Dug Well",W02178,2011,7.48,2.8,3.87,7.35
TN,Kanniyakumari,Vilavancode,Vilavancode,8.23472222,77.23472222,Karungal1,"Bore Well",W02188,2011,12.16,10.03,11.8,11.69
TN,Kanniyakumari,Vilavancode,Vilavancode,8.22222222,77.25833333,Vellaivilai,"Dug Well",W02189,2011,11.95,7.95,12.4,11
TN,Kanniyakumari,Thovala,Thovala,8.25,77.51666667,Aralvaimozhi,"Dug Well",W02185,2011,9.24,4.5,4.1,10.85
TN,Kanniyakumari,Thovala,Thovala,8.25833333,77.45277778,Boothapandy,"Dug Well",W02186,2011,4.42,4.5,5.55,4.6
TN,Kanniyakumari,Kalkulam,Thackalai,8.24861111,77.30833333,Thakkalai1,"Bore Well",W02180,2010,'0,8.38,8.07,7.76
TN,Kanniyakumari,Thovala,Thovala,8.25833333,77.45277778,Boothapandy,"Dug Well",W02186,2010,4.26,4.15,5.2,4.29
TN,Kanniyakumari,Vilavancode,Vilavancode,8.31666667,77.20833333,Marthandam,"Bore Well",W02190,2010,16.7,15,13.89,8.46
TN,Kanniyakumari,Kalkulam,Kalkulam,8.29166667,77.275,Kattudurai,"Dug Well",W02182,2010,9.4,6.2,5.02,13.21
TN,Kanniyakumari,Kalkulam,Kalkulam,8.325,77.25833333,Attur1,"Dug Well",W02181,2010,9.04,8.4,7.89,9.82
TN,Kanniyakumari,Kalkulam,Kalkulam,8.33333333,77.26777778,Thiruvattar,"Bore Well",W02184,2010,7.26,8.21,7.33,8
TN,Kanniyakumari,Kalkulam,Kalkulam,8.375,77.29583333,Kulasekharan,"Dug Well",W02183,2010,4.9,7.75,5.39,15.76
TN,Kanniyakumari,Agastheeswaram,Rajakkamangalam,8.13194444,77.36666667,Rajakamangalam,"Bore Well",W02175,2010,3.55,2.44,2.8,3.46
TN,Kanniyakumari,Agastheeswaram,Agastheeswaram,8.10833333,77.54583333,Kundal(East),"Tube Well",W02169,2010,9.35,'0,9.25,9.55
TN,Kanniyakumari,Agastheeswaram,Agastheeswaram,8.08333333,77.55,Kanyakumari-1,"Dug Well",W02166,2010,13.75,'0,12.94,12.71
TN,Kanniyakumari,Agastheeswaram,Agastheeswaram,8.08888889,77.55,Kanyakumari-2,"Bore Well",W02167,2010,15.15,14.09,15.8,13.24
TN,Kanniyakumari,Agastheeswaram,Agastheeswaram,8.10555556,77.54583333,Kundal(West),"Tube Well",W02170,2010,8.95,'0,7.55,8.17
TN,Kanniyakumari,Kalkulam,Kalkulam,8.17777778,77.2625,Kolachal,"Dug Well",W02177,2010,12.02,11.88,11.39,12.46
TN,Kanniyakumari,Kalkulam,Kalkulam,8.19583333,77.3,Chettiarmadam,"Dug Well",W02176,2010,6.7,9.1,7.81,12.43
TN,Kanniyakumari,Agastheeswaram,Agastheeswaram,8.16666667,77.45,Nagarkoil-1,"Dug Well",W02171,2010,2.81,1.66,1.73,2.7
TN,Kanniyakumari,Kalkulam,Kalkulam,8.225,77.35833333,Villukuri,"Dug Well",W02178,2010,3.4,8.6,3.36,3.76
TN,Kanniyakumari,Vilavancode,Vilavancode,8.23472222,77.23472222,Karungal1,"Bore Well",W02188,2010,13.15,12.28,12.13,13.28
TN,Kanniyakumari,Vilavancode,Vilavancode,8.22222222,77.25833333,Vellaivilai,"Dug Well",W02189,2010,12.87,12.75,11.39,13.95
TN,Kanniyakumari,Thovala,Thovala,8.25,77.51666667,Aralvaimozhi,"Dug Well",W02185,2010,13.95,8.65,6.65,5.06
TN,Kanniyakumari,Kalkulam,Thackalai,8.24166667,77.325,Takkalai,"Dug Well",W02179,2010,5.71,4.85,3.79,6.39
TN,Kanniyakumari,Thovala,Thovala,8.25,77.51666667,Aralvaimozhi,"Dug Well",W02185,2009,6.14,5.3,6.25,5.85
TN,Kanniyakumari,Kalkulam,Kalkulam,8.33333333,77.26777778,Thiruvattar,"Bore Well",W02184,2009,10.27,8.55,9.7,9.48
TN,Kanniyakumari,Kalkulam,Kalkulam,8.17777778,77.2625,Kolachal,"Dug Well",W02177,2009,12.23,11.78,11.93,11.98
TN,Kanniyakumari,Kalkulam,Kalkulam,8.19583333,77.3,Chettiarmadam,"Dug Well",W02176,2009,7.58,7.3,7.3,13.04
TN,Kanniyakumari,Agastheeswaram,Agastheeswaram,8.16666667,77.45,Nagarkoil-1,"Dug Well",W02171,2009,5.26,1.31,1.96,1.66
TN,Kanniyakumari,Kalkulam,Kalkulam,8.225,77.35833333,Villukuri,"Dug Well",W02178,2009,9.84,5.2,6.45,7.8
TN,Kanniyakumari,Vilavancode,Vilavancode,8.23472222,77.23472222,Karungal1,"Bore Well",W02188,2009,12.24,11.1,12.45,12.4
TN,Kanniyakumari,Vilavancode,Vilavancode,8.22222222,77.25833333,Vellaivilai,"Dug Well",W02189,2009,13.29,11.3,12.9,12.8
TN,Kanniyakumari,Kalkulam,Kalkulam,8.375,77.29583333,Kulasekharan,"Dug Well",W02183,2009,7.86,6.65,8,16.7
TN,Kanniyakumari,Agastheeswaram,Rajakkamangalam,8.13194444,77.36666667,Rajakamangalam,"Bore Well",W02175,2009,3.6,3.05,3.4,3.8
TN,Kanniyakumari,Agastheeswaram,Agastheeswaram,8.10833333,77.54583333,Kundal(East),"Tube Well",W02169,2009,6.58,3.55,8.37,8.6
TN,Kanniyakumari,Agastheeswaram,Agastheeswaram,8.08333333,77.55,Kanyakumari-1,"Dug Well",W02166,2009,13.75,'0,13,12.9
TN,Kanniyakumari,Agastheeswaram,Agastheeswaram,8.08888889,77.55,Kanyakumari-2,"Bore Well",W02167,2009,14.5,'0,15.4,14.5
TN,Kanniyakumari,Agastheeswaram,Agastheeswaram,8.10555556,77.54583333,Kundal(West),"Tube Well",W02170,2009,8.98,5.3,7.48,12.95
TN,Kanniyakumari,Kalkulam,Thackalai,8.24861111,77.30833333,Thakkalai1,"Bore Well",W02180,2009,9.87,8.6,7.9,8.47
TN,Kanniyakumari,Thovala,Thovala,8.25833333,77.45277778,Boothapandy,"Dug Well",W02186,2009,5.4,5.25,4.1,5.36
TN,Kanniyakumari,Vilavancode,Vilavancode,8.31666667,77.20833333,Marthandam,"Bore Well",W02190,2009,15,12.1,9.6,14.8
TN,Kanniyakumari,Kalkulam,Kalkulam,8.29166667,77.275,Kattudurai,"Dug Well",W02182,2009,7.51,5.25,6.95,12.1
TN,Kanniyakumari,Kalkulam,Kalkulam,8.325,77.25833333,Attur1,"Dug Well",W02181,2009,7.85,8.25,8.75,10.05
TN,Kanniyakumari,Kalkulam,Thackalai,8.24166667,77.325,Takkalai,"Dug Well",W02179,2009,5.06,2.9,5.57,5.05
TN,Kanniyakumari,Thovala,Thovala,8.25,77.51666667,Aralvaimozhi,"Dug Well",W02185,2008,7.25,4.5,4.4,5.5
TN,Kanniyakumari,Kalkulam,Kalkulam,8.33333333,77.26777778,Thiruvattar,"Bore Well",W02184,2008,9.31,5,7.6,8.9
TN,Kanniyakumari,Kalkulam,Kalkulam,8.17777778,77.2625,Kolachal,"Dug Well",W02177,2008,12.03,11.58,10.73,12.48
TN,Kanniyakumari,Kalkulam,Kalkulam,8.19583333,77.3,Chettiarmadam,"Dug Well",W02176,2008,7.4,7.6,7.7,12.2
TN,Kanniyakumari,Agastheeswaram,Agastheeswaram,8.16666667,77.45,Nagarkoil-1,"Dug Well",W02171,2008,2.16,1.51,.8,1.61
TN,Kanniyakumari,Kalkulam,Kalkulam,8.225,77.35833333,Villukuri,"Dug Well",W02178,2008,9.95,8.65,3.14,10.2
TN,Kanniyakumari,Vilavancode,Vilavancode,8.23472222,77.23472222,Karungal1,"Bore Well",W02188,2008,13.03,11.52,11,12.7
TN,Kanniyakumari,Vilavancode,Vilavancode,8.22222222,77.25833333,Vellaivilai,"Dug Well",W02189,2008,13.82,12.7,11.33,14.1
TN,Kanniyakumari,Kalkulam,Kalkulam,8.375,77.29583333,Kulasekharan,"Dug Well",W02183,2008,9.2,6.8,5.65,8.9
TN,Kanniyakumari,Agastheeswaram,Rajakkamangalam,8.13194444,77.36666667,Rajakamangalam,"Bore Well",W02175,2008,3.9,2.8,2.37,3.3
TN,Kanniyakumari,Agastheeswaram,Agastheeswaram,8.10833333,77.54583333,Kundal(East),"Tube Well",W02169,2008,18.05,9.25,'0,7.65
TN,Kanniyakumari,Agastheeswaram,Agastheeswaram,8.08333333,77.55,Kanyakumari-1,"Dug Well",W02166,2008,14.85,16.8,'0,16.4
TN,Kanniyakumari,Agastheeswaram,Agastheeswaram,8.08888889,77.55,Kanyakumari-2,"Bore Well",W02167,2008,'0,'0,'0,16
TN,Kanniyakumari,Agastheeswaram,Agastheeswaram,8.10555556,77.54583333,Kundal(West),"Tube Well",W02170,2008,7.55,7.37,'0,6.55
TN,Kanniyakumari,Kalkulam,Thackalai,8.24861111,77.30833333,Thakkalai1,"Bore Well",W02180,2008,8.93,9.27,'0,9.02
TN,Kanniyakumari,Thovala,Thovala,8.25833333,77.45277778,Boothapandy,"Dug Well",W02186,2008,5.3,4.8,3,5.55
TN,Kanniyakumari,Vilavancode,Vilavancode,8.31666667,77.20833333,Marthandam,"Bore Well",W02190,2008,22.15,12.9,11.55,12.15
TN,Kanniyakumari,Kalkulam,Kalkulam,8.29166667,77.275,Kattudurai,"Dug Well",W02182,2008,8.6,6,3.38,7.95
TN,Kanniyakumari,Kalkulam,Kalkulam,8.325,77.25833333,Attur1,"Dug Well",W02181,2008,9.3,8.5,6.95,9.75
TN,Kanniyakumari,Kalkulam,Thackalai,8.24166667,77.325,Takkalai,"Dug Well",W02179,2008,4.5,3.42,2.07,4.05
TN,Kanniyakumari,Thovala,Thovala,8.25,77.51666667,Aralvaimozhi,"Dug Well",W02185,2007,5.81,6.26,4.65,6.46
TN,Kanniyakumari,Kalkulam,Kalkulam,8.33333333,77.26777778,Thiruvattar,"Bore Well",W02184,2007,6.09,9.01,4.42,9.2
TN,Kanniyakumari,Kalkulam,Kalkulam,8.17777778,77.2625,Kolachal,"Dug Well",W02177,2007,11.57,11.8,10.31,8.08
TN,Kanniyakumari,Kalkulam,Kalkulam,8.19583333,77.3,Chettiarmadam,"Dug Well",W02176,2007,7.25,6.32,6.8,11.9
TN,Kanniyakumari,Agastheeswaram,Agastheeswaram,8.16666667,77.45,Nagarkoil-1,"Dug Well",W02171,2007,1.77,1.56,1.16,1.96
TN,Kanniyakumari,Kalkulam,Kalkulam,8.225,77.35833333,Villukuri,"Dug Well",W02178,2007,8.3,9.04,3.2,17.2
TN,Kanniyakumari,Vilavancode,Vilavancode,8.23472222,77.23472222,Karungal1,"Bore Well",W02188,2007,12.06,11.32,10.98,9.27
TN,Kanniyakumari,Vilavancode,Vilavancode,8.22222222,77.25833333,Vellaivilai,"Dug Well",W02189,2007,16.35,14.57,13.3,16.7
TN,Kanniyakumari,Kalkulam,Kalkulam,8.375,77.29583333,Kulasekharan,"Dug Well",W02183,2007,'0,5.7,4.67,16.12
TN,Kanniyakumari,Agastheeswaram,Rajakkamangalam,8.13194444,77.36666667,Rajakamangalam,"Bore Well",W02175,2007,3.02,2.47,.25,3.4
TN,Kanniyakumari,Agastheeswaram,Agastheeswaram,8.10833333,77.54583333,Kundal(East),"Tube Well",W02169,2007,5.82,8.18,6.28,11.55
TN,Kanniyakumari,Agastheeswaram,Agastheeswaram,8.08333333,77.55,Kanyakumari-1,"Dug Well",W02166,2007,15.8,13.7,16.31,13.31
TN,Kanniyakumari,Agastheeswaram,Agastheeswaram,8.08888889,77.55,Kanyakumari-2,"Bore Well",W02167,2007,'0,'0,'0,7.1
TN,Kanniyakumari,Agastheeswaram,Agastheeswaram,8.10555556,77.54583333,Kundal(West),"Tube Well",W02170,2007,18.95,7.75,6.5,9.33
TN,Kanniyakumari,Kalkulam,Thackalai,8.24861111,77.30833333,Thakkalai1,"Bore Well",W02180,2007,8.78,9.01,8.93,'0
TN,Kanniyakumari,Thovala,Thovala,8.25833333,77.45277778,Boothapandy,"Dug Well",W02186,2007,4.32,4.32,3.8,4.4
TN,Kanniyakumari,Vilavancode,Vilavancode,8.31666667,77.20833333,Marthandam,"Bore Well",W02190,2007,16.42,9.64,12.83,17.6
TN,Kanniyakumari,Kalkulam,Kalkulam,8.29166667,77.275,Kattudurai,"Dug Well",W02182,2007,4.83,5.8,3.14,12
TN,Kanniyakumari,Kalkulam,Kalkulam,8.325,77.25833333,Attur1,"Dug Well",W02181,2007,9.54,9.3,6.75,10.78
TN,Kanniyakumari,Kalkulam,Thackalai,8.24166667,77.325,Takkalai,"Dug Well",W02179,2007,3.93,3.47,1.83,4.92
TN,Kanniyakumari,Thovala,Thovala,8.25,77.51666667,Aralvaimozhi,"Dug Well",W02185,2006,7.94,6.05,5.92,7.4
TN,Kanniyakumari,Kalkulam,Kalkulam,8.375,77.29583333,Kulasekharan,"Dug Well",W02183,2006,6.64,6,4.48,8.26
TN,Kanniyakumari,Kalkulam,Kalkulam,8.19583333,77.3,Chettiarmadam,"Dug Well",W02176,2006,8.13,4.7,5.05,15.45
TN,Kanniyakumari,Agastheeswaram,Agastheeswaram,8.16666667,77.45,Nagarkoil-1,"Dug Well",W02171,2006,2.06,1.96,1.24,2.66
TN,Kanniyakumari,Kalkulam,Kalkulam,8.225,77.35833333,Villukuri,"Dug Well",W02178,2006,8.84,7.2,2.93,5.82
TN,Kanniyakumari,Vilavancode,Vilavancode,8.23472222,77.23472222,Karungal1,"Bore Well",W02188,2006,'0,13.8,12.69,12.85
TN,Kanniyakumari,Vilavancode,Vilavancode,8.22222222,77.25833333,Vellaivilai,"Dug Well",W02189,2006,15.74,15.1,14.1,17.15
TN,Kanniyakumari,Agastheeswaram,Rajakkamangalam,8.13194444,77.36666667,Rajakamangalam,"Bore Well",W02175,2006,3.2,3.1,2.07,5.27
TN,Kanniyakumari,Agastheeswaram,Agastheeswaram,8.10833333,77.54583333,Kundal(East),"Tube Well",W02169,2006,12.75,8.3,4.41,12.7
TN,Kanniyakumari,Agastheeswaram,Agastheeswaram,8.08333333,77.55,Kanyakumari-1,"Dug Well",W02166,2006,20.1,16.5,17.62,20.06
TN,Kanniyakumari,Agastheeswaram,Agastheeswaram,8.08888889,77.55,Kanyakumari-2,"Bore Well",W02167,2006,13.19,'0,'0,'0
TN,Kanniyakumari,Agastheeswaram,Agastheeswaram,8.10555556,77.54583333,Kundal(West),"Tube Well",W02170,2006,9.38,7.25,5.05,13.55
TN,Kanniyakumari,Kalkulam,Kalkulam,8.17777778,77.2625,Kolachal,"Dug Well",W02177,2006,11.93,11.48,10.35,12.71
TN,Kanniyakumari,Kalkulam,Thackalai,8.24861111,77.30833333,Thakkalai1,"Bore Well",W02180,2006,9.2,9.5,9.1,5.3
TN,Kanniyakumari,Thovala,Thovala,8.25833333,77.45277778,Boothapandy,"Dug Well",W02186,2006,4.7,4.2,3.5,4.67
TN,Kanniyakumari,Vilavancode,Vilavancode,8.31666667,77.20833333,Marthandam,"Bore Well",W02190,2006,17.02,15.4,16.17,16.7
TN,Kanniyakumari,Kalkulam,Kalkulam,8.29166667,77.275,Kattudurai,"Dug Well",W02182,2006,6.24,5.2,3.2,13.16
TN,Kanniyakumari,Kalkulam,Kalkulam,8.325,77.25833333,Attur1,"Dug Well",W02181,2006,10.85,9.65,9.71,10.95
TN,Kanniyakumari,Kalkulam,Kalkulam,8.33333333,77.26777778,Thiruvattar,"Bore Well",W02184,2006,10.18,6.02,7.12,9.95
TN,Kanniyakumari,Kalkulam,Thackalai,8.24166667,77.325,Takkalai,"Dug Well",W02179,2006,5.1,4.4,1.4,5.88
TN,Kanniyakumari,Kalkulam,Thackalai,8.24166667,77.325,Takkalai,"Dug Well",W02179,2005,7.05,7.7,5.2,7.74
TN,Kanniyakumari,Kalkulam,Kalkulam,8.375,77.29583333,Kulasekharan,"Dug Well",W02183,2005,6.1,6.88,5.7,7.98
TN,Kanniyakumari,Agastheeswaram,Agastheeswaram,8.16666667,77.45,Nagarkoil-1,"Dug Well",W02171,2005,2.76,2.96,1.96,2.86
TN,Kanniyakumari,Kalkulam,Kalkulam,8.225,77.35833333,Villukuri,"Dug Well",W02178,2005,10.1,8.8,2.35,14.3
TN,Kanniyakumari,Vilavancode,Vilavancode,8.23472222,77.23472222,Karungal1,"Bore Well",W02188,2005,15.18,5.53,15.6,16.14
TN,Kanniyakumari,Vilavancode,Vilavancode,8.22222222,77.25833333,Vellaivilai,"Dug Well",W02189,2005,16.4,4.8,15.7,19.2
TN,Kanniyakumari,Thovala,Thovala,8.25,77.51666667,Aralvaimozhi,"Dug Well",W02185,2005,8.65,8.41,8.1,8.1
TN,Kanniyakumari,Agastheeswaram,Rajakkamangalam,8.13194444,77.36666667,Rajakamangalam,"Bore Well",W02175,2005,4.8,'0,4.25,'0
TN,Kanniyakumari,Agastheeswaram,Agastheeswaram,8.10833333,77.54583333,Kundal(East),"Tube Well",W02169,2005,'0,10.35,8.85,23.3
TN,Kanniyakumari,Agastheeswaram,Agastheeswaram,8.08333333,77.55,Kanyakumari-1,"Dug Well",W02166,2005,21.9,21.2,21.85,15.4
TN,Kanniyakumari,Agastheeswaram,Agastheeswaram,8.08888889,77.55,Kanyakumari-2,"Bore Well",W02167,2005,'0,17.05,'0,'0
TN,Kanniyakumari,Agastheeswaram,Agastheeswaram,8.10555556,77.54583333,Kundal(West),"Tube Well",W02170,2005,'0,9.05,10.7,23.7
TN,Kanniyakumari,Agastheeswaram,Agastheeswaram,8.12222222,77.54583333,TestKundal(west),"Tube Well",W02173,2005,2,'0,'0,'0
TN,Kanniyakumari,Kalkulam,Kalkulam,8.17777778,77.2625,Kolachal,"Dug Well",W02177,2005,12.53,6.08,11.78,11.88
TN,Kanniyakumari,Kalkulam,Thackalai,8.24861111,77.30833333,Thakkalai1,"Bore Well",W02180,2005,'0,'0,9.6,9.65
TN,Kanniyakumari,Thovala,Thovala,8.25833333,77.45277778,Boothapandy,"Dug Well",W02186,2005,4.2,5.12,3.4,3.96
TN,Kanniyakumari,Vilavancode,Vilavancode,8.31666667,77.20833333,Marthandam,"Bore Well",W02190,2005,15.92,14.87,15.6,10.2
TN,Kanniyakumari,Kalkulam,Kalkulam,8.29166667,77.275,Kattudurai,"Dug Well",W02182,2005,5.9,5.27,4.25,7
TN,Kanniyakumari,Kalkulam,Kalkulam,8.325,77.25833333,Attur1,"Dug Well",W02181,2005,9.25,10.05,9.65,10.53
TN,Kanniyakumari,Kalkulam,Kalkulam,8.33333333,77.26777778,Thiruvattar,"Bore Well",W02184,2005,8.04,8.9,8.9,8.1
TN,Kanniyakumari,Kalkulam,Kalkulam,8.19583333,77.3,Chettiarmadam,"Dug Well",W02176,2005,4.6,3.4,5.9,12.05
TN,Kanniyakumari,Kalkulam,Thackalai,8.24166667,77.325,Takkalai,"Dug Well",W02179,2004,7.3,8.44,6.2,12.4
TN,Kanniyakumari,Kalkulam,Kalkulam,8.19583333,77.3,Chettiarmadam,"Dug Well",W02176,2004,3.03,10.07,2.7,15.4
TN,Kanniyakumari,Agastheeswaram,Agastheeswaram,8.16666667,77.45,Nagarkoil-1,"Dug Well",W02171,2004,3.66,'0,2.01,2.91
TN,Kanniyakumari,Agastheeswaram,Agastheeswaram,8.175,77.43333333,Nagarkoil-2,"Bore Well",W02172,2004,17.2,'0,'0,'0
TN,Kanniyakumari,Kalkulam,Kalkulam,8.225,77.35833333,Villukuri,"Dug Well",W02178,2004,6.66,11.85,5.9,11.85
TN,Kanniyakumari,Vilavancode,Vilavancode,8.23472222,77.23472222,Karungal1,"Bore Well",W02188,2004,17,18.71,15.94,17.65
TN,Kanniyakumari,Vilavancode,Vilavancode,8.22222222,77.25833333,Vellaivilai,"Dug Well",W02189,2004,17.55,18.4,11.5,39.1
TN,Kanniyakumari,Thovala,Thovala,8.25,77.51666667,Aralvaimozhi,"Dug Well",W02185,2004,9.65,9.5,8.52,8.9
TN,Kanniyakumari,Agastheeswaram,Rajakkamangalam,8.13194444,77.36666667,Rajakamangalam,"Bore Well",W02175,2004,3.12,5.4,2.76,3.8
TN,Kanniyakumari,Agastheeswaram,Agastheeswaram,8.08333333,77.55,Kanyakumari-1,"Dug Well",W02166,2004,21.85,'0,20.85,21.85
TN,Kanniyakumari,Agastheeswaram,Agastheeswaram,8.08888889,77.55,Kanyakumari-2,"Bore Well",W02167,2004,21.88,22.39,21.85,16.87
TN,Kanniyakumari,Agastheeswaram,Agastheeswaram,8.125,77.525,Kottaram,"Dug Well",W02168,2004,'0,1.89,'0,7.24
TN,Kanniyakumari,Kalkulam,Kalkulam,8.17777778,77.2625,Kolachal,"Dug Well",W02177,2004,11.6,12.7,6.08,15.08
TN,Kanniyakumari,Kalkulam,Thackalai,8.24861111,77.30833333,Thakkalai1,"Bore Well",W02180,2004,9.77,'0,9.68,'0
TN,Kanniyakumari,Thovala,Thovala,8.25833333,77.45277778,Boothapandy,"Dug Well",W02186,2004,4.89,4.98,3.72,6.65
TN,Kanniyakumari,Vilavancode,Vilavancode,8.31666667,77.20833333,Marthandam,"Bore Well",W02190,2004,15.95,17.05,15.65,16.35
TN,Kanniyakumari,Kalkulam,Kalkulam,8.29166667,77.275,Kattudurai,"Dug Well",W02182,2004,5.57,9.15,5.2,12.35
TN,Kanniyakumari,Kalkulam,Kalkulam,8.325,77.25833333,Attur1,"Dug Well",W02181,2004,10.45,10.7,9.35,11.3
TN,Kanniyakumari,Kalkulam,Kalkulam,8.33333333,77.26777778,Thiruvattar,"Bore Well",W02184,2004,9.55,8.97,8.9,8.48
TN,Kanniyakumari,Kalkulam,Kalkulam,8.375,77.29583333,Kulasekharan,"Dug Well",W02183,2004,2.56,6.23,5.6,13.08
TN,Kanniyakumari,Kalkulam,Thackalai,8.24166667,77.325,Takkalai,"Dug Well",W02179,2003,8.22,6.07,7.9,7.92
TN,Kanniyakumari,Kalkulam,Kalkulam,8.375,77.29583333,Kulasekharan,"Dug Well",W02183,2003,11.97,6.82,6.8,13.18
TN,Kanniyakumari,Agastheeswaram,Agastheeswaram,8.16666667,77.45,Nagarkoil-1,"Dug Well",W02171,2003,3.54,'0,'0,3.37
TN,Kanniyakumari,Agastheeswaram,Agastheeswaram,8.175,77.43333333,Nagarkoil-2,"Bore Well",W02172,2003,'0,'0,16.7,'0
TN,Kanniyakumari,Kalkulam,Kalkulam,8.225,77.35833333,Villukuri,"Dug Well",W02178,2003,'0,8.48,7.85,'0
TN,Kanniyakumari,Vilavancode,Vilavancode,8.23472222,77.23472222,Karungal1,"Bore Well",W02188,2003,18.27,16.8,17.58,16.49
TN,Kanniyakumari,Vilavancode,Vilavancode,8.22222222,77.25833333,Vellaivilai,"Dug Well",W02189,2003,18.74,17.61,18.9,16.95
TN,Kanniyakumari,Thovala,Thovala,8.25,77.51666667,Aralvaimozhi,"Dug Well",W02185,2003,8.3,6.02,8.85,6.57
TN,Kanniyakumari,Agastheeswaram,Rajakkamangalam,8.13194444,77.36666667,Rajakamangalam,"Bore Well",W02175,2003,5.66,2.7,4.93,'0
TN,Kanniyakumari,Agastheeswaram,Agastheeswaram,8.10833333,77.54583333,Kundal(East),"Tube Well",W02169,2003,20.25,10.3,'0,25.22
TN,Kanniyakumari,Agastheeswaram,Agastheeswaram,8.08333333,77.55,Kanyakumari-1,"Dug Well",W02166,2003,22.9,20.62,'0,21.55
TN,Kanniyakumari,Agastheeswaram,Agastheeswaram,8.08888889,77.55,Kanyakumari-2,"Bore Well",W02167,2003,22.46,'0,22.56,'0
TN,Kanniyakumari,Agastheeswaram,Agastheeswaram,8.10555556,77.54583333,Kundal(West),"Tube Well",W02170,2003,16.75,11.31,'0,18.35
TN,Kanniyakumari,Agastheeswaram,Agastheeswaram,8.125,77.525,Kottaram,"Dug Well",W02168,2003,'0,2.06,2.04,4.09
TN,Kanniyakumari,Kalkulam,Kalkulam,8.17777778,77.2625,Kolachal,"Dug Well",W02177,2003,12.86,12.33,11.83,13.18
TN,Kanniyakumari,Thovala,Thovala,8.25833333,77.45277778,Boothapandy,"Dug Well",W02186,2003,4.75,5.08,4.5,5.19
TN,Kanniyakumari,Vilavancode,Vilavancode,8.31666667,77.20833333,Marthandam,"Bore Well",W02190,2003,16.52,15.5,16.94,16.39
TN,Kanniyakumari,Kalkulam,Kalkulam,8.29166667,77.275,Kattudurai,"Dug Well",W02182,2003,21,6.62,13.05,17.62
TN,Kanniyakumari,Kalkulam,Kalkulam,8.325,77.25833333,Attur1,"Dug Well",W02181,2003,4.08,9.85,10.25,10.96
TN,Kanniyakumari,Kalkulam,Kalkulam,8.33333333,77.26777778,Thiruvattar,"Bore Well",W02184,2003,9.58,8.33,7.53,8.9
TN,Kanniyakumari,Kalkulam,Kalkulam,8.19583333,77.3,Chettiarmadam,"Dug Well",W02176,2003,13.59,5.91,15,12.57
TN,Kanniyakumari,Kalkulam,Thackalai,8.24166667,77.325,Takkalai,"Dug Well",W02179,2002,7.93,4.55,5.82,6.09
TN,Kanniyakumari,Kalkulam,Kalkulam,8.375,77.29583333,Kulasekharan,"Dug Well",W02183,2002,12.3,7.02,7.2,9.81
TN,Kanniyakumari,Agastheeswaram,Agastheeswaram,8.16666667,77.45,Nagarkoil-1,"Dug Well",W02171,2002,2.76,1.81,1.51,2.23
TN,Kanniyakumari,Kalkulam,Kalkulam,8.225,77.35833333,Villukuri,"Dug Well",W02178,2002,10.25,6.4,5.07,7.1
TN,Kanniyakumari,Vilavancode,Vilavancode,8.23472222,77.23472222,Karungal1,"Bore Well",W02188,2002,17.4,14.8,18.25,7.83
TN,Kanniyakumari,Vilavancode,Vilavancode,8.22222222,77.25833333,Vellaivilai,"Dug Well",W02189,2002,17.81,14.3,17.43,15.76
TN,Kanniyakumari,Vilavancode,Vilavancode,8.22916667,77.24444444,Karungal,"Dug Well",W02187,2002,'0,17.76,'0,18.87
TN,Kanniyakumari,Thovala,Thovala,8.25,77.51666667,Aralvaimozhi,"Dug Well",W02185,2002,'0,7.6,6.8,8.3
TN,Kanniyakumari,Agastheeswaram,Rajakkamangalam,8.13194444,77.36666667,Rajakamangalam,"Bore Well",W02175,2002,5.1,3.5,2.68,4.54
TN,Kanniyakumari,Agastheeswaram,Agastheeswaram,8.10833333,77.54583333,Kundal(East),"Tube Well",W02169,2002,13.45,14.45,12.6,10.44
TN,Kanniyakumari,Agastheeswaram,Agastheeswaram,8.08333333,77.55,Kanyakumari-1,"Dug Well",W02166,2002,21.9,'0,22.77,22.9
TN,Kanniyakumari,Agastheeswaram,Agastheeswaram,8.08888889,77.55,Kanyakumari-2,"Bore Well",W02167,2002,23.6,'0,23.75,'0
TN,Kanniyakumari,Agastheeswaram,Agastheeswaram,8.10555556,77.54583333,Kundal(West),"Tube Well",W02170,2002,8.3,23.05,15.1,12.82
TN,Kanniyakumari,Agastheeswaram,Agastheeswaram,8.125,77.525,Kottaram,"Dug Well",W02168,2002,5.23,1.54,1.98,4.73
TN,Kanniyakumari,Kalkulam,Kalkulam,8.17777778,77.2625,Kolachal,"Dug Well",W02177,2002,12.78,12.38,11.69,12.74
TN,Kanniyakumari,Thovala,Thovala,8.25833333,77.45277778,Boothapandy,"Dug Well",W02186,2002,4.65,4.8,3.7,4.45
TN,Kanniyakumari,Vilavancode,Vilavancode,8.31666667,77.20833333,Marthandam,"Bore Well",W02190,2002,17,14,16.1,15.46
TN,Kanniyakumari,Kalkulam,Kalkulam,8.29166667,77.275,Kattudurai,"Dug Well",W02182,2002,9.35,4.75,5.3,6.2
TN,Kanniyakumari,Kalkulam,Kalkulam,8.325,77.25833333,Attur1,"Dug Well",W02181,2002,9.5,8.95,9.5,9.81
TN,Kanniyakumari,Kalkulam,Kalkulam,8.33333333,77.26777778,Thiruvattar,"Bore Well",W02184,2002,7.89,7.4,8.1,11.25
TN,Kanniyakumari,Kalkulam,Kalkulam,8.19583333,77.3,Chettiarmadam,"Dug Well",W02176,2002,13.31,5.17,13.66,12.46
TN,Kanniyakumari,Kalkulam,Thackalai,8.24166667,77.325,Takkalai,"Dug Well",W02179,2001,7.39,'0,4,6.91
TN,Kanniyakumari,Kalkulam,Kalkulam,8.375,77.29583333,Kulasekharan,"Dug Well",W02183,2001,9.2,'0,5.1,13.13
TN,Kanniyakumari,Agastheeswaram,Agastheeswaram,8.16666667,77.45,Nagarkoil-1,"Dug Well",W02171,2001,2.56,'0,1.73,2.22
TN,Kanniyakumari,Kalkulam,Kalkulam,8.225,77.35833333,Villukuri,"Dug Well",W02178,2001,5.85,'0,4.02,9.51
TN,Kanniyakumari,Vilavancode,Vilavancode,8.23472222,77.23472222,Karungal1,"Bore Well",W02188,2001,17.2,'0,15.82,17.44
TN,Kanniyakumari,Vilavancode,Vilavancode,8.22222222,77.25833333,Vellaivilai,"Dug Well",W02189,2001,15.3,'0,13.55,15.89
TN,Kanniyakumari,Vilavancode,Vilavancode,8.22916667,77.24444444,Karungal,"Dug Well",W02187,2001,'0,'0,'0,'0
TN,Kanniyakumari,Thovala,Thovala,8.25,77.51666667,Aralvaimozhi,"Dug Well",W02185,2001,10.7,'0,5.2,9.15
TN,Kanniyakumari,Agastheeswaram,Rajakkamangalam,8.13194444,77.36666667,Rajakamangalam,"Bore Well",W02175,2001,4.6,'0,3.28,3.82
TN,Kanniyakumari,Agastheeswaram,Agastheeswaram,8.10833333,77.54583333,Kundal(East),"Tube Well",W02169,2001,11.45,'0,11.65,'0
TN,Kanniyakumari,Agastheeswaram,Agastheeswaram,8.08333333,77.55,Kanyakumari-1,"Dug Well",W02166,2001,'0,'0,'0,21.72
TN,Kanniyakumari,Agastheeswaram,Agastheeswaram,8.08888889,77.55,Kanyakumari-2,"Bore Well",W02167,2001,'0,'0,22.75,22.44
TN,Kanniyakumari,Agastheeswaram,Agastheeswaram,8.10555556,77.54583333,Kundal(West),"Tube Well",W02170,2001,10.85,'0,10.44,12.58
TN,Kanniyakumari,Agastheeswaram,Agastheeswaram,8.125,77.525,Kottaram,"Dug Well",W02168,2001,2,'0,.44,3.81
TN,Kanniyakumari,Kalkulam,Kalkulam,8.17777778,77.2625,Kolachal,"Dug Well",W02177,2001,12.92,'0,11.28,12.61
TN,Kanniyakumari,Thovala,Thovala,8.25833333,77.45277778,Boothapandy,"Dug Well",W02186,2001,4.7,'0,4.4,4.61
TN,Kanniyakumari,Vilavancode,Vilavancode,8.31666667,77.20833333,Marthandam,"Bore Well",W02190,2001,15.95,'0,14.19,15.86
TN,Kanniyakumari,Kalkulam,Kalkulam,8.29166667,77.275,Kattudurai,"Dug Well",W02182,2001,4.5,'0,6.4,12.68
TN,Kanniyakumari,Kalkulam,Kalkulam,8.325,77.25833333,Attur1,"Dug Well",W02181,2001,10.18,5.02,8.05,12.11
TN,Kanniyakumari,Kalkulam,Kalkulam,8.33333333,77.26777778,Thiruvattar,"Bore Well",W02184,2001,9.4,'0,8.16,8.57
TN,Kanniyakumari,Kalkulam,Kalkulam,8.19583333,77.3,Chettiarmadam,"Dug Well",W02176,2001,9.51,'0,'0,12.64
TN,Kanniyakumari,Kalkulam,Thackalai,8.24166667,77.325,Takkalai,"Dug Well",W02179,2000,6.29,5.17,7.97,7.09
TN,Kanniyakumari,Kalkulam,Kalkulam,8.375,77.29583333,Kulasekharan,"Dug Well",W02183,2000,14,10.3,10.85,17.61
TN,Kanniyakumari,Agastheeswaram,Agastheeswaram,8.16666667,77.45,Nagarkoil-1,"Dug Well",W02171,2000,1.82,1.76,2.02,2.79
TN,Kanniyakumari,Kalkulam,Kalkulam,8.225,77.35833333,Villukuri,"Dug Well",W02178,2000,5.46,9.15,6.65,10.18
TN,Kanniyakumari,Vilavancode,Vilavancode,8.23472222,77.23472222,Karungal1,"Bore Well",W02188,2000,16.58,16.8,15.14,16.63
TN,Kanniyakumari,Vilavancode,Vilavancode,8.22222222,77.25833333,Vellaivilai,"Dug Well",W02189,2000,14.45,12.81,13.54,15.58
TN,Kanniyakumari,Vilavancode,Vilavancode,8.22916667,77.24444444,Karungal,"Dug Well",W02187,2000,'0,17.62,'0,18.25
TN,Kanniyakumari,Thovala,Thovala,8.25,77.51666667,Aralvaimozhi,"Dug Well",W02185,2000,8.54,7.06,8.5,8.3
TN,Kanniyakumari,Agastheeswaram,Rajakkamangalam,8.13194444,77.36666667,Rajakamangalam,"Bore Well",W02175,2000,'0,4.5,17.27,4.67
TN,Kanniyakumari,Agastheeswaram,Agastheeswaram,8.10833333,77.54583333,Kundal(East),"Tube Well",W02169,2000,11.1,9.25,14.73,13.31
TN,Kanniyakumari,Agastheeswaram,Agastheeswaram,8.08333333,77.55,Kanyakumari-1,"Dug Well",W02166,2000,20.02,18.3,'0,18.8
TN,Kanniyakumari,Agastheeswaram,Agastheeswaram,8.08888889,77.55,Kanyakumari-2,"Bore Well",W02167,2000,15.98,22.9,'0,21.6
TN,Kanniyakumari,Agastheeswaram,Agastheeswaram,8.10555556,77.54583333,Kundal(West),"Tube Well",W02170,2000,11.92,7.95,9.39,11.95
TN,Kanniyakumari,Agastheeswaram,Agastheeswaram,8.125,77.525,Kottaram,"Dug Well",W02168,2000,1.77,1.03,1.59,3.11
TN,Kanniyakumari,Kalkulam,Kalkulam,8.17777778,77.2625,Kolachal,"Dug Well",W02177,2000,20.62,12.38,20.25,9.16
TN,Kanniyakumari,Kalkulam,Thackalai,8.24861111,77.30833333,Thakkalai1,"Bore Well",W02180,2000,'0,'0,'0,3.63
TN,Kanniyakumari,Thovala,Thovala,8.25833333,77.45277778,Boothapandy,"Dug Well",W02186,2000,3.8,4.85,4.3,4.87
TN,Kanniyakumari,Vilavancode,Vilavancode,8.31666667,77.20833333,Marthandam,"Bore Well",W02190,2000,'0,19,15.49,14.93
TN,Kanniyakumari,Kalkulam,Kalkulam,8.29166667,77.275,Kattudurai,"Dug Well",W02182,2000,12.95,7.98,14.16,13.2
TN,Kanniyakumari,Kalkulam,Kalkulam,8.325,77.25833333,Attur1,"Dug Well",W02181,2000,10.83,10.15,10.4,4.91
TN,Kanniyakumari,Kalkulam,Kalkulam,8.33333333,77.26777778,Thiruvattar,"Bore Well",W02184,2000,'0,10.4,9.06,9.8
TN,Kanniyakumari,Kalkulam,Kalkulam,8.19583333,77.3,Chettiarmadam,"Dug Well",W02176,2000,7.09,6.71,6.21,7.68
TN,Kanniyakumari,Kalkulam,Thackalai,8.24166667,77.325,Takkalai,"Dug Well",W02179,1999,5,8.8,4.35,4.92
TN,Kanniyakumari,Thovala,Thovala,8.25,77.51666667,Aralvaimozhi,"Dug Well",W02185,1999,7.2,1.8,4.55,6.82
TN,Kanniyakumari,Thovala,Thovala,8.25833333,77.45277778,Boothapandy,"Dug Well",W02186,1999,4.56,4.46,4.72,4.9
TN,Kanniyakumari,Vilavancode,Vilavancode,8.31666667,77.20833333,Marthandam,"Bore Well",W02190,1999,15,'0,'0,'0
TN,Kanniyakumari,Kalkulam,Kalkulam,8.29166667,77.275,Kattudurai,"Dug Well",W02182,1999,8.54,5.86,6.49,6.82
TN,Kanniyakumari,Kalkulam,Kalkulam,8.325,77.25833333,Attur1,"Dug Well",W02181,1999,10.52,7.45,10.65,9.8
TN,Kanniyakumari,Kalkulam,Kalkulam,8.33333333,77.26777778,Thiruvattar,"Bore Well",W02184,1999,22.5,'0,'0,'0
TN,Kanniyakumari,Kalkulam,Kalkulam,8.375,77.29583333,Kulasekharan,"Dug Well",W02183,1999,10.13,4.3,8.42,13.91
TN,Kanniyakumari,Agastheeswaram,Rajakkamangalam,8.13194444,77.36666667,Rajakamangalam,"Bore Well",W02175,1999,6.1,'0,'0,'0
TN,Kanniyakumari,Agastheeswaram,Agastheeswaram,8.10833333,77.54583333,Kundal(East),"Tube Well",W02169,1999,13.17,3.85,10.55,9.16
TN,Kanniyakumari,Agastheeswaram,Agastheeswaram,8.08333333,77.55,Kanyakumari-1,"Dug Well",W02166,1999,17.07,3.85,16.95,7.25
TN,Kanniyakumari,Agastheeswaram,Agastheeswaram,8.08888889,77.55,Kanyakumari-2,"Bore Well",W02167,1999,13,'0,'0,'0
TN,Kanniyakumari,Agastheeswaram,Agastheeswaram,8.10555556,77.54583333,Kundal(West),"Tube Well",W02170,1999,11.25,4.2,15.15,7.25
TN,Kanniyakumari,Agastheeswaram,Agastheeswaram,8.125,77.525,Kottaram,"Dug Well",W02168,1999,1.39,1.43,1.43,2.23
TN,Kanniyakumari,Kalkulam,Kalkulam,8.17777778,77.2625,Kolachal,"Dug Well",W02177,1999,'0,10.78,8,12.43
TN,Kanniyakumari,Kalkulam,Kalkulam,8.19583333,77.3,Chettiarmadam,"Dug Well",W02176,1999,5.53,6.36,6.73,12.81
TN,Kanniyakumari,Agastheeswaram,Agastheeswaram,8.16666667,77.45,Nagarkoil-1,"Dug Well",W02171,1999,1.82,.66,1.58,1.63
TN,Kanniyakumari,Agastheeswaram,Agastheeswaram,8.175,77.43333333,Nagarkoil-2,"Bore Well",W02172,1999,9.2,'0,'0,'0
TN,Kanniyakumari,Kalkulam,Kalkulam,8.225,77.35833333,Villukuri,"Dug Well",W02178,1999,7.46,5.3,1.41,4.97
TN,Kanniyakumari,Vilavancode,Vilavancode,8.22222222,77.25833333,Vellaivilai,"Dug Well",W02189,1999,'0,10.61,12.69,13.61
TN,Kanniyakumari,Vilavancode,Vilavancode,8.22916667,77.24444444,Karungal,"Dug Well",W02187,1999,'0,9.92,18.02,19.2
TN,Kanniyakumari,Kalkulam,Thackalai,8.24861111,77.30833333,Thakkalai1,"Bore Well",W02180,1999,10,'0,'0,'0
TN,Kanniyakumari,Kalkulam,Thackalai,8.24166667,77.325,Takkalai,"Dug Well",W02179,1998,10.1,7.18,2.4,8.48
TN,Kanniyakumari,Thovala,Thovala,8.25833333,77.45277778,Boothapandy,"Dug Well",W02186,1998,'0,5.16,3.01,4.95
TN,Kanniyakumari,Kalkulam,Kalkulam,8.29166667,77.275,Kattudurai,"Dug Well",W02182,1998,16.6,5.77,2.7,13.09
TN,Kanniyakumari,Kalkulam,Kalkulam,8.325,77.25833333,Attur1,"Dug Well",W02181,1998,11,9.63,6.35,10.85
TN,Kanniyakumari,Kalkulam,Kalkulam,8.375,77.29583333,Kulasekharan,"Dug Well",W02183,1998,16.7,6.63,3.5,15.93
TN,Kanniyakumari,Agastheeswaram,Agastheeswaram,8.10833333,77.54583333,Kundal(East),"Tube Well",W02169,1998,'0,10.28,'0,12.15
TN,Kanniyakumari,Agastheeswaram,Agastheeswaram,8.10555556,77.54583333,Kundal(West),"Tube Well",W02170,1998,'0,8.88,'0,12.32
TN,Kanniyakumari,Agastheeswaram,Agastheeswaram,8.125,77.525,Kottaram,"Dug Well",W02168,1998,2.11,1.11,1.13,2.64
TN,Kanniyakumari,Kalkulam,Kalkulam,8.17777778,77.2625,Kolachal,"Dug Well",W02177,1998,13.18,12.11,7.88,12.73
TN,Kanniyakumari,Kalkulam,Kalkulam,8.19583333,77.3,Chettiarmadam,"Dug Well",W02176,1998,4.26,6.88,5.01,10.52
TN,Kanniyakumari,Agastheeswaram,Agastheeswaram,8.16666667,77.45,Nagarkoil-1,"Dug Well",W02171,1998,2.66,1.79,.76,2.65
TN,Kanniyakumari,Kalkulam,Kalkulam,8.225,77.35833333,Villukuri,"Dug Well",W02178,1998,6.05,4.77,3.1,5.87
TN,Kanniyakumari,Vilavancode,Vilavancode,8.22222222,77.25833333,Vellaivilai,"Dug Well",W02189,1998,17.21,15.24,14.11,22.79
TN,Kanniyakumari,Vilavancode,Vilavancode,8.22916667,77.24444444,Karungal,"Dug Well",W02187,1998,23.12,22.05,22.02,'0
TN,Kanniyakumari,Thovala,Thovala,8.25,77.51666667,Aralvaimozhi,"Dug Well",W02185,1998,10.25,5.85,2.8,8.6
TN,Kanniyakumari,Kalkulam,Thackalai,8.24166667,77.325,Takkalai,"Dug Well",W02179,1997,10.21,8.05,5.83,9.42
TN,Kanniyakumari,Vilavancode,Vilavancode,8.22916667,77.24444444,Karungal,"Dug Well",W02187,1997,22.35,'0,19.27,'0
TN,Kanniyakumari,Vilavancode,Vilavancode,8.22222222,77.25833333,Vellaivilai,"Dug Well",W02189,1997,16.95,16.01,15.96,17.98
TN,Kanniyakumari,Kalkulam,Kalkulam,8.225,77.35833333,Villukuri,"Dug Well",W02178,1997,10.27,5.75,2.43,7.64
TN,Kanniyakumari,Agastheeswaram,Agastheeswaram,8.16666667,77.45,Nagarkoil-1,"Dug Well",W02171,1997,2.48,2.71,1.51,2.68
TN,Kanniyakumari,Kalkulam,Kalkulam,8.19583333,77.3,Chettiarmadam,"Dug Well",W02176,1997,12.81,6.95,7.76,12.53
TN,Kanniyakumari,Kalkulam,Kalkulam,8.17777778,77.2625,Kolachal,"Dug Well",W02177,1997,12.92,13.14,10.51,13.67
TN,Kanniyakumari,Agastheeswaram,Agastheeswaram,8.125,77.525,Kottaram,"Dug Well",W02168,1997,5.18,1.62,1.13,3.73
TN,Kanniyakumari,Agastheeswaram,Agastheeswaram,8.10555556,77.54583333,Kundal(West),"Tube Well",W02170,1997,20.02,'0,13.1,15.95
TN,Kanniyakumari,Agastheeswaram,Agastheeswaram,8.08333333,77.55,Kanyakumari-1,"Dug Well",W02166,1997,'0,19.17,'0,'0
TN,Kanniyakumari,Agastheeswaram,Agastheeswaram,8.10833333,77.54583333,Kundal(East),"Tube Well",W02169,1997,14.63,'0,7.11,13.15
TN,Kanniyakumari,Kalkulam,Kalkulam,8.375,77.29583333,Kulasekharan,"Dug Well",W02183,1997,13.48,7.16,4.68,4.72
TN,Kanniyakumari,Kalkulam,Kalkulam,8.325,77.25833333,Attur1,"Dug Well",W02181,1997,11.45,10.98,9.24,11.77
TN,Kanniyakumari,Kalkulam,Kalkulam,8.29166667,77.275,Kattudurai,"Dug Well",W02182,1997,22.15,7.73,3.45,21.37
TN,Kanniyakumari,Thovala,Thovala,8.25833333,77.45277778,Boothapandy,"Dug Well",W02186,1997,3.69,4.96,4.06,4.53
TN,Kanniyakumari,Thovala,Thovala,8.25,77.51666667,Aralvaimozhi,"Dug Well",W02185,1997,9.82,8.85,6.25,10.92
TN,Kanniyakumari,Agastheeswaram,Agastheeswaram,8.10555556,77.54583333,Kundal(West),"Tube Well",W02170,1996,'0,6.85,'0,12.44
TN,Kanniyakumari,Kalkulam,Thackalai,8.24166667,77.325,Takkalai,"Dug Well",W02179,1996,9.65,7.59,8.66,10.84
TN,Kanniyakumari,Agastheeswaram,Agastheeswaram,8.08333333,77.55,Kanyakumari-1,"Dug Well",W02166,1996,17.81,14.7,18.84,16.27
TN,Kanniyakumari,Kalkulam,Kalkulam,8.19583333,77.3,Chettiarmadam,"Dug Well",W02176,1996,7.58,7.21,8.22,12.93
TN,Kanniyakumari,Agastheeswaram,Agastheeswaram,8.10833333,77.54583333,Kundal(East),"Tube Well",W02169,1996,'0,7.85,'0,13
TN,Kanniyakumari,Kalkulam,Kalkulam,8.225,77.35833333,Villukuri,"Dug Well",W02178,1996,8.02,6.75,5.33,3.39
TN,Kanniyakumari,Kalkulam,Kalkulam,8.375,77.29583333,Kulasekharan,"Dug Well",W02183,1996,14.62,5.1,8.75,17.62
TN,Kanniyakumari,Kalkulam,Kalkulam,8.17777778,77.2625,Kolachal,"Dug Well",W02177,1996,11.54,12.92,12.61,13.39
TN,Kanniyakumari,Kalkulam,Kalkulam,8.325,77.25833333,Attur1,"Dug Well",W02181,1996,11.51,11.6,10.6,10.25
TN,Kanniyakumari,Vilavancode,Vilavancode,8.22222222,77.25833333,Vellaivilai,"Dug Well",W02189,1996,16.68,14.1,15.78,17.36
TN,Kanniyakumari,Kalkulam,Kalkulam,8.29166667,77.275,Kattudurai,"Dug Well",W02182,1996,22.17,10.1,11.41,22.32
TN,Kanniyakumari,Agastheeswaram,Agastheeswaram,8.125,77.525,Kottaram,"Dug Well",W02168,1996,1.59,1.73,1.22,1.73
TN,Kanniyakumari,Thovala,Thovala,8.25833333,77.45277778,Boothapandy,"Dug Well",W02186,1996,5.23,4.5,4.71,5.91
TN,Kanniyakumari,Agastheeswaram,Agastheeswaram,8.16666667,77.45,Nagarkoil-1,"Dug Well",W02171,1996,2.45,1.56,2.93,2.54
TN,Kanniyakumari,Thovala,Thovala,8.25,77.51666667,Aralvaimozhi,"Dug Well",W02185,1996,11.19,7.55,9.34,10.05
