STATE,DISTRICT,TEH_NAME,BLOCK_NAME,LAT,LON,SITE_NAME,SITE_TYPE,WLCODE,YEAR_OBS,MONSOON,POMRB,POMKH,PREMON
UP,Mathura,Govardhan,Govardhan,27.48166667,77.46833333,"Paintha (Govardhan)","Dug Well",W15871,2018,'0,2.33,'0,'0
UP,Mathura,Raya,Raya,27.575,77.83333333,Pirsua,"Dug Well",W33512,2018,'0,'0,'0,11.75
UP,Mathura,Baldeo,Baldeo,27.41944444,77.82222222,Baldeo,"Dug Well",W15174,2018,'0,5.91,'0,'0
UP,Mathura,Baldeo,Baldeo,27.41944444,77.82222222,Baldeo,"Dug Well",W15174,2018,'0,'0,'0,7.28
UP,Mathura,Mathura,Mathura,27.495,77.56833333,Jachoda,"Dug Well",W15181,2018,'0,'0,'0,2.8
UP,Mathura,Chhata,Chaumuha,27.70333333,77.5,"Chhata New","Dug Well",W15176,2018,'0,2.21,'0,'0
UP,Mathura,Chhata,Chaumuha,27.70333333,77.5,"Chhata New","Dug Well",W15176,2018,'0,'0,'0,3.33
UP,Mathura,Chaumuha,Chaumuha,27.625,77.48666667,Sahar1,"Dug Well",W15869,2018,'0,1.52,'0,'0
UP,Mathura,Chaumuha,Chaumuha,27.625,77.48666667,Sahar1,"Dug Well",W15869,2018,'0,'0,'0,2.57
UP,Mathura,Nandgaon,Nandgaon,27.65555556,77.37777778,Barsana,"Dug Well",W15182,2018,'0,9.89,'0,'0
UP,Mathura,Nandgaon,Nandgaon,27.65555556,77.37777778,Barsana,"Dug Well",W15182,2018,'0,'0,'0,10.55
UP,Mathura,Farah,Farah,27.28333333,77.66,"Nagra Chhitar Singh","Dug Well",W15870,2018,'0,3.39,'0,'0
UP,Mathura,Farah,Farah,27.28333333,77.66,"Nagra Chhitar Singh","Dug Well",W15870,2018,'0,'0,'0,4.6
UP,Mathura,Govardhan,Govardhan,27.37083333,77.57361111,"Jhinga nagla","Dug Well",W15179,2018,'0,3.24,'0,'0
UP,Mathura,Govardhan,Govardhan,27.37083333,77.57361111,"Jhinga nagla","Dug Well",W15179,2018,'0,'0,'0,4.66
UP,Mathura,Nandgaon,Nandgaon,27.78611111,77.43833333,Kosi,"Dug Well",W15184,2018,'0,1.48,'0,'0
UP,Mathura,Nandgaon,Nandgaon,27.78611111,77.43833333,Kosi,"Dug Well",W15184,2018,'0,'0,'0,4.05
UP,Mathura,Govardhan,Govardhan,27.39666667,77.5,Saunkh,"Dug Well",W15873,2018,'0,4.25,'0,'0
UP,Mathura,Govardhan,Govardhan,27.39666667,77.5,Saunkh,"Dug Well",W15873,2018,'0,'0,'0,5.35
UP,Mathura,Mat,Mat,27.76944444,77.72777778,"Surir (new)","Dug Well",W29788,2018,'0,8.49,'0,'0
UP,Mathura,Mat,Mat,27.76944444,77.72777778,"Surir (new)","Dug Well",W29788,2018,'0,'0,'0,8.6
UP,Mathura,Raya,Baldeo,27.46666667,77.8,Kharab,"Dug Well",W33510,2018,'0,3.32,'0,'0
UP,Mathura,Raya,Baldeo,27.46666667,77.8,Kharab,"Dug Well",W33510,2018,'0,'0,'0,4.35
UP,Mathura,Baldeo,Baldeo,27.475,77.73611111,"Jamunapar Thana","Dug Well",W33511,2018,'0,13.68,'0,'0
UP,Mathura,Baldeo,Baldeo,27.475,77.73611111,"Jamunapar Thana","Dug Well",W33511,2018,'0,'0,'0,13.7
UP,Mathura,Raya,Raya,27.575,77.83333333,Pirsua,"Dug Well",W33512,2018,'0,11.23,'0,'0
UP,Mathura,Govardhan,Govardhan,27.48166667,77.46833333,"Paintha (Govardhan)","Dug Well",W15871,2018,'0,'0,'0,3.35
UP,Mathura,Govardhan,Govardhan,27.48166667,77.46833333,"Paintha (Govardhan)","Dug Well",W15871,2017,2.99,1.87,'0,3.29
UP,Mathura,Raya,Raya,27.575,77.83333333,Pirsua,"Dug Well",W33512,2017,'0,'0,10.72,'0
UP,Mathura,Baldeo,Baldeo,27.41944444,77.82222222,Baldeo,"Dug Well",W15174,2017,4.72,6.05,'0,6.25
UP,Mathura,Baldeo,Baldeo,27.41944444,77.82222222,Baldeo,"Dug Well",W15174,2017,'0,'0,5.78,'0
UP,Mathura,Mathura,Mathura,27.495,77.56833333,Jachoda,"Dug Well",W15181,2017,.85,2.4,'0,2.72
UP,Mathura,Mathura,Mathura,27.495,77.56833333,Jachoda,"Dug Well",W15181,2017,'0,'0,1.92,'0
UP,Mathura,Chhata,Chaumuha,27.70333333,77.5,"Chhata New","Dug Well",W15176,2017,2.4,2.05,'0,3.2
UP,Mathura,Chhata,Chaumuha,27.70333333,77.5,"Chhata New","Dug Well",W15176,2017,'0,'0,6.31,'0
UP,Mathura,Chaumuha,Chaumuha,27.625,77.48666667,Sahar1,"Dug Well",W15869,2017,.91,1.51,'0,2.06
UP,Mathura,Chaumuha,Chaumuha,27.625,77.48666667,Sahar1,"Dug Well",W15869,2017,'0,'0,1.17,'0
UP,Mathura,Mat,Mat,27.63333333,77.71666667,Chhatta1,"Dug Well",W15180,2017,15.58,14.98,'0,15.5
UP,Mathura,Mat,Mat,27.63333333,77.71666667,Chhatta1,"Dug Well",W15180,2017,'0,'0,15.66,'0
UP,Mathura,Nandgaon,Nandgaon,27.65555556,77.37777778,Barsana,"Dug Well",W15182,2017,9.63,9.81,'0,9.4
UP,Mathura,Nandgaon,Nandgaon,27.65555556,77.37777778,Barsana,"Dug Well",W15182,2017,'0,'0,9.94,'0
UP,Mathura,Farah,Farah,27.28333333,77.66,"Nagra Chhitar Singh","Dug Well",W15870,2017,3.55,3.34,'0,4.58
UP,Mathura,Farah,Farah,27.28333333,77.66,"Nagra Chhitar Singh","Dug Well",W15870,2017,'0,'0,3.41,'0
UP,Mathura,Govardhan,Govardhan,27.37083333,77.57361111,"Jhinga nagla","Dug Well",W15179,2017,2.81,2.66,'0,4.51
UP,Mathura,Govardhan,Govardhan,27.37083333,77.57361111,"Jhinga nagla","Dug Well",W15179,2017,'0,'0,3.47,'0
UP,Mathura,Nandgaon,Nandgaon,27.78611111,77.43833333,Kosi,"Dug Well",W15184,2017,3.12,2.33,'0,3.89
UP,Mathura,Nandgaon,Nandgaon,27.78611111,77.43833333,Kosi,"Dug Well",W15184,2017,'0,'0,3.01,'0
UP,Mathura,Govardhan,Govardhan,27.39666667,77.5,Saunkh,"Dug Well",W15873,2017,3.15,2.05,'0,3.57
UP,Mathura,Govardhan,Govardhan,27.39666667,77.5,Saunkh,"Dug Well",W15873,2017,'0,'0,4.36,'0
UP,Mathura,Mat,Mat,27.76944444,77.72777778,"Surir (new)","Dug Well",W29788,2017,7.86,8.37,'0,7.82
UP,Mathura,Mat,Mat,27.76944444,77.72777778,"Surir (new)","Dug Well",W29788,2017,'0,'0,8.55,'0
UP,Mathura,Raya,Baldeo,27.46666667,77.8,Kharab,"Dug Well",W33510,2017,1.96,2.97,'0,4.19
UP,Mathura,Raya,Baldeo,27.46666667,77.8,Kharab,"Dug Well",W33510,2017,'0,'0,3.26,'0
UP,Mathura,Baldeo,Baldeo,27.475,77.73611111,"Jamunapar Thana","Dug Well",W33511,2017,12.07,12.23,'0,12.19
UP,Mathura,Baldeo,Baldeo,27.475,77.73611111,"Jamunapar Thana","Dug Well",W33511,2017,'0,'0,13.84,'0
UP,Mathura,Raya,Raya,27.575,77.83333333,Pirsua,"Dug Well",W33512,2017,10.13,9.9,'0,10.11
UP,Mathura,Govardhan,Govardhan,27.48166667,77.46833333,"Paintha (Govardhan)","Dug Well",W15871,2017,'0,'0,2.92,'0
UP,Mathura,Govardhan,Govardhan,27.48166667,77.46833333,"Paintha (Govardhan)","Dug Well",W15871,2016,.48,'0,1.27,2.45
UP,Mathura,Raya,Raya,27.575,77.83333333,Pirsua,"Dug Well",W33512,2016,'0,'0,9.95,'0
UP,Mathura,Mathura,Mathura,27.495,77.56833333,Jachoda,"Dug Well",W15181,2016,2.49,'0,2.23,3.08
UP,Mathura,Mathura,Mathura,27.57166667,77.69777778,Vridavan,"Dug Well",W15876,2016,11.82,'0,'0,'0
UP,Mathura,Chhata,Chaumuha,27.70333333,77.5,"Chhata New","Dug Well",W15176,2016,.32,'0,1.73,3.51
UP,Mathura,Chaumuha,Chaumuha,27.625,77.48666667,Sahar1,"Dug Well",W15869,2016,7.42,'0,1.65,2.45
UP,Mathura,Mat,Mat,27.63333333,77.71666667,Chhatta1,"Dug Well",W15180,2016,15.55,'0,14.8,15.85
UP,Mathura,Nandgaon,Nandgaon,27.65555556,77.37777778,Barsana,"Dug Well",W15182,2016,8.55,'0,8.73,'0
UP,Mathura,Farah,Farah,27.28333333,77.66,"Nagra Chhitar Singh","Dug Well",W15870,2016,2.59,'0,2.97,4.1
UP,Mathura,Govardhan,Govardhan,27.37083333,77.57361111,"Jhinga nagla","Dug Well",W15179,2016,6.44,'0,2.59,5.55
UP,Mathura,Nandgaon,Nandgaon,27.78611111,77.43833333,Kosi,"Dug Well",W15184,2016,.5,'0,2.25,5.35
UP,Mathura,Govardhan,Govardhan,27.39666667,77.5,Saunkh,"Dug Well",W15873,2016,1.33,'0,2.65,5.98
UP,Mathura,Mat,Mat,27.76944444,77.72777778,"Surir (new)","Dug Well",W29788,2016,11.77,8.42,7.98,8.8
UP,Mathura,Raya,Baldeo,27.46666667,77.8,Kharab,"Dug Well",W33510,2016,'0,'0,2.99,'0
UP,Mathura,Baldeo,Baldeo,27.475,77.73611111,"Jamunapar Thana","Dug Well",W33511,2016,'0,'0,12.09,'0
UP,Mathura,Baldeo,Baldeo,27.41944444,77.82222222,Baldeo,"Dug Well",W15174,2016,8.89,'0,6.12,5.65
UP,Mathura,Govardhan,Govardhan,27.48166667,77.46833333,"Paintha (Govardhan)","Dug Well",W15871,2015,1.23,2.3,2.32,1.32
UP,Mathura,Baldeo,Baldeo,27.41944444,77.82222222,Baldeo,"Dug Well",W15174,2015,4.55,4.6,5.94,6.3
UP,Mathura,Mathura,Mathura,27.495,77.56833333,Jachoda,"Dug Well",W15181,2015,1.03,1.37,1.55,1.06
UP,Mathura,Mathura,Mathura,27.57166667,77.69777778,Vridavan,"Dug Well",W15876,2015,11.3,'0,'0,10.8
UP,Mathura,Chhata,Chaumuha,27.70333333,77.5,"Chhata New","Dug Well",W15176,2015,1.77,2.71,2.64,2.8
UP,Mathura,Chaumuha,Chaumuha,27.625,77.48666667,Sahar1,"Dug Well",W15869,2015,.48,2.62,1.49,2.2
UP,Mathura,Mat,Mat,27.76944444,77.72777778,"Surir (new)","Dug Well",W29788,2015,7.66,8.08,8.12,8.08
UP,Mathura,Nandgaon,Nandgaon,27.65555556,77.37777778,Barsana,"Dug Well",W15182,2015,8.77,8.23,9.03,8.84
UP,Mathura,Farah,Farah,27.28333333,77.66,"Nagra Chhitar Singh","Dug Well",W15870,2015,1.88,2.72,3.47,2.47
UP,Mathura,Govardhan,Govardhan,27.37083333,77.57361111,"Jhinga nagla","Dug Well",W15179,2015,.37,3.05,2.3,1.94
UP,Mathura,Nandgaon,Nandgaon,27.78611111,77.43833333,Kosi,"Dug Well",W15184,2015,1.76,3.72,3,2.52
UP,Mathura,Govardhan,Govardhan,27.39666667,77.5,Saunkh,"Dug Well",W15873,2015,2.54,4.21,3.48,3.53
UP,Mathura,Mat,Mat,27.63333333,77.71666667,Chhatta1,"Dug Well",W15180,2015,14.68,15.27,14.87,15.09
UP,Mathura,Govardhan,Govardhan,27.48166667,77.46833333,"Paintha (Govardhan)","Dug Well",W15871,2014,1.74,1.95,'0,2.25
UP,Mathura,Baldeo,Baldeo,27.41944444,77.82222222,Baldeo,"Dug Well",W15174,2014,3.16,4.11,'0,5.54
UP,Mathura,Mathura,Mathura,27.495,77.56833333,Jachoda,"Dug Well",W15181,2014,.53,.56,'0,2.37
UP,Mathura,Mathura,Mathura,27.57166667,77.69777778,Vridavan,"Dug Well",W15876,2014,11.4,9.62,'0,'0
UP,Mathura,Chhata,Chaumuha,27.70333333,77.5,"Chhata New","Dug Well",W15176,2014,3.74,2.62,'0,3.48
UP,Mathura,Chaumuha,Chaumuha,27.625,77.48666667,Sahar1,"Dug Well",W15869,2014,.65,1.39,'0,3.06
UP,Mathura,Mat,Mat,27.76944444,77.72777778,"Surir (new)","Dug Well",W29788,2014,7.24,6.64,7.76,7.13
UP,Mathura,Nandgaon,Nandgaon,27.65555556,77.37777778,Barsana,"Dug Well",W15182,2014,'0,6.94,'0,7.22
UP,Mathura,Farah,Farah,27.28333333,77.66,"Nagra Chhitar Singh","Dug Well",W15870,2014,2.54,2.04,'0,4.23
UP,Mathura,Govardhan,Govardhan,27.37083333,77.57361111,"Jhinga nagla","Dug Well",W15179,2014,1.21,2.03,'0,4.53
UP,Mathura,Nandgaon,Nandgaon,27.78611111,77.43833333,Kosi,"Dug Well",W15184,2014,3.55,2.73,'0,2.88
UP,Mathura,Govardhan,Govardhan,27.39666667,77.5,Saunkh,"Dug Well",W15873,2014,2.93,3.67,'0,4.11
UP,Mathura,Mat,Mat,27.63333333,77.71666667,Chhatta1,"Dug Well",W15180,2014,14.95,14.01,'0,14.92
UP,Mathura,Govardhan,Govardhan,27.48166667,77.46833333,"Paintha (Govardhan)","Dug Well",W15871,2013,2.11,2.15,2.11,3.15
UP,Mathura,Baldeo,Baldeo,27.41944444,77.82222222,Baldeo,"Dug Well",W15174,2013,5.55,6.7,5.15,6.9
UP,Mathura,Mathura,Mathura,27.495,77.56833333,Jachoda,"Dug Well",W15181,2013,.37,1.08,1.38,2.68
UP,Mathura,Mathura,Mathura,27.57166667,77.69777778,Vridavan,"Dug Well",W15876,2013,9.56,8.9,10.4,'0
UP,Mathura,Chhata,Chaumuha,27.70333333,77.5,"Chhata New","Dug Well",W15176,2013,1.78,2.3,2.77,5.3
UP,Mathura,Chaumuha,Chaumuha,27.625,77.48666667,Sahar1,"Dug Well",W15869,2013,.36,1.3,1.43,2.6
UP,Mathura,Mat,Mat,27.76944444,77.72777778,"Surir (new)","Dug Well",W29788,2013,6.46,7.02,6.82,7.22
UP,Mathura,Nandgaon,Nandgaon,27.65555556,77.37777778,Barsana,"Dug Well",W15182,2013,6.06,5.8,'0,7.6
UP,Mathura,Farah,Farah,27.28333333,77.66,"Nagra Chhitar Singh","Dug Well",W15870,2013,2.21,2.7,2.4,4.7
UP,Mathura,Govardhan,Govardhan,27.37083333,77.57361111,"Jhinga nagla","Dug Well",W15179,2013,.68,2.2,2.33,3.55
UP,Mathura,Nandgaon,Nandgaon,27.78611111,77.43833333,Kosi,"Dug Well",W15184,2013,2.36,2.6,3.55,4.2
UP,Mathura,Govardhan,Govardhan,27.39666667,77.5,Saunkh,"Dug Well",W15873,2013,2.51,3.63,3.93,4.23
UP,Mathura,Mat,Mat,27.63333333,77.71666667,Chhatta1,"Dug Well",W15180,2013,13.52,14.05,13.9,14.85
UP,Mathura,Govardhan,Govardhan,27.48166667,77.46833333,"Paintha (Govardhan)","Dug Well",W15871,2012,'0,2.5,2.53,3.3
UP,Mathura,Baldeo,Baldeo,27.41944444,77.82222222,Baldeo,"Dug Well",W15174,2012,'0,9.2,6.7,9.85
UP,Mathura,Mathura,Mathura,27.495,77.56833333,Jachoda,"Dug Well",W15181,2012,'0,1.23,1.33,2.66
UP,Mathura,Mathura,Mathura,27.57166667,77.69777778,Vridavan,"Dug Well",W15876,2012,'0,8.9,7.03,10.87
UP,Mathura,Chhata,Chaumuha,27.70333333,77.5,"Chhata New","Dug Well",W15176,2012,'0,1.72,2.44,6.29
UP,Mathura,Chaumuha,Chaumuha,27.625,77.48666667,Sahar1,"Dug Well",W15869,2012,'0,1.42,1.45,2.65
UP,Mathura,Mat,Mat,27.76944444,77.72777778,"Surir (new)","Dug Well",W29788,2012,'0,'0,7.14,'0
UP,Mathura,Nandgaon,Nandgaon,27.65555556,77.37777778,Barsana,"Dug Well",W15182,2012,'0,4.88,'0,5.87
UP,Mathura,Farah,Farah,27.28333333,77.66,"Nagra Chhitar Singh","Dug Well",W15870,2012,'0,3.79,2.8,3.98
UP,Mathura,Govardhan,Govardhan,27.37083333,77.57361111,"Jhinga nagla","Dug Well",W15179,2012,'0,2.76,2.38,3.81
UP,Mathura,Nandgaon,Nandgaon,27.78611111,77.43833333,Kosi,"Dug Well",W15184,2012,'0,2,3.2,3.96
UP,Mathura,Govardhan,Govardhan,27.39666667,77.5,Saunkh,"Dug Well",W15873,2012,'0,3.52,4.93,4.14
UP,Mathura,Mat,Mat,27.63333333,77.71666667,Chhatta1,"Dug Well",W15180,2012,'0,12.85,14,14.34
UP,Mathura,Govardhan,Govardhan,27.48166667,77.46833333,"Paintha (Govardhan)","Dug Well",W15871,2011,1.55,2.2,2.69,2.72
UP,Mathura,Baldeo,Baldeo,27.41944444,77.82222222,Baldeo,"Dug Well",W15174,2011,'0,10.84,7.73,'0
UP,Mathura,Mathura,Mathura,27.495,77.56833333,Jachoda,"Dug Well",W15181,2011,.38,.88,1.1,2.16
UP,Mathura,Mathura,Mathura,27.57166667,77.69777778,Vridavan,"Dug Well",W15876,2011,5.9,'0,8.96,11.47
UP,Mathura,Chhata,Chaumuha,27.70333333,77.5,"Chhata New","Dug Well",W15176,2011,.9,1.58,1.68,2.74
UP,Mathura,Govardhan,Govardhan,27.39666667,77.5,Saunkh,"Dug Well",W15873,2011,'0,3.56,3.36,3
UP,Mathura,Mat,Mat,27.63333333,77.71666667,Chhatta1,"Dug Well",W15180,2011,13.45,13.7,12.7,14.61
UP,Mathura,Nandgaon,Nandgaon,27.65555556,77.37777778,Barsana,"Dug Well",W15182,2011,4.2,4.16,4.61,4.63
UP,Mathura,Farah,Farah,27.28333333,77.66,"Nagra Chhitar Singh","Dug Well",W15870,2011,1.9,2.52,2.7,3.72
UP,Mathura,Govardhan,Govardhan,27.37083333,77.57361111,"Jhinga nagla","Dug Well",W15179,2011,1.4,1.6,2.76,3.95
UP,Mathura,Nandgaon,Nandgaon,27.78611111,77.43833333,Kosi,"Dug Well",W15184,2011,1.65,2.43,1.83,3.7
UP,Mathura,Chaumuha,Chaumuha,27.625,77.48666667,Sahar1,"Dug Well",W15869,2011,.95,1.36,1.75,2.2
UP,Mathura,Govardhan,Govardhan,27.48166667,77.46833333,"Paintha (Govardhan)","Dug Well",W15871,2010,1.38,2.61,2.4,3.11
UP,Mathura,Baldeo,Baldeo,27.41944444,77.82222222,Baldeo,"Dug Well",W15174,2010,7.7,10.8,10.2,'0
UP,Mathura,Mathura,Mathura,27.495,77.56833333,Jachoda,"Dug Well",W15181,2010,2.1,1.3,1.02,2.43
UP,Mathura,Mathura,Mathura,27.57166667,77.69777778,Vridavan,"Dug Well",W15876,2010,'0,9.14,'0,'0
UP,Mathura,Chhata,Chaumuha,27.70333333,77.5,"Chhata New","Dug Well",W15176,2010,.26,1.95,1.6,3.34
UP,Mathura,Govardhan,Govardhan,27.39666667,77.5,Saunkh,"Dug Well",W15873,2010,3.85,'0,3.55,5.36
UP,Mathura,Mat,Mat,27.63333333,77.71666667,Chhatta1,"Dug Well",W15180,2010,14,14.78,13.85,15.52
UP,Mathura,Nandgaon,Nandgaon,27.65555556,77.37777778,Barsana,"Dug Well",W15182,2010,4.36,4.92,4.22,5.42
UP,Mathura,Farah,Farah,27.28333333,77.66,"Nagra Chhitar Singh","Dug Well",W15870,2010,2.27,2.44,2.2,4.57
UP,Mathura,Govardhan,Govardhan,27.37083333,77.57361111,"Jhinga nagla","Dug Well",W15179,2010,1.01,3.31,2.69,4.01
UP,Mathura,Nandgaon,Nandgaon,27.78611111,77.43833333,Kosi,"Dug Well",W15184,2010,1.4,2.81,2.7,4.22
UP,Mathura,Chaumuha,Chaumuha,27.625,77.48666667,Sahar1,"Dug Well",W15869,2010,1.45,1.2,1.92,1.96
UP,Mathura,Govardhan,Govardhan,27.48166667,77.46833333,"Paintha (Govardhan)","Dug Well",W15871,2009,3.45,4.83,2.67,3.61
UP,Mathura,Baldeo,Baldeo,27.41944444,77.82222222,Baldeo,"Dug Well",W15174,2009,10.04,9.39,10.8,9.73
UP,Mathura,Govardhan,Govardhan,27.57333333,77.42222222,"Palson gaon","Dug Well",W15872,2009,'0,6.04,'0,'0
UP,Mathura,Mathura,Mathura,27.495,77.56833333,Jachoda,"Dug Well",W15181,2009,1.18,2.52,2.33,2.58
UP,Mathura,Mathura,Mathura,27.57166667,77.69777778,Vridavan,"Dug Well",W15876,2009,7,10.94,'0,10.59
UP,Mathura,Chhata,Chaumuha,27.70333333,77.5,"Chhata New","Dug Well",W15176,2009,5.6,2.98,1.75,3.3
UP,Mathura,Govardhan,Govardhan,27.39666667,77.5,Saunkh,"Dug Well",W15873,2009,4.93,5.25,4.92,5.47
UP,Mathura,Mat,Mat,27.63333333,77.71666667,Chhatta1,"Dug Well",W15180,2009,14.95,15.23,14.41,15.09
UP,Mathura,Nandgaon,Nandgaon,27.62333333,77.41666667,Chaumuhan,"Dug Well",W15183,2009,'0,10.35,'0,10.35
UP,Mathura,Nandgaon,Nandgaon,27.65555556,77.37777778,Barsana,"Dug Well",W15182,2009,5.2,9.78,4.78,6.44
UP,Mathura,Farah,Farah,27.28333333,77.66,"Nagra Chhitar Singh","Dug Well",W15870,2009,3.05,2.74,2.5,3.94
UP,Mathura,Govardhan,Govardhan,27.37083333,77.57361111,"Jhinga nagla","Dug Well",W15179,2009,1.45,7.2,2.81,4.34
UP,Mathura,Nandgaon,Nandgaon,27.78611111,77.43833333,Kosi,"Dug Well",W15184,2009,3.1,4.55,4.3,4.51
UP,Mathura,Chaumuha,Chaumuha,27.625,77.48666667,Sahar1,"Dug Well",W15869,2009,.7,1.78,2.12,2.4
UP,Mathura,Govardhan,Govardhan,27.48166667,77.46833333,"Paintha (Govardhan)","Dug Well",W15871,2008,1.75,3.51,2.06,3.65
UP,Mathura,Raya,Raya,27.54722222,77.79277778,Raya,"Dug Well",W15878,2008,'0,21.7,'0,'0
UP,Mathura,Govardhan,Govardhan,27.57333333,77.42222222,"Palson gaon","Dug Well",W15872,2008,'0,9.3,'0,6.7
UP,Mathura,Mathura,Mathura,27.495,77.56833333,Jachoda,"Dug Well",W15181,2008,2.33,1.62,.9,2.28
UP,Mathura,Mathura,Mathura,27.57166667,77.69777778,Vridavan,"Dug Well",W15876,2008,5.68,11.6,7,11.2
UP,Mathura,Chhata,Chaumuha,27.70333333,77.5,"Chhata New","Dug Well",W15176,2008,4.27,2.75,2.37,3.3
UP,Mathura,Chaumuha,Chaumuha,27.625,77.48666667,Sahar1,"Dug Well",W15869,2008,.53,1.08,1.73,1.8
UP,Mathura,Mat,Mat,27.63333333,77.71666667,Chhatta1,"Dug Well",W15180,2008,14.47,15.12,14.23,16.65
UP,Mathura,Nandgaon,Nandgaon,27.62333333,77.41666667,Chaumuhan,"Dug Well",W15183,2008,7.15,7.73,7.5,7.85
UP,Mathura,Nandgaon,Nandgaon,27.65555556,77.37777778,Barsana,"Dug Well",W15182,2008,4.05,6.35,4.18,6.4
UP,Mathura,Farah,Farah,27.28333333,77.66,"Nagra Chhitar Singh","Dug Well",W15870,2008,1.44,2.61,2.43,3.4
UP,Mathura,Govardhan,Govardhan,27.37083333,77.57361111,"Jhinga nagla","Dug Well",W15179,2008,1.45,1.82,1.99,4.15
UP,Mathura,Nandgaon,Nandgaon,27.78611111,77.43833333,Kosi,"Dug Well",W15184,2008,1.55,3.09,2.68,4
UP,Mathura,Govardhan,Govardhan,27.39666667,77.5,Saunkh,"Dug Well",W15873,2008,3.53,6.65,4.27,6.93
UP,Mathura,Baldeo,Baldeo,27.41944444,77.82222222,Baldeo,"Dug Well",W15174,2008,6.51,10.47,6.92,9.75
UP,Mathura,Govardhan,Govardhan,27.48166667,77.46833333,"Paintha (Govardhan)","Dug Well",W15871,2007,3.75,3.85,3.98,4.57
UP,Mathura,Raya,Raya,27.54722222,77.79277778,Raya,"Dug Well",W15878,2007,21.7,21.7,21.7,21.7
UP,Mathura,Govardhan,Govardhan,27.57333333,77.42222222,"Palson gaon","Dug Well",W15872,2007,6.75,7.54,7.35,7.12
UP,Mathura,Mathura,Mathura,27.495,77.56833333,Jachoda,"Dug Well",W15181,2007,1.53,1.75,'0,2.41
UP,Mathura,Mathura,Mathura,27.57166667,77.69777778,Vridavan,"Dug Well",W15876,2007,9.47,20.66,11.77,20.66
UP,Mathura,Chhata,Chaumuha,27.70333333,77.5,"Chhata New","Dug Well",W15176,2007,1.34,2.91,2.88,3.52
UP,Mathura,Chaumuha,Chaumuha,27.625,77.48666667,Sahar1,"Dug Well",W15869,2007,.86,1.86,'0,2.15
UP,Mathura,Mat,Mat,27.63333333,77.71666667,Chhatta1,"Dug Well",W15180,2007,14.59,15.04,14.85,15.09
UP,Mathura,Nandgaon,Nandgaon,27.62333333,77.41666667,Chaumuhan,"Dug Well",W15183,2007,7.25,7.61,6.48,7.36
UP,Mathura,Nandgaon,Nandgaon,27.65555556,77.37777778,Barsana,"Dug Well",W15182,2007,5.46,6.41,6,6.7
UP,Mathura,Farah,Farah,27.28333333,77.66,"Nagra Chhitar Singh","Dug Well",W15870,2007,1.87,2.86,3,3.46
UP,Mathura,Govardhan,Govardhan,27.37083333,77.57361111,"Jhinga nagla","Dug Well",W15179,2007,2.6,3.61,2.53,4.72
UP,Mathura,Nandgaon,Nandgaon,27.78611111,77.43833333,Kosi,"Dug Well",W15184,2007,2.35,3.41,3.21,4.13
UP,Mathura,Govardhan,Govardhan,27.39666667,77.5,Saunkh,"Dug Well",W15873,2007,4.21,6.24,5.91,5.98
UP,Mathura,Baldeo,Baldeo,27.41944444,77.82222222,Baldeo,"Dug Well",W15174,2007,7.42,10.8,7.85,8.87
UP,Mathura,Govardhan,Govardhan,27.48166667,77.46833333,"Paintha (Govardhan)","Dug Well",W15871,2006,3.8,3.51,4.03,4.54
UP,Mathura,Raya,Raya,27.54722222,77.79277778,Raya,"Dug Well",W15878,2006,10.55,8.06,21.7,8.67
UP,Mathura,Govardhan,Govardhan,27.57333333,77.42222222,"Palson gaon","Dug Well",W15872,2006,6.44,6.88,7.07,6.62
UP,Mathura,Mathura,Mathura,27.495,77.56833333,Jachoda,"Dug Well",W15181,2006,1.38,1.46,1.85,2.54
UP,Mathura,Mathura,Mathura,27.57166667,77.69777778,Vridavan,"Dug Well",W15876,2006,10.03,10.71,11.8,12.11
UP,Mathura,Chhata,Chaumuha,27.70333333,77.5,"Chhata New","Dug Well",W15176,2006,5.13,5.48,3.18,3.25
UP,Mathura,Chaumuha,Chaumuha,27.625,77.48666667,Sahar1,"Dug Well",W15869,2006,.85,1.58,2.02,2.61
UP,Mathura,Mat,Mat,27.63333333,77.71666667,Chhatta1,"Dug Well",W15180,2006,14.11,14.36,14.79,14.96
UP,Mathura,Nandgaon,Nandgaon,27.62333333,77.41666667,Chaumuhan,"Dug Well",W15183,2006,7.01,7.02,7.41,7.3
UP,Mathura,Nandgaon,Nandgaon,27.65555556,77.37777778,Barsana,"Dug Well",W15182,2006,5.76,5.21,6.27,6.18
UP,Mathura,Farah,Farah,27.28333333,77.66,"Nagra Chhitar Singh","Dug Well",W15870,2006,2.29,2.55,3.25,3.85
UP,Mathura,Govardhan,Govardhan,27.37083333,77.57361111,"Jhinga nagla","Dug Well",W15179,2006,2.88,2.24,3.45,3.78
UP,Mathura,Nandgaon,Nandgaon,27.78611111,77.43833333,Kosi,"Dug Well",W15184,2006,3.16,2.85,3.97,4.23
UP,Mathura,Govardhan,Govardhan,27.39666667,77.5,Saunkh,"Dug Well",W15873,2006,4.37,4.79,5.43,5.19
UP,Mathura,Baldeo,Baldeo,27.41944444,77.82222222,Baldeo,"Dug Well",W15174,2006,6.04,4.32,6.91,6.74
UP,Mathura,Govardhan,Govardhan,27.48166667,77.46833333,"Paintha (Govardhan)","Dug Well",W15871,2005,4.2,4.45,3.88,4.75
UP,Mathura,Raya,Raya,27.54722222,77.79277778,Raya,"Dug Well",W15878,2005,7.75,7.78,7.24,8
UP,Mathura,Govardhan,Govardhan,27.57333333,77.42222222,"Palson gaon","Dug Well",W15872,2005,6.11,6.98,6.53,6.57
UP,Mathura,Mathura,Mathura,27.495,77.56833333,Jachoda,"Dug Well",W15181,2005,.62,'0,1.36,2.61
UP,Mathura,Mathura,Mathura,27.57166667,77.69777778,Vridavan,"Dug Well",W15876,2005,8.15,11.63,9.45,20.66
UP,Mathura,Chhata,Chaumuha,27.70333333,77.5,"Chhata New","Dug Well",W15176,2005,.92,2.65,2.57,3.11
UP,Mathura,Chaumuha,Chaumuha,27.625,77.48666667,Sahar1,"Dug Well",W15869,2005,.8,2.1,2.49,3.17
UP,Mathura,Mat,Mat,27.63333333,77.71666667,Chhatta1,"Dug Well",W15180,2005,13.22,14.52,8.25,14.6
UP,Mathura,Nandgaon,Nandgaon,27.62333333,77.41666667,Chaumuhan,"Dug Well",W15183,2005,6.62,7.85,6.73,7.31
UP,Mathura,Nandgaon,Nandgaon,27.65555556,77.37777778,Barsana,"Dug Well",W15182,2005,4.57,5.54,4.98,5.66
UP,Mathura,Farah,Farah,27.28333333,77.66,"Nagra Chhitar Singh","Dug Well",W15870,2005,1.08,2.54,2.55,3.94
UP,Mathura,Govardhan,Govardhan,27.37083333,77.57361111,"Jhinga nagla","Dug Well",W15179,2005,1.05,2.89,2.22,3.59
UP,Mathura,Nandgaon,Nandgaon,27.78611111,77.43833333,Kosi,"Dug Well",W15184,2005,1.93,3.09,2.99,4
UP,Mathura,Govardhan,Govardhan,27.39666667,77.5,Saunkh,"Dug Well",W15873,2005,3.24,4.68,4.07,4.77
UP,Mathura,Baldeo,Baldeo,27.41944444,77.82222222,Baldeo,"Dug Well",W15174,2005,3.7,4.9,3.76,3.4
UP,Mathura,Govardhan,Govardhan,27.48166667,77.46833333,"Paintha (Govardhan)","Dug Well",W15871,2004,4.58,4.13,4.29,4.8
UP,Mathura,Raya,Raya,27.54722222,77.79277778,Raya,"Dug Well",W15878,2004,7.51,7.25,7.34,7.61
UP,Mathura,Govardhan,Govardhan,27.57333333,77.42222222,"Palson gaon","Dug Well",W15872,2004,5.98,'0,6.05,6.16
UP,Mathura,Mathura,Mathura,27.495,77.56833333,Jachoda,"Dug Well",W15181,2004,.89,1.61,1,2.84
UP,Mathura,Mathura,Mathura,27.57166667,77.69777778,Vridavan,"Dug Well",W15876,2004,10.58,10.45,11.4,20.66
UP,Mathura,Chhata,Chaumuha,27.70333333,77.5,"Chhata New","Dug Well",W15176,2004,2.25,1.5,2.04,3.4
UP,Mathura,Chaumuha,Chaumuha,27.625,77.48666667,Sahar1,"Dug Well",W15869,2004,1.17,1.7,1.81,2.74
UP,Mathura,Mat,Mat,27.63333333,77.71666667,Chhatta1,"Dug Well",W15180,2004,13.42,13.35,13.06,13.8
UP,Mathura,Nandgaon,Nandgaon,27.62333333,77.41666667,Chaumuhan,"Dug Well",W15183,2004,6.79,6.45,6.79,6.84
UP,Mathura,Nandgaon,Nandgaon,27.65555556,77.37777778,Barsana,"Dug Well",W15182,2004,5.4,5.1,4.82,5.82
UP,Mathura,Farah,Farah,27.28333333,77.66,"Nagra Chhitar Singh","Dug Well",W15870,2004,1.98,2.8,'0,3.47
UP,Mathura,Govardhan,Govardhan,27.37083333,77.57361111,"Jhinga nagla","Dug Well",W15179,2004,3.64,1.95,3.64,7.25
UP,Mathura,Nandgaon,Nandgaon,27.78611111,77.43833333,Kosi,"Dug Well",W15184,2004,1.89,2.3,2.63,4.23
UP,Mathura,Govardhan,Govardhan,27.39666667,77.5,Saunkh,"Dug Well",W15873,2004,4.03,3.98,3.22,4.63
UP,Mathura,Baldeo,Baldeo,27.41944444,77.82222222,Baldeo,"Dug Well",W15174,2004,4.94,1.05,2.21,3.04
UP,Mathura,Govardhan,Govardhan,27.48166667,77.46833333,"Paintha (Govardhan)","Dug Well",W15871,2003,4.89,4.7,4.99,5.07
UP,Mathura,Raya,Raya,27.54722222,77.79277778,Raya,"Dug Well",W15878,2003,7.95,8.2,7.48,8.88
UP,Mathura,Govardhan,Govardhan,27.57333333,77.42222222,"Palson gaon","Dug Well",W15872,2003,5.75,6.5,5.3,6.57
UP,Mathura,Mathura,Mathura,27.495,77.56833333,Jachoda,"Dug Well",W15181,2003,.51,1.73,1.88,2.91
UP,Mathura,Mathura,Mathura,27.57166667,77.69777778,Vridavan,"Dug Well",W15876,2003,8.5,10.5,10,11.89
UP,Mathura,Chhata,Chaumuha,27.70333333,77.5,"Chhata New","Dug Well",W15176,2003,.4,'0,1.71,'0
UP,Mathura,Chaumuha,Chaumuha,27.625,77.48666667,Sahar1,"Dug Well",W15869,2003,.73,'0,2.02,1.97
UP,Mathura,Mat,Mat,27.63333333,77.71666667,Chhatta1,"Dug Well",W15180,2003,'0,14.3,12.97,14.28
UP,Mathura,Nandgaon,Nandgaon,27.62333333,77.41666667,Chaumuhan,"Dug Well",W15183,2003,6.32,6.5,6.22,6.67
UP,Mathura,Nandgaon,Nandgaon,27.65555556,77.37777778,Barsana,"Dug Well",W15182,2003,5.45,5.75,5.3,6.99
UP,Mathura,Farah,Farah,27.28333333,77.66,"Nagra Chhitar Singh","Dug Well",W15870,2003,2,'0,3.65,'0
UP,Mathura,Farah,Farah,27.32166667,77.76333333,Farah,"Dug Well",W15177,2003,'0,6.6,'0,'0
UP,Mathura,Govardhan,Govardhan,27.37083333,77.57361111,"Jhinga nagla","Dug Well",W15179,2003,7.1,2.73,2.3,3.88
UP,Mathura,Nandgaon,Nandgaon,27.78611111,77.43833333,Kosi,"Dug Well",W15184,2003,.54,2.65,2.07,4.08
UP,Mathura,Govardhan,Govardhan,27.39666667,77.5,Saunkh,"Dug Well",W15873,2003,3.45,4.65,4.26,5.81
UP,Mathura,Baldeo,Baldeo,27.41944444,77.82222222,Baldeo,"Dug Well",W15174,2003,3.65,1.25,1.27,5.64
UP,Mathura,Govardhan,Govardhan,27.48166667,77.46833333,"Paintha (Govardhan)","Dug Well",W15871,2002,4.45,4.25,4.97,4.88
UP,Mathura,Baldeo,Baldeo,27.41944444,77.82222222,Baldeo,"Dug Well",W15174,2002,1.25,1.75,3.73,2.81
UP,Mathura,Govardhan,Govardhan,27.57333333,77.42222222,"Palson gaon","Dug Well",W15872,2002,4.61,5.95,6.62,6.1
UP,Mathura,Mathura,Mathura,27.495,77.56833333,Jachoda,"Dug Well",W15181,2002,.52,2.1,1.6,2.6
UP,Mathura,Mathura,Mathura,27.57166667,77.69777778,Vridavan,"Dug Well",W15876,2002,11.57,10.8,11.18,12.28
UP,Mathura,Chaumuha,Chaumuha,27.625,77.48666667,Sahar1,"Dug Well",W15869,2002,'0,1.4,1.6,1.68
UP,Mathura,Raya,Raya,27.54722222,77.79277778,Raya,"Dug Well",W15878,2002,8.05,6.85,8.18,7.56
UP,Mathura,Nandgaon,Nandgaon,27.62333333,77.41666667,Chaumuhan,"Dug Well",W15183,2002,6.76,5.85,6.16,6.26
UP,Mathura,Nandgaon,Nandgaon,27.65555556,77.37777778,Barsana,"Dug Well",W15182,2002,.81,6.15,6.48,6.57
UP,Mathura,Farah,Farah,27.32166667,77.76333333,Farah,"Dug Well",W15177,2002,'0,6.53,'0,'0
UP,Mathura,Govardhan,Govardhan,27.37083333,77.57361111,"Jhinga nagla","Dug Well",W15179,2002,1.98,3.9,2.07,5.03
UP,Mathura,Nandgaon,Nandgaon,27.78611111,77.43833333,Kosi,"Dug Well",W15184,2002,2,3.18,2.6,3.58
UP,Mathura,Govardhan,Govardhan,27.39666667,77.5,Saunkh,"Dug Well",W15873,2002,6.05,4.43,4.69,4.87
UP,Mathura,Mat,Mat,27.63333333,77.71666667,Chhatta1,"Dug Well",W15180,2002,12.8,13.95,13.99,14.57
UP,Mathura,Govardhan,Govardhan,27.48166667,77.46833333,"Paintha (Govardhan)","Dug Well",W15871,2001,5.17,'0,4.78,'0
UP,Mathura,Govardhan,Govardhan,27.485,77.46833333,Govardhan,"Dug Well",W15178,2001,'0,'0,'0,4.75
UP,Mathura,Baldeo,Baldeo,27.41944444,77.82222222,Baldeo,"Dug Well",W15174,2001,1.05,'0,1.39,2.99
UP,Mathura,Govardhan,Govardhan,27.57333333,77.42222222,"Palson gaon","Dug Well",W15872,2001,5.04,'0,5.28,5.34
UP,Mathura,Mathura,Mathura,27.495,77.56833333,Jachoda,"Dug Well",W15181,2001,2.02,'0,2.52,3.11
UP,Mathura,Mathura,Mathura,27.57166667,77.69777778,Vridavan,"Dug Well",W15876,2001,8.57,'0,10.57,10.98
UP,Mathura,Chaumuha,Chaumuha,27.625,77.48666667,Sahar1,"Dug Well",W15869,2001,1.28,'0,1.78,2.82
UP,Mathura,Mat,Mat,27.63333333,77.71666667,Chhatta1,"Dug Well",W15180,2001,11.7,'0,13.11,12.88
UP,Mathura,Nandgaon,Nandgaon,27.62333333,77.41666667,Chaumuhan,"Dug Well",W15183,2001,5.35,'0,5.66,5.55
UP,Mathura,Nandgaon,Nandgaon,27.65555556,77.37777778,Barsana,"Dug Well",W15182,2001,4.96,'0,3.64,5.64
UP,Mathura,Farah,Farah,27.32166667,77.76333333,Farah,"Dug Well",W15177,2001,'0,'0,5.98,'0
UP,Mathura,Govardhan,Govardhan,27.37083333,77.57361111,"Jhinga nagla","Dug Well",W15179,2001,4.15,'0,5.07,5.28
UP,Mathura,Nandgaon,Nandgaon,27.78611111,77.43833333,Kosi,"Dug Well",W15184,2001,3.04,'0,3.56,4.15
UP,Mathura,Govardhan,Govardhan,27.39666667,77.5,Saunkh,"Dug Well",W15873,2001,3.33,'0,3.82,4.61
UP,Mathura,Raya,Raya,27.54722222,77.79277778,Raya,"Dug Well",W15878,2001,6.42,'0,6.71,6.29
UP,Mathura,Govardhan,Govardhan,27.485,77.46833333,Govardhan,"Dug Well",W15178,2000,3.4,2.6,3.85,3.66
UP,Mathura,Raya,Raya,27.54722222,77.79277778,Raya,"Dug Well",W15878,2000,5.48,5.85,5.85,5.71
UP,Mathura,Baldeo,Baldeo,27.43333333,77.74861111,Mahavan,"Dug Well",W15868,2000,'0,12.7,'0,13.3
UP,Mathura,Govardhan,Govardhan,27.57333333,77.42222222,"Palson gaon","Dug Well",W15872,2000,3.9,3.3,4.1,3.99
UP,Mathura,Mathura,Mathura,27.495,77.56833333,Jachoda,"Dug Well",W15181,2000,1.33,1.44,1.98,2.73
UP,Mathura,Mathura,Mathura,27.57166667,77.69777778,Vridavan,"Dug Well",W15876,2000,8.4,7.5,9.67,4.26
UP,Mathura,Chaumuha,Chaumuha,27.625,77.48666667,Sahar1,"Dug Well",W15869,2000,3.1,1.9,1.4,2.92
UP,Mathura,Mat,Mat,27.63333333,77.71666667,Chhatta1,"Dug Well",W15180,2000,11.15,11.7,11.55,11.29
UP,Mathura,Nandgaon,Nandgaon,27.62333333,77.41666667,Chaumuhan,"Dug Well",W15183,2000,4.9,4.17,4.95,5.44
UP,Mathura,Nandgaon,Nandgaon,27.65555556,77.37777778,Barsana,"Dug Well",W15182,2000,4.05,3.6,4.37,4.61
UP,Mathura,Nohjhil,Nohjhil,27.84666667,77.65333333,Naujheel1,"Dug Well",W15877,2000,'0,13.3,15.1,16.44
UP,Mathura,Farah,Farah,27.32166667,77.76333333,Farah,"Dug Well",W15177,2000,4.93,4.38,4.98,5.44
UP,Mathura,Govardhan,Govardhan,27.37083333,77.57361111,"Jhinga nagla","Dug Well",W15179,2000,7.75,1.25,4.2,3.08
UP,Mathura,Nandgaon,Nandgaon,27.78611111,77.43833333,Kosi,"Dug Well",W15184,2000,2.15,3.05,2.95,3.98
UP,Mathura,Govardhan,Govardhan,27.39666667,77.5,Saunkh,"Dug Well",W15873,2000,2.39,2.33,2.58,3.87
UP,Mathura,Baldeo,Baldeo,27.41944444,77.82222222,Baldeo,"Dug Well",W15174,2000,.22,2.42,.75,.71
UP,Mathura,Mathura,Mathura,27.57166667,77.69777778,Vridavan,"Dug Well",W15876,1999,6.5,7,7.5,8.8
UP,Mathura,Nandgaon,Nandgaon,27.78611111,77.43833333,Kosi,"Dug Well",W15184,1999,3.2,1.95,3,3.6
UP,Mathura,Chaumuha,Chaumuha,27.625,77.48666667,Sahar1,"Dug Well",W15869,1999,2.85,2.3,1.85,2.7
UP,Mathura,Mathura,Mathura,27.495,77.56833333,Jachoda,"Dug Well",W15181,1999,.33,.91,1.03,2.06
UP,Mathura,Mat,Mat,27.76944444,77.72777778,Surir,"Dug Well",W15874,1999,'0,'0,6.6,'0
UP,Mathura,Mat,Mat,27.63333333,77.71666667,Chhatta1,"Dug Well",W15180,1999,11.05,11.05,11.2,11.75
UP,Mathura,Govardhan,Govardhan,27.57333333,77.42222222,"Palson gaon","Dug Well",W15872,1999,2.85,1.25,3.85,3
UP,Mathura,Govardhan,Govardhan,27.39666667,77.5,Saunkh,"Dug Well",W15873,1999,2.33,1.68,2.03,3.73
UP,Mathura,Govardhan,Govardhan,27.485,77.46833333,Govardhan,"Dug Well",W15178,1999,2.6,1.5,2.25,2.7
UP,Mathura,Nohjhil,Nohjhil,27.84666667,77.65333333,Naujheel1,"Dug Well",W15877,1999,16.35,17.35,15.4,15.2
UP,Mathura,Raya,Raya,27.54722222,77.79277778,Raya,"Dug Well",W15878,1999,4.58,4.01,5.3,5.85
UP,Mathura,Baldeo,Baldeo,27.41944444,77.82222222,Baldeo,"Dug Well",W15174,1999,1.05,.15,.01,1.95
UP,Mathura,Nandgaon,Nandgaon,27.65555556,77.37777778,Barsana,"Dug Well",W15182,1999,3.55,3.35,3.5,4.2
UP,Mathura,Govardhan,Govardhan,27.37083333,77.57361111,"Jhinga nagla","Dug Well",W15179,1999,1.67,1.15,2.05,2.95
UP,Mathura,Baldeo,Baldeo,27.43333333,77.74861111,Mahavan,"Dug Well",W15868,1999,12.6,13.15,11.9,13.1
UP,Mathura,Nandgaon,Nandgaon,27.62333333,77.41666667,Chaumuhan,"Dug Well",W15183,1999,4.12,3.55,4.15,4.15
UP,Mathura,Farah,Farah,27.32166667,77.76333333,Farah,"Dug Well",W15177,1999,4.43,5.13,4.23,5.28
UP,Mathura,Mathura,Mathura,27.57166667,77.69777778,Vridavan,"Dug Well",W15876,1998,8.16,11.57,6.45,11.9
UP,Mathura,Mathura,Mathura,27.495,77.56833333,Jachoda,"Dug Well",W15181,1998,.61,.65,.48,2.68
UP,Mathura,Govardhan,Govardhan,27.57333333,77.42222222,"Palson gaon","Dug Well",W15872,1998,.83,3.73,'0,5
UP,Mathura,Baldeo,Baldeo,27.43333333,77.74861111,Mahavan,"Dug Well",W15868,1998,14.1,13.82,12.77,14.5
UP,Mathura,Baldeo,Baldeo,27.41944444,77.82222222,Baldeo,"Dug Well",W15174,1998,1.15,2.29,3.05,6.35
UP,Mathura,Govardhan,Govardhan,27.485,77.46833333,Govardhan,"Dug Well",W15178,1998,1.2,2.16,1.05,3.7
UP,Mathura,Mat,Mat,27.76944444,77.72777778,Surir,"Dug Well",W15874,1998,8.65,7.87,'0,9.15
UP,Mathura,Raya,Raya,27.54722222,77.79277778,Raya,"Dug Well",W15878,1998,5.95,5.82,4.01,7.35
UP,Mathura,Govardhan,Govardhan,27.39666667,77.5,Saunkh,"Dug Well",W15873,1998,1.33,'0,1.18,'0
UP,Mathura,Chhata,Chhata,27.78611111,77.60277778,Adampur,"Dug Well",W15175,1998,9.8,9.9,'0,9.45
UP,Mathura,Nandgaon,Nandgaon,27.78611111,77.43833333,Kosi,"Dug Well",W15184,1998,1.07,2.22,1.57,3.9
UP,Mathura,Govardhan,Govardhan,27.37083333,77.57361111,"Jhinga nagla","Dug Well",W15179,1998,.04,.99,.8,2.8
UP,Mathura,Farah,Farah,27.32166667,77.76333333,Farah,"Dug Well",W15177,1998,5.48,'0,5.05,8.08
UP,Mathura,Nohjhil,Nohjhil,27.84666667,77.65333333,Naujheel1,"Dug Well",W15877,1998,17.95,17.54,13.45,15.9
UP,Mathura,Nandgaon,Nandgaon,27.65555556,77.37777778,Barsana,"Dug Well",W15182,1998,3.14,3.43,2.92,4.9
UP,Mathura,Nandgaon,Nandgaon,27.62333333,77.41666667,Chaumuhan,"Dug Well",W15183,1998,5,5.15,2.75,5.75
UP,Mathura,Mat,Mat,27.63333333,77.71666667,Chhatta1,"Dug Well",W15180,1998,11.49,12.07,10.55,13.75
UP,Mathura,Chaumuha,Chaumuha,27.625,77.48666667,Sahar1,"Dug Well",W15869,1998,'0,1.05,2.5,2.5
UP,Mathura,Baldeo,Baldeo,27.43333333,77.74861111,Mahavan,"Dug Well",W15868,1997,14.5,14.5,14.5,14.5
UP,Mathura,Chaumuha,Chaumuha,27.625,77.48666667,Sahar1,"Dug Well",W15869,1997,2.99,2.2,2.17,3.13
UP,Mathura,Govardhan,Govardhan,27.39666667,77.5,Saunkh,"Dug Well",W15873,1997,2.03,3.55,3.38,3.2
UP,Mathura,Baldeo,Baldeo,27.41944444,77.82222222,Baldeo,"Dug Well",W15174,1997,.65,.25,1.05,6.63
UP,Mathura,Farah,Farah,27.32166667,77.76333333,Farah,"Dug Well",W15177,1997,11.08,7.2,7.74,'0
UP,Mathura,Raya,Raya,27.54722222,77.79277778,Raya,"Dug Well",W15878,1997,'0,5.45,'0,6.85
UP,Mathura,Govardhan,Govardhan,27.485,77.46833333,Govardhan,"Dug Well",W15178,1997,2.15,2.93,2.91,10.83
UP,Mathura,Nandgaon,Nandgaon,27.78611111,77.43833333,Kosi,"Dug Well",W15184,1997,.9,1.43,1.84,3.37
UP,Mathura,Nandgaon,Nandgaon,27.65555556,77.37777778,Barsana,"Dug Well",W15182,1997,3.5,.4,.7,4.26
UP,Mathura,Govardhan,Govardhan,27.57333333,77.42222222,"Palson gaon","Dug Well",W15872,1997,2.7,4.13,3.5,7.93
UP,Mathura,Mat,Mat,27.76944444,77.72777778,Surir,"Dug Well",W15874,1997,8.92,8.9,.7,9.45
UP,Mathura,Nandgaon,Nandgaon,27.62333333,77.41666667,Chaumuhan,"Dug Well",W15183,1997,5.45,7.51,6.65,5.53
UP,Mathura,Mathura,Mathura,27.495,77.56833333,Jachoda,"Dug Well",W15181,1997,.78,1.66,.68,2.37
UP,Mathura,Chhata,Chhata,27.78611111,77.60277778,Adampur,"Dug Well",W15175,1997,9.85,9.23,9.05,10.01
UP,Mathura,Mat,Mat,27.63333333,77.71666667,Chhatta1,"Dug Well",W15180,1997,12.45,12.55,'0,12.95
UP,Mathura,Mathura,Mathura,27.57166667,77.69777778,Vridavan,"Dug Well",W15876,1997,10,11.9,11.85,11.43
UP,Mathura,Govardhan,Govardhan,27.37083333,77.57361111,"Jhinga nagla","Dug Well",W15179,1997,.2,.08,.42,.67
UP,Mathura,Nohjhil,Nohjhil,27.84666667,77.65333333,Naujheel1,"Dug Well",W15877,1997,15.8,16,'0,16.2
UP,Mathura,Mat,Mat,27.76944444,77.72777778,Surir,"Dug Well",W15874,1996,7.93,8.77,8.4,9.57
UP,Mathura,Govardhan,Govardhan,27.485,77.46833333,Govardhan,"Dug Well",W15178,1996,2.17,5.49,3.05,5.7
UP,Mathura,Baldeo,Baldeo,27.41944444,77.82222222,Baldeo,"Dug Well",W15174,1996,1.45,'0,3,3.4
UP,Mathura,Baldeo,Baldeo,27.43333333,77.74861111,Mahavan,"Dug Well",W15868,1996,14.5,'0,14.5,13.67
UP,Mathura,Govardhan,Govardhan,27.57333333,77.42222222,"Palson gaon","Dug Well",W15872,1996,1.7,5.93,5.99,5.77
UP,Mathura,Mathura,Mathura,27.495,77.56833333,Jachoda,"Dug Well",W15181,1996,.73,1.88,1.98,5.63
UP,Mathura,Mathura,Mathura,27.57166667,77.69777778,Vridavan,"Dug Well",W15876,1996,10.9,12.37,11.15,12.9
UP,Mathura,Chaumuha,Chaumuha,27.625,77.48666667,Sahar1,"Dug Well",W15869,1996,1.8,2.09,2.73,3
UP,Mathura,Mat,Mat,27.63333333,77.71666667,Chhatta1,"Dug Well",W15180,1996,11.75,12.84,12.15,13.55
UP,Mathura,Nandgaon,Nandgaon,27.62333333,77.41666667,Chaumuhan,"Dug Well",W15183,1996,5.15,6.82,6.87,7.1
UP,Mathura,Nandgaon,Nandgaon,27.65555556,77.37777778,Barsana,"Dug Well",W15182,1996,1.9,3.81,3.88,4.35
UP,Mathura,Nohjhil,Nohjhil,27.84666667,77.65333333,Naujheel1,"Dug Well",W15877,1996,15.95,19.2,16.05,18.97
UP,Mathura,Farah,Farah,27.32166667,77.76333333,Farah,"Dug Well",W15177,1996,'0,8.11,4.22,'0
UP,Mathura,Govardhan,Govardhan,27.37083333,77.57361111,"Jhinga nagla","Dug Well",W15179,1996,.05,1.02,2.03,2.28
UP,Mathura,Nandgaon,Nandgaon,27.78611111,77.43833333,Kosi,"Dug Well",W15184,1996,1.36,2.12,2.11,4.95
UP,Mathura,Chhata,Chhata,27.78611111,77.60277778,Adampur,"Dug Well",W15175,1996,9.55,9.62,10.1,9.9
UP,Mathura,Govardhan,Govardhan,27.39666667,77.5,Saunkh,"Dug Well",W15873,1996,.03,3.93,3.66,4.23
UP,Mathura,Raya,Raya,27.54722222,77.79277778,Raya,"Dug Well",W15878,1996,5.33,6.92,5.3,8.12
