STATE,DISTRICT,TEH_NAME,BLOCK_NAME,LAT,LON,SITE_NAME,SITE_TYPE,WLCODE,YEAR_OBS,MONSOON,POMRB,POMKH,PREMON
WB,Darjiling,Siliguri,Siliguri,26.62638889,88.16,Batasi,"Dug Well",W10431,2018,'0,5.47,'0,'0
WB,Darjiling,Siliguri,Siliguri,26.70972222,88.42333333,"Siliguri Sdo Qt","Dug Well",W33498,2018,'0,'0,'0,6
WB,Darjiling,Siliguri,Siliguri,26.59722222,88.32916667,Phansidewa1,"Dug Well",W10438,2018,'0,3.22,'0,'0
WB,Darjiling,Siliguri,Siliguri,26.475,88.23333333,Muraliganj,"Dug Well",W10435,2018,'0,2.93,'0,'0
WB,Darjiling,Siliguri,Siliguri,26.475,88.23333333,Muraliganj,"Dug Well",W10435,2018,'0,'0,'0,3.21
WB,Darjiling,Siliguri,Siliguri,26.69,88.20222222,Naxalbari1,"Dug Well",W10437,2018,'0,2.72,'0,'0
WB,Darjiling,Karsiyang,Siliguri,26.90833333,88.44166667,Sevok,"Dug Well",W11180,2018,'0,5.35,'0,'0
WB,Darjiling,Karsiyang,Siliguri,26.90833333,88.44166667,Sevok,"Dug Well",W11180,2018,'0,'0,'0,5.09
WB,Darjiling,Siliguri,Siliguri,26.55138889,88.1375,Galgalia,"Dug Well",W10432,2018,'0,2.88,'0,'0
WB,Darjiling,Siliguri,Siliguri,26.55138889,88.1375,Galgalia,"Dug Well",W10432,2018,'0,'0,'0,2.67
WB,Darjiling,Siliguri,Siliguri,26.66,88.30138889,Bagdogra,"Dug Well",W10430,2018,'0,3.04,'0,'0
WB,Darjiling,Siliguri,Siliguri,26.66,88.30138889,Bagdogra,"Dug Well",W10430,2018,'0,'0,'0,2.59
WB,Darjiling,Siliguri,Siliguri,26.75416667,88.24861111,Tirhana,"Dug Well",W11184,2018,'0,7.72,'0,'0
WB,Darjiling,Siliguri,Siliguri,26.75416667,88.24861111,Tirhana,"Dug Well",W11184,2018,'0,'0,'0,7.15
WB,Darjiling,Siliguri,Siliguri,26.76916667,88.37944444,Methibari,"Bore Well",W29675,2018,'0,'0,'0,1.91
WB,Darjiling,Siliguri,Siliguri,26.55583333,88.19222222,Kharibari1,"Dug Well",W29614,2018,'0,3.22,'0,'0
WB,Darjiling,Siliguri,Siliguri,26.55583333,88.19222222,Kharibari1,"Dug Well",W29614,2018,'0,'0,'0,3.65
WB,Darjiling,Siliguri,Siliguri,26.55944444,88.12055556,Kadamani,"Dug Well",W29616,2018,'0,2.86,'0,'0
WB,Darjiling,Siliguri,Siliguri,26.55944444,88.12055556,Kadamani,"Dug Well",W29616,2018,'0,'0,'0,3.2
WB,Darjiling,Siliguri,Siliguri,26.56944444,88.23416667,Sonachandi,"Dug Well",W29623,2018,'0,2.28,'0,'0
WB,Darjiling,Siliguri,Siliguri,26.57361111,88.27916667,Ambarimore2,"Dug Well",W29626,2018,'0,2.89,'0,'0
WB,Darjiling,Siliguri,Siliguri,26.57361111,88.27916667,Ambarimore2,"Dug Well",W29626,2018,'0,'0,'0,3.84
WB,Darjiling,Siliguri,Siliguri,26.57527778,88.175,"Demra Vita","Dug Well",W29628,2018,'0,2.75,'0,'0
WB,Darjiling,Siliguri,Siliguri,26.57527778,88.175,"Demra Vita","Dug Well",W29628,2018,'0,'0,'0,2.8
WB,Darjiling,Siliguri,Siliguri,26.5875,88.31333333,"Tuta Pakri Basti (Bakulin","Dug Well",W29636,2018,'0,4.49,'0,'0
WB,Darjiling,Siliguri,Siliguri,26.5875,88.31333333,"Tuta Pakri Basti (Bakulin","Dug Well",W29636,2018,'0,'0,'0,5.95
WB,Darjiling,Siliguri,Siliguri,26.63166667,88.37555556,"Leusi Pakuri","Dug Well",W29648,2018,'0,3.25,'0,'0
WB,Darjiling,Siliguri,Siliguri,26.63166667,88.37555556,"Leusi Pakuri","Dug Well",W29648,2018,'0,'0,'0,2.95
WB,Darjiling,Siliguri,Siliguri,26.65694444,88.18194444,Prasadjyote,"Dug Well",W29654,2018,'0,3.62,'0,'0
WB,Darjiling,Siliguri,Siliguri,26.65694444,88.18194444,Prasadjyote,"Dug Well",W29654,2018,'0,'0,'0,3.12
WB,Darjiling,Siliguri,Siliguri,26.705,88.42666667,Siliguri2,"Dug Well",W29664,2018,'0,6,'0,'0
WB,Darjiling,Siliguri,Siliguri,26.705,88.42666667,Siliguri2,"Dug Well",W29664,2018,'0,'0,'0,9
WB,Darjiling,Karsiyang,Karsiyang,26.79111111,88.3625,Sukna1,"Dug Well",W29677,2018,'0,'0,'0,6.98
WB,Darjiling,Siliguri,Siliguri,26.68611111,88.20277778,Naxalbari,"Dug Well",W33497,2018,'0,4.48,'0,'0
WB,Darjiling,Siliguri,Siliguri,26.68611111,88.20277778,Naxalbari,"Dug Well",W33497,2018,'0,'0,'0,3.83
WB,Darjiling,Siliguri,Siliguri,26.62638889,88.16,Batasi,"Dug Well",W10431,2018,'0,'0,'0,5.43
WB,Darjiling,Siliguri,Siliguri,26.62638889,88.16,Batasi,"Dug Well",W10431,2017,'0,5.3,'0,5.47
WB,Darjiling,Siliguri,Siliguri,26.70972222,88.42333333,"Siliguri Sdo Qt","Dug Well",W33498,2017,'0,'0,'0,2.14
WB,Darjiling,Siliguri,Siliguri,26.49666667,88.2,Muraliganj1,"Dug Well",W10436,2017,'0,'0,'0,2.73
WB,Darjiling,Siliguri,Siliguri,26.59722222,88.32916667,Phansidewa1,"Dug Well",W10438,2017,'0,'0,'0,3.16
WB,Darjiling,Siliguri,Siliguri,26.59722222,88.32916667,Phansidewa1,"Dug Well",W10438,2017,'0,'0,2.9,'0
WB,Darjiling,Karsiyang,Karsiyang,26.81666667,88.35,Sukna,"Dug Well",W11181,2017,'0,8.83,'0,8.9
WB,Darjiling,Karsiyang,Karsiyang,26.81666667,88.35,Sukna,"Dug Well",W11181,2017,'0,'0,6.49,'0
WB,Darjiling,Siliguri,Siliguri,26.475,88.23333333,Muraliganj,"Dug Well",W10435,2017,'0,2.9,'0,'0
WB,Darjiling,Siliguri,Siliguri,26.475,88.23333333,Muraliganj,"Dug Well",W10435,2017,'0,'0,2.52,'0
WB,Darjiling,Siliguri,Siliguri,26.58,88.24861111,Ambarimore,"Dug Well",W10428,2017,.94,3.04,'0,3.5
WB,Darjiling,Siliguri,Siliguri,26.69,88.20222222,Naxalbari1,"Dug Well",W10437,2017,'0,3.22,'0,2.8
WB,Darjiling,Siliguri,Siliguri,26.69,88.20222222,Naxalbari1,"Dug Well",W10437,2017,'0,'0,2.98,'0
WB,Darjiling,Karsiyang,Siliguri,26.90833333,88.44166667,Sevok,"Dug Well",W11180,2017,'0,5.27,'0,5.06
WB,Darjiling,Siliguri,Siliguri,26.70833333,88.43333333,"Siliguri Rlystn","Dug Well",W11183,2017,'0,'0,'0,3.5
WB,Darjiling,Siliguri,Siliguri,26.55138889,88.1375,Galgalia,"Dug Well",W10432,2017,2.14,2.75,'0,3.08
WB,Darjiling,Siliguri,Siliguri,26.55138889,88.1375,Galgalia,"Dug Well",W10432,2017,'0,'0,2.71,'0
WB,Darjiling,Siliguri,Siliguri,26.66,88.30138889,Bagdogra,"Dug Well",W10430,2017,2.09,5.69,'0,7.72
WB,Darjiling,Siliguri,Siliguri,26.66,88.30138889,Bagdogra,"Dug Well",W10430,2017,'0,'0,6.1,'0
WB,Darjiling,Siliguri,Siliguri,26.75416667,88.24861111,Tirhana,"Dug Well",W11184,2017,2.95,7.38,'0,7.78
WB,Darjiling,Siliguri,Siliguri,26.75416667,88.24861111,Tirhana,"Dug Well",W11184,2017,'0,'0,7.01,'0
WB,Darjiling,Siliguri,Siliguri,26.55583333,88.19222222,Kharibari1,"Dug Well",W29614,2017,'0,5.07,'0,'0
WB,Darjiling,Siliguri,Siliguri,26.55583333,88.19222222,Kharibari1,"Dug Well",W29614,2017,'0,'0,2.5,'0
WB,Darjiling,Siliguri,Siliguri,26.55944444,88.12055556,Kadamani,"Dug Well",W29616,2017,1.03,2.86,'0,3.04
WB,Darjiling,Siliguri,Siliguri,26.56944444,88.23416667,Sonachandi,"Dug Well",W29623,2017,1.01,2.28,'0,2.79
WB,Darjiling,Siliguri,Siliguri,26.56944444,88.23416667,Sonachandi,"Dug Well",W29623,2017,'0,'0,2.06,'0
WB,Darjiling,Siliguri,Siliguri,26.57361111,88.27916667,Ambarimore2,"Dug Well",W29626,2017,'0,'0,'0,4.14
WB,Darjiling,Siliguri,Siliguri,26.57361111,88.27916667,Ambarimore2,"Dug Well",W29626,2017,'0,'0,2.28,'0
WB,Darjiling,Siliguri,Siliguri,26.57527778,88.175,"Demra Vita","Dug Well",W29628,2017,.45,2.65,'0,2.97
WB,Darjiling,Siliguri,Siliguri,26.5875,88.31333333,"Tuta Pakri Basti (Bakulin","Dug Well",W29636,2017,'0,4.03,'0,5.9
WB,Darjiling,Siliguri,Siliguri,26.5875,88.31333333,"Tuta Pakri Basti (Bakulin","Dug Well",W29636,2017,'0,'0,2.96,'0
WB,Darjiling,Siliguri,Siliguri,26.63166667,88.37555556,"Leusi Pakuri","Dug Well",W29648,2017,.83,3.58,'0,3.85
WB,Darjiling,Siliguri,Siliguri,26.63166667,88.37555556,"Leusi Pakuri","Dug Well",W29648,2017,'0,'0,2.91,'0
WB,Darjiling,Siliguri,Siliguri,26.65694444,88.18194444,Prasadjyote,"Dug Well",W29654,2017,.96,3.14,'0,2.41
WB,Darjiling,Siliguri,Siliguri,26.65694444,88.18194444,Prasadjyote,"Dug Well",W29654,2017,'0,'0,3.21,'0
WB,Darjiling,Siliguri,Siliguri,26.705,88.42666667,Siliguri2,"Dug Well",W29664,2017,'0,'0,'0,9.05
WB,Darjiling,Siliguri,Siliguri,26.705,88.42666667,Siliguri2,"Dug Well",W29664,2017,'0,'0,5.89,'0
WB,Darjiling,Siliguri,Siliguri,26.71361111,88.39527778,Tumbajote,"Dug Well",W29667,2017,'0,'0,'0,'0
WB,Darjiling,Siliguri,Siliguri,26.68611111,88.20277778,Naxalbari,"Dug Well",W33497,2017,1.68,'0,'0,3.27
WB,Darjiling,Siliguri,Siliguri,26.68611111,88.20277778,Naxalbari,"Dug Well",W33497,2017,'0,'0,4.96,'0
WB,Darjiling,Siliguri,Siliguri,26.62638889,88.16,Batasi,"Dug Well",W10431,2017,'0,'0,5.37,'0
WB,Darjiling,Siliguri,Siliguri,26.62638889,88.16,Batasi,"Dug Well",W10431,2016,'0,'0,1.95,'0
WB,Darjiling,Siliguri,Siliguri,26.49666667,88.2,Muraliganj1,"Dug Well",W10436,2016,1.66,'0,'0,3.23
WB,Darjiling,Siliguri,Siliguri,26.59722222,88.32916667,Phansidewa1,"Dug Well",W10438,2016,1.92,'0,'0,3.61
WB,Darjiling,Karsiyang,Karsiyang,26.81666667,88.35,Sukna,"Dug Well",W11181,2016,'0,'0,3.09,'0
WB,Darjiling,Siliguri,Siliguri,26.475,88.23333333,Muraliganj,"Dug Well",W10435,2016,'0,'0,1.67,'0
WB,Darjiling,Siliguri,Siliguri,26.58,88.24861111,Ambarimore,"Dug Well",W10428,2016,1.69,'0,1.54,'0
WB,Darjiling,Siliguri,Siliguri,26.69,88.20222222,Naxalbari1,"Dug Well",W10437,2016,3.5,'0,'0,'0
WB,Darjiling,Karsiyang,Siliguri,26.90833333,88.44166667,Sevok,"Dug Well",W11180,2016,4.81,'0,4.64,4.93
WB,Darjiling,Siliguri,Siliguri,26.70833333,88.43333333,"Siliguri Rlystn","Dug Well",W11183,2016,.41,'0,.51,'0
WB,Darjiling,Siliguri,Siliguri,26.55138889,88.1375,Galgalia,"Dug Well",W10432,2016,'0,'0,2.41,'0
WB,Darjiling,Siliguri,Siliguri,26.66,88.30138889,Bagdogra,"Dug Well",W10430,2016,3.6,'0,4.44,7.97
WB,Darjiling,Siliguri,Siliguri,26.75416667,88.24861111,Tirhana,"Dug Well",W11184,2016,4.33,'0,4.54,7.17
WB,Darjiling,Siliguri,Siliguri,26.72277778,88.41583333,Sukna1,"Dug Well",W29669,2016,'0,1.75,'0,2.27
WB,Darjiling,Siliguri,Siliguri,26.76916667,88.37944444,Methibari,"Bore Well",W29675,2016,'0,2.98,'0,'0
WB,Darjiling,Siliguri,Siliguri,26.52388889,88.14388889,"Chakkar Mari","Dug Well",W29599,2016,'0,2.27,'0,'0
WB,Darjiling,Siliguri,Siliguri,26.545,88.25666667,Madati(Dangapara),"Bore Well",W29609,2016,'0,7.07,'0,'0
WB,Darjiling,Siliguri,Siliguri,26.555,88.19111111,Kharibari2,"Bore Well",W29613,2016,'0,5.66,'0,'0
WB,Darjiling,Siliguri,Siliguri,26.55583333,88.19222222,Kharibari1,"Dug Well",W29614,2016,'0,3.75,3.48,'0
WB,Darjiling,Siliguri,Siliguri,26.55583333,88.19222222,Khairbari,"Dug Well",W29615,2016,'0,3.12,'0,4.81
WB,Darjiling,Siliguri,Siliguri,26.55944444,88.12055556,Kadamani,"Dug Well",W29616,2016,2.06,2.7,1.96,3.84
WB,Darjiling,Siliguri,Siliguri,26.56944444,88.23416667,Sonachandi,"Dug Well",W29623,2016,1.55,2.38,1.73,3.47
WB,Darjiling,Siliguri,Siliguri,26.57361111,88.27916667,Ambarimore2,"Dug Well",W29626,2016,'0,4.74,'0,5.34
WB,Darjiling,Siliguri,Siliguri,26.57527778,88.175,"Demra Vita","Dug Well",W29628,2016,1.22,2.64,1.36,3.87
WB,Darjiling,Siliguri,Siliguri,26.58722222,88.27472222,"Ghosh Pukur","Dug Well",W29635,2016,'0,'0,'0,4.37
WB,Darjiling,Siliguri,Siliguri,26.5875,88.31333333,"Tuta Pakri Basti (Bakulin","Dug Well",W29636,2016,1.77,3.51,'0,'0
WB,Darjiling,Siliguri,Siliguri,26.58833333,88.31972222,"Gayaganga Kanthi Vita","Dug Well",W29638,2016,'0,5.35,'0,6.45
WB,Darjiling,Siliguri,Siliguri,26.6025,88.18055556,Batasi1,"Dug Well",W29641,2016,'0,5.52,'0,'0
WB,Darjiling,Siliguri,Siliguri,26.63166667,88.37555556,"Leusi Pakuri","Dug Well",W29648,2016,1.85,3.4,2.5,3.52
WB,Darjiling,Siliguri,Siliguri,26.65694444,88.18194444,Prasadjyote,"Dug Well",W29654,2016,1.29,'0,2.09,3.49
WB,Darjiling,Siliguri,Siliguri,26.68638889,88.21194444,Naxalbari2,"Bore Well",W29658,2016,'0,7.97,'0,'0
WB,Darjiling,Siliguri,Siliguri,26.705,88.42666667,Siliguri2,"Dug Well",W29664,2016,'0,11.2,'0,12.75
WB,Darjiling,Siliguri,Siliguri,26.71194444,88.3075,Kamalpur1,"Dug Well",W29666,2016,'0,2.7,'0,2.77
WB,Darjiling,Siliguri,Siliguri,26.71361111,88.39527778,Tumbajote,"Dug Well",W29667,2016,'0,'0,'0,3.4
WB,Darjiling,Siliguri,Siliguri,26.72027778,88.38305556,Matigara,"Dug Well",W29668,2016,'0,7.34,'0,8.34
WB,Darjiling,Karsiyang,Karsiyang,26.79111111,88.3625,Sukna1,"Dug Well",W29677,2016,'0,8.28,'0,8.33
WB,Darjiling,Siliguri,Siliguri,26.68611111,88.20277778,Naxalbari,"Dug Well",W33497,2016,'0,'0,2.82,'0
WB,Darjiling,Siliguri,Siliguri,26.70972222,88.42333333,"Siliguri Sdo Qt","Dug Well",W33498,2016,'0,'0,.81,'0
WB,Darjiling,Siliguri,Siliguri,26.57527778,88.175,"Demra Vita","Dug Well",W29628,2015,1.9,2.21,2.03,3.02
WB,Darjiling,Siliguri,Siliguri,26.59722222,88.32916667,Phansidewa1,"Dug Well",W10438,2015,.71,3.17,2.69,3.29
WB,Darjiling,Siliguri,Siliguri,26.5875,88.31333333,"Tuta Pakri Basti (Bakulin","Dug Well",W29636,2015,3.1,3.86,2.69,4.32
WB,Darjiling,Siliguri,Siliguri,26.58833333,88.31972222,"Gayaganga Kanthi Vita","Dug Well",W29638,2015,.92,5.01,4.81,6.14
WB,Darjiling,Siliguri,Siliguri,26.6025,88.18055556,Batasi1,"Dug Well",W29641,2015,2.35,5.58,5.13,5.7
WB,Darjiling,Siliguri,Siliguri,26.63166667,88.37555556,"Leusi Pakuri","Dug Well",W29648,2015,.8,3.05,3.2,3.25
WB,Darjiling,Siliguri,Siliguri,26.65694444,88.18194444,Prasadjyote,"Dug Well",W29654,2015,2.05,3.56,'0,'0
WB,Darjiling,Siliguri,Siliguri,26.68638889,88.21194444,Naxalbari2,"Bore Well",W29658,2015,4.5,3.52,3.3,4.2
WB,Darjiling,Siliguri,Siliguri,26.705,88.42666667,Siliguri2,"Dug Well",W29664,2015,8.45,9.37,9.6,14.24
WB,Darjiling,Siliguri,Siliguri,26.71194444,88.3075,Kamalpur1,"Dug Well",W29666,2015,2.32,1.58,2.55,2.44
WB,Darjiling,Siliguri,Siliguri,26.71361111,88.39527778,Tumbajote,"Dug Well",W29667,2015,2.34,'0,2.83,2.43
WB,Darjiling,Siliguri,Siliguri,26.72027778,88.38305556,Matigara,"Dug Well",W29668,2015,2.94,7.19,6.41,7.26
WB,Darjiling,Karsiyang,Karsiyang,26.79111111,88.3625,Sukna1,"Dug Well",W29677,2015,3.05,8.52,4.03,8.05
WB,Darjiling,Siliguri,Siliguri,26.66,88.30138889,Bagdogra,"Dug Well",W10430,2015,3.1,5,3.83,5.35
WB,Darjiling,Siliguri,Siliguri,26.75416667,88.24861111,Tirhana,"Dug Well",W11184,2015,2.3,6.73,6.04,7.64
WB,Darjiling,Siliguri,Siliguri,26.72277778,88.41583333,Sukna1,"Dug Well",W29669,2015,.5,'0,.84,1.44
WB,Darjiling,Siliguri,Siliguri,26.76916667,88.37944444,Methibari,"Bore Well",W29675,2015,.88,'0,2.18,2.08
WB,Darjiling,Siliguri,Siliguri,26.52388889,88.14388889,"Chakkar Mari","Dug Well",W29599,2015,2.25,1.98,1.7,2.01
WB,Darjiling,Siliguri,Siliguri,26.545,88.25666667,Madati(Dangapara),"Bore Well",W29609,2015,1.12,6.93,6.24,6.97
WB,Darjiling,Siliguri,Siliguri,26.555,88.19111111,Kharibari2,"Bore Well",W29613,2015,2.78,4.44,4.47,4.93
WB,Darjiling,Siliguri,Siliguri,26.55583333,88.19222222,Kharibari1,"Dug Well",W29614,2015,2.7,2.97,3.46,3.25
WB,Darjiling,Siliguri,Siliguri,26.55583333,88.19222222,Khairbari,"Dug Well",W29615,2015,.95,3.22,2.35,2.45
WB,Darjiling,Siliguri,Siliguri,26.55944444,88.12055556,Kadamani,"Dug Well",W29616,2015,1.12,2.55,2.3,2.92
WB,Darjiling,Siliguri,Siliguri,26.56944444,88.23416667,Sonachandi,"Dug Well",W29623,2015,1.03,2.35,2.12,2.78
WB,Darjiling,Siliguri,Siliguri,26.57361111,88.27916667,Ambarimore2,"Dug Well",W29626,2015,.74,2.22,2.23,2.94
WB,Darjiling,Siliguri,Siliguri,26.69,88.20222222,Naxalbari1,"Dug Well",W10437,2015,4.41,2.68,2.18,2.71
WB,Darjiling,Karsiyang,Siliguri,26.90833333,88.44166667,Sevok,"Dug Well",W11180,2015,2.25,4.5,4.72,4.08
WB,Darjiling,Siliguri,Siliguri,26.55138889,88.1375,Galgalia,"Dug Well",W10432,2015,1.38,'0,2.53,2.58
WB,Darjiling,Siliguri,Siliguri,26.49666667,88.2,Muraliganj1,"Dug Well",W10436,2015,.99,2.76,2.15,3.04
WB,Darjiling,Siliguri,Siliguri,26.58722222,88.27472222,"Ghosh Pukur","Dug Well",W29635,2015,.7,3.9,3.26,3.95
WB,Darjiling,Siliguri,Siliguri,26.57527778,88.175,"Demra Vita","Dug Well",W29628,2014,.65,3.6,2.26,3.08
WB,Darjiling,Karsiyang,Karsiyang,26.81666667,88.35,Sukna,"Dug Well",W11181,2014,3.16,'0,'0,9.67
WB,Darjiling,Siliguri,Siliguri,26.5875,88.31333333,"Tuta Pakri Basti (Bakulin","Dug Well",W29636,2014,1.45,2.95,2.48,5.08
WB,Darjiling,Siliguri,Siliguri,26.58833333,88.31972222,"Gayaganga Kanthi Vita","Dug Well",W29638,2014,3.69,2.27,4.47,3.48
WB,Darjiling,Siliguri,Siliguri,26.6025,88.18055556,Batasi1,"Dug Well",W29641,2014,4.78,5.7,5.1,5.83
WB,Darjiling,Siliguri,Siliguri,26.63166667,88.37555556,"Leusi Pakuri","Dug Well",W29648,2014,.98,2.95,2.62,3.83
WB,Darjiling,Siliguri,Siliguri,26.65694444,88.18194444,Prasadjyote,"Dug Well",W29654,2014,'0,3,3.72,3.23
WB,Darjiling,Siliguri,Siliguri,26.68638889,88.21194444,Naxalbari2,"Bore Well",W29658,2014,2.67,'0,3.2,'0
WB,Darjiling,Siliguri,Siliguri,26.705,88.42666667,Siliguri2,"Dug Well",W29664,2014,7.22,7.6,6.65,11.25
WB,Darjiling,Siliguri,Siliguri,26.71194444,88.3075,Kamalpur1,"Dug Well",W29666,2014,2.15,2.57,2.63,2.85
WB,Darjiling,Siliguri,Siliguri,26.71361111,88.39527778,Tumbajote,"Dug Well",W29667,2014,.26,2.49,1.54,3.41
WB,Darjiling,Siliguri,Siliguri,26.72027778,88.38305556,Matigara,"Dug Well",W29668,2014,2.17,7.04,6.24,7.66
WB,Darjiling,Karsiyang,Karsiyang,26.79111111,88.3625,Sukna1,"Dug Well",W29677,2014,'0,6.45,4.13,'0
WB,Darjiling,Siliguri,Siliguri,26.66,88.30138889,Bagdogra,"Dug Well",W10430,2014,2.87,5,'0,7.05
WB,Darjiling,Siliguri,Siliguri,26.75416667,88.24861111,Tirhana,"Dug Well",W11184,2014,3.58,6.6,'0,7.47
WB,Darjiling,Siliguri,Siliguri,26.72277778,88.41583333,Sukna1,"Dug Well",W29669,2014,.12,3.7,1.04,1.99
WB,Darjiling,Siliguri,Siliguri,26.76916667,88.37944444,Methibari,"Bore Well",W29675,2014,1.08,2.88,2.46,'0
WB,Darjiling,Siliguri,Siliguri,26.52388889,88.14388889,"Chakkar Mari","Dug Well",W29599,2014,.49,2.35,1.46,2.71
WB,Darjiling,Siliguri,Siliguri,26.545,88.25666667,Madati(Dangapara),"Bore Well",W29609,2014,4.92,6.47,6.01,7.78
WB,Darjiling,Siliguri,Siliguri,26.555,88.19111111,Kharibari2,"Bore Well",W29613,2014,2.84,5.63,3.33,6.56
WB,Darjiling,Siliguri,Siliguri,26.55583333,88.19222222,Kharibari1,"Dug Well",W29614,2014,1.02,2.5,2.03,4.24
WB,Darjiling,Siliguri,Siliguri,26.55583333,88.19222222,Khairbari,"Dug Well",W29615,2014,.9,3.15,2.05,5.33
WB,Darjiling,Siliguri,Siliguri,26.55944444,88.12055556,Kadamani,"Dug Well",W29616,2014,1.25,2.72,2.18,3.12
WB,Darjiling,Siliguri,Siliguri,26.56944444,88.23416667,Sonachandi,"Dug Well",W29623,2014,1.08,2.48,2.61,4.93
WB,Darjiling,Siliguri,Siliguri,26.57361111,88.27916667,Ambarimore2,"Dug Well",W29626,2014,.76,2.34,1.74,3.78
WB,Darjiling,Siliguri,Siliguri,26.69,88.20222222,Naxalbari1,"Dug Well",W10437,2014,1.8,2.06,'0,2.91
WB,Darjiling,Karsiyang,Siliguri,26.90833333,88.44166667,Sevok,"Dug Well",W11180,2014,2.75,4.6,'0,4.19
WB,Darjiling,Siliguri,Siliguri,26.55138889,88.1375,Galgalia,"Dug Well",W10432,2014,1.92,2.48,'0,'0
WB,Darjiling,Siliguri,Siliguri,26.49666667,88.2,Muraliganj1,"Dug Well",W10436,2014,1.08,2.54,'0,3.25
WB,Darjiling,Siliguri,Siliguri,26.59722222,88.32916667,Phansidewa1,"Dug Well",W10438,2014,1.31,2.76,'0,3.41
WB,Darjiling,Siliguri,Siliguri,26.58722222,88.27472222,"Ghosh Pukur","Dug Well",W29635,2014,1.21,2.75,2.8,4.55
WB,Darjiling,Siliguri,Siliguri,26.57527778,88.175,"Demra Vita","Dug Well",W29628,2013,.56,'0,1.28,3.08
WB,Darjiling,Siliguri,Siliguri,26.58,88.24861111,Ambarimore,"Dug Well",W10428,2013,'0,'0,'0,3.14
WB,Darjiling,Siliguri,Siliguri,26.5875,88.31333333,"Tuta Pakri Basti (Bakulin","Dug Well",W29636,2013,1.55,'0,2.41,5.88
WB,Darjiling,Siliguri,Siliguri,26.58833333,88.31972222,"Gayaganga Kanthi Vita","Dug Well",W29638,2013,3.02,5,4.11,5.94
WB,Darjiling,Siliguri,Siliguri,26.6025,88.18055556,Batasi1,"Dug Well",W29641,2013,4.55,5.65,5.41,8.77
WB,Darjiling,Siliguri,Siliguri,26.63166667,88.37555556,"Leusi Pakuri","Dug Well",W29648,2013,.98,'0,2.29,4.06
WB,Darjiling,Siliguri,Siliguri,26.65694444,88.18194444,Prasadjyote,"Dug Well",W29654,2013,1.13,'0,1.87,3.33
WB,Darjiling,Siliguri,Siliguri,26.68638889,88.21194444,Naxalbari2,"Bore Well",W29658,2013,2.25,3.6,2.87,4.1
WB,Darjiling,Siliguri,Siliguri,26.705,88.42666667,Siliguri2,"Dug Well",W29664,2013,7.31,6.72,7.96,9.97
WB,Darjiling,Siliguri,Siliguri,26.71194444,88.3075,Kamalpur1,"Dug Well",W29666,2013,'0,2.61,2.44,2.62
WB,Darjiling,Siliguri,Siliguri,26.71361111,88.39527778,Tumbajote,"Dug Well",W29667,2013,.31,2.37,1.04,4.44
WB,Darjiling,Siliguri,Siliguri,26.72027778,88.38305556,Matigara,"Dug Well",W29668,2013,2.59,7.61,5.2,8.49
WB,Darjiling,Karsiyang,Karsiyang,26.79111111,88.3625,Sukna1,"Dug Well",W29677,2013,'0,7.26,3.69,9.58
WB,Darjiling,Siliguri,Siliguri,26.66,88.30138889,Bagdogra,"Dug Well",W10430,2013,2.98,5.36,3.7,5.67
WB,Darjiling,Siliguri,Siliguri,26.75416667,88.24861111,Tirhana,"Dug Well",W11184,2013,'0,6.49,5.4,7.32
WB,Darjiling,Siliguri,Siliguri,26.72277778,88.41583333,Sukna1,"Dug Well",W29669,2013,.23,1.3,.73,6.38
WB,Darjiling,Siliguri,Siliguri,26.76916667,88.37944444,Methibari,"Bore Well",W29675,2013,'0,1.52,1.3,'0
WB,Darjiling,Siliguri,Siliguri,26.52388889,88.14388889,"Chakkar Mari","Dug Well",W29599,2013,.4,2.21,1.22,3.11
WB,Darjiling,Siliguri,Siliguri,26.545,88.25666667,Madati(Dangapara),"Bore Well",W29609,2013,4.32,6.36,5.42,3.86
WB,Darjiling,Siliguri,Siliguri,26.555,88.19111111,Kharibari2,"Bore Well",W29613,2013,2.85,4.33,3.41,5.51
WB,Darjiling,Siliguri,Siliguri,26.55583333,88.19222222,Kharibari1,"Dug Well",W29614,2013,.79,2.95,1.51,4.66
WB,Darjiling,Siliguri,Siliguri,26.55583333,88.19222222,Khairbari,"Dug Well",W29615,2013,.9,3.8,1.76,4.03
WB,Darjiling,Siliguri,Siliguri,26.55944444,88.12055556,Kadamani,"Dug Well",W29616,2013,'0,'0,1.84,3.08
WB,Darjiling,Siliguri,Siliguri,26.56944444,88.23416667,Sonachandi,"Dug Well",W29623,2013,1.12,'0,1.83,5.02
WB,Darjiling,Siliguri,Siliguri,26.57361111,88.27916667,Ambarimore2,"Dug Well",W29626,2013,.13,2.5,1.51,3.14
WB,Darjiling,Siliguri,Siliguri,26.69,88.20222222,Naxalbari1,"Dug Well",W10437,2013,1.84,3.01,2.37,2.46
WB,Darjiling,Karsiyang,Siliguri,26.90833333,88.44166667,Sevok,"Dug Well",W11180,2013,1.68,4.26,3.57,1.46
WB,Darjiling,Siliguri,Siliguri,26.55138889,88.1375,Galgalia,"Dug Well",W10432,2013,1.93,2.62,2.45,2.67
WB,Darjiling,Siliguri,Siliguri,26.49666667,88.2,Muraliganj1,"Dug Well",W10436,2013,.54,2.76,2.05,4.27
WB,Darjiling,Siliguri,Siliguri,26.59722222,88.32916667,Phansidewa1,"Dug Well",W10438,2013,1.33,2.91,2.5,3.32
WB,Darjiling,Karsiyang,Karsiyang,26.81666667,88.35,Sukna,"Dug Well",W11181,2013,'0,7.26,'0,9.58
WB,Darjiling,Siliguri,Siliguri,26.58722222,88.27472222,"Ghosh Pukur","Dug Well",W29635,2013,1.4,4,2.56,4.85
WB,Darjiling,Siliguri,Siliguri,26.6025,88.18055556,Batasi1,"Dug Well",W29641,2012,'0,'0,4.02,'0
WB,Darjiling,Karsiyang,Karsiyang,26.81666667,88.35,Sukna,"Dug Well",W11181,2012,'0,'0,6.43,'0
WB,Darjiling,Siliguri,Siliguri,26.71361111,88.39527778,Tumbajote,"Dug Well",W29667,2012,'0,'0,1.65,'0
WB,Darjiling,Siliguri,Siliguri,26.72027778,88.38305556,Matigara,"Dug Well",W29668,2012,'0,'0,4.72,'0
WB,Darjiling,Karsiyang,Karsiyang,26.79111111,88.3625,Sukna1,"Dug Well",W29677,2012,'0,'0,6.43,'0
WB,Darjiling,Siliguri,Siliguri,26.66,88.30138889,Bagdogra,"Dug Well",W10430,2012,'0,5.92,5.15,5.33
WB,Darjiling,Siliguri,Siliguri,26.75416667,88.24861111,Tirhana,"Dug Well",W11184,2012,'0,5.77,4.4,7.3
WB,Darjiling,Siliguri,Siliguri,26.72277778,88.41583333,Sukna1,"Dug Well",W29669,2012,'0,'0,1.05,'0
WB,Darjiling,Siliguri,Siliguri,26.55583333,88.19222222,Kharibari1,"Dug Well",W29614,2012,'0,'0,1.15,'0
WB,Darjiling,Siliguri,Siliguri,26.55583333,88.19222222,Khairbari,"Dug Well",W29615,2012,'0,'0,3.55,'0
WB,Darjiling,Siliguri,Siliguri,26.57361111,88.27916667,Ambarimore2,"Dug Well",W29626,2012,'0,'0,3.04,'0
WB,Darjiling,Siliguri,Siliguri,26.69,88.20222222,Naxalbari1,"Dug Well",W10437,2012,'0,1.65,3,2.66
WB,Darjiling,Karsiyang,Siliguri,26.90833333,88.44166667,Sevok,"Dug Well",W11180,2012,'0,4.06,3.34,4.18
WB,Darjiling,Siliguri,Siliguri,26.55138889,88.1375,Galgalia,"Dug Well",W10432,2012,'0,'0,1.04,2.58
WB,Darjiling,Siliguri,Siliguri,26.49666667,88.2,Muraliganj1,"Dug Well",W10436,2012,'0,2.69,2.23,2.53
WB,Darjiling,Siliguri,Siliguri,26.59722222,88.32916667,Phansidewa1,"Dug Well",W10438,2012,'0,1.95,1.22,3.05
WB,Darjiling,Siliguri,Siliguri,26.705,88.42666667,Siliguri2,"Dug Well",W29664,2012,'0,'0,5.6,'0
WB,Darjiling,Siliguri,Siliguri,26.66,88.30138889,Bagdogra,"Dug Well",W10430,2011,2.91,4.5,4.86,6.7
WB,Darjiling,Siliguri,Siliguri,26.75416667,88.24861111,Tirhana,"Dug Well",W11184,2011,1.72,6.5,5.2,7.12
WB,Darjiling,Siliguri,Siliguri,26.69,88.20222222,Naxalbari1,"Dug Well",W10437,2011,1.14,2.99,2.63,2.81
WB,Darjiling,Siliguri,Siliguri,26.58194444,88.24722222,Ambarimore1,"Dug Well",W10429,2011,'0,2.39,'0,'0
WB,Darjiling,Karsiyang,Siliguri,26.90833333,88.44166667,Sevok,"Dug Well",W11180,2011,2.34,'0,3.56,3.87
WB,Darjiling,Karsiyang,Karsiyang,26.81666667,88.35,Sukna,"Dug Well",W11181,2011,'0,7.49,'0,'0
WB,Darjiling,Siliguri,Siliguri,26.55138889,88.1375,Galgalia,"Dug Well",W10432,2011,1.42,1.62,2.86,3.95
WB,Darjiling,Siliguri,Siliguri,26.62638889,88.16,Batasi,"Dug Well",W10431,2011,'0,5.45,'0,'0
WB,Darjiling,Siliguri,Siliguri,26.49666667,88.2,Muraliganj1,"Dug Well",W10436,2011,1.09,2.75,2.19,2.91
WB,Darjiling,Siliguri,Siliguri,26.59722222,88.32916667,Phansidewa1,"Dug Well",W10438,2011,1.17,3.01,2.41,3
WB,Darjiling,Siliguri,Siliguri,26.70833333,88.43333333,"Siliguri Rlystn","Dug Well",W11183,2011,'0,1.6,'0,'0
WB,Darjiling,Siliguri,Siliguri,26.66,88.30138889,Bagdogra,"Dug Well",W10430,2010,3.48,5.56,4.78,6.75
WB,Darjiling,Siliguri,Siliguri,26.75416667,88.24861111,Tirhana,"Dug Well",W11184,2010,1.75,6.04,2.99,7.15
WB,Darjiling,Siliguri,Siliguri,26.69,88.20222222,Naxalbari1,"Dug Well",W10437,2010,1.46,2.99,2.81,2.97
WB,Darjiling,Siliguri,Siliguri,26.58194444,88.24722222,Ambarimore1,"Dug Well",W10429,2010,.59,3,1.74,'0
WB,Darjiling,Karsiyang,Siliguri,26.90833333,88.44166667,Sevok,"Dug Well",W11180,2010,1.21,3.42,3.95,'0
WB,Darjiling,Karsiyang,Karsiyang,26.81666667,88.35,Sukna,"Dug Well",W11181,2010,3.05,8,4.35,10.25
WB,Darjiling,Siliguri,Siliguri,26.55138889,88.1375,Galgalia,"Dug Well",W10432,2010,'0,2.59,2.09,4.38
WB,Darjiling,Siliguri,Siliguri,26.62638889,88.16,Batasi,"Dug Well",W10431,2010,4.47,5.57,4.49,4.78
WB,Darjiling,Siliguri,Siliguri,26.49666667,88.2,Muraliganj1,"Dug Well",W10436,2010,1.27,2.29,2.3,'0
WB,Darjiling,Siliguri,Siliguri,26.59722222,88.32916667,Phansidewa1,"Dug Well",W10438,2010,1.16,2.38,2.58,5.88
WB,Darjiling,Siliguri,Siliguri,26.70833333,88.43333333,"Siliguri Rlystn","Dug Well",W11183,2010,1.04,1.24,1.59,1.85
WB,Darjiling,Siliguri,Siliguri,26.66,88.30138889,Bagdogra,"Dug Well",W10430,2009,3.74,2.46,5.07,6.46
WB,Darjiling,Siliguri,Siliguri,26.75416667,88.24861111,Tirhana,"Dug Well",W11184,2009,2.66,5.15,4.94,5.1
WB,Darjiling,Siliguri,Siliguri,26.69,88.20222222,Naxalbari1,"Dug Well",W10437,2009,1.45,'0,2.8,3.2
WB,Darjiling,Siliguri,Siliguri,26.58194444,88.24722222,Ambarimore1,"Dug Well",W10429,2009,1.07,3.12,3.03,3.12
WB,Darjiling,Karsiyang,Siliguri,26.90833333,88.44166667,Sevok,"Dug Well",W11180,2009,2,'0,3.62,2.7
WB,Darjiling,Karsiyang,Karsiyang,26.81666667,88.35,Sukna,"Dug Well",W11181,2009,3.39,'0,4.34,6.67
WB,Darjiling,Siliguri,Siliguri,26.55138889,88.1375,Galgalia,"Dug Well",W10432,2009,1.16,4.68,1.9,4.74
WB,Darjiling,Siliguri,Siliguri,26.62638889,88.16,Batasi,"Dug Well",W10431,2009,5.04,3.66,4.45,3.75
WB,Darjiling,Siliguri,Siliguri,26.49666667,88.2,Muraliganj1,"Dug Well",W10436,2009,.96,2.55,1.52,3.05
WB,Darjiling,Siliguri,Siliguri,26.59722222,88.32916667,Phansidewa1,"Dug Well",W10438,2009,1.42,8.21,1.01,2.62
WB,Darjiling,Siliguri,Siliguri,26.70833333,88.43333333,"Siliguri Rlystn","Dug Well",W11183,2009,1.2,3.25,.82,1.25
WB,Darjiling,Siliguri,Siliguri,26.66,88.30138889,Bagdogra,"Dug Well",W10430,2008,3.45,4.64,4.65,6.92
WB,Darjiling,Siliguri,Siliguri,26.75416667,88.24861111,Tirhana,"Dug Well",W11184,2008,1.25,6.53,6.3,7.35
WB,Darjiling,Siliguri,Siliguri,26.69,88.20222222,Naxalbari1,"Dug Well",W10437,2008,1.4,2.98,2.96,3.14
WB,Darjiling,Siliguri,Siliguri,26.58194444,88.24722222,Ambarimore1,"Dug Well",W10429,2008,1.1,2.44,1.73,2.96
WB,Darjiling,Karsiyang,Siliguri,26.90833333,88.44166667,Sevok,"Dug Well",W11180,2008,1.6,'0,'0,4.06
WB,Darjiling,Karsiyang,Karsiyang,26.81666667,88.35,Sukna,"Dug Well",W11181,2008,3.7,6.83,4.01,9.19
WB,Darjiling,Siliguri,Siliguri,26.55138889,88.1375,Galgalia,"Dug Well",W10432,2008,.72,3.55,3.23,3.82
WB,Darjiling,Siliguri,Siliguri,26.62638889,88.16,Batasi,"Dug Well",W10431,2008,1.05,5.68,5.4,6.16
WB,Darjiling,Siliguri,Siliguri,26.49666667,88.2,Muraliganj1,"Dug Well",W10436,2008,1.03,2.85,2.13,2.8
WB,Darjiling,Siliguri,Siliguri,26.59722222,88.32916667,Phansidewa1,"Dug Well",W10438,2008,1.64,3.13,2.46,3.13
WB,Darjiling,Siliguri,Siliguri,26.70833333,88.43333333,"Siliguri Rlystn","Dug Well",W11183,2008,1.4,1.28,.8,1.62
WB,Darjiling,Siliguri,Siliguri,26.66,88.30138889,Bagdogra,"Dug Well",W10430,2007,3.15,5.83,6.05,6.26
WB,Darjiling,Siliguri,Siliguri,26.75416667,88.24861111,Tirhana,"Dug Well",W11184,2007,1,6.47,4.55,5.92
WB,Darjiling,Siliguri,Siliguri,26.69,88.20222222,Naxalbari1,"Dug Well",W10437,2007,1.26,2.86,3.33,2.63
WB,Darjiling,Siliguri,Siliguri,26.70833333,88.43333333,"Siliguri Rlystn","Dug Well",W11183,2007,1.16,1.36,2.14,1.31
WB,Darjiling,Karsiyang,Karsiyang,26.81666667,88.35,Sukna,"Dug Well",W11181,2007,3.55,5.86,7.02,7.52
WB,Darjiling,Siliguri,Siliguri,26.62638889,88.16,Batasi,"Dug Well",W10431,2007,.85,5,6.72,5.73
WB,Darjiling,Siliguri,Siliguri,26.49666667,88.2,Muraliganj1,"Dug Well",W10436,2007,.97,2.46,2.02,2.41
WB,Darjiling,Siliguri,Siliguri,26.59722222,88.32916667,Phansidewa1,"Dug Well",W10438,2007,1.51,2.95,2.18,2.98
WB,Darjiling,Siliguri,Siliguri,26.55138889,88.1375,Galgalia,"Dug Well",W10432,2007,.68,3.43,3.2,3.53
WB,Darjiling,Siliguri,Siliguri,26.66,88.30138889,Bagdogra,"Dug Well",W10430,2006,4.65,5.82,'0,6.23
WB,Darjiling,Siliguri,Siliguri,26.75416667,88.24861111,Tirhana,"Dug Well",W11184,2006,3.5,6.31,4.66,6.91
WB,Darjiling,Siliguri,Siliguri,26.69,88.20222222,Naxalbari1,"Dug Well",W10437,2006,2.68,2.97,2.36,2.86
WB,Darjiling,Siliguri,Siliguri,26.58194444,88.24722222,Ambarimore1,"Dug Well",W10429,2006,'0,2.54,'0,7.21
WB,Darjiling,Karsiyang,Siliguri,26.90833333,88.44166667,Sevok,"Dug Well",W11180,2006,'0,3.47,'0,3.37
WB,Darjiling,Karsiyang,Karsiyang,26.81666667,88.35,Sukna,"Dug Well",W11181,2006,2.8,5.03,3.42,9.69
WB,Darjiling,Siliguri,Siliguri,26.55138889,88.1375,Galgalia,"Dug Well",W10432,2006,'0,2.78,2.4,4.64
WB,Darjiling,Siliguri,Siliguri,26.62638889,88.16,Batasi,"Dug Well",W10431,2006,.78,4.91,4.05,6.19
WB,Darjiling,Siliguri,Siliguri,26.49666667,88.2,Muraliganj1,"Dug Well",W10436,2006,1.33,2.61,1.79,2.61
WB,Darjiling,Siliguri,Siliguri,26.59722222,88.32916667,Phansidewa1,"Dug Well",W10438,2006,1.5,2.94,1.98,3.15
WB,Darjiling,Siliguri,Siliguri,26.70833333,88.43333333,"Siliguri Rlystn","Dug Well",W11183,2006,.36,1.64,3.56,1.1
WB,Darjiling,Siliguri,Siliguri,26.66,88.30138889,Bagdogra,"Dug Well",W10430,2005,4.15,6.14,4.75,6.71
WB,Darjiling,Siliguri,Siliguri,26.75416667,88.24861111,Tirhana,"Dug Well",W11184,2005,3.39,6.4,5.76,7.03
WB,Darjiling,Siliguri,Siliguri,26.69,88.20222222,Naxalbari1,"Dug Well",W10437,2005,2.1,2.63,2.69,2.97
WB,Darjiling,Siliguri,Siliguri,26.58194444,88.24722222,Ambarimore1,"Dug Well",W10429,2005,1.4,2.67,1.77,6.83
WB,Darjiling,Karsiyang,Siliguri,26.90833333,88.44166667,Sevok,"Dug Well",W11180,2005,2.33,3.31,3.14,3.16
WB,Darjiling,Siliguri,Siliguri,26.70833333,88.43333333,"Siliguri Rlystn","Dug Well",W11183,2005,.85,1.4,2.22,1.01
WB,Darjiling,Siliguri,Siliguri,26.55138889,88.1375,Galgalia,"Dug Well",W10432,2005,1.16,2.46,2.05,3.44
WB,Darjiling,Siliguri,Siliguri,26.62638889,88.16,Batasi,"Dug Well",W10431,2005,4.71,5.5,4.87,6.25
WB,Darjiling,Siliguri,Siliguri,26.49666667,88.2,Muraliganj1,"Dug Well",W10436,2005,1.52,2.47,1.95,2.71
WB,Darjiling,Siliguri,Siliguri,26.59722222,88.32916667,Phansidewa1,"Dug Well",W10438,2005,1.68,3.39,2.41,3.52
WB,Darjiling,Karsiyang,Karsiyang,26.81666667,88.35,Sukna,"Dug Well",W11181,2005,3.6,7.34,5.07,8.7
WB,Darjiling,Siliguri,Siliguri,26.62638889,88.16,Batasi,"Dug Well",W10431,2004,2.34,'0,5.2,'0
WB,Darjiling,Siliguri,Siliguri,26.70833333,88.43333333,"Siliguri Rlystn","Dug Well",W11183,2004,.94,'0,1.24,'0
WB,Darjiling,Karsiyang,Siliguri,26.90833333,88.44166667,Sevok,"Dug Well",W11180,2004,1.5,3.12,2.92,3.56
WB,Darjiling,Siliguri,Siliguri,26.49666667,88.2,Muraliganj1,"Dug Well",W10436,2004,1.63,2.34,2,2.65
WB,Darjiling,Siliguri,Siliguri,26.58194444,88.24722222,Ambarimore1,"Dug Well",W10429,2004,1.51,2.27,1.9,2.5
WB,Darjiling,Siliguri,Siliguri,26.66,88.30138889,Bagdogra,"Dug Well",W10430,2004,3.6,5.52,4.28,5.65
WB,Darjiling,Siliguri,Siliguri,26.59722222,88.32916667,Phansidewa1,"Dug Well",W10438,2004,2.57,2.82,3.72,3.2
WB,Darjiling,Siliguri,Siliguri,26.69,88.20222222,Naxalbari1,"Dug Well",W10437,2004,2.3,2.66,2.79,2.47
WB,Darjiling,Siliguri,Siliguri,26.75416667,88.24861111,Tirhana,"Dug Well",W11184,2004,3.88,6.08,4.16,6.2
WB,Darjiling,Siliguri,Siliguri,26.55138889,88.1375,Galgalia,"Dug Well",W10432,2004,1.33,2.41,1.98,2.28
WB,Darjiling,Karsiyang,Karsiyang,26.81666667,88.35,Sukna,"Dug Well",W11181,2004,3.32,4.23,3.9,9.1
WB,Darjiling,Karsiyang,Karsiyang,26.81666667,88.35,Sukna,"Dug Well",W11181,2003,3.61,8.2,3.6,8.29
WB,Darjiling,Siliguri,Siliguri,26.69,88.20222222,Naxalbari1,"Dug Well",W10437,2003,1.78,2.72,2.35,2.54
WB,Darjiling,Siliguri,Siliguri,26.58194444,88.24722222,Ambarimore1,"Dug Well",W10429,2003,1.02,2.57,1.4,3.33
WB,Darjiling,Siliguri,Siliguri,26.75416667,88.24861111,Tirhana,"Dug Well",W11184,2003,2.24,6.18,4.08,6.91
WB,Darjiling,Siliguri,Siliguri,26.62638889,88.16,Batasi,"Dug Well",W10431,2003,1.29,3.47,'0,3.7
WB,Darjiling,Siliguri,Siliguri,26.55138889,88.1375,Galgalia,"Dug Well",W10432,2003,.66,2.23,1.38,2.55
WB,Darjiling,Karsiyang,Siliguri,26.90833333,88.44166667,Sevok,"Dug Well",W11180,2003,1.76,3.04,3.28,2.74
WB,Darjiling,Siliguri,Siliguri,26.49666667,88.2,Muraliganj1,"Dug Well",W10436,2003,.98,2.69,1.33,2.74
WB,Darjiling,Siliguri,Siliguri,26.59722222,88.32916667,Phansidewa1,"Dug Well",W10438,2003,1.62,2.79,2.19,3.16
WB,Darjiling,Siliguri,Siliguri,26.66,88.30138889,Bagdogra,"Dug Well",W10430,2003,3.88,5.8,4.26,6.97
WB,Darjiling,Siliguri,Siliguri,26.55138889,88.1375,Galgalia,"Dug Well",W10432,2002,.56,2.02,1.58,2.84
WB,Darjiling,Karsiyang,Siliguri,26.90833333,88.44166667,Sevok,"Dug Well",W11180,2002,1.64,3.16,2.81,2.97
WB,Darjiling,Siliguri,Siliguri,26.58194444,88.24722222,Ambarimore1,"Dug Well",W10429,2002,.73,2.16,1.79,2.42
WB,Darjiling,Siliguri,Siliguri,26.75416667,88.24861111,Tirhana,"Dug Well",W11184,2002,2.12,5.64,5.47,6.64
WB,Darjiling,Siliguri,Siliguri,26.66,88.30138889,Bagdogra,"Dug Well",W10430,2002,3.6,5.4,6.11,6.12
WB,Darjiling,Siliguri,Siliguri,26.69,88.20222222,Naxalbari1,"Dug Well",W10437,2002,1.69,2.75,2.61,2.66
WB,Darjiling,Karsiyang,Karsiyang,26.81666667,88.35,Sukna,"Dug Well",W11181,2002,3.26,6.39,5.15,9.65
WB,Darjiling,Siliguri,Siliguri,26.59722222,88.32916667,Phansidewa1,"Dug Well",W10438,2002,1.79,3.24,2.97,2.65
WB,Darjiling,Siliguri,Siliguri,26.49666667,88.2,Muraliganj1,"Dug Well",W10436,2002,1.07,2.6,2.13,2.61
WB,Darjiling,Siliguri,Siliguri,26.62638889,88.16,Batasi,"Dug Well",W10431,2002,1.21,3,2.66,3.87
WB,Darjiling,Siliguri,Siliguri,26.69,88.20222222,Naxalbari1,"Dug Well",W10437,2001,1.36,2.75,2.25,2.82
WB,Darjiling,Siliguri,Siliguri,26.62638889,88.16,Batasi,"Dug Well",W10431,2001,1.2,4.05,1.92,4.26
WB,Darjiling,Siliguri,Siliguri,26.75416667,88.24861111,Tirhana,"Dug Well",W11184,2001,2.54,6.23,3.38,7.06
WB,Darjiling,Siliguri,Siliguri,26.59722222,88.32916667,Phansidewa1,"Dug Well",W10438,2001,1.48,3.09,2.71,3.22
WB,Darjiling,Siliguri,Siliguri,26.55138889,88.1375,Galgalia,"Dug Well",W10432,2001,.78,2.19,1.48,3.92
WB,Darjiling,Karsiyang,Siliguri,26.90833333,88.44166667,Sevok,"Dug Well",W11180,2001,1.46,2.69,2.18,2.89
WB,Darjiling,Karsiyang,Karsiyang,26.81666667,88.35,Sukna,"Dug Well",W11181,2001,3.13,7.49,3.76,10.39
WB,Darjiling,Siliguri,Siliguri,26.66,88.30138889,Bagdogra,"Dug Well",W10430,2001,4.11,6.08,4.91,7.94
WB,Darjiling,Siliguri,Siliguri,26.58194444,88.24722222,Ambarimore1,"Dug Well",W10429,2001,.38,2.22,1.39,7.14
WB,Darjiling,Siliguri,Siliguri,26.49666667,88.2,Muraliganj1,"Dug Well",W10436,2001,.84,2.54,2.08,2.98
WB,Darjiling,Siliguri,Siliguri,26.62638889,88.16,Batasi,"Dug Well",W10431,2000,1.76,4.04,3.73,3.94
WB,Darjiling,Siliguri,Siliguri,26.66,88.30138889,Bagdogra,"Dug Well",W10430,2000,4.3,6.2,5.37,6.93
WB,Darjiling,Siliguri,Siliguri,26.58194444,88.24722222,Ambarimore1,"Dug Well",W10429,2000,.88,1.47,1.8,1.95
WB,Darjiling,Siliguri,Siliguri,26.75416667,88.24861111,Tirhana,"Dug Well",W11184,2000,3.05,5.81,5.09,6.49
WB,Darjiling,Karsiyang,Karsiyang,26.81666667,88.35,Sukna,"Dug Well",W11181,2000,3.46,7.5,6.08,9.62
WB,Darjiling,Karsiyang,Siliguri,26.90833333,88.44166667,Sevok,"Dug Well",W11180,2000,1.37,2.71,2.26,2.65
WB,Darjiling,Siliguri,Siliguri,26.59722222,88.32916667,Phansidewa1,"Dug Well",W10438,2000,1.65,3.64,2.99,3.99
WB,Darjiling,Siliguri,Siliguri,26.55138889,88.1375,Galgalia,"Dug Well",W10432,2000,.42,2.25,1.46,3.13
WB,Darjiling,Siliguri,Siliguri,26.69,88.20222222,Naxalbari1,"Dug Well",W10437,2000,1.67,2.46,2.36,2.17
WB,Darjiling,Siliguri,Siliguri,26.49666667,88.2,Muraliganj1,"Dug Well",W10436,2000,.83,2.63,2.16,2.85
WB,Darjiling,Siliguri,Siliguri,26.66,88.30138889,Bagdogra,"Dug Well",W10430,1999,2.83,6,4.75,6.83
WB,Darjiling,Siliguri,Siliguri,26.62638889,88.16,Batasi,"Dug Well",W10431,1999,.75,4.06,2.42,4.24
WB,Darjiling,Siliguri,Siliguri,26.55138889,88.1375,Galgalia,"Dug Well",W10432,1999,.25,2.23,1.05,3.71
WB,Darjiling,Karsiyang,Karsiyang,26.81666667,88.35,Sukna,"Dug Well",W11181,1999,4.23,6.06,3.5,9.79
WB,Darjiling,Siliguri,Siliguri,26.69,88.20222222,Naxalbari1,"Dug Well",W10437,1999,.52,2.63,2.02,2.56
WB,Darjiling,Siliguri,Siliguri,26.49666667,88.2,Muraliganj1,"Dug Well",W10436,1999,.64,2.57,1.57,2.79
WB,Darjiling,Siliguri,Siliguri,26.58194444,88.24722222,Ambarimore1,"Dug Well",W10429,1999,'0,1.45,.37,2.22
WB,Darjiling,Siliguri,Siliguri,26.59722222,88.32916667,Phansidewa1,"Dug Well",W10438,1999,1.4,3.68,2.29,3.49
WB,Darjiling,Siliguri,Siliguri,26.75416667,88.24861111,Tirhana,"Dug Well",W11184,1999,1.1,5.65,3.81,6.88
WB,Darjiling,Karsiyang,Siliguri,26.90833333,88.44166667,Sevok,"Dug Well",W11180,1999,1.31,'0,2.14,2.61
WB,Darjiling,Siliguri,Siliguri,26.55138889,88.1375,Galgalia,"Dug Well",W10432,1998,'0,2.47,1.58,3.28
WB,Darjiling,Karsiyang,Karsiyang,26.81666667,88.35,Sukna,"Dug Well",W11181,1998,'0,7.97,3.77,6.4
WB,Darjiling,Siliguri,Siliguri,26.62638889,88.16,Batasi,"Dug Well",W10431,1998,'0,4.09,3.59,4.14
WB,Darjiling,Siliguri,Siliguri,26.66,88.30138889,Bagdogra,"Dug Well",W10430,1998,'0,6.14,5,6.6
WB,Darjiling,Siliguri,Siliguri,26.59722222,88.32916667,Phansidewa1,"Dug Well",W10438,1998,'0,3.25,2.3,3.49
WB,Darjiling,Siliguri,Siliguri,26.49666667,88.2,Muraliganj1,"Dug Well",W10436,1998,'0,2.55,2.05,2.85
WB,Darjiling,Siliguri,Siliguri,26.69,88.20222222,Naxalbari1,"Dug Well",W10437,1998,'0,3.12,2.25,2.56
WB,Darjiling,Siliguri,Siliguri,26.75416667,88.24861111,Tirhana,"Dug Well",W11184,1998,'0,6.01,4.25,6.78
WB,Darjiling,Siliguri,Siliguri,26.58194444,88.24722222,Ambarimore1,"Dug Well",W10429,1998,'0,1.54,.81,1.3
WB,Darjiling,Siliguri,Siliguri,26.58194444,88.24722222,Ambarimore1,"Dug Well",W10429,1997,.2,'0,1.46,7.13
WB,Darjiling,Siliguri,Siliguri,26.69,88.20222222,Naxalbari1,"Dug Well",W10437,1997,1.7,2.65,2.44,2.67
WB,Darjiling,Siliguri,Siliguri,26.58,88.24861111,Ambarimore,"Dug Well",W10428,1997,'0,2.03,'0,'0
WB,Darjiling,Siliguri,Siliguri,26.475,88.23333333,Muraliganj,"Dug Well",W10435,1997,'0,3.02,'0,2.74
WB,Darjiling,Karsiyang,Karsiyang,26.81666667,88.35,Sukna,"Dug Well",W11181,1997,3.13,7.09,5.96,9.05
WB,Darjiling,Siliguri,Siliguri,26.59722222,88.32916667,Phansidewa1,"Dug Well",W10438,1997,1.51,3.32,3.35,3.82
WB,Darjiling,Siliguri,Siliguri,26.49666667,88.2,Muraliganj1,"Dug Well",W10436,1997,'0,'0,2.48,'0
WB,Darjiling,Siliguri,Siliguri,26.62638889,88.16,Batasi,"Dug Well",W10431,1997,1.94,4.14,3.96,4.21
WB,Darjiling,Siliguri,Siliguri,26.75416667,88.24861111,Tirhana,"Dug Well",W11184,1997,1.61,5.87,5.66,6.85
WB,Darjiling,Siliguri,Siliguri,26.66,88.30138889,Bagdogra,"Dug Well",W10430,1997,4.06,6.61,5.75,6.62
WB,Darjiling,Siliguri,Siliguri,26.55138889,88.1375,Galgalia,"Dug Well",W10432,1997,1.16,2.63,2.2,3.64
WB,Darjiling,Siliguri,Siliguri,26.475,88.23333333,Muraliganj,"Dug Well",W10435,1996,1.43,2.74,2.62,3.01
WB,Darjiling,Siliguri,Siliguri,26.66,88.30138889,Bagdogra,"Dug Well",W10430,1996,3.64,6.23,5.26,6.21
WB,Darjiling,Siliguri,Siliguri,26.62638889,88.16,Batasi,"Dug Well",W10431,1996,2.04,3.67,3.95,3.84
WB,Darjiling,Karsiyang,Karsiyang,26.81666667,88.35,Sukna,"Dug Well",W11181,1996,3.05,5.81,4.37,8.93
WB,Darjiling,Siliguri,Siliguri,26.69,88.20222222,Naxalbari1,"Dug Well",W10437,1996,1.84,2.58,2.54,2.48
WB,Darjiling,Siliguri,Siliguri,26.58,88.24861111,Ambarimore,"Dug Well",W10428,1996,.6,1.42,1.42,2.32
WB,Darjiling,Siliguri,Siliguri,26.75416667,88.24861111,Tirhana,"Dug Well",W11184,1996,1.84,5.39,4.5,6.43
WB,Darjiling,Siliguri,Siliguri,26.55138889,88.1375,Galgalia,"Dug Well",W10432,1996,.99,2.21,2,3.54
WB,Darjiling,Siliguri,Siliguri,26.59722222,88.32916667,Phansidewa1,"Dug Well",W10438,1996,1.31,3.14,3.1,3.54
