STATE,DISTRICT,TEH_NAME,BLOCK_NAME,LAT,LON,SITE_NAME,SITE_TYPE,WLCODE,YEAR_OBS,MONSOON,POMRB,POMKH,PREMON
WB,"Koch Bihar",Dinhata-i&ii,"Dinhata-i And Ii",26.1125,89.45833333,Dinhata,"Dug Well",W10554,2018,'0,3.7,'0,'0
WB,"Koch Bihar",Sitai,Sitai,26.10833333,89.34111111,Adabari-silduar1,"Dug Well",W29488,2018,'0,'0,'0,1.32
WB,"Koch Bihar",Tufanganj-i,Tufanganj-i,26.30527778,89.60777778,Chilakhana,"Dug Well",W10577,2018,'0,4.46,'0,'0
WB,"Koch Bihar",Tufanganj-i,Tufanganj-i,26.30527778,89.60777778,Chilakhana,"Dug Well",W10577,2018,'0,'0,'0,3.52
WB,"Koch Bihar",Tufanganj-i,Tufanganj-i,26.25,89.6,Balarampur,"Dug Well",W10575,2018,'0,5.45,'0,'0
WB,"Koch Bihar",Sitai,Sitai,26.07388889,89.30583333,Sitai,"Dug Well",W11212,2018,'0,3.8,'0,'0
WB,"Koch Bihar",Sitai,Sitai,26.07388889,89.30583333,Sitai,"Dug Well",W11212,2018,'0,'0,'0,3.73
WB,"Koch Bihar",Dinhata-i&ii,"Dinhata-i And Ii",26.13861111,89.56861111,Sahebganj,"Dug Well",W11210,2018,'0,3.4,'0,'0
WB,"Koch Bihar",Dinhata-i&ii,"Dinhata-i And Ii",26.13861111,89.56861111,Sahebganj,"Dug Well",W11210,2018,'0,'0,'0,1.33
WB,"Koch Bihar",Dinhata-i&ii,"Dinhata-i And Ii",26.15916667,89.35805556,Gosanimari,"Dug Well",W10556,2018,'0,4.18,'0,'0
WB,"Koch Bihar",Dinhata-i&ii,"Dinhata-i And Ii",26.15916667,89.35805556,Gosanimari,"Dug Well",W10556,2018,'0,'0,'0,3.03
WB,"Koch Bihar",Dinhata-i&ii,"Dinhata-i And Ii",26.02638889,89.48027778,Gitaldaha,"Dug Well",W10555,2018,'0,5.02,'0,'0
WB,"Koch Bihar",Dinhata-i&ii,"Dinhata-i And Ii",26.02638889,89.48027778,Gitaldaha,"Dug Well",W10555,2018,'0,'0,'0,1.58
WB,"Koch Bihar",Dinhata-i&ii,"Dinhata-i And Ii",26.22111111,89.47555556,Dewanhat-1,"Dug Well",W10553,2018,'0,3.02,'0,'0
WB,"Koch Bihar",Dinhata-i&ii,"Dinhata-i And Ii",26.22111111,89.47555556,Dewanhat-1,"Dug Well",W10553,2018,'0,'0,'0,1.84
WB,"Koch Bihar",Sitalkuchi,Sitalkuchi,26.14194444,89.25361111,"Bara Pinjaria Jhar","Dug Well",W10574,2018,'0,2.71,'0,'0
WB,"Koch Bihar",Sitalkuchi,Sitalkuchi,26.14194444,89.25361111,"Bara Pinjaria Jhar","Dug Well",W10574,2018,'0,'0,'0,2.11
WB,"Koch Bihar",Sitalkuchi,Sitalkuchi,26.15972222,89.16666667,Sitalkuchi,"Dug Well",W11213,2018,'0,2.43,'0,'0
WB,"Koch Bihar",Sitalkuchi,Sitalkuchi,26.15972222,89.16666667,Sitalkuchi,"Dug Well",W11213,2018,'0,'0,'0,2.49
WB,"Koch Bihar",Kochbihar-i,Kochbihar-i,26.27861111,89.34305556,Dudherkuti,"Dug Well",W10559,2018,'0,2.44,'0,'0
WB,"Koch Bihar",Kochbihar-i,Kochbihar-i,26.27861111,89.34305556,Dudherkuti,"Dug Well",W10559,2018,'0,'0,'0,1.45
WB,"Koch Bihar",Tufanganj-ii,Tufanganj-ii,26.34,89.77138889,Bakshirhat,"Dug Well",W10578,2018,'0,2.77,'0,'0
WB,"Koch Bihar",Tufanganj-ii,Tufanganj-ii,26.34,89.77138889,Bakshirhat,"Dug Well",W10578,2018,'0,'0,'0,1.39
WB,"Koch Bihar",Mathabhanga-ii,Mathabhanga-ii,26.33361111,89.30805556,Ghoksadanga,"Dug Well",W10565,2018,'0,4,'0,'0
WB,"Koch Bihar",Mathabhanga-ii,Mathabhanga-ii,26.33361111,89.30805556,Ghoksadanga,"Dug Well",W10565,2018,'0,'0,'0,5.08
WB,"Koch Bihar",Mekhliganj,Mekhliganj,26.33611111,88.92638889,Mekhaliganj,"Dug Well",W10572,2018,'0,2.65,'0,'0
WB,"Koch Bihar",Mekhliganj,Mekhliganj,26.33611111,88.92638889,Mekhaliganj,"Dug Well",W10572,2018,'0,'0,'0,2.2
WB,"Koch Bihar",Mekhliganj,Mekhliganj,26.27444444,89.01944444,Dewanhat-2,"Dug Well",W10569,2018,'0,2.09,'0,'0
WB,"Koch Bihar",Mekhliganj,Mekhliganj,26.27444444,89.01944444,Dewanhat-2,"Dug Well",W10569,2018,'0,'0,'0,2.01
WB,"Koch Bihar",Mekhliganj,Mekhliganj,26.43333333,89.03333333,Changrabandha,"Dug Well",W10568,2018,'0,2.83,'0,'0
WB,"Koch Bihar",Mekhliganj,Mekhliganj,26.43333333,89.03333333,Changrabandha,"Dug Well",W10568,2018,'0,'0,'0,2.95
WB,"Koch Bihar",Kochbihar-i,Kochbihar-i,26.41555556,89.52777778,"Kholta Kalibari","Dug Well",W10560,2018,'0,'0,'0,1.53
WB,"Koch Bihar",Kochbihar-i,Kochbihar-i,26.45111111,89.36277778,Angrarakata,"Dug Well",W10558,2018,'0,3.59,'0,'0
WB,"Koch Bihar",Kochbihar-i,Kochbihar-i,26.45111111,89.36277778,Angrarakata,"Dug Well",W10558,2018,'0,'0,'0,2.23
WB,"Koch Bihar",Mathabhanga-i,Mathabhanga-i,26.41388889,89.075,Majherbari1,"Dug Well",W10563,2018,'0,4.02,'0,'0
WB,"Koch Bihar",Mekhliganj,Mekhliganj,26.41583333,89.03916667,Khasbasdkamari,"Dug Well",W10571,2018,'0,2.59,'0,'0
WB,"Koch Bihar",Mekhliganj,Mekhliganj,26.41583333,89.03916667,Khasbasdkamari,"Dug Well",W10571,2018,'0,'0,'0,2.46
WB,"Koch Bihar",Mathabhanga-i,Mathabhanga-i,26.36277778,89.20083333,Mathabhanga,"Dug Well",W10564,2018,'0,3.78,'0,'0
WB,"Koch Bihar",Mathabhanga-i,Mathabhanga-i,26.36277778,89.20083333,Mathabhanga,"Dug Well",W10564,2018,'0,'0,'0,3.46
WB,"Koch Bihar",Kochbihar-i,Kochbihar-i,26.3125,89.45,Kochbihar,"Dug Well",W32951,2018,'0,1.55,'0,'0
WB,"Koch Bihar",Kochbihar-i,Kochbihar-i,26.3125,89.45,Kochbihar,"Dug Well",W32951,2018,'0,'0,'0,.88
WB,"Koch Bihar",Haldibari,Haldibari,26.34111111,88.79027778,"Haldibari B","Dug Well",W31773,2018,'0,2.52,'0,'0
WB,"Koch Bihar",Haldibari,Haldibari,26.34166667,88.7875,Haldibari,"Dug Well",W31774,2018,'0,'0,'0,2.37
WB,"Koch Bihar",TUFANGANJ-I,Tufanganj-i,26.31666667,89.66527778,Tufanganj,"Dug Well",W33269,2018,'0,4.51,'0,'0
WB,"Koch Bihar",TUFANGANJ-I,Tufanganj-i,26.31666667,89.66527778,Tufanganj,"Dug Well",W33269,2018,'0,'0,'0,4.01
WB,"Koch Bihar",Sitai,Sitai,26.10833333,89.34111111,Adabari-silduar1,"Dug Well",W29488,2018,'0,3.99,'0,'0
WB,"Koch Bihar",Dinhata-i&ii,"Dinhata-i And Ii",26.1125,89.45833333,Dinhata,"Dug Well",W10554,2018,'0,'0,'0,3.38
WB,"Koch Bihar",Kochbihar-i,Kochbihar-i,26.3125,89.45,Kochbihar-2,"Dug Well",W10561,2017,.63,'0,'0,'0
WB,"Koch Bihar",Sitai,Sitai,26.10833333,89.34111111,Adabari-silduar1,"Dug Well",W29488,2017,'0,'0,3.51,'0
WB,"Koch Bihar",Kochbihar-i,Kochbihar-i,26.31472222,89.45722222,Kochbihar-1,"Dug Well",W11211,2017,1.25,'0,'0,'0
WB,"Koch Bihar",Tufanganj-i,Tufanganj-i,26.30527778,89.60777778,Chilakhana,"Dug Well",W10577,2017,2.06,4.7,'0,4.34
WB,"Koch Bihar",Tufanganj-i,Tufanganj-i,26.30527778,89.60777778,Chilakhana,"Dug Well",W10577,2017,'0,'0,2.15,'0
WB,"Koch Bihar",Tufanganj-i,Tufanganj-i,26.25,89.6,Balarampur,"Dug Well",W10575,2017,'0,'0,'0,5.02
WB,"Koch Bihar",Tufanganj-i,Tufanganj-i,26.25,89.6,Balarampur,"Dug Well",W10575,2017,'0,'0,3.77,'0
WB,"Koch Bihar",Sitai,Sitai,26.07388889,89.30583333,Sitai,"Dug Well",W11212,2017,2.41,4.2,'0,3.83
WB,"Koch Bihar",Sitai,Sitai,26.07388889,89.30583333,Sitai,"Dug Well",W11212,2017,'0,'0,3.24,'0
WB,"Koch Bihar",Dinhata-i&ii,"Dinhata-i And Ii",26.13861111,89.56861111,Sahebganj,"Dug Well",W11210,2017,.98,3.83,'0,2.89
WB,"Koch Bihar",Dinhata-i&ii,"Dinhata-i And Ii",26.13861111,89.56861111,Sahebganj,"Dug Well",W11210,2017,'0,'0,2.38,'0
WB,"Koch Bihar",Dinhata-i&ii,"Dinhata-i And Ii",26.15916667,89.35805556,Gosanimari,"Dug Well",W10556,2017,2.71,4.28,'0,3.99
WB,"Koch Bihar",Dinhata-i&ii,"Dinhata-i And Ii",26.02638889,89.48027778,Gitaldaha,"Dug Well",W10555,2017,1.31,3.71,'0,4.4
WB,"Koch Bihar",Dinhata-i&ii,"Dinhata-i And Ii",26.02638889,89.48027778,Gitaldaha,"Dug Well",W10555,2017,'0,'0,2.38,'0
WB,"Koch Bihar",Dinhata-i&ii,"Dinhata-i And Ii",26.22111111,89.47555556,Dewanhat-1,"Dug Well",W10553,2017,1.12,3.3,'0,3.37
WB,"Koch Bihar",Dinhata-i&ii,"Dinhata-i And Ii",26.22111111,89.47555556,Dewanhat-1,"Dug Well",W10553,2017,'0,'0,2.33,'0
WB,"Koch Bihar",Sitalkuchi,Sitalkuchi,26.14194444,89.25361111,"Bara Pinjaria Jhar","Dug Well",W10574,2017,'0,2.79,'0,2.81
WB,"Koch Bihar",Sitalkuchi,Sitalkuchi,26.14194444,89.25361111,"Bara Pinjaria Jhar","Dug Well",W10574,2017,'0,'0,2.39,'0
WB,"Koch Bihar",Sitalkuchi,Sitalkuchi,26.15972222,89.16666667,Sitalkuchi,"Dug Well",W11213,2017,.7,2.68,'0,3.13
WB,"Koch Bihar",Sitalkuchi,Sitalkuchi,26.15972222,89.16666667,Sitalkuchi,"Dug Well",W11213,2017,'0,'0,1.87,'0
WB,"Koch Bihar",Kochbihar-i,Kochbihar-i,26.27861111,89.34305556,Dudherkuti,"Dug Well",W10559,2017,.48,2.71,'0,2.51
WB,"Koch Bihar",Kochbihar-i,Kochbihar-i,26.27861111,89.34305556,Dudherkuti,"Dug Well",W10559,2017,'0,'0,1.8,'0
WB,"Koch Bihar",Tufanganj-ii,Tufanganj-ii,26.34,89.77138889,Bakshirhat,"Dug Well",W10578,2017,.85,3.11,'0,2.3
WB,"Koch Bihar",Tufanganj-ii,Tufanganj-ii,26.34,89.77138889,Bakshirhat,"Dug Well",W10578,2017,'0,'0,2.25,'0
WB,"Koch Bihar",Mathabhanga-ii,Mathabhanga-ii,26.33361111,89.30805556,Ghoksadanga,"Dug Well",W10565,2017,1.45,4.18,'0,2.38
WB,"Koch Bihar",Mathabhanga-ii,Mathabhanga-ii,26.33361111,89.30805556,Ghoksadanga,"Dug Well",W10565,2017,'0,'0,3.25,'0
WB,"Koch Bihar",Mekhliganj,Mekhliganj,26.33611111,88.92638889,Mekhaliganj,"Dug Well",W10572,2017,1.48,2.7,'0,2.37
WB,"Koch Bihar",Mekhliganj,Mekhliganj,26.33611111,88.92638889,Mekhaliganj,"Dug Well",W10572,2017,'0,'0,2.3,'0
WB,"Koch Bihar",Mekhliganj,Mekhliganj,26.27444444,89.01944444,Dewanhat-2,"Dug Well",W10569,2017,.85,2.6,'0,2.44
WB,"Koch Bihar",Mekhliganj,Mekhliganj,26.27444444,89.01944444,Dewanhat-2,"Dug Well",W10569,2017,'0,'0,1.47,'0
WB,"Koch Bihar",Mekhliganj,Mekhliganj,26.43333333,89.03333333,Changrabandha,"Dug Well",W10568,2017,'0,'0,'0,4.7
WB,"Koch Bihar",Mathabhanga-i,Mathabhanga-i,26.41388889,89.075,Majherbari1,"Dug Well",W10563,2017,'0,4.38,'0,2.38
WB,"Koch Bihar",Mekhliganj,Mekhliganj,26.41583333,89.03916667,Khasbasdkamari,"Dug Well",W10571,2017,'0,2.84,'0,3.15
WB,"Koch Bihar",Kochbihar-i,Kochbihar-i,26.47166667,89.46861111,Baneshwar,"Dug Well",W21544,2017,.83,3.77,'0,3.65
WB,"Koch Bihar",Kochbihar-i,Kochbihar-i,26.47166667,89.46861111,Baneshwar,"Dug Well",W21544,2017,'0,'0,3.02,'0
WB,"Koch Bihar",Mathabhanga-i,Mathabhanga-i,26.36277778,89.20083333,Mathabhanga,"Dug Well",W10564,2017,2.09,3.68,'0,3.64
WB,"Koch Bihar",Mathabhanga-i,Mathabhanga-i,26.36277778,89.20083333,Mathabhanga,"Dug Well",W10564,2017,'0,'0,3.37,'0
WB,"Koch Bihar",Kochbihar-i,Kochbihar-i,26.3125,89.45,Kochbihar,"Dug Well",W32951,2017,.49,1.66,'0,.97
WB,"Koch Bihar",Kochbihar-i,Kochbihar-i,26.3125,89.45,Kochbihar,"Dug Well",W32951,2017,'0,'0,2.62,'0
WB,"Koch Bihar",Haldibari,Haldibari,26.34111111,88.79027778,"Haldibari B","Dug Well",W31773,2017,'0,'0,1.83,'0
WB,"Koch Bihar",Haldibari,Haldibari,26.34166667,88.7875,Haldibari,"Dug Well",W31774,2017,1.1,2.4,'0,'0
WB,"Koch Bihar",TUFANGANJ-I,Tufanganj-i,26.31666667,89.66527778,Tufanganj,"Dug Well",W33269,2017,2.29,'0,'0,5.48
WB,"Koch Bihar",TUFANGANJ-I,Tufanganj-i,26.31666667,89.66527778,Tufanganj,"Dug Well",W33269,2017,'0,'0,3.94,'0
WB,"Koch Bihar",Sitai,Sitai,26.10833333,89.34111111,Adabari-silduar1,"Dug Well",W29488,2017,'0,4.2,'0,3.81
WB,"Koch Bihar",Kochbihar-i,Kochbihar-i,26.3125,89.45,Kochbihar-2,"Dug Well",W10561,2017,'0,'0,1.25,'0
WB,"Koch Bihar",Dinhata-i&ii,"Dinhata-i And Ii",26.1125,89.45833333,Dinhata,"Dug Well",W10554,2016,'0,'0,'0,4.3
WB,"Koch Bihar",Sitai,Sitai,26.10833333,89.34111111,Adabari-silduar1,"Dug Well",W29488,2016,3,4.03,'0,'0
WB,"Koch Bihar",Tufanganj-i,Tufanganj-i,26.25,89.6,Balarampur,"Dug Well",W10575,2016,2.88,'0,'0,'0
WB,"Koch Bihar",Sitai,Sitai,26.07388889,89.30583333,Sitai,"Dug Well",W11212,2016,2.95,'0,2.87,3.9
WB,"Koch Bihar",Dinhata-i&ii,"Dinhata-i And Ii",26.13861111,89.56861111,Sahebganj,"Dug Well",W11210,2016,2.35,'0,2.1,'0
WB,"Koch Bihar",Dinhata-i&ii,"Dinhata-i And Ii",26.15916667,89.35805556,Gosanimari,"Dug Well",W10556,2016,3.34,'0,3.31,4.15
WB,"Koch Bihar",Dinhata-i&ii,"Dinhata-i And Ii",26.02638889,89.48027778,Gitaldaha,"Dug Well",W10555,2016,3.51,'0,2.52,4.28
WB,"Koch Bihar",Dinhata-i&ii,"Dinhata-i And Ii",26.22111111,89.47555556,Dewanhat-1,"Dug Well",W10553,2016,1.63,'0,1.99,'0
WB,"Koch Bihar",Sitalkuchi,Sitalkuchi,26.14194444,89.25361111,"Bara Pinjaria Jhar","Dug Well",W10574,2016,'0,'0,'0,3
WB,"Koch Bihar",Sitalkuchi,Sitalkuchi,26.15972222,89.16666667,Sitalkuchi,"Dug Well",W11213,2016,1.54,'0,'0,2.64
WB,"Koch Bihar",Kochbihar-i,Kochbihar-i,26.27861111,89.34305556,Dudherkuti,"Dug Well",W10559,2016,'0,'0,1.45,2.49
WB,"Koch Bihar",Tufanganj-ii,Tufanganj-ii,26.34,89.77138889,Bakshirhat,"Dug Well",W10578,2016,1.26,'0,1.81,2.57
WB,"Koch Bihar",Mathabhanga-ii,Mathabhanga-ii,26.33361111,89.30805556,Ghoksadanga,"Dug Well",W10565,2016,2.19,'0,'0,4.22
WB,"Koch Bihar",Mekhliganj,Mekhliganj,26.33611111,88.92638889,Mekhaliganj,"Dug Well",W10572,2016,1.23,'0,1.78,3.7
WB,"Koch Bihar",Mekhliganj,Mekhliganj,26.27444444,89.01944444,Dewanhat-2,"Dug Well",W10569,2016,2.53,'0,1.36,3.53
WB,"Koch Bihar",Mekhliganj,Mekhliganj,26.43333333,89.03333333,Changrabandha,"Dug Well",W10568,2016,3.18,'0,'0,4.05
WB,"Koch Bihar",Kochbihar-i,Kochbihar-i,26.41555556,89.52777778,"Kholta Kalibari","Dug Well",W10560,2016,1.47,'0,'0,2.96
WB,"Koch Bihar",Kochbihar-i,Kochbihar-i,26.45111111,89.36277778,Angrarakata,"Dug Well",W10558,2016,2.27,'0,'0,'0
WB,"Koch Bihar",Mathabhanga-i,Mathabhanga-i,26.41388889,89.075,Majherbari1,"Dug Well",W10563,2016,2.43,'0,'0,4.3
WB,"Koch Bihar",Mekhliganj,Mekhliganj,26.41583333,89.03916667,Khasbasdkamari,"Dug Well",W10571,2016,1.61,'0,'0,2.71
WB,"Koch Bihar",Kochbihar-i,Kochbihar-i,26.47166667,89.46861111,Baneshwar,"Dug Well",W21544,2016,1.09,'0,2.01,'0
WB,"Koch Bihar",Mathabhanga-i,Mathabhanga-i,26.36277778,89.20083333,Mathabhanga,"Dug Well",W10564,2016,2.7,'0,'0,3.83
WB,"Koch Bihar",Mathabhanga-ii,Mathabhanga-ii,26.4825,89.19055556,Gumanihat,"Dug Well",W10566,2016,1.78,'0,'0,'0
WB,"Koch Bihar",Tufanganj-i,Tufanganj-i,26.25,89.6,Balarampur1,"Dug Well",W29518,2016,'0,5.02,'0,5.11
WB,"Koch Bihar",Haldibari,Haldibari,26.33805556,88.78166667,Haldibari2,"Dug Well",W29544,2016,'0,2.64,'0,'0
WB,"Koch Bihar",Kochbihar-i,Kochbihar-i,26.3125,89.45,Kochbihar,"Dug Well",W32951,2016,'0,'0,1.43,2.95
WB,"Koch Bihar",Haldibari,Haldibari,26.34166667,88.7875,Haldibari,"Dug Well",W31774,2016,1.55,'0,1.57,'0
WB,"Koch Bihar",TUFANGANJ-I,Tufanganj-i,26.31666667,89.66527778,Tufanganj,"Dug Well",W33269,2016,2.56,'0,3.39,'0
WB,"Koch Bihar",Tufanganj-i,Tufanganj-i,26.30527778,89.60777778,Chilakhana,"Dug Well",W10577,2016,2.2,'0,3.26,'0
WB,"Koch Bihar",Dinhata-i&ii,"Dinhata-i And Ii",26.1125,89.45833333,Dinhata,"Dug Well",W10554,2015,1.6,3.47,'0,1.6
WB,"Koch Bihar",Sitai,Sitai,26.10833333,89.34111111,Adabari-silduar1,"Dug Well",W29488,2015,.65,3.81,3.47,3.88
WB,"Koch Bihar",Sitai,Sitai,26.07388889,89.30583333,Sitai,"Dug Well",W11212,2015,.85,3.42,3.3,3.73
WB,"Koch Bihar",Dinhata-i&ii,"Dinhata-i And Ii",26.15916667,89.35805556,Gosanimari,"Dug Well",W10556,2015,.45,3.96,3.67,3.97
WB,"Koch Bihar",Dinhata-i&ii,"Dinhata-i And Ii",26.02638889,89.48027778,Gitaldaha,"Dug Well",W10555,2015,.35,3.3,3.21,3.67
WB,"Koch Bihar",Dinhata-i&ii,"Dinhata-i And Ii",26.22111111,89.47555556,Dewanhat-1,"Dug Well",W10553,2015,.55,'0,2.48,3.25
WB,"Koch Bihar",Sitalkuchi,Sitalkuchi,26.15972222,89.16666667,Sitalkuchi,"Dug Well",W11213,2015,.55,2.11,1.84,2.78
WB,"Koch Bihar",Kochbihar-i,Kochbihar-i,26.27861111,89.34305556,Dudherkuti,"Dug Well",W10559,2015,'0,2.15,'0,'0
WB,"Koch Bihar",Tufanganj-ii,Tufanganj-ii,26.34,89.77138889,Bakshirhat,"Dug Well",W10578,2015,.55,2.6,2.38,2.43
WB,"Koch Bihar",Mathabhanga-ii,Mathabhanga-ii,26.33361111,89.30805556,Ghoksadanga,"Dug Well",W10565,2015,.5,3.55,3.1,4.05
WB,"Koch Bihar",Mekhliganj,Mekhliganj,26.33611111,88.92638889,Mekhaliganj,"Dug Well",W10572,2015,.25,1.88,1.76,1.63
WB,"Koch Bihar",Mekhliganj,Mekhliganj,26.27444444,89.01944444,Dewanhat-2,"Dug Well",W10569,2015,.46,1.85,2.2,2.69
WB,"Koch Bihar",Mekhliganj,Mekhliganj,26.43333333,89.03333333,Changrabandha,"Dug Well",W10568,2015,.59,3.49,3.56,3.68
WB,"Koch Bihar",Kochbihar-i,Kochbihar-i,26.41555556,89.52777778,"Kholta Kalibari","Dug Well",W10560,2015,.45,2.37,2.62,1.85
WB,"Koch Bihar",Kochbihar-i,Kochbihar-i,26.45111111,89.36277778,Angrarakata,"Dug Well",W10558,2015,.3,3.02,2.77,4.48
WB,"Koch Bihar",Mathabhanga-i,Mathabhanga-i,26.41388889,89.075,Majherbari1,"Dug Well",W10563,2015,.45,3.42,2.98,4.03
WB,"Koch Bihar",Mekhliganj,Mekhliganj,26.41583333,89.03916667,Khasbasdkamari,"Dug Well",W10571,2015,.86,2.36,2.07,2.76
WB,"Koch Bihar",Mathabhanga-i,Mathabhanga-i,26.36277778,89.20083333,Mathabhanga,"Dug Well",W10564,2015,1.18,3.39,3.18,3.48
WB,"Koch Bihar",Tufanganj-i,Tufanganj-i,26.25,89.6,Balarampur1,"Dug Well",W29518,2015,.2,4.66,3.74,4.87
WB,"Koch Bihar",Haldibari,Haldibari,26.33805556,88.78166667,Haldibari2,"Dug Well",W29544,2015,.9,2.15,1.9,2.7
WB,"Koch Bihar",Kochbihar-i,Kochbihar-i,26.3125,89.45,Kochbihar-2,"Dug Well",W10561,2015,.24,'0,'0,.24
WB,"Koch Bihar",Dinhata-i&ii,"Dinhata-i And Ii",26.1125,89.45833333,Dinhata,"Dug Well",W10554,2014,1.8,3.45,'0,4.57
WB,"Koch Bihar",Sitai,Sitai,26.10833333,89.34111111,Adabari-silduar1,"Dug Well",W29488,2014,1.48,2.35,3.5,4.29
WB,"Koch Bihar",Sitai,Sitai,26.07388889,89.30583333,Sitai,"Dug Well",W11212,2014,2.12,2.65,'0,4.41
WB,"Koch Bihar",Dinhata-i&ii,"Dinhata-i And Ii",26.15916667,89.35805556,Gosanimari,"Dug Well",W10556,2014,2.64,2.45,'0,4.63
WB,"Koch Bihar",Dinhata-i&ii,"Dinhata-i And Ii",26.02638889,89.48027778,Gitaldaha,"Dug Well",W10555,2014,1.32,2.85,'0,4.29
WB,"Koch Bihar",Dinhata-i&ii,"Dinhata-i And Ii",26.22111111,89.47555556,Dewanhat-1,"Dug Well",W10553,2014,1.09,2.75,'0,3.69
WB,"Koch Bihar",Sitalkuchi,Sitalkuchi,26.14194444,89.25361111,"Bara Pinjaria Jhar","Dug Well",W10574,2014,'0,2.5,'0,3.61
WB,"Koch Bihar",Sitalkuchi,Sitalkuchi,26.15972222,89.16666667,Sitalkuchi,"Dug Well",W11213,2014,.94,2.1,'0,3.12
WB,"Koch Bihar",Kochbihar-i,Kochbihar-i,26.27861111,89.34305556,Dudherkuti,"Dug Well",W10559,2014,.5,2.99,'0,3.01
WB,"Koch Bihar",Tufanganj-ii,Tufanganj-ii,26.34,89.77138889,Bakshirhat,"Dug Well",W10578,2014,.95,3.9,'0,3.18
WB,"Koch Bihar",Mathabhanga-i,Mathabhanga-i,26.28888889,89.25555556,"Hazra Hat","Dug Well",W10562,2014,'0,2.75,'0,'0
WB,"Koch Bihar",Mathabhanga-ii,Mathabhanga-ii,26.33361111,89.30805556,Ghoksadanga,"Dug Well",W10565,2014,1.41,3.5,'0,4.47
WB,"Koch Bihar",Mekhliganj,Mekhliganj,26.33611111,88.92638889,Mekhaliganj,"Dug Well",W10572,2014,.71,2.1,'0,'0
WB,"Koch Bihar",Mekhliganj,Mekhliganj,26.27444444,89.01944444,Dewanhat-2,"Dug Well",W10569,2014,.64,2.39,'0,3.44
WB,"Koch Bihar",Mekhliganj,Mekhliganj,26.43333333,89.03333333,Changrabandha,"Dug Well",W10568,2014,1.16,3.94,'0,4.4
WB,"Koch Bihar",Kochbihar-i,Kochbihar-i,26.41555556,89.52777778,"Kholta Kalibari","Dug Well",W10560,2014,1.22,3.55,'0,4.32
WB,"Koch Bihar",Kochbihar-i,Kochbihar-i,26.45111111,89.36277778,Angrarakata,"Dug Well",W10558,2014,1.43,3.05,'0,'0
WB,"Koch Bihar",Mathabhanga-i,Mathabhanga-i,26.41388889,89.075,Majherbari1,"Dug Well",W10563,2014,.9,3.3,'0,4.18
WB,"Koch Bihar",Mekhliganj,Mekhliganj,26.41583333,89.03916667,Khasbasdkamari,"Dug Well",W10571,2014,.78,2.36,'0,4.48
WB,"Koch Bihar",Mekhliganj,Mekhliganj,26.49111111,88.98027778,Doradabri,"Dug Well",W10570,2014,'0,2.66,'0,'0
WB,"Koch Bihar",Mathabhanga-i,Mathabhanga-i,26.36277778,89.20083333,Mathabhanga,"Dug Well",W10564,2014,1.88,3.43,'0,3.7
WB,"Koch Bihar",Tufanganj-i,Tufanganj-i,26.25,89.6,Balarampur1,"Dug Well",W29518,2014,1.53,4.55,3.99,6.29
WB,"Koch Bihar",Haldibari,Haldibari,26.33805556,88.78166667,Haldibari2,"Dug Well",W29544,2014,1.06,2.4,2.01,2.86
WB,"Koch Bihar",Kochbihar-i,Kochbihar-i,26.3125,89.45,Kochbihar-2,"Dug Well",W10561,2014,1.08,2.44,'0,2.63
WB,"Koch Bihar",Dinhata-i&ii,"Dinhata-i And Ii",26.1125,89.45833333,Dinhata,"Dug Well",W10554,2013,2,3.47,2.45,3.77
WB,"Koch Bihar",Sitai,Sitai,26.10833333,89.34111111,Adabari-silduar1,"Dug Well",W29488,2013,1.94,3.2,2.95,4.22
WB,"Koch Bihar",Tufanganj-i,Tufanganj-i,26.30527778,89.60777778,Chilakhana,"Dug Well",W10577,2013,'0,3.76,'0,'0
WB,"Koch Bihar",Sitai,Sitai,26.07388889,89.30583333,Sitai,"Dug Well",W11212,2013,2.15,3.43,2.8,4.5
WB,"Koch Bihar",Sitai,Sitai,26.09805556,89.32361111,Adabari-silduar,"Dug Well",W10573,2013,'0,3.2,'0,4.22
WB,"Koch Bihar",Dinhata-i&ii,"Dinhata-i And Ii",26.15916667,89.35805556,Gosanimari,"Dug Well",W10556,2013,3.01,3.99,3.23,4.64
WB,"Koch Bihar",Dinhata-i&ii,"Dinhata-i And Ii",26.02638889,89.48027778,Gitaldaha,"Dug Well",W10555,2013,'0,'0,2.38,4.33
WB,"Koch Bihar",Dinhata-i&ii,"Dinhata-i And Ii",26.22111111,89.47555556,Dewanhat-1,"Dug Well",W10553,2013,1.2,2.83,1.67,3.65
WB,"Koch Bihar",Sitalkuchi,Sitalkuchi,26.14194444,89.25361111,"Bara Pinjaria Jhar","Dug Well",W10574,2013,1.9,2.73,2.1,2.61
WB,"Koch Bihar",Sitalkuchi,Sitalkuchi,26.15972222,89.16666667,Sitalkuchi,"Dug Well",W11213,2013,1.31,2.14,1.44,3.94
WB,"Koch Bihar",Kochbihar-i,Kochbihar-i,26.27861111,89.34305556,Dudherkuti,"Dug Well",W10559,2013,.75,2.26,1.22,3.09
WB,"Koch Bihar",Tufanganj-ii,Tufanganj-ii,26.34,89.77138889,Bakshirhat,"Dug Well",W10578,2013,1.12,2.74,2,2.48
WB,"Koch Bihar",Mathabhanga-ii,Mathabhanga-ii,26.33361111,89.30805556,Ghoksadanga,"Dug Well",W10565,2013,1.74,3.58,2.28,4.27
WB,"Koch Bihar",Mekhliganj,Mekhliganj,26.33611111,88.92638889,Mekhaliganj,"Dug Well",W10572,2013,.95,2.1,1.57,2.55
WB,"Koch Bihar",Mekhliganj,Mekhliganj,26.27444444,89.01944444,Dewanhat-2,"Dug Well",W10569,2013,.74,1.9,1.17,3.1
WB,"Koch Bihar",Mekhliganj,Mekhliganj,26.43333333,89.03333333,Changrabandha,"Dug Well",W10568,2013,1.57,3.44,2.74,4.42
WB,"Koch Bihar",Kochbihar-i,Kochbihar-i,26.41555556,89.52777778,"Kholta Kalibari","Dug Well",W10560,2013,.88,3.32,2.09,3.3
WB,"Koch Bihar",Kochbihar-i,Kochbihar-i,26.45111111,89.36277778,Angrarakata,"Dug Well",W10558,2013,2.06,3.15,2.35,3.9
WB,"Koch Bihar",Tufanganj-ii,Tufanganj-ii,26.4025,89.78666667,Bochamari,"Dug Well",W10579,2013,'0,1.96,'0,.38
WB,"Koch Bihar",Mathabhanga-i,Mathabhanga-i,26.41388889,89.075,Majherbari1,"Dug Well",W10563,2013,1.34,3.33,2.45,4.15
WB,"Koch Bihar",Mekhliganj,Mekhliganj,26.41583333,89.03916667,Khasbasdkamari,"Dug Well",W10571,2013,1.16,2.45,1.64,3.41
WB,"Koch Bihar",Kochbihar-i,Kochbihar-i,26.47166667,89.46861111,Baneshwar,"Dug Well",W21544,2013,'0,3.43,'0,2.31
WB,"Koch Bihar",Mathabhanga-i,Mathabhanga-i,26.36277778,89.20083333,Mathabhanga,"Dug Well",W10564,2013,2.33,3.83,2.93,4.16
WB,"Koch Bihar",Mathabhanga-ii,Mathabhanga-ii,26.4825,89.19055556,Gumanihat,"Dug Well",W10566,2013,'0,3.15,'0,'0
WB,"Koch Bihar",Tufanganj-i,Tufanganj-i,26.25,89.6,Balarampur1,"Dug Well",W29518,2013,3.06,4.61,3.23,5.88
WB,"Koch Bihar",Haldibari,Haldibari,26.33805556,88.78166667,Haldibari2,"Dug Well",W29544,2013,1.43,2.35,1.73,3.13
WB,"Koch Bihar",Haldibari,Haldibari,26.34111111,88.79027778,"Haldibari B","Dug Well",W31773,2013,'0,2.35,'0,'0
WB,"Koch Bihar",Haldibari,Haldibari,26.34166667,88.7875,Haldibari,"Dug Well",W31774,2013,'0,'0,'0,3.13
WB,"Koch Bihar",Kochbihar-i,Kochbihar-i,26.3125,89.45,Kochbihar-2,"Dug Well",W10561,2013,1.21,2.34,2.06,2.46
WB,"Koch Bihar",Dinhata-i&ii,"Dinhata-i And Ii",26.1125,89.45833333,Dinhata,"Dug Well",W10554,2012,'0,3.65,3.07,4.49
WB,"Koch Bihar",Sitai,Sitai,26.10833333,89.34111111,Adabari-silduar1,"Dug Well",W29488,2012,'0,'0,.35,'0
WB,"Koch Bihar",Sitai,Sitai,26.07388889,89.30583333,Sitai,"Dug Well",W11212,2012,'0,3.73,3.05,4.1
WB,"Koch Bihar",Sitai,Sitai,26.09805556,89.32361111,Adabari-silduar,"Dug Well",W10573,2012,'0,'0,.35,'0
WB,"Koch Bihar",Dinhata-i&ii,"Dinhata-i And Ii",26.13861111,89.56861111,Sahebganj,"Dug Well",W11210,2012,'0,3.56,2.59,'0
WB,"Koch Bihar",Dinhata-i&ii,"Dinhata-i And Ii",26.15916667,89.35805556,Gosanimari,"Dug Well",W10556,2012,'0,4.13,3.7,'0
WB,"Koch Bihar",Dinhata-i&ii,"Dinhata-i And Ii",26.02638889,89.48027778,Gitaldaha,"Dug Well",W10555,2012,'0,3.69,3.11,'0
WB,"Koch Bihar",Dinhata-i&ii,"Dinhata-i And Ii",26.22111111,89.47555556,Dewanhat-1,"Dug Well",W10553,2012,'0,3.05,1.31,3.77
WB,"Koch Bihar",Sitalkuchi,Sitalkuchi,26.14194444,89.25361111,"Bara Pinjaria Jhar","Dug Well",W10574,2012,'0,2.8,2.7,3.13
WB,"Koch Bihar",Sitalkuchi,Sitalkuchi,26.15972222,89.16666667,Sitalkuchi,"Dug Well",W11213,2012,'0,2.67,1.7,2.63
WB,"Koch Bihar",Kochbihar-i,Kochbihar-i,26.27861111,89.34305556,Dudherkuti,"Dug Well",W10559,2012,'0,1.75,1.01,2.79
WB,"Koch Bihar",Tufanganj-ii,Tufanganj-ii,26.34,89.77138889,Bakshirhat,"Dug Well",W10578,2012,'0,2.78,2.01,3
WB,"Koch Bihar",Mathabhanga-ii,Mathabhanga-ii,26.33361111,89.30805556,Ghoksadanga,"Dug Well",W10565,2012,'0,3.9,2.6,4.35
WB,"Koch Bihar",Mekhliganj,Mekhliganj,26.33611111,88.92638889,Mekhaliganj,"Dug Well",W10572,2012,'0,1.91,.7,1.76
WB,"Koch Bihar",Mekhliganj,Mekhliganj,26.27444444,89.01944444,Dewanhat-2,"Dug Well",W10569,2012,'0,2.26,.91,2.22
WB,"Koch Bihar",Mekhliganj,Mekhliganj,26.43333333,89.03333333,Changrabandha,"Dug Well",W10568,2012,'0,3.63,2.8,3.89
WB,"Koch Bihar",Kochbihar-i,Kochbihar-i,26.41555556,89.52777778,"Kholta Kalibari","Dug Well",W10560,2012,'0,2.99,2.61,3.26
WB,"Koch Bihar",Kochbihar-i,Kochbihar-i,26.45111111,89.36277778,Angrarakata,"Dug Well",W10558,2012,'0,3.2,2.45,3.52
WB,"Koch Bihar",Tufanganj-ii,Tufanganj-ii,26.4025,89.78666667,Bochamari,"Dug Well",W10579,2012,'0,'0,1.06,'0
WB,"Koch Bihar",Mathabhanga-i,Mathabhanga-i,26.41388889,89.075,Majherbari1,"Dug Well",W10563,2012,'0,3.3,1.78,3.21
WB,"Koch Bihar",Mekhliganj,Mekhliganj,26.41583333,89.03916667,Khasbasdkamari,"Dug Well",W10571,2012,'0,2.53,.61,2.66
WB,"Koch Bihar",Kochbihar-i,Kochbihar-i,26.47166667,89.46861111,Baneshwar,"Dug Well",W21544,2012,'0,'0,2.31,'0
WB,"Koch Bihar",Mathabhanga-i,Mathabhanga-i,26.36277778,89.20083333,Mathabhanga,"Dug Well",W10564,2012,'0,4.32,2.53,3.89
WB,"Koch Bihar",Tufanganj-i,Tufanganj-i,26.25,89.6,Balarampur1,"Dug Well",W29518,2012,'0,'0,4.05,'0
WB,"Koch Bihar",Haldibari,Haldibari,26.33805556,88.78166667,Haldibari2,"Dug Well",W29544,2012,'0,'0,2.65,'0
WB,"Koch Bihar",Haldibari,Haldibari,26.34111111,88.79027778,"Haldibari B","Dug Well",W31773,2012,'0,'0,2.65,'0
WB,"Koch Bihar",Kochbihar-i,Kochbihar-i,26.3125,89.45,Kochbihar-2,"Dug Well",W10561,2012,'0,2.46,1.04,2.52
WB,"Koch Bihar",Dinhata-i&ii,"Dinhata-i And Ii",26.1125,89.45833333,Dinhata,"Dug Well",W10554,2011,1.7,3.65,3.02,4.62
WB,"Koch Bihar",Mathabhanga-ii,Mathabhanga-ii,26.4825,89.19055556,Gumanihat,"Dug Well",W10566,2011,'0,3.27,'0,'0
WB,"Koch Bihar",Tufanganj-i,Tufanganj-i,26.30527778,89.60777778,Chilakhana,"Dug Well",W10577,2011,'0,2.86,'0,'0
WB,"Koch Bihar",Tufanganj-i,Tufanganj-i,26.32166667,89.67194444,"Tufanganj abn","Dug Cum Bore Well",W11214,2011,'0,4.27,'0,4.7
WB,"Koch Bihar",Sitai,Sitai,26.07388889,89.30583333,Sitai,"Dug Well",W11212,2011,2,'0,3.35,4.45
WB,"Koch Bihar",Dinhata-i&ii,"Dinhata-i And Ii",26.13861111,89.56861111,Sahebganj,"Dug Well",W11210,2011,1.92,2.94,2.97,'0
WB,"Koch Bihar",Dinhata-i&ii,"Dinhata-i And Ii",26.15916667,89.35805556,Gosanimari,"Dug Well",W10556,2011,2.68,3.85,3.67,4.43
WB,"Koch Bihar",Dinhata-i&ii,"Dinhata-i And Ii",26.02638889,89.48027778,Gitaldaha,"Dug Well",W10555,2011,1.46,4.55,3.17,4.15
WB,"Koch Bihar",Dinhata-i&ii,"Dinhata-i And Ii",26.22111111,89.47555556,Dewanhat-1,"Dug Well",W10553,2011,1.09,2.65,2.54,3.3
WB,"Koch Bihar",Sitalkuchi,Sitalkuchi,26.14194444,89.25361111,"Bara Pinjaria Jhar","Dug Well",W10574,2011,1.64,2.9,2.58,3.04
WB,"Koch Bihar",Sitalkuchi,Sitalkuchi,26.15972222,89.16666667,Sitalkuchi,"Dug Well",W11213,2011,.84,2.25,1.83,3.13
WB,"Koch Bihar",Haldibari,Haldibari,26.34166667,88.7875,Haldibari1,"Dug Well",W10557,2011,'0,2.45,'0,'0
WB,"Koch Bihar",Kochbihar-i,Kochbihar-i,26.27861111,89.34305556,Dudherkuti,"Dug Well",W10559,2011,2.08,2.19,2.05,2.12
WB,"Koch Bihar",Tufanganj-ii,Tufanganj-ii,26.34,89.77138889,Bakshirhat,"Dug Well",W10578,2011,.96,2.67,2.35,2.88
WB,"Koch Bihar",Mathabhanga-ii,Mathabhanga-ii,26.33361111,89.30805556,Ghoksadanga,"Dug Well",W10565,2011,1.43,3.63,3.24,3.8
WB,"Koch Bihar",Mekhliganj,Mekhliganj,26.33611111,88.92638889,Mekhaliganj,"Dug Well",W10572,2011,.7,'0,1.66,2.46
WB,"Koch Bihar",Mekhliganj,Mekhliganj,26.27444444,89.01944444,Dewanhat-2,"Dug Well",W10569,2011,.93,'0,1.94,2.97
WB,"Koch Bihar",Mekhliganj,Mekhliganj,26.43333333,89.03333333,Changrabandha,"Dug Well",W10568,2011,1.42,'0,2.99,4.32
WB,"Koch Bihar",Kochbihar-i,Kochbihar-i,26.41555556,89.52777778,"Kholta Kalibari","Dug Well",W10560,2011,1.22,3.5,3.05,3.8
WB,"Koch Bihar",Kochbihar-i,Kochbihar-i,26.45111111,89.36277778,Angrarakata,"Dug Well",W10558,2011,1.5,3.03,2.85,3.05
WB,"Koch Bihar",Tufanganj-ii,Tufanganj-ii,26.4025,89.78666667,Bochamari,"Dug Well",W10579,2011,'0,3.04,'0,'0
WB,"Koch Bihar",Mathabhanga-i,Mathabhanga-i,26.41388889,89.075,Majherbari1,"Dug Well",W10563,2011,1.17,3.59,3,3.63
WB,"Koch Bihar",Mekhliganj,Mekhliganj,26.41583333,89.03916667,Khasbasdkamari,"Dug Well",W10571,2011,.94,2.58,2.18,2.86
WB,"Koch Bihar",Kochbihar-i,Kochbihar-i,26.47166667,89.46861111,Baneshwar,"Dug Well",W21544,2011,'0,3.22,'0,'0
WB,"Koch Bihar",Mathabhanga-i,Mathabhanga-i,26.36277778,89.20083333,Mathabhanga,"Dug Well",W10564,2011,1.82,4.26,3.57,3.78
WB,"Koch Bihar",Kochbihar-i,Kochbihar-i,26.3125,89.45,Kochbihar-2,"Dug Well",W10561,2011,1.04,1.14,2.13,2.08
WB,"Koch Bihar",Dinhata-i&ii,"Dinhata-i And Ii",26.1125,89.45833333,Dinhata,"Dug Well",W10554,2010,1.21,3.77,2.12,3.81
WB,"Koch Bihar",Mathabhanga-ii,Mathabhanga-ii,26.4825,89.19055556,Gumanihat,"Dug Well",W10566,2010,1.48,2.91,2.75,3.75
WB,"Koch Bihar",Kochbihar-i,Kochbihar-i,26.31472222,89.45722222,Kochbihar-1,"Dug Well",W11211,2010,'0,'0,'0,1.25
WB,"Koch Bihar",Tufanganj-i,Tufanganj-i,26.30527778,89.60777778,Chilakhana,"Dug Well",W10577,2010,'0,'0,2.99,3.68
WB,"Koch Bihar",Tufanganj-i,Tufanganj-i,26.32166667,89.67194444,"Tufanganj abn","Dug Cum Bore Well",W11214,2010,1.67,4.61,3.76,'0
WB,"Koch Bihar",Tufanganj-i,Tufanganj-i,26.32388889,89.67555556,"Tufanganj D","Dug Well",W11215,2010,'0,4.61,'0,3.79
WB,"Koch Bihar",Sitai,Sitai,26.07388889,89.30583333,Sitai,"Dug Well",W11212,2010,2,2.97,3.05,4.37
WB,"Koch Bihar",Sitai,Sitai,26.09805556,89.32361111,Adabari-silduar,"Dug Well",W10573,2010,.59,3.04,'0,4.12
WB,"Koch Bihar",Dinhata-i&ii,"Dinhata-i And Ii",26.13861111,89.56861111,Sahebganj,"Dug Well",W11210,2010,1.62,2.97,2.81,3.97
WB,"Koch Bihar",Dinhata-i&ii,"Dinhata-i And Ii",26.15916667,89.35805556,Gosanimari,"Dug Well",W10556,2010,2.46,3.85,3.6,4.18
WB,"Koch Bihar",Dinhata-i&ii,"Dinhata-i And Ii",26.02638889,89.48027778,Gitaldaha,"Dug Well",W10555,2010,.77,3.01,2.97,4.31
WB,"Koch Bihar",Dinhata-i&ii,"Dinhata-i And Ii",26.22111111,89.47555556,Dewanhat-1,"Dug Well",W10553,2010,.88,4.38,2.25,2.47
WB,"Koch Bihar",Sitalkuchi,Sitalkuchi,26.14194444,89.25361111,"Bara Pinjaria Jhar","Dug Well",W10574,2010,1.53,1.8,2.45,3.58
WB,"Koch Bihar",Sitalkuchi,Sitalkuchi,26.15972222,89.16666667,Sitalkuchi,"Dug Well",W11213,2010,.7,1.34,1.7,2.97
WB,"Koch Bihar",Haldibari,Haldibari,26.34166667,88.7875,Haldibari1,"Dug Well",W10557,2010,.7,2.08,2.1,3.12
WB,"Koch Bihar",Kochbihar-i,Kochbihar-i,26.27861111,89.34305556,Dudherkuti,"Dug Well",W10559,2010,.36,1.69,1.92,2.38
WB,"Koch Bihar",Tufanganj-ii,Tufanganj-ii,26.34,89.77138889,Bakshirhat,"Dug Well",W10578,2010,.69,2.35,2.15,2.96
WB,"Koch Bihar",Mathabhanga-i,Mathabhanga-i,26.28888889,89.25555556,"Hazra Hat","Dug Well",W10562,2010,'0,2.06,'0,3.35
WB,"Koch Bihar",Mathabhanga-ii,Mathabhanga-ii,26.33361111,89.30805556,Ghoksadanga,"Dug Well",W10565,2010,1.08,2.65,2.8,3.75
WB,"Koch Bihar",Mekhliganj,Mekhliganj,26.33611111,88.92638889,Mekhaliganj,"Dug Well",W10572,2010,.4,1.06,1.8,2
WB,"Koch Bihar",Mekhliganj,Mekhliganj,26.27444444,89.01944444,Dewanhat-2,"Dug Well",W10569,2010,.72,3.13,1.84,2.59
WB,"Koch Bihar",Mekhliganj,Mekhliganj,26.43333333,89.03333333,Changrabandha,"Dug Well",W10568,2010,.79,4.07,2.91,4.12
WB,"Koch Bihar",Kochbihar-i,Kochbihar-i,26.41555556,89.52777778,"Kholta Kalibari","Dug Well",W10560,2010,.9,3.75,2.85,3.76
WB,"Koch Bihar",Kochbihar-i,Kochbihar-i,26.45111111,89.36277778,Angrarakata,"Dug Well",W10558,2010,1.01,2.51,2.63,3.34
WB,"Koch Bihar",Tufanganj-ii,Tufanganj-ii,26.4025,89.78666667,Bochamari,"Dug Well",W10579,2010,'0,'0,1.35,1.78
WB,"Koch Bihar",Mathabhanga-i,Mathabhanga-i,26.41388889,89.075,Majherbari1,"Dug Well",W10563,2010,.57,'0,2.79,3.1
WB,"Koch Bihar",Mekhliganj,Mekhliganj,26.41583333,89.03916667,Khasbasdkamari,"Dug Well",W10571,2010,.39,2.18,2.03,2.76
WB,"Koch Bihar",Mekhliganj,Mekhliganj,26.49111111,88.98027778,Doradabri,"Dug Well",W10570,2010,'0,3.48,'0,'0
WB,"Koch Bihar",Kochbihar-i,Kochbihar-i,26.47166667,89.46861111,Baneshwar,"Dug Well",W21544,2010,1.04,2.95,2.69,'0
WB,"Koch Bihar",Mathabhanga-i,Mathabhanga-i,26.36277778,89.20083333,Mathabhanga,"Dug Well",W10564,2010,1.51,4.47,3.33,4.01
WB,"Koch Bihar",Kochbihar-i,Kochbihar-i,26.3125,89.45,Kochbihar-2,"Dug Well",W10561,2010,.51,1.62,2.14,2.33
WB,"Koch Bihar",Dinhata-i&ii,"Dinhata-i And Ii",26.1125,89.45833333,Dinhata,"Dug Well",W10554,2009,1.26,3.25,2.55,3.31
WB,"Koch Bihar",Mathabhanga-ii,Mathabhanga-ii,26.4825,89.19055556,Gumanihat,"Dug Well",W10566,2009,'0,2.72,'0,3.01
WB,"Koch Bihar",Kochbihar-i,Kochbihar-i,26.31472222,89.45722222,Kochbihar-1,"Dug Well",W11211,2009,'0,'0,1.47,'0
WB,"Koch Bihar",Tufanganj-i,Tufanganj-i,26.30527778,89.60777778,Chilakhana,"Dug Well",W10577,2009,2.23,3.41,2.32,3.6
WB,"Koch Bihar",Tufanganj-i,Tufanganj-i,26.32166667,89.67194444,"Tufanganj abn","Dug Cum Bore Well",W11214,2009,'0,'0,3.56,'0
WB,"Koch Bihar",Tufanganj-i,Tufanganj-i,26.32388889,89.67555556,"Tufanganj D","Dug Well",W11215,2009,1.74,3.9,3.56,4.04
WB,"Koch Bihar",Sitai,Sitai,26.07388889,89.30583333,Sitai,"Dug Well",W11212,2009,2.57,4.62,1.41,5.43
WB,"Koch Bihar",Sitai,Sitai,26.09805556,89.32361111,Adabari-silduar,"Dug Well",W10573,2009,2.24,3.73,2.29,4.61
WB,"Koch Bihar",Dinhata-i&ii,"Dinhata-i And Ii",26.13861111,89.56861111,Sahebganj,"Dug Well",W11210,2009,1.78,3.81,1.2,4.05
WB,"Koch Bihar",Dinhata-i&ii,"Dinhata-i And Ii",26.15916667,89.35805556,Gosanimari,"Dug Well",W10556,2009,2.85,3.7,3.35,5.03
WB,"Koch Bihar",Dinhata-i&ii,"Dinhata-i And Ii",26.02638889,89.48027778,Gitaldaha,"Dug Well",W10555,2009,1.44,3.63,2.97,4.14
WB,"Koch Bihar",Dinhata-i&ii,"Dinhata-i And Ii",26.22111111,89.47555556,Dewanhat-1,"Dug Well",W10553,2009,.95,3.21,1.94,.33
WB,"Koch Bihar",Sitalkuchi,Sitalkuchi,26.14194444,89.25361111,"Bara Pinjaria Jhar","Dug Well",W10574,2009,2.25,3.05,1.12,3.2
WB,"Koch Bihar",Sitalkuchi,Sitalkuchi,26.15972222,89.16666667,Sitalkuchi,"Dug Well",W11213,2009,1.56,2.2,1.1,2.35
WB,"Koch Bihar",Haldibari,Haldibari,26.34166667,88.7875,Haldibari1,"Dug Well",W10557,2009,1.16,3.1,1.51,3.05
WB,"Koch Bihar",Kochbihar-i,Kochbihar-i,26.27861111,89.34305556,Dudherkuti,"Dug Well",W10559,2009,1.04,2.93,.91,3.03
WB,"Koch Bihar",Tufanganj-ii,Tufanganj-ii,26.34,89.77138889,Bakshirhat,"Dug Well",W10578,2009,2.04,3.73,1.5,4.02
WB,"Koch Bihar",Mathabhanga-i,Mathabhanga-i,26.28888889,89.25555556,"Hazra Hat","Dug Well",W10562,2009,1.99,3.81,.9,3.91
WB,"Koch Bihar",Mathabhanga-ii,Mathabhanga-ii,26.33361111,89.30805556,Ghoksadanga,"Dug Well",W10565,2009,1.52,2.7,.5,4.05
WB,"Koch Bihar",Mekhliganj,Mekhliganj,26.33611111,88.92638889,Mekhaliganj,"Dug Well",W10572,2009,1.16,2.05,.56,4.06
WB,"Koch Bihar",Mekhliganj,Mekhliganj,26.27444444,89.01944444,Dewanhat-2,"Dug Well",W10569,2009,1.14,5.04,.54,5.22
WB,"Koch Bihar",Mekhliganj,Mekhliganj,26.43333333,89.03333333,Changrabandha,"Dug Well",W10568,2009,1.82,4.11,1.36,4.4
WB,"Koch Bihar",Kochbihar-i,Kochbihar-i,26.41555556,89.52777778,"Kholta Kalibari","Dug Well",W10560,2009,1.74,3.9,1.52,4.04
WB,"Koch Bihar",Kochbihar-i,Kochbihar-i,26.45111111,89.36277778,Angrarakata,"Dug Well",W10558,2009,1.1,3.31,1.55,4.13
WB,"Koch Bihar",Tufanganj-ii,Tufanganj-ii,26.4025,89.78666667,Bochamari,"Dug Well",W10579,2009,'0,2.9,.32,3.06
WB,"Koch Bihar",Mathabhanga-i,Mathabhanga-i,26.41388889,89.075,Majherbari1,"Dug Well",W10563,2009,1.1,3.35,1.4,3.5
WB,"Koch Bihar",Mekhliganj,Mekhliganj,26.41583333,89.03916667,Khasbasdkamari,"Dug Well",W10571,2009,2.18,3.02,.88,3.12
WB,"Koch Bihar",Mekhliganj,Mekhliganj,26.49111111,88.98027778,Doradabri,"Dug Well",W10570,2009,2.02,2.84,'0,3.01
WB,"Koch Bihar",Kochbihar-i,Kochbihar-i,26.47166667,89.46861111,Baneshwar,"Dug Well",W21544,2009,'0,'0,'0,4.03
WB,"Koch Bihar",Mathabhanga-i,Mathabhanga-i,26.36277778,89.20083333,Mathabhanga,"Dug Well",W10564,2009,2.28,4.28,3.39,4.43
WB,"Koch Bihar",Kochbihar-i,Kochbihar-i,26.3125,89.45,Kochbihar-2,"Dug Well",W10561,2009,1.28,2.59,1.3,4.02
WB,"Koch Bihar",Dinhata-i&ii,"Dinhata-i And Ii",26.1125,89.45833333,Dinhata,"Dug Well",W10554,2008,1.1,3.57,2.62,4.27
WB,"Koch Bihar",Mathabhanga-ii,Mathabhanga-ii,26.4825,89.19055556,Gumanihat,"Dug Well",W10566,2008,'0,'0,'0,3.45
WB,"Koch Bihar",Kochbihar-i,Kochbihar-i,26.31472222,89.45722222,Kochbihar-1,"Dug Well",W11211,2008,2.28,'0,'0,'0
WB,"Koch Bihar",Tufanganj-i,Tufanganj-i,26.30527778,89.60777778,Chilakhana,"Dug Well",W10577,2008,2.3,'0,2.66,3.33
WB,"Koch Bihar",Tufanganj-i,Tufanganj-i,26.32388889,89.67555556,"Tufanganj D","Dug Well",W11215,2008,1.64,'0,4.01,4.3
WB,"Koch Bihar",Sitai,Sitai,26.07388889,89.30583333,Sitai,"Dug Well",W11212,2008,2.5,3.63,2.53,4.05
WB,"Koch Bihar",Sitai,Sitai,26.09805556,89.32361111,Adabari-silduar,"Dug Well",W10573,2008,2.22,3.5,'0,4.14
WB,"Koch Bihar",Dinhata-i&ii,"Dinhata-i And Ii",26.13861111,89.56861111,Sahebganj,"Dug Well",W11210,2008,1.35,3.56,2.69,3.9
WB,"Koch Bihar",Dinhata-i&ii,"Dinhata-i And Ii",26.15916667,89.35805556,Gosanimari,"Dug Well",W10556,2008,1.4,4.08,3.45,4.22
WB,"Koch Bihar",Dinhata-i&ii,"Dinhata-i And Ii",26.02638889,89.48027778,Gitaldaha,"Dug Well",W10555,2008,'0,3.7,3.75,4.03
WB,"Koch Bihar",Dinhata-i&ii,"Dinhata-i And Ii",26.22111111,89.47555556,Dewanhat-1,"Dug Well",W10553,2008,1.11,2.52,1.62,2.53
WB,"Koch Bihar",Sitalkuchi,Sitalkuchi,26.14194444,89.25361111,"Bara Pinjaria Jhar","Dug Well",W10574,2008,2.4,2.78,2.31,3.4
WB,"Koch Bihar",Sitalkuchi,Sitalkuchi,26.15972222,89.16666667,Sitalkuchi,"Dug Well",W11213,2008,1.55,2.18,1.62,2.7
WB,"Koch Bihar",Haldibari,Haldibari,26.34166667,88.7875,Haldibari1,"Dug Well",W10557,2008,1.1,2.71,2.45,2.7
WB,"Koch Bihar",Kochbihar-i,Kochbihar-i,26.27861111,89.34305556,Dudherkuti,"Dug Well",W10559,2008,.76,2.41,2.8,2.27
WB,"Koch Bihar",Tufanganj-ii,Tufanganj-ii,26.34,89.77138889,Bakshirhat,"Dug Well",W10578,2008,2.05,2.9,7.87,2.96
WB,"Koch Bihar",Mathabhanga-i,Mathabhanga-i,26.28888889,89.25555556,"Hazra Hat","Dug Well",W10562,2008,1.8,2.92,1.94,3.31
WB,"Koch Bihar",Mathabhanga-ii,Mathabhanga-ii,26.33361111,89.30805556,Ghoksadanga,"Dug Well",W10565,2008,1.6,3.65,2.79,4.01
WB,"Koch Bihar",Mekhliganj,Mekhliganj,26.33611111,88.92638889,Mekhaliganj,"Dug Well",W10572,2008,1.35,2.01,1.68,1.7
WB,"Koch Bihar",Mekhliganj,Mekhliganj,26.27444444,89.01944444,Dewanhat-2,"Dug Well",W10569,2008,1.14,3.56,'0,2.56
WB,"Koch Bihar",Mekhliganj,Mekhliganj,26.43333333,89.03333333,Changrabandha,"Dug Well",W10568,2008,2.13,3.61,2.9,4.07
WB,"Koch Bihar",Kochbihar-i,Kochbihar-i,26.41555556,89.52777778,"Kholta Kalibari","Dug Well",W10560,2008,1.61,4.25,2.91,3.75
WB,"Koch Bihar",Kochbihar-i,Kochbihar-i,26.45111111,89.36277778,Angrarakata,"Dug Well",W10558,2008,1.3,3.27,2.51,3.26
WB,"Koch Bihar",Tufanganj-ii,Tufanganj-ii,26.4025,89.78666667,Bochamari,"Dug Well",W10579,2008,1.4,'0,.86,1.82
WB,"Koch Bihar",Mathabhanga-i,Mathabhanga-i,26.41388889,89.075,Majherbari1,"Dug Well",W10563,2008,1.08,'0,2.94,2.82
WB,"Koch Bihar",Mekhliganj,Mekhliganj,26.41583333,89.03916667,Khasbasdkamari,"Dug Well",W10571,2008,2.02,2.6,2.63,2.64
WB,"Koch Bihar",Mekhliganj,Mekhliganj,26.49111111,88.98027778,Doradabri,"Dug Well",W10570,2008,1.41,4.41,3.46,4.92
WB,"Koch Bihar",Kochbihar-i,Kochbihar-i,26.47166667,89.46861111,Baneshwar,"Dug Well",W21544,2008,1.4,3.62,'0,3.84
WB,"Koch Bihar",Mathabhanga-i,Mathabhanga-i,26.36277778,89.20083333,Mathabhanga,"Dug Well",W10564,2008,1.14,4.05,3.38,3.63
WB,"Koch Bihar",Kochbihar-i,Kochbihar-i,26.3125,89.45,Kochbihar-2,"Dug Well",W10561,2008,1.14,1.75,2.26,2.23
WB,"Koch Bihar",Dinhata-i&ii,"Dinhata-i And Ii",26.1125,89.45833333,Dinhata,"Dug Well",W10554,2007,1.11,3.63,2.56,3.75
WB,"Koch Bihar",Mathabhanga-i,Mathabhanga-i,26.36277778,89.20083333,Mathabhanga,"Dug Well",W10564,2007,2.22,4.01,3.55,3.76
WB,"Koch Bihar",Tufanganj-i,Tufanganj-i,26.30527778,89.60777778,Chilakhana,"Dug Well",W10577,2007,2.4,3.8,3.1,3.4
WB,"Koch Bihar",Sitai,Sitai,26.07388889,89.30583333,Sitai,"Dug Well",W11212,2007,2.41,'0,1.94,4.18
WB,"Koch Bihar",Sitai,Sitai,26.09805556,89.32361111,Adabari-silduar,"Dug Well",W10573,2007,2.11,'0,2.77,4.25
WB,"Koch Bihar",Dinhata-i&ii,"Dinhata-i And Ii",26.13861111,89.56861111,Sahebganj,"Dug Well",W11210,2007,1.4,3.44,1.76,3.79
WB,"Koch Bihar",Dinhata-i&ii,"Dinhata-i And Ii",26.15916667,89.35805556,Gosanimari,"Dug Well",W10556,2007,1.5,4.04,3.67,4.13
WB,"Koch Bihar",Dinhata-i&ii,"Dinhata-i And Ii",26.02638889,89.48027778,Gitaldaha,"Dug Well",W10555,2007,1.3,3.79,2.9,4.13
WB,"Koch Bihar",Dinhata-i&ii,"Dinhata-i And Ii",26.22111111,89.47555556,Dewanhat-1,"Dug Well",W10553,2007,1.1,2.33,2.04,2.17
WB,"Koch Bihar",Sitalkuchi,Sitalkuchi,26.14194444,89.25361111,"Bara Pinjaria Jhar","Dug Well",W10574,2007,2.2,2.78,1.26,3.32
WB,"Koch Bihar",Sitalkuchi,Sitalkuchi,26.15972222,89.16666667,Sitalkuchi,"Dug Well",W11213,2007,1.52,2.31,.97,2.82
WB,"Koch Bihar",Kochbihar-i,Kochbihar-i,26.27861111,89.34305556,Dudherkuti,"Dug Well",W10559,2007,.8,2.24,.65,2.15
WB,"Koch Bihar",Tufanganj-ii,Tufanganj-ii,26.34,89.77138889,Bakshirhat,"Dug Well",W10578,2007,2.02,3.01,1.4,2.84
WB,"Koch Bihar",Mathabhanga-i,Mathabhanga-i,26.28888889,89.25555556,"Hazra Hat","Dug Well",W10562,2007,1.91,2.93,.87,3.23
WB,"Koch Bihar",Mathabhanga-ii,Mathabhanga-ii,26.33361111,89.30805556,Ghoksadanga,"Dug Well",W10565,2007,1.75,3.6,1.12,3.67
WB,"Koch Bihar",Mekhliganj,Mekhliganj,26.33611111,88.92638889,Mekhaliganj,"Dug Well",W10572,2007,1.3,2.02,.5,1.82
WB,"Koch Bihar",Mekhliganj,Mekhliganj,26.27444444,89.01944444,Dewanhat-2,"Dug Well",W10569,2007,1.02,2.24,.65,2.45
WB,"Koch Bihar",Mekhliganj,Mekhliganj,26.43333333,89.03333333,Changrabandha,"Dug Well",W10568,2007,2.22,3.66,3.28,3.83
WB,"Koch Bihar",Kochbihar-i,Kochbihar-i,26.45111111,89.36277778,Angrarakata,"Dug Well",W10558,2007,1.25,3.3,1.43,3.2
WB,"Koch Bihar",Mathabhanga-i,Mathabhanga-i,26.41388889,89.075,Majherbari1,"Dug Well",W10563,2007,1.16,3.2,1.47,2.98
WB,"Koch Bihar",Mekhliganj,Mekhliganj,26.41583333,89.03916667,Khasbasdkamari,"Dug Well",W10571,2007,2.14,2.44,1.08,2.52
WB,"Koch Bihar",Mekhliganj,Mekhliganj,26.49111111,88.98027778,Doradabri,"Dug Well",W10570,2007,2.03,4.22,3.65,3.88
WB,"Koch Bihar",Kochbihar-i,Kochbihar-i,26.3125,89.45,Kochbihar-2,"Dug Well",W10561,2007,1.32,2.54,2.33,2.31
WB,"Koch Bihar",Dinhata-i&ii,"Dinhata-i And Ii",26.1125,89.45833333,Dinhata,"Dug Well",W10554,2006,1.18,3.51,2.55,4.19
WB,"Koch Bihar",Kochbihar-i,Kochbihar-i,26.3125,89.45,Kochbihar-2,"Dug Well",W10561,2006,.68,2.37,1.62,1.87
WB,"Koch Bihar",Kochbihar-i,Kochbihar-i,26.31472222,89.45722222,Kochbihar-1,"Dug Well",W11211,2006,'0,2.6,'0,2.34
WB,"Koch Bihar",Tufanganj-i,Tufanganj-i,26.30527778,89.60777778,Chilakhana,"Dug Well",W10577,2006,1.53,3.51,3.89,3.73
WB,"Koch Bihar",Tufanganj-i,Tufanganj-i,26.32388889,89.67555556,"Tufanganj D","Dug Well",W11215,2006,'0,4.57,'0,4.93
WB,"Koch Bihar",Dinhata-i&ii,"Dinhata-i And Ii",26.13861111,89.56861111,Sahebganj,"Dug Well",W11210,2006,'0,4.22,'0,3.83
WB,"Koch Bihar",Dinhata-i&ii,"Dinhata-i And Ii",26.15916667,89.35805556,Gosanimari,"Dug Well",W10556,2006,'0,4.05,'0,4.57
WB,"Koch Bihar",Dinhata-i&ii,"Dinhata-i And Ii",26.02638889,89.48027778,Gitaldaha,"Dug Well",W10555,2006,'0,3.77,'0,4.36
WB,"Koch Bihar",Dinhata-i&ii,"Dinhata-i And Ii",26.22111111,89.47555556,Dewanhat-1,"Dug Well",W10553,2006,1.01,2.35,1.47,2.63
WB,"Koch Bihar",Sitalkuchi,Sitalkuchi,26.14194444,89.25361111,"Bara Pinjaria Jhar","Dug Well",W10574,2006,'0,2.71,'0,2.92
WB,"Koch Bihar",Sitalkuchi,Sitalkuchi,26.15972222,89.16666667,Sitalkuchi,"Dug Well",W11213,2006,'0,2.11,'0,2.74
WB,"Koch Bihar",Haldibari,Haldibari,26.34166667,88.7875,Haldibari1,"Dug Well",W10557,2006,'0,2.32,'0,3.11
WB,"Koch Bihar",Kochbihar-i,Kochbihar-i,26.27861111,89.34305556,Dudherkuti,"Dug Well",W10559,2006,.35,2.27,1.36,2.07
WB,"Koch Bihar",Tufanganj-ii,Tufanganj-ii,26.34,89.77138889,Bakshirhat,"Dug Well",W10578,2006,'0,2.93,2.1,2.98
WB,"Koch Bihar",Mathabhanga-i,Mathabhanga-i,26.28888889,89.25555556,"Hazra Hat","Dug Well",W10562,2006,1.31,2.82,1.85,'0
WB,"Koch Bihar",Mathabhanga-ii,Mathabhanga-ii,26.33361111,89.30805556,Ghoksadanga,"Dug Well",W10565,2006,1.68,3.57,2.37,4.01
WB,"Koch Bihar",Mekhliganj,Mekhliganj,26.33611111,88.92638889,Mekhaliganj,"Dug Well",W10572,2006,1.2,2.03,1.55,1.59
WB,"Koch Bihar",Mekhliganj,Mekhliganj,26.27444444,89.01944444,Dewanhat-2,"Dug Well",W10569,2006,1.1,2.31,1.34,3.66
WB,"Koch Bihar",Mekhliganj,Mekhliganj,26.43333333,89.03333333,Changrabandha,"Dug Well",W10568,2006,2.23,3.49,2.6,4.2
WB,"Koch Bihar",Kochbihar-i,Kochbihar-i,26.41555556,89.52777778,"Kholta Kalibari","Dug Well",W10560,2006,'0,3.84,'0,3.7
WB,"Koch Bihar",Kochbihar-i,Kochbihar-i,26.45111111,89.36277778,Angrarakata,"Dug Well",W10558,2006,1.38,3.23,2.55,2.46
WB,"Koch Bihar",Tufanganj-ii,Tufanganj-ii,26.4025,89.78666667,Bochamari,"Dug Well",W10579,2006,'0,1.92,'0,1.87
WB,"Koch Bihar",Mathabhanga-i,Mathabhanga-i,26.41388889,89.075,Majherbari1,"Dug Well",W10563,2006,2.26,3.3,2.25,2.09
WB,"Koch Bihar",Mekhliganj,Mekhliganj,26.41583333,89.03916667,Khasbasdkamari,"Dug Well",W10571,2006,2.79,2.46,1.68,2.42
WB,"Koch Bihar",Mekhliganj,Mekhliganj,26.49111111,88.98027778,Doradabri,"Dug Well",W10570,2006,2.69,4.05,2.91,3.85
WB,"Koch Bihar",Mathabhanga-i,Mathabhanga-i,26.36277778,89.20083333,Mathabhanga,"Dug Well",W10564,2006,2.6,3.98,3.18,4.07
WB,"Koch Bihar",Mathabhanga-ii,Mathabhanga-ii,26.4825,89.19055556,Gumanihat,"Dug Well",W10566,2006,'0,3.31,'0,2.97
WB,"Koch Bihar",Mekhliganj,Mekhliganj,26.41583333,89.03916667,Khasbasdkamari,"Dug Well",W10571,2005,1.36,3.23,2.45,'0
WB,"Koch Bihar",Sitalkuchi,Sitalkuchi,26.14194444,89.25361111,"Bara Pinjaria Jhar","Dug Well",W10574,2005,1.95,3.39,2.32,'0
WB,"Koch Bihar",Mathabhanga-i,Mathabhanga-i,26.36277778,89.20083333,Mathabhanga,"Dug Well",W10564,2005,2.15,3.9,3.28,4.06
WB,"Koch Bihar",Mathabhanga-ii,Mathabhanga-ii,26.4825,89.19055556,Gumanihat,"Dug Well",W10566,2005,1.43,4.23,3.07,2.87
WB,"Koch Bihar",Sitalkuchi,Sitalkuchi,26.15972222,89.16666667,Sitalkuchi,"Dug Well",W11213,2005,1.6,2.15,1.46,2.93
WB,"Koch Bihar",Haldibari,Haldibari,26.34166667,88.7875,Haldibari1,"Dug Well",W10557,2005,1.81,2.39,1.8,2.82
WB,"Koch Bihar",Kochbihar-i,Kochbihar-i,26.27861111,89.34305556,Dudherkuti,"Dug Well",W10559,2005,1.57,3.31,2.26,2.27
WB,"Koch Bihar",Tufanganj-ii,Tufanganj-ii,26.34,89.77138889,Bakshirhat,"Dug Well",W10578,2005,1.33,3.4,7.43,2.92
WB,"Koch Bihar",Mathabhanga-i,Mathabhanga-i,26.28888889,89.25555556,"Hazra Hat","Dug Well",W10562,2005,.98,3.02,1.86,'0
WB,"Koch Bihar",Mathabhanga-ii,Mathabhanga-ii,26.33361111,89.30805556,Ghoksadanga,"Dug Well",W10565,2005,1.5,3.62,2.3,3.71
WB,"Koch Bihar",Mekhliganj,Mekhliganj,26.33611111,88.92638889,Mekhaliganj,"Dug Well",W10572,2005,.82,2.78,1.12,2.28
WB,"Koch Bihar",Mekhliganj,Mekhliganj,26.27444444,89.01944444,Dewanhat-2,"Dug Well",W10569,2005,.66,'0,'0,3.47
WB,"Koch Bihar",Mekhliganj,Mekhliganj,26.43333333,89.03333333,Changrabandha,"Dug Well",W10568,2005,1.46,3.65,2.61,4.36
WB,"Koch Bihar",Kochbihar-i,Kochbihar-i,26.41555556,89.52777778,"Kholta Kalibari","Dug Well",W10560,2005,.3,'0,'0,3.45
WB,"Koch Bihar",Kochbihar-i,Kochbihar-i,26.45111111,89.36277778,Angrarakata,"Dug Well",W10558,2005,1.48,3.51,2.23,3.36
WB,"Koch Bihar",Tufanganj-ii,Tufanganj-ii,26.4025,89.78666667,Bochamari,"Dug Well",W10579,2005,.3,2.22,.3,'0
WB,"Koch Bihar",Mathabhanga-i,Mathabhanga-i,26.41388889,89.075,Majherbari1,"Dug Well",W10563,2005,.59,2.33,1.42,2.63
WB,"Koch Bihar",Mathabhanga-ii,Mathabhanga-ii,26.37694444,89.28833333,Manabari,"Dug Well",W10567,2005,2.05,3.88,2.57,6.5
WB,"Koch Bihar",Dinhata-i&ii,"Dinhata-i And Ii",26.1125,89.45833333,Dinhata,"Dug Well",W10554,2005,1.49,3.58,2.49,4.03
WB,"Koch Bihar",Kochbihar-i,Kochbihar-i,26.3125,89.45,Kochbihar-2,"Dug Well",W10561,2005,1.46,2.51,2.09,2.02
WB,"Koch Bihar",Kochbihar-i,Kochbihar-i,26.31472222,89.45722222,Kochbihar-1,"Dug Well",W11211,2005,.7,3.33,1.94,2.42
WB,"Koch Bihar",Tufanganj-i,Tufanganj-i,26.30527778,89.60777778,Chilakhana,"Dug Well",W10577,2005,1.94,4.06,2.51,3.33
WB,"Koch Bihar",Tufanganj-i,Tufanganj-i,26.32166667,89.67194444,"Tufanganj abn","Dug Cum Bore Well",W11214,2005,'0,4.6,'0,'0
WB,"Koch Bihar",Tufanganj-i,Tufanganj-i,26.32388889,89.67555556,"Tufanganj D","Dug Well",W11215,2005,1.72,'0,3.68,4.78
WB,"Koch Bihar",Sitai,Sitai,26.07388889,89.30583333,Sitai,"Dug Well",W11212,2005,1.85,3.73,2.57,'0
WB,"Koch Bihar",Sitai,Sitai,26.09805556,89.32361111,Adabari-silduar,"Dug Well",W10573,2005,1.91,3.61,2.53,'0
WB,"Koch Bihar",Dinhata-i&ii,"Dinhata-i And Ii",26.13861111,89.56861111,Sahebganj,"Dug Well",W11210,2005,1.38,3.61,2.58,4.96
WB,"Koch Bihar",Dinhata-i&ii,"Dinhata-i And Ii",26.15916667,89.35805556,Gosanimari,"Dug Well",W10556,2005,2.59,4.13,3.36,4.46
WB,"Koch Bihar",Dinhata-i&ii,"Dinhata-i And Ii",26.02638889,89.48027778,Gitaldaha,"Dug Well",W10555,2005,2.01,3.92,3.32,4.15
WB,"Koch Bihar",Dinhata-i&ii,"Dinhata-i And Ii",26.22111111,89.47555556,Dewanhat-1,"Dug Well",W10553,2005,.74,2.39,1.43,2.42
WB,"Koch Bihar",Mekhliganj,Mekhliganj,26.49111111,88.98027778,Doradabri,"Dug Well",W10570,2005,1.83,4.44,3.03,3.99
WB,"Koch Bihar",Mekhliganj,Mekhliganj,26.49111111,88.98027778,Doradabri,"Dug Well",W10570,2004,2.76,4.04,2.98,4.63
WB,"Koch Bihar",Mathabhanga-i,Mathabhanga-i,26.36277778,89.20083333,Mathabhanga,"Dug Well",W10564,2004,4.75,3.82,4.17,2.33
WB,"Koch Bihar",Mathabhanga-ii,Mathabhanga-ii,26.4825,89.19055556,Gumanihat,"Dug Well",W10566,2004,2.5,'0,3.22,'0
WB,"Koch Bihar",Sitalkuchi,Sitalkuchi,26.15972222,89.16666667,Sitalkuchi,"Dug Well",W11213,2004,1.53,2.09,1.52,2.42
WB,"Koch Bihar",Haldibari,Haldibari,26.34166667,88.7875,Haldibari1,"Dug Well",W10557,2004,1.86,2.23,1.72,2.53
WB,"Koch Bihar",Kochbihar-i,Kochbihar-i,26.27861111,89.34305556,Dudherkuti,"Dug Well",W10559,2004,1.47,2.16,2.3,3.39
WB,"Koch Bihar",Tufanganj-ii,Tufanganj-ii,26.34,89.77138889,Bakshirhat,"Dug Well",W10578,2004,1.36,2.89,2.27,3.1
WB,"Koch Bihar",Mathabhanga-i,Mathabhanga-i,26.28888889,89.25555556,"Hazra Hat","Dug Well",W10562,2004,.95,2.92,1.85,2.22
WB,"Koch Bihar",Mathabhanga-ii,Mathabhanga-ii,26.33361111,89.30805556,Ghoksadanga,"Dug Well",W10565,2004,1.52,3.42,2.3,3.94
WB,"Koch Bihar",Mekhliganj,Mekhliganj,26.33611111,88.92638889,Mekhaliganj,"Dug Well",W10572,2004,.76,1.98,1.07,1.06
WB,"Koch Bihar",Mekhliganj,Mekhliganj,26.27444444,89.01944444,Dewanhat-2,"Dug Well",W10569,2004,.37,2.75,1.18,2.42
WB,"Koch Bihar",Mekhliganj,Mekhliganj,26.43333333,89.03333333,Changrabandha,"Dug Well",W10568,2004,2.27,3.69,2.57,3.54
WB,"Koch Bihar",Kochbihar-i,Kochbihar-i,26.41555556,89.52777778,"Kholta Kalibari","Dug Well",W10560,2004,'0,3.67,'0,3.95
WB,"Koch Bihar",Kochbihar-i,Kochbihar-i,26.45111111,89.36277778,Angrarakata,"Dug Well",W10558,2004,1.37,3.17,2.28,3.22
WB,"Koch Bihar",Tufanganj-ii,Tufanganj-ii,26.4025,89.78666667,Bochamari,"Dug Well",W10579,2004,'0,1.54,.17,1.12
WB,"Koch Bihar",Mathabhanga-i,Mathabhanga-i,26.41388889,89.075,Majherbari1,"Dug Well",W10563,2004,.71,3.09,1.5,3.51
WB,"Koch Bihar",Mathabhanga-ii,Mathabhanga-ii,26.37694444,89.28833333,Manabari,"Dug Well",W10567,2004,2.97,'0,2.55,'0
WB,"Koch Bihar",Mekhliganj,Mekhliganj,26.41583333,89.03916667,Khasbasdkamari,"Dug Well",W10571,2004,1.37,2.38,2.36,2.81
WB,"Koch Bihar",Dinhata-i&ii,"Dinhata-i And Ii",26.1125,89.45833333,Dinhata,"Dug Well",W10554,2004,2.05,3.41,2.42,3.35
WB,"Koch Bihar",Kochbihar-i,Kochbihar-i,26.3125,89.45,Kochbihar-2,"Dug Well",W10561,2004,.62,2.38,1.83,1.96
WB,"Koch Bihar",Kochbihar-i,Kochbihar-i,26.31472222,89.45722222,Kochbihar-1,"Dug Well",W11211,2004,1.18,'0,1.99,'0
WB,"Koch Bihar",Tufanganj-i,Tufanganj-i,26.30527778,89.60777778,Chilakhana,"Dug Well",W10577,2004,1.72,3.52,2.47,3.56
WB,"Koch Bihar",Tufanganj-i,Tufanganj-i,26.32166667,89.67194444,"Tufanganj abn","Dug Cum Bore Well",W11214,2004,3.05,'0,3.76,4.53
WB,"Koch Bihar",Sitai,Sitai,26.07388889,89.30583333,Sitai,"Dug Well",W11212,2004,1.81,3.09,2.66,4.22
WB,"Koch Bihar",Sitai,Sitai,26.09805556,89.32361111,Adabari-silduar,"Dug Well",W10573,2004,2.03,3.41,2.73,3.8
WB,"Koch Bihar",Dinhata-i&ii,"Dinhata-i And Ii",26.13861111,89.56861111,Sahebganj,"Dug Well",W11210,2004,1.36,4.02,2.49,2.75
WB,"Koch Bihar",Dinhata-i&ii,"Dinhata-i And Ii",26.15916667,89.35805556,Gosanimari,"Dug Well",W10556,2004,2.92,3.48,3.49,4.83
WB,"Koch Bihar",Dinhata-i&ii,"Dinhata-i And Ii",26.02638889,89.48027778,Gitaldaha,"Dug Well",W10555,2004,2.59,3.67,3.47,3.88
WB,"Koch Bihar",Dinhata-i&ii,"Dinhata-i And Ii",26.22111111,89.47555556,Dewanhat-1,"Dug Well",W10553,2004,1.05,2.33,1.55,2.05
WB,"Koch Bihar",Sitalkuchi,Sitalkuchi,26.14194444,89.25361111,"Bara Pinjaria Jhar","Dug Well",W10574,2004,1.9,2.65,2.24,2.43
WB,"Koch Bihar",Mekhliganj,Mekhliganj,26.49111111,88.98027778,Doradabri,"Dug Well",W10570,2003,2.43,4.15,2.82,4.32
WB,"Koch Bihar",Sitalkuchi,Sitalkuchi,26.15972222,89.16666667,Sitalkuchi,"Dug Well",W11213,2003,1.45,2.21,1.36,3.48
WB,"Koch Bihar",Haldibari,Haldibari,26.34166667,88.7875,Haldibari1,"Dug Well",W10557,2003,1.54,2.44,1.57,2.94
WB,"Koch Bihar",Kochbihar-i,Kochbihar-i,26.27861111,89.34305556,Dudherkuti,"Dug Well",W10559,2003,.63,2.34,1.15,1.61
WB,"Koch Bihar",Tufanganj-ii,Tufanganj-ii,26.34,89.77138889,Bakshirhat,"Dug Well",W10578,2003,'0,'0,1.81,'0
WB,"Koch Bihar",Mathabhanga-i,Mathabhanga-i,26.28888889,89.25555556,"Hazra Hat","Dug Well",W10562,2003,'0,'0,1.47,'0
WB,"Koch Bihar",Mathabhanga-ii,Mathabhanga-ii,26.33361111,89.30805556,Ghoksadanga,"Dug Well",W10565,2003,'0,'0,1.87,'0
WB,"Koch Bihar",Mekhliganj,Mekhliganj,26.33611111,88.92638889,Mekhaliganj,"Dug Well",W10572,2003,1.08,2.09,1.55,2.04
WB,"Koch Bihar",Mekhliganj,Mekhliganj,26.27444444,89.01944444,Dewanhat-2,"Dug Well",W10569,2003,1.12,2.56,1.26,2.92
WB,"Koch Bihar",Mekhliganj,Mekhliganj,26.43333333,89.03333333,Changrabandha,"Dug Well",W10568,2003,2.08,3.88,2.32,3.66
WB,"Koch Bihar",Kochbihar-i,Kochbihar-i,26.45111111,89.36277778,Angrarakata,"Dug Well",W10558,2003,1.29,3.13,2.15,2.41
WB,"Koch Bihar",Mathabhanga-i,Mathabhanga-i,26.41388889,89.075,Majherbari1,"Dug Well",W10563,2003,1.85,3.51,1.95,2.89
WB,"Koch Bihar",Mekhliganj,Mekhliganj,26.41583333,89.03916667,Khasbasdkamari,"Dug Well",W10571,2003,1.45,2.53,1.61,2.3
WB,"Koch Bihar",Dinhata-i&ii,"Dinhata-i And Ii",26.1125,89.45833333,Dinhata,"Dug Well",W10554,2003,2.06,3.75,2.51,3.65
WB,"Koch Bihar",Kochbihar-i,Kochbihar-i,26.3125,89.45,Kochbihar-2,"Dug Well",W10561,2003,1.27,2.61,1.86,2.08
WB,"Koch Bihar",Tufanganj-i,Tufanganj-i,26.31666667,89.66527778,Tufanganj-1,"Dug Well",W11216,2003,2.52,4.36,'0,4.21
WB,"Koch Bihar",Tufanganj-i,Tufanganj-i,26.30527778,89.60777778,Chilakhana,"Dug Well",W10577,2003,2.21,3.66,2.7,2.96
WB,"Koch Bihar",Sitai,Sitai,26.07388889,89.30583333,Sitai,"Dug Well",W11212,2003,'0,'0,2.83,'0
WB,"Koch Bihar",Sitai,Sitai,26.09805556,89.32361111,Adabari-silduar,"Dug Well",W10573,2003,2.42,3.68,2.63,3.5
WB,"Koch Bihar",Dinhata-i&ii,"Dinhata-i And Ii",26.13861111,89.56861111,Sahebganj,"Dug Well",W11210,2003,2,3.59,2.31,3.37
WB,"Koch Bihar",Dinhata-i&ii,"Dinhata-i And Ii",26.15916667,89.35805556,Gosanimari,"Dug Well",W10556,2003,'0,'0,3.15,'0
WB,"Koch Bihar",Dinhata-i&ii,"Dinhata-i And Ii",26.02638889,89.48027778,Gitaldaha,"Dug Well",W10555,2003,2.46,3.77,2.58,3.68
WB,"Koch Bihar",Dinhata-i&ii,"Dinhata-i And Ii",26.22111111,89.47555556,Dewanhat-1,"Dug Well",W10553,2003,.84,2.45,1.27,2.11
WB,"Koch Bihar",Sitalkuchi,Sitalkuchi,26.14194444,89.25361111,"Bara Pinjaria Jhar","Dug Well",W10574,2003,'0,'0,2.15,'0
WB,"Koch Bihar",Mathabhanga-i,Mathabhanga-i,26.36277778,89.20083333,Mathabhanga,"Dug Well",W10564,2003,2.61,3.9,2.88,3.77
WB,"Koch Bihar",Mekhliganj,Mekhliganj,26.49111111,88.98027778,Doradabri,"Dug Well",W10570,2002,2.41,4.43,3.33,4.29
WB,"Koch Bihar",Sitalkuchi,Sitalkuchi,26.15972222,89.16666667,Sitalkuchi,"Dug Well",W11213,2002,1.15,2.59,1.69,2.15
WB,"Koch Bihar",Haldibari,Haldibari,26.34166667,88.7875,Haldibari1,"Dug Well",W10557,2002,1.42,2.28,1.96,2.36
WB,"Koch Bihar",Kochbihar-i,Kochbihar-i,26.27861111,89.34305556,Dudherkuti,"Dug Well",W10559,2002,.82,2.52,1.79,.89
WB,"Koch Bihar",Mekhliganj,Mekhliganj,26.33611111,88.92638889,Mekhaliganj,"Dug Well",W10572,2002,1.19,2.11,1.75,1.9
WB,"Koch Bihar",Mekhliganj,Mekhliganj,26.27444444,89.01944444,Dewanhat-2,"Dug Well",W10569,2002,1.23,3.1,1.8,2.61
WB,"Koch Bihar",Mekhliganj,Mekhliganj,26.43333333,89.03333333,Changrabandha,"Dug Well",W10568,2002,1.95,3.89,2.88,3.35
WB,"Koch Bihar",Kochbihar-i,Kochbihar-i,26.45111111,89.36277778,Angrarakata,"Dug Well",W10558,2002,'0,3.54,'0,2.95
WB,"Koch Bihar",Mathabhanga-i,Mathabhanga-i,26.41388889,89.075,Majherbari1,"Dug Well",W10563,2002,2.22,3.7,2.75,2.16
WB,"Koch Bihar",Mekhliganj,Mekhliganj,26.41583333,89.03916667,Khasbasdkamari,"Dug Well",W10571,2002,1.48,2.71,2.02,2.09
WB,"Koch Bihar",Dinhata-i&ii,"Dinhata-i And Ii",26.1125,89.45833333,Dinhata,"Dug Well",W10554,2002,1.87,4.07,2.82,3.47
WB,"Koch Bihar",Kochbihar-i,Kochbihar-i,26.3125,89.45,Kochbihar-2,"Dug Well",W10561,2002,1.54,2.64,2.21,1.72
WB,"Koch Bihar",Tufanganj-i,Tufanganj-i,26.31666667,89.66527778,Tufanganj-1,"Dug Well",W11216,2002,2.58,4.56,3.59,4.16
WB,"Koch Bihar",Tufanganj-i,Tufanganj-i,26.30527778,89.60777778,Chilakhana,"Dug Well",W10577,2002,2.18,3.64,2.78,2.93
WB,"Koch Bihar",Sitai,Sitai,26.09805556,89.32361111,Adabari-silduar,"Dug Well",W10573,2002,2.36,4.03,3.14,3.1
WB,"Koch Bihar",Dinhata-i&ii,"Dinhata-i And Ii",26.13861111,89.56861111,Sahebganj,"Dug Well",W11210,2002,2.23,3.96,2.87,2.3
WB,"Koch Bihar",Dinhata-i&ii,"Dinhata-i And Ii",26.02638889,89.48027778,Gitaldaha,"Dug Well",W10555,2002,2.33,4.4,3.13,2.91
WB,"Koch Bihar",Dinhata-i&ii,"Dinhata-i And Ii",26.22111111,89.47555556,Dewanhat-1,"Dug Well",W10553,2002,.81,2.6,1.84,1.05
WB,"Koch Bihar",Mathabhanga-i,Mathabhanga-i,26.36277778,89.20083333,Mathabhanga,"Dug Well",W10564,2002,2.7,'0,3.37,3.45
WB,"Koch Bihar",Mekhliganj,Mekhliganj,26.49111111,88.98027778,Doradabri,"Dug Well",W10570,2001,1.65,3.66,2.69,4.62
WB,"Koch Bihar",Sitalkuchi,Sitalkuchi,26.15972222,89.16666667,Sitalkuchi,"Dug Well",W11213,2001,1.56,2.3,2.88,3.37
WB,"Koch Bihar",Haldibari,Haldibari,26.34166667,88.7875,Haldibari1,"Dug Well",W10557,2001,.91,2.39,2.22,3.31
WB,"Koch Bihar",Kochbihar-i,Kochbihar-i,26.27861111,89.34305556,Dudherkuti,"Dug Well",W10559,2001,.28,2.23,1.58,2.47
WB,"Koch Bihar",Mekhliganj,Mekhliganj,26.33611111,88.92638889,Mekhaliganj,"Dug Well",W10572,2001,.7,2.39,1.97,2.41
WB,"Koch Bihar",Mekhliganj,Mekhliganj,26.27444444,89.01944444,Dewanhat-2,"Dug Well",W10569,2001,1.59,2.4,1.48,4.27
WB,"Koch Bihar",Mekhliganj,Mekhliganj,26.43333333,89.03333333,Changrabandha,"Dug Well",W10568,2001,1.64,3.71,2.68,4.31
WB,"Koch Bihar",Kochbihar-i,Kochbihar-i,26.45111111,89.36277778,Angrarakata,"Dug Well",W10558,2001,1.22,3.05,2.59,3.6
WB,"Koch Bihar",Mathabhanga-i,Mathabhanga-i,26.41388889,89.075,Majherbari1,"Dug Well",W10563,2001,.71,2.95,2.03,3.53
WB,"Koch Bihar",Mekhliganj,Mekhliganj,26.41583333,89.03916667,Khasbasdkamari,"Dug Well",W10571,2001,.77,2.26,1.87,2.89
WB,"Koch Bihar",Dinhata-i&ii,"Dinhata-i And Ii",26.1125,89.45833333,Dinhata,"Dug Well",W10554,2001,2.04,3.37,2.47,4.37
WB,"Koch Bihar",Kochbihar-i,Kochbihar-i,26.3125,89.45,Kochbihar-2,"Dug Well",W10561,2001,1.19,2.62,2.09,2.68
WB,"Koch Bihar",Tufanganj-i,Tufanganj-i,26.31666667,89.66527778,Tufanganj-1,"Dug Well",W11216,2001,2.59,4.25,3.65,4.77
WB,"Koch Bihar",Tufanganj-i,Tufanganj-i,26.30527778,89.60777778,Chilakhana,"Dug Well",W10577,2001,1.22,3.17,2.18,3.47
WB,"Koch Bihar",Sitai,Sitai,26.09805556,89.32361111,Adabari-silduar,"Dug Well",W10573,2001,2.13,1.42,2.59,4.04
WB,"Koch Bihar",Dinhata-i&ii,"Dinhata-i And Ii",26.13861111,89.56861111,Sahebganj,"Dug Well",W11210,2001,2.04,3.48,2.58,4.54
WB,"Koch Bihar",Dinhata-i&ii,"Dinhata-i And Ii",26.02638889,89.48027778,Gitaldaha,"Dug Well",W10555,2001,2.3,4.23,3.42,4.6
WB,"Koch Bihar",Dinhata-i&ii,"Dinhata-i And Ii",26.22111111,89.47555556,Dewanhat-1,"Dug Well",W10553,2001,1.43,2.42,1.6,2.97
WB,"Koch Bihar",Mathabhanga-i,Mathabhanga-i,26.36277778,89.20083333,Mathabhanga,"Dug Well",W10564,2001,2.27,3.66,3.44,3.63
WB,"Koch Bihar",Mekhliganj,Mekhliganj,26.49111111,88.98027778,Doradabri,"Dug Well",W10570,2000,1.91,3.68,3.06,4.49
WB,"Koch Bihar",Sitalkuchi,Sitalkuchi,26.15972222,89.16666667,Sitalkuchi,"Dug Well",W11213,2000,1.22,2.22,1.86,3.01
WB,"Koch Bihar",Haldibari,Haldibari,26.34166667,88.7875,Haldibari1,"Dug Well",W10557,2000,1.26,2.26,1.97,2.91
WB,"Koch Bihar",Kochbihar-i,Kochbihar-i,26.27861111,89.34305556,Dudherkuti,"Dug Well",W10559,2000,.64,2.25,1.66,2.77
WB,"Koch Bihar",Mekhliganj,Mekhliganj,26.33611111,88.92638889,Mekhaliganj,"Dug Well",W10572,2000,1.5,2.38,2.13,2.57
WB,"Koch Bihar",Mekhliganj,Mekhliganj,26.27444444,89.01944444,Dewanhat-2,"Dug Well",W10569,2000,1.19,2.26,1.86,3.58
WB,"Koch Bihar",Mekhliganj,Mekhliganj,26.43333333,89.03333333,Changrabandha,"Dug Well",W10568,2000,1.84,3.84,2.98,4.08
WB,"Koch Bihar",Kochbihar-i,Kochbihar-i,26.45111111,89.36277778,Angrarakata,"Dug Well",W10558,2000,1.6,3.12,2.71,3.48
WB,"Koch Bihar",Mathabhanga-i,Mathabhanga-i,26.41388889,89.075,Majherbari1,"Dug Well",W10563,2000,1,3.03,2.32,3.33
WB,"Koch Bihar",Mekhliganj,Mekhliganj,26.41583333,89.03916667,Khasbasdkamari,"Dug Well",W10571,2000,1.08,2.28,1.87,2.85
WB,"Koch Bihar",Dinhata-i&ii,"Dinhata-i And Ii",26.1125,89.45833333,Dinhata,"Dug Well",W10554,2000,1.87,3.38,2.66,3.92
WB,"Koch Bihar",Kochbihar-i,Kochbihar-i,26.3125,89.45,Kochbihar-2,"Dug Well",W10561,2000,1.43,2.74,2.53,3.08
WB,"Koch Bihar",Tufanganj-i,Tufanganj-i,26.31666667,89.66527778,Tufanganj-1,"Dug Well",W11216,2000,1.92,4.59,3.5,5.02
WB,"Koch Bihar",Tufanganj-i,Tufanganj-i,26.30527778,89.60777778,Chilakhana,"Dug Well",W10577,2000,1.78,3.29,2.64,3.5
WB,"Koch Bihar",Sitai,Sitai,26.09805556,89.32361111,Adabari-silduar,"Dug Well",W10573,2000,.95,1.32,1.57,.82
WB,"Koch Bihar",Dinhata-i&ii,"Dinhata-i And Ii",26.13861111,89.56861111,Sahebganj,"Dug Well",W11210,2000,2.09,3.33,2.94,4.14
WB,"Koch Bihar",Dinhata-i&ii,"Dinhata-i And Ii",26.02638889,89.48027778,Gitaldaha,"Dug Well",W10555,2000,2.48,4.12,3.59,4.65
WB,"Koch Bihar",Dinhata-i&ii,"Dinhata-i And Ii",26.22111111,89.47555556,Dewanhat-1,"Dug Well",W10553,2000,.91,2.4,1.9,2.92
WB,"Koch Bihar",Mathabhanga-i,Mathabhanga-i,26.36277778,89.20083333,Mathabhanga,"Dug Well",W10564,2000,2.38,3.72,3.21,4.08
WB,"Koch Bihar",Mathabhanga-i,Mathabhanga-i,26.41388889,89.075,Majherbari1,"Dug Well",W10563,1999,.7,3.48,1.6,3.53
WB,"Koch Bihar",Kochbihar-i,Kochbihar-i,26.45111111,89.36277778,Angrarakata,"Dug Well",W10558,1999,.95,3.25,2.07,3.53
WB,"Koch Bihar",Mekhliganj,Mekhliganj,26.49111111,88.98027778,Doradabri,"Dug Well",W10570,1999,.92,3.96,2.11,4.68
WB,"Koch Bihar",Mathabhanga-i,Mathabhanga-i,26.36277778,89.20083333,Mathabhanga,"Dug Well",W10564,1999,1.2,3.89,2.84,4.05
WB,"Koch Bihar",Dinhata-i&ii,"Dinhata-i And Ii",26.1125,89.45833333,Dinhata,"Dug Well",W10554,1999,.4,3.38,1.89,4.17
WB,"Koch Bihar",Kochbihar-i,Kochbihar-i,26.3125,89.45,Kochbihar-2,"Dug Well",W10561,1999,.82,2.64,2.03,2.73
WB,"Koch Bihar",Tufanganj-i,Tufanganj-i,26.31666667,89.66527778,Tufanganj-1,"Dug Well",W11216,1999,1.06,4.73,3.2,4.97
WB,"Koch Bihar",Tufanganj-i,Tufanganj-i,26.30527778,89.60777778,Chilakhana,"Dug Well",W10577,1999,1.18,3.51,2.22,3.45
WB,"Koch Bihar",Sitai,Sitai,26.09805556,89.32361111,Adabari-silduar,"Dug Well",W10573,1999,'0,1.52,1.19,1.45
WB,"Koch Bihar",Dinhata-i&ii,"Dinhata-i And Ii",26.13861111,89.56861111,Sahebganj,"Dug Well",W11210,1999,1.03,3.57,2.16,4.41
WB,"Koch Bihar",Dinhata-i&ii,"Dinhata-i And Ii",26.02638889,89.48027778,Gitaldaha,"Dug Well",W10555,1999,1,4.28,2.82,4.75
WB,"Koch Bihar",Dinhata-i&ii,"Dinhata-i And Ii",26.22111111,89.47555556,Dewanhat-1,"Dug Well",W10553,1999,.45,2.51,1.1,2.73
WB,"Koch Bihar",Sitalkuchi,Sitalkuchi,26.15972222,89.16666667,Sitalkuchi,"Dug Well",W11213,1999,'0,2.28,1.4,3.07
WB,"Koch Bihar",Haldibari,Haldibari,26.34166667,88.7875,Haldibari1,"Dug Well",W10557,1999,.68,2.47,1.48,3.13
WB,"Koch Bihar",Kochbihar-i,Kochbihar-i,26.27861111,89.34305556,Dudherkuti,"Dug Well",W10559,1999,.33,2.44,1.01,2.73
WB,"Koch Bihar",Mekhliganj,Mekhliganj,26.33611111,88.92638889,Mekhaliganj,"Dug Well",W10572,1999,.81,2.21,1.65,2.32
WB,"Koch Bihar",Mekhliganj,Mekhliganj,26.27444444,89.01944444,Dewanhat-2,"Dug Well",W10569,1999,.64,2.48,1.22,3.84
WB,"Koch Bihar",Mekhliganj,Mekhliganj,26.43333333,89.03333333,Changrabandha,"Dug Well",W10568,1999,.76,3.78,1.98,4.38
WB,"Koch Bihar",Mekhliganj,Mekhliganj,26.41583333,89.03916667,Khasbasdkamari,"Dug Well",W10571,1999,.27,2.48,1.18,3.03
WB,"Koch Bihar",Mathabhanga-i,Mathabhanga-i,26.41388889,89.075,Majherbari1,"Dug Well",W10563,1998,'0,3.19,2.75,3.3
WB,"Koch Bihar",Mekhliganj,Mekhliganj,26.41583333,89.03916667,Khasbasdkamari,"Dug Well",W10571,1998,'0,2.32,1.94,'0
WB,"Koch Bihar",Mekhliganj,Mekhliganj,26.49111111,88.98027778,Doradabri,"Dug Well",W10570,1998,'0,3.88,3.01,4.4
WB,"Koch Bihar",Mathabhanga-i,Mathabhanga-i,26.36277778,89.20083333,Mathabhanga,"Dug Well",W10564,1998,'0,3.75,3.3,3.94
WB,"Koch Bihar",Dinhata-i&ii,"Dinhata-i And Ii",26.1125,89.45833333,Dinhata,"Dug Well",W10554,1998,'0,3.5,2.22,3.92
WB,"Koch Bihar",Kochbihar-i,Kochbihar-i,26.3125,89.45,Kochbihar-2,"Dug Well",W10561,1998,'0,2.42,2.19,2.26
WB,"Koch Bihar",Tufanganj-i,Tufanganj-i,26.31666667,89.66527778,Tufanganj-1,"Dug Well",W11216,1998,'0,4.82,3.79,5.1
WB,"Koch Bihar",Tufanganj-i,Tufanganj-i,26.30527778,89.60777778,Chilakhana,"Dug Well",W10577,1998,'0,3.74,2.82,3.08
WB,"Koch Bihar",Sitai,Sitai,26.09805556,89.32361111,Adabari-silduar,"Dug Well",W10573,1998,'0,1.48,1.39,2.47
WB,"Koch Bihar",Dinhata-i&ii,"Dinhata-i And Ii",26.13861111,89.56861111,Sahebganj,"Dug Well",W11210,1998,'0,3.89,2.44,3.61
WB,"Koch Bihar",Dinhata-i&ii,"Dinhata-i And Ii",26.02638889,89.48027778,Gitaldaha,"Dug Well",W10555,1998,'0,4.25,3.18,4.11
WB,"Koch Bihar",Dinhata-i&ii,"Dinhata-i And Ii",26.22111111,89.47555556,Dewanhat-1,"Dug Well",W10553,1998,'0,2.5,1.59,'0
WB,"Koch Bihar",Sitalkuchi,Sitalkuchi,26.15972222,89.16666667,Sitalkuchi,"Dug Well",W11213,1998,'0,2.29,1.58,2.5
WB,"Koch Bihar",Haldibari,Haldibari,26.34166667,88.7875,Haldibari1,"Dug Well",W10557,1998,'0,2.38,1.92,3.48
WB,"Koch Bihar",Kochbihar-i,Kochbihar-i,26.27861111,89.34305556,Dudherkuti,"Dug Well",W10559,1998,'0,2.38,1.5,2.6
WB,"Koch Bihar",Mekhliganj,Mekhliganj,26.33611111,88.92638889,Mekhaliganj,"Dug Well",W10572,1998,'0,2.32,1.9,2.5
WB,"Koch Bihar",Mekhliganj,Mekhliganj,26.27444444,89.01944444,Dewanhat-2,"Dug Well",W10569,1998,'0,2.44,1.7,3.5
WB,"Koch Bihar",Mekhliganj,Mekhliganj,26.43333333,89.03333333,Changrabandha,"Dug Well",W10568,1998,'0,3.69,2.93,4.24
WB,"Koch Bihar",Kochbihar-i,Kochbihar-i,26.45111111,89.36277778,Angrarakata,"Dug Well",W10558,1998,'0,3.38,2.55,'0
WB,"Koch Bihar",Mekhliganj,Mekhliganj,26.41583333,89.03916667,Khasbasdkamari,"Dug Well",W10571,1997,.71,2.52,2.09,2.99
WB,"Koch Bihar",Kochbihar-i,Kochbihar-i,26.45111111,89.36277778,Angrarakata,"Dug Well",W10558,1997,1.71,4.02,3.15,3.47
WB,"Koch Bihar",Mekhliganj,Mekhliganj,26.43333333,89.03333333,Changrabandha,"Dug Well",W10568,1997,1.54,3.74,3.41,4.08
WB,"Koch Bihar",Mekhliganj,Mekhliganj,26.27444444,89.01944444,Dewanhat-2,"Dug Well",W10569,1997,1.01,2.52,2.13,4.2
WB,"Koch Bihar",Mekhliganj,Mekhliganj,26.33611111,88.92638889,Mekhaliganj,"Dug Well",W10572,1997,1.23,2.26,2.06,2.51
WB,"Koch Bihar",Kochbihar-i,Kochbihar-i,26.27861111,89.34305556,Dudherkuti,"Dug Well",W10559,1997,.54,2.48,2.04,2.5
WB,"Koch Bihar",Haldibari,Haldibari,26.34166667,88.7875,Haldibari1,"Dug Well",W10557,1997,1.27,2.47,2.17,2.86
WB,"Koch Bihar",Sitalkuchi,Sitalkuchi,26.15972222,89.16666667,Sitalkuchi,"Dug Well",W11213,1997,1.72,2.76,2.05,3.18
WB,"Koch Bihar",Dinhata-i&ii,"Dinhata-i And Ii",26.22111111,89.47555556,Dewanhat-1,"Dug Well",W10553,1997,.69,2.47,2.25,2.82
WB,"Koch Bihar",Dinhata-i&ii,"Dinhata-i And Ii",26.02638889,89.48027778,Gitaldaha,"Dug Well",W10555,1997,2.35,4.05,3.91,4.72
WB,"Koch Bihar",Dinhata-i&ii,"Dinhata-i And Ii",26.13861111,89.56861111,Sahebganj,"Dug Well",W11210,1997,1.74,3.41,3.54,4.44
WB,"Koch Bihar",Sitai,Sitai,26.09805556,89.32361111,Adabari-silduar,"Dug Well",W10573,1997,1.84,3.63,1.17,3.52
WB,"Koch Bihar",Tufanganj-i,Tufanganj-i,26.25,89.6,Balarampur,"Dug Well",W10575,1997,1.99,4.37,4.17,4.52
WB,"Koch Bihar",Tufanganj-i,Tufanganj-i,26.30527778,89.60777778,Chilakhana,"Dug Well",W10577,1997,1.3,3.97,3.39,4.06
WB,"Koch Bihar",Tufanganj-i,Tufanganj-i,26.31666667,89.66527778,Tufanganj-1,"Dug Well",W11216,1997,2,4.89,4.55,5.16
WB,"Koch Bihar",Kochbihar-i,Kochbihar-i,26.3125,89.45,Kochbihar-2,"Dug Well",W10561,1997,1.61,2.55,2.25,2.62
WB,"Koch Bihar",Dinhata-i&ii,"Dinhata-i And Ii",26.1125,89.45833333,Dinhata,"Dug Well",W10554,1997,1.58,3.41,3.28,3.05
WB,"Koch Bihar",Mathabhanga-i,Mathabhanga-i,26.36277778,89.20083333,Mathabhanga,"Dug Well",W10564,1997,1.97,3.85,3.56,3.93
WB,"Koch Bihar",Mekhliganj,Mekhliganj,26.49111111,88.98027778,Doradabri,"Dug Well",W10570,1997,1.46,4.01,3.52,4.64
WB,"Koch Bihar",Mathabhanga-i,Mathabhanga-i,26.41388889,89.075,Majherbari1,"Dug Well",W10563,1997,1.16,3.46,2.89,3.62
WB,"Koch Bihar",Mekhliganj,Mekhliganj,26.43333333,89.03333333,Changrabandha,"Dug Well",W10568,1996,1.86,3.46,3.3,3.99
WB,"Koch Bihar",Mekhliganj,Mekhliganj,26.41583333,89.03916667,Khasbasdkamari,"Dug Well",W10571,1996,.93,2.72,2.06,3.02
WB,"Koch Bihar",Kochbihar-i,Kochbihar-i,26.27861111,89.34305556,Dudherkuti,"Dug Well",W10559,1996,.54,2.21,1.92,2.34
WB,"Koch Bihar",Sitai,Sitai,26.09805556,89.32361111,Adabari-silduar,"Dug Well",W10573,1996,2.29,3.06,2.72,3.45
WB,"Koch Bihar",Kochbihar-i,Kochbihar-i,26.45111111,89.36277778,Angrarakata,"Dug Well",W10558,1996,1.88,3.1,2.9,3.34
WB,"Koch Bihar",Tufanganj-i,Tufanganj-i,26.25,89.6,Balarampur,"Dug Well",W10575,1996,2.09,4.19,'0,4.15
WB,"Koch Bihar",Haldibari,Haldibari,26.34166667,88.7875,Haldibari1,"Dug Well",W10557,1996,1.34,2.09,1.9,2.46
WB,"Koch Bihar",Tufanganj-i,Tufanganj-i,26.30527778,89.60777778,Chilakhana,"Dug Well",W10577,1996,1.05,3.68,3.22,3.11
WB,"Koch Bihar",Mekhliganj,Mekhliganj,26.27444444,89.01944444,Dewanhat-2,"Dug Well",W10569,1996,1.04,2.18,2.03,2.44
WB,"Koch Bihar",Tufanganj-i,Tufanganj-i,26.31666667,89.66527778,Tufanganj-1,"Dug Well",W11216,1996,2.12,4.57,4.21,4.47
WB,"Koch Bihar",Sitalkuchi,Sitalkuchi,26.15972222,89.16666667,Sitalkuchi,"Dug Well",W11213,1996,1.8,2.23,1.85,2.85
WB,"Koch Bihar",Kochbihar-i,Kochbihar-i,26.3125,89.45,Kochbihar-2,"Dug Well",W10561,1996,1.66,2.56,2.31,2.37
WB,"Koch Bihar",Mathabhanga-i,Mathabhanga-i,26.41388889,89.075,Majherbari1,"Dug Well",W10563,1996,1.02,3.86,2.88,2.9
WB,"Koch Bihar",Dinhata-i&ii,"Dinhata-i And Ii",26.1125,89.45833333,Dinhata,"Dug Well",W10554,1996,1.66,3.29,2.6,4.12
WB,"Koch Bihar",Dinhata-i&ii,"Dinhata-i And Ii",26.22111111,89.47555556,Dewanhat-1,"Dug Well",W10553,1996,.63,2.23,2.66,2.39
WB,"Koch Bihar",Mathabhanga-i,Mathabhanga-i,26.36277778,89.20083333,Mathabhanga,"Dug Well",W10564,1996,2.23,3.58,3.53,3.58
WB,"Koch Bihar",Mekhliganj,Mekhliganj,26.33611111,88.92638889,Mekhaliganj,"Dug Well",W10572,1996,1.5,2.26,2.13,2.22
WB,"Koch Bihar",Mekhliganj,Mekhliganj,26.49111111,88.98027778,Doradabri,"Dug Well",W10570,1996,2.04,3.58,3.39,4.19
WB,"Koch Bihar",Dinhata-i&ii,"Dinhata-i And Ii",26.02638889,89.48027778,Gitaldaha,"Dug Well",W10555,1996,2.55,3.99,3.41,4.15
WB,"Koch Bihar",Dinhata-i&ii,"Dinhata-i And Ii",26.13861111,89.56861111,Sahebganj,"Dug Well",W11210,1996,1.82,3.43,2.56,4.27
