STATE,DISTRICT,TEH_NAME,BLOCK_NAME,LAT,LON,SITE_NAME,SITE_TYPE,WLCODE,YEAR_OBS,MONSOON,POMRB,POMKH,PREMON
MS,Bid,Manjlegaon,Majalgaon,19.10444444,76.2125,Patrud-1,"Dug Well",W26031,2018,'0,8.9,'0,'0
MS,Bid,Manjlegaon,Majalgaon,19.10444444,76.2125,Patrud-1,"Dug Well",W26031,2018,'0,'0,'0,14.85
MS,Bid,Manjlegaon,Majalgaon,19.15,76.21666667,Manjalegaon,"Bore Well",W26037,2018,'0,12.1,'0,'0
MS,Bid,Manjlegaon,Majalgaon,19.15,76.21666667,Manjalegaon,"Bore Well",W26037,2018,'0,'0,'0,30
MS,Bid,Manjlegaon,Dharur,18.93527778,76.13972222,Gaundara,"Dug Well",W31185,2018,'0,1.2,'0,'0
MS,Bid,Manjlegaon,Dharur,18.93527778,76.13972222,Gaundara,"Dug Well",W31185,2018,'0,'0,'0,6.28
MS,Bid,Beed,Beed,19.0625,75.75222222,Ghosapuri,"Dug Well",W31191,2018,'0,5.2,'0,'0
MS,Bid,Beed,Beed,19.0625,75.75222222,Ghosapuri,"Dug Well",W31191,2018,'0,'0,'0,13.5
MS,Bid,Georai,Shirur-kasar,19.175,75.50777778,Tintarvani-1,"Dug Well",W26045,2018,'0,4.7,'0,'0
MS,Bid,Georai,Shirur-kasar,19.175,75.50777778,Tintarvani-1,"Dug Well",W26045,2018,'0,'0,'0,4.9
MS,Bid,Georai,Georai,19.27472222,75.73861111,Georai-1,"Dug Well",W26072,2018,'0,4.4,'0,'0
MS,Bid,Georai,Georai,19.27472222,75.73861111,Georai-1,"Dug Well",W26072,2018,'0,'0,'0,6.6
MS,Bid,Latur,Renapur,18.48277778,76.59166667,"Mahapur-Vasantnagar tanda","Dug Well",W25859,2018,'0,10.05,'0,'0
MS,Bid,Latur,Renapur,18.48277778,76.59166667,"Mahapur-Vasantnagar tanda","Dug Well",W25859,2018,'0,'0,'0,8.95
MS,Bid,Manjlegaon,Majalgaon,18.98916667,76.26638889,Dindrur-1,"Dug Well",W31188,2018,'0,12.8,'0,'0
MS,Bid,Manjlegaon,Majalgaon,18.98916667,76.26638889,Dindrur-1,"Dug Well",W31188,2018,'0,'0,'0,18.53
MS,Bid,Georai,Georai,19.32972222,75.71916667,Nagjhera,"Dug Well",W31195,2018,'0,8.6,'0,'0
MS,Bid,Georai,Georai,19.32972222,75.71916667,Nagjhera,"Dug Well",W31195,2018,'0,'0,'0,10.72
MS,Bid,Ashti,Ashti,18.95,75.2,Doithana,"Dug Well",W17169,2018,'0,3.2,'0,'0
MS,Bid,Ashti,Ashti,18.95,75.2,Doithana,"Dug Well",W17169,2018,'0,'0,'0,9
MS,Bid,Renapur,Renapur,18.50138889,76.56944444,Rajwadi,"Dug Well",W20683,2018,'0,7.2,'0,'0
MS,Bid,Ambejogai,Ambejogai,18.73333333,76.4,Ambejogai,"Dug Well",W17162,2018,'0,4.3,'0,'0
MS,Bid,Ambejogai,Ambejogai,18.73333333,76.4,Ambejogai,"Dug Well",W17162,2018,'0,'0,'0,3.76
MS,Bid,Renapur,Renapur,18.62666667,76.62916667,Pangaon,"Dug Well",W07192,2018,'0,2.3,'0,'0
MS,Bid,Renapur,Renapur,18.62666667,76.62916667,Pangaon,"Dug Well",W07192,2018,'0,'0,'0,5.53
MS,Bid,Renapur,Renapur,18.51666667,76.6,Renapur,"Dug Well",W07193,2018,'0,7,'0,'0
MS,Bid,Renapur,Renapur,18.51666667,76.6,Renapur,"Dug Well",W07193,2018,'0,'0,'0,8.33
MS,Bid,Ambejogai,Ambejogai,18.73333333,76.51666667,Talni,"Dug Well",W06926,2018,'0,3.7,'0,'0
MS,Bid,Ambejogai,Ambejogai,18.73333333,76.51666667,Talni,"Dug Well",W06926,2018,'0,'0,'0,20.4
MS,Bid,Patoda,Patoda,18.86666667,75.46666667,Patoda,"Dug Well",W06945,2018,'0,5.4,'0,'0
MS,Bid,Patoda,Patoda,18.86666667,75.46666667,Patoda,"Dug Well",W06945,2018,'0,'0,'0,6.2
MS,Bid,Patoda,Patoda,18.93333333,75.35833333,Pimpalwandi,"Dug Well",W06946,2018,'0,3.2,'0,'0
MS,Bid,Patoda,Patoda,18.93333333,75.35833333,Pimpalwandi,"Dug Well",W06946,2018,'0,'0,'0,2.9
MS,Bid,Kaij,Kaij,18.71666667,76.13333333,Kumbhephal,"Dug Well",W17185,2018,'0,5.1,'0,'0
MS,Bid,Kaij,Kaij,18.71666667,76.13333333,Kumbhephal,"Dug Well",W17185,2018,'0,'0,'0,8.6
MS,Bid,Patoda,Patoda,18.93333333,75.63333333,Pithi,"Dug Well",W06947,2018,'0,.9,'0,'0
MS,Bid,Patoda,Patoda,18.93333333,75.63333333,Pithi,"Dug Well",W06947,2018,'0,'0,'0,11.4
MS,Bid,Ambejogai,Parli,18.73333333,76.64444444,Dharmapuri,"Dug Well",W17165,2018,'0,3.4,'0,'0
MS,Bid,Ambejogai,Parli,18.73333333,76.64444444,Dharmapuri,"Dug Well",W17165,2018,'0,'0,'0,4.58
MS,Bid,Ambejogai,Parli,18.83333333,76.48333333,Kanerwadi,"Dug Well",W17166,2018,'0,.7,'0,'0
MS,Bid,Ambejogai,Parli,18.83333333,76.48333333,Kanerwadi,"Dug Well",W17166,2018,'0,'0,'0,4.15
MS,Bid,Beed,Beed,18.91527778,75.74722222,Pali,"Dug Well",W06929,2018,'0,3.5,'0,'0
MS,Bid,Beed,Beed,18.91527778,75.74722222,Pali,"Dug Well",W06929,2018,'0,'0,'0,4.15
MS,Bid,Ashti,Ashti,18.91666667,75.01666667,Dhanora,"Dug Well",W17168,2018,'0,8.8,'0,'0
MS,Bid,Patoda,Shirur-kasar,19.06666667,75.31666667,Manur,"Dug Well",W06944,2018,'0,6.5,'0,'0
MS,Bid,Patoda,Shirur-kasar,19.06666667,75.31666667,Manur,"Dug Well",W06944,2018,'0,'0,'0,13
MS,Bid,Patoda,Patoda,18.76666667,75.55833333,Daskhed,"Dug Well",W17187,2018,'0,8.2,'0,'0
MS,Bid,Patoda,Patoda,18.76666667,75.55833333,Daskhed,"Dug Well",W17187,2018,'0,'0,'0,10.87
MS,Bid,Manjlegaon,Parli,18.98333333,76.38333333,Sirsala,"Dug Well",W06941,2018,'0,'0,'0,7.93
MS,Bid,Kaij,Wadwani,18.98333333,76.03333333,Wadwani,"Dug Well",W06936,2018,'0,2.7,'0,'0
MS,Bid,Kaij,Wadwani,18.98333333,76.03333333,Wadwani,"Dug Well",W06936,2018,'0,'0,'0,6.38
MS,Bid,Manjlegaon,Wadwani,18.98333333,76.18333333,Telgaon,"Dug Well",W06943,2018,'0,3.1,'0,'0
MS,Bid,Manjlegaon,Wadwani,18.98333333,76.18333333,Telgaon,"Dug Well",W06943,2018,'0,'0,'0,8.65
MS,Bid,Beed,Beed,18.96666667,75.88333333,Mauj,"Dug Well",W06928,2018,'0,3,'0,'0
MS,Bid,Beed,Beed,18.96666667,75.88333333,Mauj,"Dug Well",W06928,2018,'0,'0,'0,10.32
MS,Bid,Georai,Georai,19.17777778,75.63194444,Kolegaon,"Dug Well",W17180,2018,'0,'0,'0,10
MS,Bid,Ashti,Ashti,18.66666667,75.15,Khadkhat,"Dug Well",W17170,2018,'0,1.1,'0,'0
MS,Bid,Ashti,Ashti,18.66666667,75.15,Khadkhat,"Dug Well",W17170,2018,'0,'0,'0,15.95
MS,Bid,Georai,Georai,19.17777778,75.63194444,Kolegaon,"Dug Well",W17180,2018,'0,6.2,'0,'0
MS,Bid,Ashti,Ashti,18.90194444,75.18083333,Kinhi,"Dug Well",W25985,2018,'0,3.15,'0,'0
MS,Bid,Ashti,Ashti,18.90194444,75.18083333,Kinhi,"Dug Well",W25985,2018,'0,'0,'0,8.9
MS,Bid,Ambejogai,Ambejogai,18.66722222,76.42166667,Saigaon-1,"Dug Well",W25913,2018,'0,4.7,'0,'0
MS,Bid,Ambejogai,Ambejogai,18.66722222,76.42166667,Saigaon-1,"Dug Well",W25913,2018,'0,'0,'0,9.23
MS,Bid,Ambejogai,Kaij,18.79472222,76.19527778,Waguli,"Dug Well",W25945,2018,'0,9.8,'0,'0
MS,Bid,Ambejogai,Kaij,18.79472222,76.19527778,Waguli,"Dug Well",W25945,2018,'0,'0,'0,16.38
MS,Bid,Kaij,Beed,18.77611111,75.84638889,"Nandur Phata","Dug Well",W25938,2018,'0,16.2,'0,'0
MS,Bid,Kaij,Beed,18.77611111,75.84638889,"Nandur Phata","Dug Well",W25938,2018,'0,'0,'0,17.9
MS,Bid,Beed,Beed,18.79611111,75.80888889,"Manjar Sumbha-1","Dug Well",W25946,2018,'0,5.2,'0,'0
MS,Bid,Beed,Beed,18.79611111,75.80888889,"Manjar Sumbha-1","Dug Well",W25946,2018,'0,'0,'0,8.3
MS,Bid,Kaij,Dharur,18.79888889,76.10861111,Dharur-1,"Dug Well",W25950,2018,'0,8.9,'0,'0
MS,Bid,Kaij,Dharur,18.79888889,76.10861111,Dharur-1,"Dug Well",W25950,2018,'0,'0,'0,10.3
MS,Bid,Patoda,Patoda,18.92888889,75.44277778,"Dongar Kini-1","Dug Well",W25990,2018,'0,9.8,'0,'0
MS,Bid,Patoda,Patoda,18.92888889,75.44277778,"Dongar Kini-1","Dug Well",W25990,2018,'0,'0,'0,10.72
MS,Bid,Ashti,Ashti,18.87944444,75.09055556,"Sheri Bk","Dug Well",W25979,2018,'0,2.7,'0,'0
MS,Bid,Ashti,Ashti,18.87944444,75.09055556,"Sheri Bk","Dug Well",W25979,2018,'0,'0,'0,11.2
MS,Bid,Beed,Beed,19.02111111,75.75833333,Jirewadi-1,"Dug Well",W26015,2018,'0,'0,'0,13.4
MS,Bid,Ashti,Ashti,18.95444444,74.97972222,Dhanora-1,"Dug Well",W25995,2018,'0,'0,'0,10.3
MS,Bid,Ashti,Ashti,18.9575,74.97555556,Waghluj,"Dug Well",W25997,2018,'0,2.15,'0,'0
MS,Bid,Ashti,Ashti,18.9575,74.97555556,Waghluj,"Dug Well",W25997,2018,'0,'0,'0,7
MS,Bid,Patoda,Shirur-kasar,19.04055556,75.47055556,Anandgaon,"Dug Well",W26017,2018,'0,'0,'0,5.2
MS,Bid,Patoda,Shirur-kasar,19.05694444,75.43111111,Sirur,"Dug Well",W26021,2018,'0,13.3,'0,'0
MS,Bid,Patoda,Shirur-kasar,19.05694444,75.43111111,Sirur,"Dug Well",W26021,2018,'0,'0,'0,12.1
MS,Bid,Ashti,Ashti,18.87944444,75.09055556,"Sheri Bk","Dug Well",W25979,2017,6.9,5.9,'0,12.2
MS,Bid,Ashti,Ashti,18.87944444,75.09055556,"Sheri Bk","Dug Well",W25979,2017,'0,'0,4.1,'0
MS,Bid,Beed,Beed,19.02111111,75.75833333,Jirewadi-1,"Dug Well",W26015,2017,9.32,9.3,'0,11.3
MS,Bid,Beed,Beed,19.02111111,75.75833333,Jirewadi-1,"Dug Well",W26015,2017,'0,'0,12.1,'0
MS,Bid,Ashti,Ashti,18.95444444,74.97972222,Dhanora-1,"Dug Well",W25995,2017,4.3,6,'0,9
MS,Bid,Ashti,Ashti,18.95444444,74.97972222,Dhanora-1,"Dug Well",W25995,2017,'0,'0,4,'0
MS,Bid,Ashti,Ashti,18.9575,74.97555556,Waghluj,"Dug Well",W25997,2017,5.2,2.3,'0,13
MS,Bid,Ashti,Ashti,18.9575,74.97555556,Waghluj,"Dug Well",W25997,2017,'0,'0,2.8,'0
MS,Bid,Patoda,Shirur-kasar,19.04055556,75.47055556,Anandgaon,"Dug Well",W26017,2017,10.1,4.7,'0,'0
MS,Bid,Patoda,Shirur-kasar,19.04055556,75.47055556,Anandgaon,"Dug Well",W26017,2017,'0,'0,1.8,'0
MS,Bid,Patoda,Shirur-kasar,19.05694444,75.43111111,Sirur,"Dug Well",W26021,2017,18,10.1,'0,15
MS,Bid,Patoda,Shirur-kasar,19.05694444,75.43111111,Sirur,"Dug Well",W26021,2017,'0,'0,14.1,'0
MS,Bid,Manjlegaon,Majalgaon,19.10444444,76.2125,Patrud-1,"Dug Well",W26031,2017,14.2,5.6,'0,12.5
MS,Bid,Manjlegaon,Majalgaon,19.10444444,76.2125,Patrud-1,"Dug Well",W26031,2017,'0,'0,15,'0
MS,Bid,Manjlegaon,Majalgaon,19.15,76.21666667,Manjalegaon,"Bore Well",W26037,2017,12.1,'0,'0,'0
MS,Bid,Manjlegaon,Majalgaon,19.15,76.21666667,Manjalegaon,"Bore Well",W26037,2017,'0,'0,30,'0
MS,Bid,Manjlegaon,Dharur,18.93527778,76.13972222,Gaundara,"Dug Well",W31185,2017,'0,'0,2.2,'0
MS,Bid,Manjlegaon,Dharur,18.93527778,76.13972222,Gaundara,"Dug Well",W31185,2017,4.8,2.2,'0,'0
MS,Bid,Beed,Beed,19.0625,75.75222222,Ghosapuri,"Dug Well",W31191,2017,9.7,4.6,'0,11.2
MS,Bid,Beed,Beed,19.0625,75.75222222,Ghosapuri,"Dug Well",W31191,2017,'0,'0,11.1,'0
MS,Bid,Georai,Shirur-kasar,19.175,75.50777778,Tintarvani-1,"Dug Well",W26045,2017,8,5.15,'0,7.5
MS,Bid,Georai,Shirur-kasar,19.175,75.50777778,Tintarvani-1,"Dug Well",W26045,2017,'0,'0,2.4,'0
MS,Bid,Georai,Georai,19.27472222,75.73861111,Georai-1,"Dug Well",W26072,2017,5.5,3.4,'0,6.5
MS,Bid,Georai,Georai,19.27472222,75.73861111,Georai-1,"Dug Well",W26072,2017,'0,'0,4.1,'0
MS,Bid,Latur,Renapur,18.48277778,76.59166667,"Mahapur-Vasantnagar tanda","Dug Well",W25859,2017,'0,5.3,'0,10.87
MS,Bid,Latur,Renapur,18.48277778,76.59166667,"Mahapur-Vasantnagar tanda","Dug Well",W25859,2017,'0,'0,5.6,'0
MS,Bid,Manjlegaon,Majalgaon,18.98916667,76.26638889,Dindrur-1,"Dug Well",W31188,2017,3.4,13.1,'0,7.7
MS,Bid,Manjlegaon,Majalgaon,18.98916667,76.26638889,Dindrur-1,"Dug Well",W31188,2017,'0,'0,13.1,'0
MS,Bid,Georai,Georai,19.32972222,75.71916667,Nagjhera,"Dug Well",W31195,2017,'0,8.9,'0,11.2
MS,Bid,Ashti,Ashti,18.95,75.2,Doithana,"Dug Well",W17169,2017,3.4,5.41,'0,7.9
MS,Bid,Ashti,Ashti,18.95,75.2,Doithana,"Dug Well",W17169,2017,'0,'0,5.9,'0
MS,Bid,Georai,Georai,19.28333333,75.6,Umapur,"Dug Well",W06934,2017,3.7,2.6,'0,6.5
MS,Bid,Renapur,Renapur,18.50138889,76.56944444,Rajwadi,"Dug Well",W20683,2017,13.87,9,'0,'0
MS,Bid,Georai,Georai,19.28333333,75.6,Umapur,"Dug Well",W06934,2017,'0,'0,1.2,'0
MS,Bid,Renapur,Renapur,18.50138889,76.56944444,Rajwadi,"Dug Well",W20683,2017,'0,'0,4.6,'0
MS,Bid,Ambejogai,Ambejogai,18.73333333,76.4,Ambejogai,"Dug Well",W17162,2017,4.1,2.35,'0,4.6
MS,Bid,Ambejogai,Ambejogai,18.73333333,76.4,Ambejogai,"Dug Well",W17162,2017,'0,'0,3.2,'0
MS,Bid,Renapur,Renapur,18.62666667,76.62916667,Pangaon,"Dug Well",W07192,2017,.7,2.2,'0,7.31
MS,Bid,Renapur,Renapur,18.62666667,76.62916667,Pangaon,"Dug Well",W07192,2017,'0,'0,1,'0
MS,Bid,Renapur,Renapur,18.51666667,76.6,Renapur,"Dug Well",W07193,2017,'0,6.75,'0,11.55
MS,Bid,Ambejogai,Ambejogai,18.73333333,76.51666667,Talni,"Dug Well",W06926,2017,5.3,4.3,'0,12.9
MS,Bid,Ambejogai,Ambejogai,18.73333333,76.51666667,Talni,"Dug Well",W06926,2017,'0,'0,20.4,'0
MS,Bid,Patoda,Patoda,18.86666667,75.46666667,Patoda,"Dug Well",W06945,2017,5.2,6,'0,5.9
MS,Bid,Patoda,Patoda,18.86666667,75.46666667,Patoda,"Dug Well",W06945,2017,'0,'0,5.8,'0
MS,Bid,Patoda,Patoda,18.93333333,75.35833333,Pimpalwandi,"Dug Well",W06946,2017,3.8,3.15,'0,3.8
MS,Bid,Patoda,Patoda,18.93333333,75.35833333,Pimpalwandi,"Dug Well",W06946,2017,'0,'0,4.1,'0
MS,Bid,Kaij,Kaij,18.71666667,76.13333333,Kumbhephal,"Dug Well",W17185,2017,6.1,5.75,'0,8.5
MS,Bid,Kaij,Kaij,18.71666667,76.13333333,Kumbhephal,"Dug Well",W17185,2017,'0,'0,2.3,'0
MS,Bid,Patoda,Patoda,18.93333333,75.63333333,Pithi,"Dug Well",W06947,2017,10.7,5.75,'0,7.5
MS,Bid,Patoda,Patoda,18.93333333,75.63333333,Pithi,"Dug Well",W06947,2017,'0,'0,9.1,'0
MS,Bid,Ambejogai,Parli,18.85,76.53333333,Parli,"Dug Well",W06924,2017,'0,2.6,'0,9.75
MS,Bid,Ambejogai,Parli,18.73333333,76.64444444,Dharmapuri,"Dug Well",W17165,2017,3.1,2.5,'0,3.3
MS,Bid,Ambejogai,Parli,18.73333333,76.64444444,Dharmapuri,"Dug Well",W17165,2017,'0,'0,6,'0
MS,Bid,Ambejogai,Parli,18.83333333,76.48333333,Kanerwadi,"Dug Well",W17166,2017,'0,5.05,'0,9.1
MS,Bid,Ambejogai,Parli,18.83333333,76.48333333,Kanerwadi,"Dug Well",W17166,2017,'0,'0,11.35,'0
MS,Bid,Beed,Beed,18.71666667,75.7,Chousala-2,"Bore Well",W17172,2017,26.2,11,'0,'0
MS,Bid,Beed,Beed,18.71666667,75.7,Chousala-2,"Bore Well",W17172,2017,'0,'0,30,'0
MS,Bid,Beed,Beed,18.91527778,75.74722222,Pali,"Dug Well",W06929,2017,1.7,6.2,'0,2.5
MS,Bid,Beed,Beed,18.91527778,75.74722222,Pali,"Dug Well",W06929,2017,'0,'0,9.1,'0
MS,Bid,Ashti,Ashti,18.8,75.16666667,Ashti,"Dug Well",W17167,2017,6.9,6.3,'0,'0
MS,Bid,Ashti,Ashti,18.8,75.16666667,Ashti,"Dug Well",W17167,2017,'0,'0,6.1,'0
MS,Bid,Patoda,Shirur-kasar,19.06666667,75.31666667,Manur,"Dug Well",W06944,2017,10.1,13.2,'0,24.3
MS,Bid,Patoda,Shirur-kasar,19.06666667,75.31666667,Manur,"Dug Well",W06944,2017,'0,'0,4.1,'0
MS,Bid,Patoda,Patoda,18.76666667,75.55833333,Daskhed,"Dug Well",W17187,2017,.01,5.1,'0,4.8
MS,Bid,Patoda,Patoda,18.76666667,75.55833333,Daskhed,"Dug Well",W17187,2017,'0,'0,9,'0
MS,Bid,Manjlegaon,Parli,18.98333333,76.38333333,Sirsala,"Dug Well",W06941,2017,7.3,5.95,'0,'0
MS,Bid,Manjlegaon,Parli,18.98333333,76.38333333,Sirsala,"Dug Well",W06941,2017,'0,'0,6.1,'0
MS,Bid,Kaij,Wadwani,18.98333333,76.03333333,Wadwani,"Dug Well",W06936,2017,2.1,2.6,'0,6.9
MS,Bid,Kaij,Wadwani,18.98333333,76.03333333,Wadwani,"Dug Well",W06936,2017,'0,'0,5.1,'0
MS,Bid,Manjlegaon,Wadwani,18.98333333,76.18333333,Telgaon,"Dug Well",W06943,2017,10.1,5.99,'0,10.3
MS,Bid,Manjlegaon,Wadwani,18.98333333,76.18333333,Telgaon,"Dug Well",W06943,2017,'0,'0,14.9,'0
MS,Bid,Beed,Beed,18.96666667,75.88333333,Mauj,"Dug Well",W06928,2017,5,3.2,'0,9.95
MS,Bid,Beed,Beed,18.96666667,75.88333333,Mauj,"Dug Well",W06928,2017,'0,'0,3.1,'0
MS,Bid,Georai,Georai,19.17777778,75.63194444,Kolegaon,"Dug Well",W17180,2017,7.36,5.93,'0,10
MS,Bid,Georai,Georai,19.17777778,75.63194444,Kolegaon,"Dug Well",W17180,2017,'0,'0,10,'0
MS,Bid,Georai,Georai,19.21666667,75.92222222,"Bhend Takli","Dug Well",W17175,2017,'0,3.1,'0,10.4
MS,Bid,Georai,Georai,19.21666667,75.92222222,"Bhend Takli","Dug Well",W17175,2017,'0,'0,6.9,'0
MS,Bid,Ashti,Ashti,18.66666667,75.15,Khadkhat,"Dug Well",W17170,2017,12.7,8.2,'0,8.4
MS,Bid,Ashti,Ashti,18.66666667,75.15,Khadkhat,"Dug Well",W17170,2017,'0,'0,13.1,'0
MS,Bid,Ashti,Ashti,18.90194444,75.18083333,Kinhi,"Dug Well",W25985,2017,5.6,3.55,'0,10.5
MS,Bid,Ashti,Ashti,18.90194444,75.18083333,Kinhi,"Dug Well",W25985,2017,'0,'0,4.7,'0
MS,Bid,Ambejogai,Ambejogai,18.66722222,76.42166667,Saigaon-1,"Dug Well",W25913,2017,10.2,3.45,'0,8.6
MS,Bid,Ambejogai,Ambejogai,18.66722222,76.42166667,Saigaon-1,"Dug Well",W25913,2017,'0,'0,11,'0
MS,Bid,Ambejogai,Kaij,18.79472222,76.19527778,Waguli,"Dug Well",W25945,2017,14.26,15,'0,'0
MS,Bid,Ambejogai,Kaij,18.79472222,76.19527778,Waguli,"Dug Well",W25945,2017,'0,'0,5.6,'0
MS,Bid,Kaij,Beed,18.77611111,75.84638889,"Nandur Phata","Dug Well",W25938,2017,8.4,2.6,'0,'0
MS,Bid,Kaij,Beed,18.77611111,75.84638889,"Nandur Phata","Dug Well",W25938,2017,'0,'0,9.2,'0
MS,Bid,Beed,Beed,18.79611111,75.80888889,"Manjar Sumbha-1","Dug Well",W25946,2017,'0,5.5,'0,'0
MS,Bid,Beed,Beed,18.79611111,75.80888889,"Manjar Sumbha-1","Dug Well",W25946,2017,'0,'0,9.1,'0
MS,Bid,Kaij,Dharur,18.79888889,76.10861111,Dharur-1,"Dug Well",W25950,2017,9.8,10.8,'0,'0
MS,Bid,Kaij,Dharur,18.79888889,76.10861111,Dharur-1,"Dug Well",W25950,2017,'0,'0,1,'0
MS,Bid,Patoda,Patoda,18.92888889,75.44277778,"Dongar Kini-1","Dug Well",W25990,2017,3.7,10.7,'0,4.2
MS,Bid,Patoda,Patoda,18.92888889,75.44277778,"Dongar Kini-1","Dug Well",W25990,2017,'0,'0,1.8,'0
MS,Bid,Ashti,Ashti,18.95,75.2,Doithana,"Dug Well",W17169,2016,3.98,'0,'0,'0
MS,Bid,Georai,Georai,19.32972222,75.71916667,Nagjhera,"Dug Well",W31195,2016,9.87,13.65,8.4,13.4
MS,Bid,Renapur,Renapur,18.50138889,76.56944444,Rajwadi,"Dug Well",W20683,2016,14.7,'0,6.4,14.7
MS,Bid,Ambejogai,Ambejogai,18.73333333,76.4,Ambejogai,"Dug Well",W17162,2016,2.2,'0,3.1,5.5
MS,Bid,Renapur,Renapur,18.62666667,76.62916667,Pangaon,"Dug Well",W07192,2016,2.5,'0,.6,8
MS,Bid,Renapur,Renapur,18.51666667,76.6,Renapur,"Dug Well",W07193,2016,7.97,'0,5.8,11.2
MS,Bid,Ambejogai,Ambejogai,18.73333333,76.51666667,Talni,"Dug Well",W06926,2016,6.9,'0,3.8,19.5
MS,Bid,Patoda,Patoda,18.86666667,75.46666667,Patoda,"Dug Well",W06945,2016,5.95,'0,5.9,8.1
MS,Bid,Patoda,Patoda,18.93333333,75.35833333,Pimpalwandi,"Dug Well",W06946,2016,3.6,'0,3.9,7
MS,Bid,Kaij,Kaij,18.71666667,76.13333333,Kumbhephal,"Dug Well",W17185,2016,5.4,'0,2.15,10.6
MS,Bid,Patoda,Patoda,18.93333333,75.63333333,Pithi,"Dug Well",W06947,2016,4.56,'0,6.15,7.4
MS,Bid,Ambejogai,Parli,18.85,76.53333333,Parli,"Dug Well",W06924,2016,'0,'0,1,6.7
MS,Bid,Ambejogai,Parli,18.73333333,76.64444444,Dharmapuri,"Dug Well",W17165,2016,4.56,'0,1,6.15
MS,Bid,Ambejogai,Parli,18.83333333,76.48333333,Kanerwadi,"Dug Well",W17166,2016,3.5,'0,11.37,9.4
MS,Bid,Beed,Beed,18.71666667,75.7,Chousala-2,"Bore Well",W17172,2016,15.3,'0,8.95,'0
MS,Bid,Beed,Beed,18.91527778,75.74722222,Pali,"Dug Well",W06929,2016,6.5,'0,4.3,8
MS,Bid,Ashti,Ashti,18.8,75.16666667,Ashti,"Dug Well",W17167,2016,9.5,'0,5.15,'0
MS,Bid,Patoda,Shirur-kasar,19.06666667,75.31666667,Manur,"Dug Well",W06944,2016,12.1,'0,12.8,23.3
MS,Bid,Patoda,Patoda,18.76666667,75.55833333,Daskhed,"Dug Well",W17187,2016,10.9,'0,2.3,7.3
MS,Bid,Manjlegaon,Parli,18.98333333,76.38333333,Sirsala,"Dug Well",W06941,2016,5.96,'0,3.9,9.4
MS,Bid,Kaij,Wadwani,18.98333333,76.03333333,Wadwani,"Dug Well",W06936,2016,2.85,'0,2.3,3.3
MS,Bid,Manjlegaon,Wadwani,18.98333333,76.18333333,Telgaon,"Dug Well",W06943,2016,6.85,'0,2.7,'0
MS,Bid,Beed,Beed,18.96666667,75.88333333,Mauj,"Dug Well",W06928,2016,4.2,'0,2.4,'0
MS,Bid,Georai,Georai,19.17777778,75.63194444,Kolegaon,"Dug Well",W17180,2016,8.5,'0,4.2,9.3
MS,Bid,Georai,Georai,19.21666667,75.92222222,"Bhend Takli","Dug Well",W17175,2016,2.35,'0,'0,7.5
MS,Bid,Ashti,Ashti,18.66666667,75.15,Khadkhat,"Dug Well",W17170,2016,10,'0,7.8,15.4
MS,Bid,Ashti,Ashti,18.90194444,75.18083333,Kinhi,"Dug Well",W25985,2016,6.65,8.5,'0,14.8
MS,Bid,Ambejogai,Ambejogai,18.66722222,76.42166667,Saigaon-1,"Dug Well",W25913,2016,9.52,10.7,1.5,6.6
MS,Bid,Ambejogai,Kaij,18.79472222,76.19527778,Waguli,"Dug Well",W25945,2016,15.3,17.9,'0,15.4
MS,Bid,Kaij,Beed,18.77611111,75.84638889,"Nandur Phata","Dug Well",W25938,2016,10.2,16.1,1.9,16.5
MS,Bid,Beed,Beed,18.79611111,75.80888889,"Manjar Sumbha-1","Dug Well",W25946,2016,6.6,8.9,4.2,'0
MS,Bid,Kaij,Dharur,18.79888889,76.10861111,Dharur-1,"Dug Well",W25950,2016,8.55,10.5,1.5,'0
MS,Bid,Patoda,Patoda,18.92888889,75.44277778,"Dongar Kini-1","Dug Well",W25990,2016,6.58,9.5,5.3,'0
MS,Bid,Ashti,Ashti,18.87944444,75.09055556,"Sheri Bk","Dug Well",W25979,2016,5.36,12.1,9.5,13.8
MS,Bid,Beed,Beed,19.02111111,75.75833333,Jirewadi-1,"Dug Well",W26015,2016,6.52,13.2,8.2,15.2
MS,Bid,Ashti,Ashti,18.95444444,74.97972222,Dhanora-1,"Dug Well",W25995,2016,6.53,11.21,11.1,'0
MS,Bid,Ashti,Ashti,18.9575,74.97555556,Waghluj,"Dug Well",W25997,2016,6.3,13,12.8,'0
MS,Bid,Patoda,Shirur-kasar,19.04055556,75.47055556,Anandgaon,"Dug Well",W26017,2016,3.3,4.9,4.2,'0
MS,Bid,Patoda,Shirur-kasar,19.05694444,75.43111111,Sirur,"Dug Well",W26021,2016,9.65,14.95,'0,14.5
MS,Bid,Manjlegaon,Majalgaon,19.10444444,76.2125,Patrud-1,"Dug Well",W26031,2016,6.65,11.1,3.25,'0
MS,Bid,Manjlegaon,Majalgaon,19.15,76.21666667,Manjalegaon,"Bore Well",W26037,2016,12.25,'0,7.8,'0
MS,Bid,Manjlegaon,Dharur,18.93527778,76.13972222,Gaundara,"Dug Well",W31185,2016,7.45,8.9,'0,8.6
MS,Bid,Beed,Beed,19.0625,75.75222222,Ghosapuri,"Dug Well",W31191,2016,12.56,15.1,3.5,19.7
MS,Bid,Georai,Shirur-kasar,19.175,75.50777778,Tintarvani-1,"Dug Well",W26045,2016,5.21,5.8,5.2,'0
MS,Bid,Georai,Georai,19.27472222,75.73861111,Georai-1,"Dug Well",W26072,2016,5.5,6.45,3.3,14.7
MS,Bid,Latur,Renapur,18.48277778,76.59166667,"Mahapur-Vasantnagar tanda","Dug Well",W25859,2016,'0,12.4,3.7,13.7
MS,Bid,Manjlegaon,Majalgaon,18.98916667,76.26638889,Dindrur-1,"Dug Well",W31188,2016,6.5,20,7.6,12.2
MS,Bid,Georai,Georai,19.28333333,75.6,Umapur,"Dug Well",W06934,2016,3.8,'0,1.8,'0
MS,Bid,Ashti,Ashti,18.95,75.2,Doithana,"Dug Well",W17169,2015,7.7,2.71,5.77,8.21
MS,Bid,Georai,Georai,19.32972222,75.71916667,Nagjhera,"Dug Well",W31195,2015,'0,'0,10.79,'0
MS,Bid,Renapur,Renapur,18.50138889,76.56944444,Rajwadi,"Dug Well",W20683,2015,'0,15.3,14.84,15.7
MS,Bid,Ambejogai,Ambejogai,18.73333333,76.4,Ambejogai,"Dug Well",W17162,2015,4.6,2.2,3.29,5.35
MS,Bid,Renapur,Renapur,18.62666667,76.62916667,Pangaon,"Dug Well",W07192,2015,4.23,5.15,3.6,6.75
MS,Bid,Renapur,Renapur,18.51666667,76.6,Renapur,"Dug Well",W07193,2015,'0,11.8,11.95,10.26
MS,Bid,Ambejogai,Ambejogai,18.73333333,76.51666667,Talni,"Dug Well",W06926,2015,8.25,9,4.82,13.5
MS,Bid,Patoda,Patoda,18.86666667,75.46666667,Patoda,"Dug Well",W06945,2015,5.7,5.45,6.27,6.85
MS,Bid,Patoda,Patoda,18.93333333,75.35833333,Pimpalwandi,"Dug Well",W06946,2015,7.4,3.02,3.88,6
MS,Bid,Kaij,Kaij,18.71666667,76.13333333,Kumbhephal,"Dug Well",W17185,2015,7.3,8.15,6.75,9.5
MS,Bid,Patoda,Patoda,18.93333333,75.63333333,Pithi,"Dug Well",W06947,2015,8.1,6.01,8.4,10
MS,Bid,Ambejogai,Parli,18.85,76.53333333,Parli,"Dug Well",W06924,2015,2.2,2.9,4.92,3.5
MS,Bid,Ambejogai,Parli,18.73333333,76.64444444,Dharmapuri,"Dug Well",W17165,2015,4.85,6.2,5.2,6.2
MS,Bid,Ambejogai,Parli,18.83333333,76.48333333,Kanerwadi,"Dug Well",W17166,2015,9.5,11,11.37,10.38
MS,Bid,Beed,Beed,18.71666667,75.7,Chousala-2,"Bore Well",W17172,2015,'0,9.16,11.65,'0
MS,Bid,Beed,Beed,18.91527778,75.74722222,Pali,"Dug Well",W06929,2015,4.6,4.5,4.78,5
MS,Bid,Ashti,Ashti,18.8,75.16666667,Ashti,"Dug Well",W17167,2015,8.5,7.9,8.73,9.2
MS,Bid,Patoda,Shirur-kasar,19.06666667,75.31666667,Manur,"Dug Well",W06944,2015,18.37,16.57,20.54,22.97
MS,Bid,Patoda,Patoda,18.76666667,75.55833333,Daskhed,"Dug Well",W17187,2015,9.5,5,13.6,7.5
MS,Bid,Manjlegaon,Parli,18.98333333,76.38333333,Sirsala,"Dug Well",W06941,2015,5.3,7.45,5.5,8.5
MS,Bid,Kaij,Wadwani,18.98333333,76.03333333,Wadwani,"Dug Well",W06936,2015,2.3,3.41,2.58,3
MS,Bid,Manjlegaon,Wadwani,18.98333333,76.18333333,Telgaon,"Dug Well",W06943,2015,9.6,2.65,10.42,8.64
MS,Bid,Beed,Beed,18.96666667,75.88333333,Mauj,"Dug Well",W06928,2015,8.2,6.3,3.53,9.86
MS,Bid,Georai,Georai,19.17777778,75.63194444,Kolegaon,"Dug Well",W17180,2015,7.75,8.18,7.92,9
MS,Bid,Georai,Georai,19.21666667,75.92222222,"Bhend Takli","Dug Well",W17175,2015,7.5,4.1,.8,8.8
MS,Bid,Ashti,Ashti,18.66666667,75.15,Khadkhat,"Dug Well",W17170,2015,11.9,8.4,7.08,13
MS,Bid,Ashti,Ashti,18.90194444,75.18083333,Kinhi,"Dug Well",W25985,2015,13.1,3.65,2.59,12.7
MS,Bid,Ambejogai,Ambejogai,18.66722222,76.42166667,Saigaon-1,"Dug Well",W25913,2015,8.25,8.9,'0,10
MS,Bid,Ambejogai,Kaij,18.79472222,76.19527778,Waguli,"Dug Well",W25945,2015,17.25,14.62,16.4,19
MS,Bid,Kaij,Beed,18.77611111,75.84638889,"Nandur Phata","Dug Well",W25938,2015,9.3,8.2,15.6,11.2
MS,Bid,Beed,Beed,18.79611111,75.80888889,"Manjar Sumbha-1","Dug Well",W25946,2015,8.5,8.7,8.93,9.7
MS,Bid,Kaij,Dharur,18.79888889,76.10861111,Dharur-1,"Dug Well",W25950,2015,7.7,8.8,9.26,11
MS,Bid,Patoda,Patoda,18.92888889,75.44277778,"Dongar Kini-1","Dug Well",W25990,2015,7.4,6.6,8.3,9.6
MS,Bid,Ashti,Ashti,18.87944444,75.09055556,"Sheri Bk","Dug Well",W25979,2015,13.4,12.5,9.62,13.8
MS,Bid,Beed,Beed,19.02111111,75.75833333,Jirewadi-1,"Dug Well",W26015,2015,10,10,13.2,11
MS,Bid,Ashti,Ashti,18.95444444,74.97972222,Dhanora-1,"Dug Well",W25995,2015,10.1,10.1,10.99,'0
MS,Bid,Ashti,Ashti,18.9575,74.97555556,Waghluj,"Dug Well",W25997,2015,10.5,7.4,13,13
MS,Bid,Patoda,Shirur-kasar,19.04055556,75.47055556,Anandgaon,"Dug Well",W26017,2015,10.6,2.9,4.34,11.25
MS,Bid,Patoda,Shirur-kasar,19.05694444,75.43111111,Sirur,"Dug Well",W26021,2015,12.5,14.2,15.05,15.08
MS,Bid,Manjlegaon,Majalgaon,19.10444444,76.2125,Patrud-1,"Dug Well",W26031,2015,9.25,10.2,11.75,11.55
MS,Bid,Manjlegaon,Majalgaon,19.15,76.21666667,Manjalegaon,"Bore Well",W26037,2015,12.25,13.7,'0,14.7
MS,Bid,Beed,Beed,19.0625,75.75222222,Ghosapuri,"Dug Well",W31191,2015,'0,'0,18.95,'0
MS,Bid,Manjlegaon,Dharur,18.93527778,76.13972222,Gaundara,"Dug Well",W31185,2015,'0,'0,8.55,'0
MS,Bid,Georai,Shirur-kasar,19.175,75.50777778,Tintarvani-1,"Dug Well",W26045,2015,4.9,5.1,5.3,6.9
MS,Bid,Georai,Georai,19.27472222,75.73861111,Georai-1,"Dug Well",W26072,2015,7.5,5.9,8.36,10.4
MS,Bid,Latur,Renapur,18.48277778,76.59166667,"Mahapur-Vasantnagar tanda","Dug Well",W25859,2015,13.65,13.9,12.4,12.5
MS,Bid,Georai,Georai,19.28333333,75.6,Umapur,"Dug Well",W06934,2015,10.5,5,4.45,10.82
MS,Bid,Ashti,Ashti,18.95,75.2,Doithana,"Dug Well",W17169,2014,6.1,5.4,4.3,8.6
MS,Bid,Latur,Renapur,18.48277778,76.59166667,"Mahapur-Vasantnagar tanda","Dug Well",W25859,2014,8.15,9.35,13.85,12
MS,Bid,Renapur,Renapur,18.50138889,76.56944444,Rajwadi,"Dug Well",W20683,2014,'0,11.8,14.7,'0
MS,Bid,Ambejogai,Ambejogai,18.73333333,76.4,Ambejogai,"Dug Well",W17162,2014,4,4.6,1.2,5.55
MS,Bid,Renapur,Renapur,18.62666667,76.62916667,Pangaon,"Dug Well",W07192,2014,4.13,1.13,3.4,5.4
MS,Bid,Renapur,Renapur,18.51666667,76.6,Renapur,"Dug Well",W07193,2014,7.37,'0,8,10.1
MS,Bid,Ambejogai,Ambejogai,18.73333333,76.51666667,Talni,"Dug Well",W06926,2014,2.1,3.6,3.85,17
MS,Bid,Patoda,Patoda,18.86666667,75.46666667,Patoda,"Dug Well",W06945,2014,1.7,6.1,4.55,6.5
MS,Bid,Patoda,Patoda,18.93333333,75.35833333,Pimpalwandi,"Dug Well",W06946,2014,'0,3.6,3.15,6
MS,Bid,Kaij,Kaij,18.71666667,76.13333333,Kumbhephal,"Dug Well",W17185,2014,7.1,7,7.6,'0
MS,Bid,Patoda,Patoda,18.93333333,75.63333333,Pithi,"Dug Well",W06947,2014,2.8,6.5,4.8,8.5
MS,Bid,Ambejogai,Parli,18.85,76.53333333,Parli,"Dug Well",W06924,2014,.2,2.6,3.4,2.9
MS,Bid,Ambejogai,Parli,18.73333333,76.64444444,Dharmapuri,"Dug Well",W17165,2014,2.9,.95,'0,3.3
MS,Bid,Ambejogai,Parli,18.83333333,76.48333333,Kanerwadi,"Dug Well",W17166,2014,11.37,4.9,6.7,'0
MS,Bid,Beed,Beed,18.71666667,75.7,Chousala-2,"Bore Well",W17172,2014,3.4,10.5,'0,11.4
MS,Bid,Beed,Beed,18.91527778,75.74722222,Pali,"Dug Well",W06929,2014,5.5,3.6,3.4,5.1
MS,Bid,Ashti,Ashti,18.8,75.16666667,Ashti,"Dug Well",W17167,2014,8.1,'0,9.7,'0
MS,Bid,Ashti,Ashti,18.91666667,75.01666667,Dhanora,"Dug Well",W17168,2014,10.6,5.4,'0,'0
MS,Bid,Patoda,Shirur-kasar,19.06666667,75.31666667,Manur,"Dug Well",W06944,2014,23.3,16.2,14.15,'0
MS,Bid,Patoda,Patoda,18.76666667,75.55833333,Daskhed,"Dug Well",W17187,2014,7.9,7,4.25,'0
MS,Bid,Manjlegaon,Parli,18.98333333,76.38333333,Sirsala,"Dug Well",W06941,2014,9,'0,6.15,8.76
MS,Bid,Kaij,Wadwani,18.98333333,76.03333333,Wadwani,"Dug Well",W06936,2014,2.4,2.6,3.15,5.25
MS,Bid,Manjlegaon,Wadwani,18.98333333,76.18333333,Telgaon,"Dug Well",W06943,2014,9,2,6.45,7.2
MS,Bid,Beed,Beed,18.96666667,75.88333333,Mauj,"Dug Well",W06928,2014,3.72,'0,3.8,'0
MS,Bid,Georai,Georai,19.17777778,75.63194444,Kolegaon,"Dug Well",W17180,2014,6.7,8.7,5.9,'0
MS,Bid,Georai,Georai,19.21666667,75.92222222,"Bhend Takli","Dug Well",W17175,2014,1.5,2.7,1.9,6.6
MS,Bid,Georai,Georai,19.16666667,75.75,Pendgaon,"Bore Well",W06931,2014,'0,11.7,'0,'0
MS,Bid,Ashti,Ashti,18.66666667,75.15,Khadkhat,"Dug Well",W17170,2014,12.9,9.1,7.8,'0
MS,Bid,Ashti,Ashti,18.90194444,75.18083333,Kinhi,"Dug Well",W25985,2014,3.6,'0,1.7,13.3
MS,Bid,Ambejogai,Ambejogai,18.66722222,76.42166667,Saigaon-1,"Dug Well",W25913,2014,'0,4.3,8.95,10
MS,Bid,Ambejogai,Kaij,18.79472222,76.19527778,Waguli,"Dug Well",W25945,2014,18.7,12.7,12.6,'0
MS,Bid,Kaij,Beed,18.77611111,75.84638889,"Nandur Phata","Dug Well",W25938,2014,12.6,14.1,14.1,'0
MS,Bid,Beed,Beed,18.79611111,75.80888889,"Manjar Sumbha-1","Dug Well",W25946,2014,3.5,3.9,2.7,'0
MS,Bid,Kaij,Dharur,18.79888889,76.10861111,Dharur-1,"Dug Well",W25950,2014,7.1,7.6,11,11.5
MS,Bid,Patoda,Patoda,18.92888889,75.44277778,"Dongar Kini-1","Dug Well",W25990,2014,'0,'0,3.6,'0
MS,Bid,Ashti,Ashti,18.87944444,75.09055556,"Sheri Bk","Dug Well",W25979,2014,11.9,'0,12.7,14.5
MS,Bid,Beed,Beed,19.02111111,75.75833333,Jirewadi-1,"Dug Well",W26015,2014,9.5,'0,9.6,10.8
MS,Bid,Ashti,Ashti,18.95444444,74.97972222,Dhanora-1,"Dug Well",W25995,2014,'0,'0,10.4,'0
MS,Bid,Ashti,Ashti,18.9575,74.97555556,Waghluj,"Dug Well",W25997,2014,13,'0,8.2,12.5
MS,Bid,Patoda,Shirur-kasar,19.04055556,75.47055556,Anandgaon,"Dug Well",W26017,2014,1.15,'0,1.75,'0
MS,Bid,Patoda,Shirur-kasar,19.05694444,75.43111111,Sirur,"Dug Well",W26021,2014,'0,17.4,18,'0
MS,Bid,Manjlegaon,Majalgaon,19.10444444,76.2125,Patrud-1,"Dug Well",W26031,2014,10.2,5.25,10.3,6.7
MS,Bid,Manjlegaon,Majalgaon,19.15,76.21666667,Manjalegaon,"Bore Well",W26037,2014,8.55,10.6,12.7,13.5
MS,Bid,Georai,Shirur-kasar,19.175,75.50777778,Tintarvani-1,"Dug Well",W26045,2014,2.6,'0,4.45,'0
MS,Bid,Georai,Georai,19.27472222,75.73861111,Georai-1,"Dug Well",W26072,2014,5.7,'0,4.6,7.8
MS,Bid,Georai,Georai,19.28333333,75.6,Umapur,"Dug Well",W06934,2014,3.5,.9,4.25,'0
MS,Bid,Georai,Georai,19.28333333,75.6,Umapur,"Dug Well",W06934,2013,3.3,6,.1,10.65
MS,Bid,Latur,Renapur,18.48277778,76.59166667,"Mahapur-Vasantnagar tanda","Dug Well",W25859,2013,9.85,'0,11.4,11.85
MS,Bid,Ambejogai,Ambejogai,18.73333333,76.4,Ambejogai,"Dug Well",W17162,2013,1.95,'0,2.6,4.65
MS,Bid,Renapur,Renapur,18.62666667,76.62916667,Pangaon,"Dug Well",W07192,2013,.55,2.6,2.2,4.9
MS,Bid,Ambejogai,Ambejogai,18.73333333,76.51666667,Talni,"Dug Well",W06926,2013,.75,5.05,'0,'0
MS,Bid,Patoda,Patoda,18.86666667,75.46666667,Patoda,"Dug Well",W06945,2013,4.65,6.4,4.55,7.85
MS,Bid,Patoda,Patoda,18.93333333,75.35833333,Pimpalwandi,"Dug Well",W06946,2013,2.95,8.2,3.15,'0
MS,Bid,Kaij,Kaij,18.71666667,76.13333333,Kumbhephal,"Dug Well",W17185,2013,1.8,6.8,1.9,10.15
MS,Bid,Patoda,Patoda,18.93333333,75.63333333,Pithi,"Dug Well",W06947,2013,3,5.3,6,'0
MS,Bid,Ambejogai,Parli,18.85,76.53333333,Parli,"Dug Well",W06924,2013,2.85,5.2,'0,7.9
MS,Bid,Ambejogai,Parli,18.73333333,76.64444444,Dharmapuri,"Dug Well",W17165,2013,.6,2.7,'0,'0
MS,Bid,Ambejogai,Parli,18.83333333,76.48333333,Kanerwadi,"Dug Well",W17166,2013,3.05,'0,3.2,'0
MS,Bid,Beed,Beed,18.71666667,75.7,Chousala-2,"Bore Well",W17172,2013,'0,'0,9.4,'0
MS,Bid,Beed,Beed,18.91527778,75.74722222,Pali,"Dug Well",W06929,2013,5.2,5.1,3.2,'0
MS,Bid,Ashti,Ashti,18.8,75.16666667,Ashti,"Dug Well",W17167,2013,4.8,8.6,5.4,8.8
MS,Bid,Ashti,Ashti,18.91666667,75.01666667,Dhanora,"Dug Well",W17168,2013,15.7,'0,'0,'0
MS,Bid,Patoda,Shirur-kasar,19.06666667,75.31666667,Manur,"Dug Well",W06944,2013,20.57,18.8,13.3,'0
MS,Bid,Patoda,Patoda,18.76666667,75.55833333,Daskhed,"Dug Well",W17187,2013,4.2,5.5,2.8,'0
MS,Bid,Manjlegaon,Parli,18.98333333,76.38333333,Sirsala,"Dug Well",W06941,2013,'0,6.55,'0,'0
MS,Bid,Kaij,Wadwani,18.98333333,76.03333333,Wadwani,"Dug Well",W06936,2013,2.1,2.15,1.35,3.95
MS,Bid,Manjlegaon,Wadwani,18.98333333,76.18333333,Telgaon,"Dug Well",W06943,2013,.8,5.7,1.4,'0
MS,Bid,Beed,Beed,18.96666667,75.88333333,Mauj,"Dug Well",W06928,2013,2.2,3.8,1.9,9.3
MS,Bid,Georai,Shirur-kasar,19.16944444,75.5,Tintarvani,"Bore Well",W06933,2013,4.9,'0,'0,'0
MS,Bid,Patoda,Shirur-kasar,18.99583333,75.50833333,Raimoho,"Bore Well",W06949,2013,'0,10.1,'0,16.05
MS,Bid,Georai,Georai,19.17777778,75.63194444,Kolegaon,"Dug Well",W17180,2013,6.03,'0,6.5,'0
MS,Bid,Georai,Georai,19.16666667,75.75,Pendgaon,"Bore Well",W06931,2013,'0,'0,8.8,'0
MS,Bid,Ashti,Ashti,18.66666667,75.15,Khadkhat,"Dug Well",W17170,2013,'0,6.7,'0,'0
MS,Bid,Ambejogai,Ambejogai,18.66722222,76.42166667,Saigaon-1,"Dug Well",W25913,2013,.8,7.2,1.3,10
MS,Bid,Ambejogai,Kaij,18.79472222,76.19527778,Waguli,"Dug Well",W25945,2013,'0,'0,5.3,17.1
MS,Bid,Kaij,Beed,18.77611111,75.84638889,"Nandur Phata","Dug Well",W25938,2013,2.5,15.6,2,'0
MS,Bid,Beed,Beed,18.79611111,75.80888889,"Manjar Sumbha-1","Dug Well",W25946,2013,'0,'0,'0,10.4
MS,Bid,Kaij,Dharur,18.79888889,76.10861111,Dharur-1,"Dug Well",W25950,2013,5.8,11,1.3,'0
MS,Bid,Patoda,Shirur-kasar,19.05694444,75.43111111,Sirur,"Dug Well",W26021,2013,'0,14.8,'0,'0
MS,Bid,Manjlegaon,Majalgaon,19.10444444,76.2125,Patrud-1,"Dug Well",W26031,2013,5.8,10.6,3.4,11.8
MS,Bid,Manjlegaon,Majalgaon,19.15,76.21666667,Manjalegaon,"Bore Well",W26037,2013,6.7,11.1,8.25,16.3
MS,Bid,Renapur,Renapur,18.50138889,76.56944444,Rajwadi,"Dug Well",W20683,2013,12.3,7.2,15.1,'0
MS,Bid,Ashti,Ashti,18.95,75.2,Doithana,"Dug Well",W17169,2012,'0,4.85,'0,6.4
MS,Bid,Manjlegaon,Majalgaon,19.15,76.21666667,Manjalegaon,"Bore Well",W26037,2012,'0,'0,11.9,'0
MS,Bid,Ambejogai,Ambejogai,18.73333333,76.4,Ambejogai,"Dug Well",W17162,2012,'0,5.85,4.25,1.95
MS,Bid,Renapur,Renapur,18.62666667,76.62916667,Pangaon,"Dug Well",W07192,2012,'0,1.3,1,5.38
MS,Bid,Renapur,Renapur,18.51666667,76.6,Renapur,"Dug Well",W07193,2012,'0,5.3,6.47,8.42
MS,Bid,Ambejogai,Ambejogai,18.73333333,76.51666667,Talni,"Dug Well",W06926,2012,'0,6.9,4,'0
MS,Bid,Patoda,Patoda,18.86666667,75.46666667,Patoda,"Dug Well",W06945,2012,'0,6.8,6.9,6.15
MS,Bid,Patoda,Patoda,18.93333333,75.35833333,Pimpalwandi,"Dug Well",W06946,2012,'0,2.1,'0,'0
MS,Bid,Kaij,Kaij,18.71666667,76.13333333,Kumbhephal,"Dug Well",W17185,2012,'0,7.95,6.9,6.9
MS,Bid,Patoda,Patoda,18.93333333,75.63333333,Pithi,"Dug Well",W06947,2012,'0,7.2,5.3,7.9
MS,Bid,Ambejogai,Parli,18.85,76.53333333,Parli,"Dug Well",W06924,2012,'0,4.1,'0,'0
MS,Bid,Ambejogai,Parli,18.73333333,76.64444444,Dharmapuri,"Dug Well",W17165,2012,'0,2.35,2.4,4.1
MS,Bid,Ambejogai,Parli,18.83333333,76.48333333,Kanerwadi,"Dug Well",W17166,2012,'0,4.15,5.1,'0
MS,Bid,Beed,Beed,18.71666667,75.7,Chousala-2,"Bore Well",W17172,2012,'0,13.3,'0,7.1
MS,Bid,Beed,Beed,18.91527778,75.74722222,Pali,"Dug Well",W06929,2012,'0,4.95,5.35,5.85
MS,Bid,Ashti,Ashti,18.8,75.16666667,Ashti,"Dug Well",W17167,2012,'0,'0,8.9,'0
MS,Bid,Patoda,Shirur-kasar,19.06666667,75.31666667,Manur,"Dug Well",W06944,2012,'0,7.4,19.4,'0
MS,Bid,Patoda,Patoda,18.76666667,75.55833333,Daskhed,"Dug Well",W17187,2012,'0,6.9,7.2,'0
MS,Bid,Manjlegaon,Parli,18.98333333,76.38333333,Sirsala,"Dug Well",W06941,2012,'0,4.65,5.8,'0
MS,Bid,Kaij,Wadwani,18.98333333,76.03333333,Wadwani,"Dug Well",W06936,2012,'0,3.35,2.3,2.5
MS,Bid,Manjlegaon,Wadwani,18.98333333,76.18333333,Telgaon,"Dug Well",W06943,2012,'0,8.1,3.7,'0
MS,Bid,Beed,Beed,18.96666667,75.88333333,Mauj,"Dug Well",W06928,2012,'0,4.1,4.4,6.5
MS,Bid,Georai,Shirur-kasar,19.16944444,75.5,Tintarvani,"Bore Well",W06933,2012,'0,9.11,'0,8.1
MS,Bid,Patoda,Shirur-kasar,18.99583333,75.50833333,Raimoho,"Bore Well",W06949,2012,'0,7.8,9.6,8.1
MS,Bid,Georai,Georai,19.17777778,75.63194444,Kolegaon,"Dug Well",W17180,2012,'0,7.15,8.66,'0
MS,Bid,Georai,Georai,19.21666667,75.92222222,"Bhend Takli","Dug Well",W17175,2012,'0,'0,8.9,'0
MS,Bid,Georai,Georai,19.16666667,75.75,Pendgaon,"Bore Well",W06931,2012,'0,7.2,'0,17.1
MS,Bid,Ashti,Ashti,18.66666667,75.15,Khadkhat,"Dug Well",W17170,2012,'0,'0,5,'0
MS,Bid,Georai,Georai,19.28333333,75.6,Umapur,"Dug Well",W06934,2012,'0,6.9,5.6,4.8
MS,Bid,Ashti,Ashti,18.95,75.2,Doithana,"Dug Well",W17169,2011,1.9,2.85,3.2,4.15
MS,Bid,Ashti,Ashti,18.66666667,75.15,Khadkhat,"Dug Well",W17170,2011,'0,5.26,'0,'0
MS,Bid,Ambejogai,Ambejogai,18.73333333,76.4,Ambejogai,"Dug Well",W17162,2011,.6,1.9,1,4.2
MS,Bid,Renapur,Renapur,18.62666667,76.62916667,Pangaon,"Dug Well",W07192,2011,1.1,4,.83,4.75
MS,Bid,Renapur,Renapur,18.51666667,76.6,Renapur,"Dug Well",W07193,2011,2,'0,5,'0
MS,Bid,Ambejogai,Ambejogai,18.73333333,76.51666667,Talni,"Dug Well",W06926,2011,'0,2.35,1.2,'0
MS,Bid,Kaij,Dharur,18.81666667,76.11666667,Dharur,"Dug Well",W17182,2011,'0,6.3,'0,'0
MS,Bid,Patoda,Patoda,18.86666667,75.46666667,Patoda,"Dug Well",W06945,2011,.8,3.8,5.4,'0
MS,Bid,Patoda,Patoda,18.93333333,75.35833333,Pimpalwandi,"Dug Well",W06946,2011,1.05,4.12,3.2,3.8
MS,Bid,Kaij,Kaij,18.71666667,76.13333333,Kumbhephal,"Dug Well",W17185,2011,.4,5.25,1.95,8.95
MS,Bid,Patoda,Patoda,18.93333333,75.63333333,Pithi,"Dug Well",W06947,2011,2.4,3.36,5.8,'0
MS,Bid,Ambejogai,Parli,18.85,76.53333333,Parli,"Dug Well",W06924,2011,1.4,3.95,2.35,'0
MS,Bid,Ambejogai,Parli,18.73333333,76.64444444,Dharmapuri,"Dug Well",W17165,2011,2.2,2.15,1.9,'0
MS,Bid,Ambejogai,Parli,18.83333333,76.48333333,Kanerwadi,"Dug Well",W17166,2011,5.1,5.49,4.8,'0
MS,Bid,Beed,Beed,18.70833333,75.7,Chousala-1,"Dug Well",W17171,2011,'0,8.85,'0,'0
MS,Bid,Beed,Beed,18.71666667,75.7,Chousala-2,"Bore Well",W17172,2011,6.4,8.85,9.1,11.2
MS,Bid,Beed,Beed,18.91527778,75.74722222,Pali,"Dug Well",W06929,2011,2.3,3.7,1.8,6.3
MS,Bid,Patoda,Shirur-kasar,19.06666667,75.31666667,Manur,"Dug Well",W06944,2011,6.55,4.52,6.8,6.65
MS,Bid,Kaij,Kaij,18.77694444,76.23138889,Adas,"Dug Well",W17181,2011,'0,6.2,'0,'0
MS,Bid,Patoda,Patoda,18.76666667,75.55833333,Daskhed,"Dug Well",W17187,2011,4.9,3.52,6.3,'0
MS,Bid,Manjlegaon,Parli,18.98333333,76.38333333,Sirsala,"Dug Well",W06941,2011,.95,2.01,2.45,'0
MS,Bid,Kaij,Wadwani,18.98333333,76.03333333,Wadwani,"Dug Well",W06936,2011,.9,2.35,1.4,.8
MS,Bid,Manjlegaon,Wadwani,18.98333333,76.18333333,Telgaon,"Dug Well",W06943,2011,.8,2.05,5.3,'0
MS,Bid,Beed,Beed,18.96666667,75.88333333,Mauj,"Dug Well",W06928,2011,1.1,3.7,2.1,'0
MS,Bid,Georai,Shirur-kasar,19.16944444,75.5,Tintarvani,"Bore Well",W06933,2011,6.4,12.45,8.8,11.95
MS,Bid,Patoda,Shirur-kasar,18.99305556,75.5,Raimoh,"Dug Well",W06948,2011,5.05,'0,'0,'0
MS,Bid,Patoda,Shirur-kasar,18.99583333,75.50833333,Raimoho,"Bore Well",W06949,2011,5.05,10.23,8.7,9.15
MS,Bid,Manjlegaon,Majalgaon,19.16666667,76.03333333,Talkhed,"Dug Well",W06942,2011,'0,3.65,'0,'0
MS,Bid,Georai,Georai,19.17777778,75.63194444,Kolegaon,"Dug Well",W17180,2011,4.9,4.35,5.15,'0
MS,Bid,Georai,Georai,19.21666667,75.92222222,"Bhend Takli","Dug Well",W17175,2011,'0,3.02,'0,'0
MS,Bid,Georai,Georai,19.16666667,75.75,Pendgaon,"Bore Well",W06931,2011,1.6,6.8,1.95,'0
MS,Bid,Georai,Georai,19.28333333,75.6,Umapur,"Dug Well",W06934,2011,'0,1.9,2.1,'0
MS,Bid,Ashti,Ashti,18.95,75.2,Doithana,"Dug Well",W17169,2010,1.9,1.9,1.9,7
MS,Bid,Ashti,Ashti,18.66666667,75.15,Khadkhat,"Dug Well",W17170,2010,1.9,4.1,6.75,8.7
MS,Bid,Renapur,Renapur,18.50138889,76.56944444,Rajwadi,"Dug Well",W20683,2010,4,7.1,'0,17
MS,Bid,Ambejogai,Ambejogai,18.73333333,76.4,Ambejogai,"Dug Well",W17162,2010,1.9,5.6,1.4,3.9
MS,Bid,Renapur,Renapur,18.59583333,76.62916667,Patroli,"Dug Well",W20404,2010,6,3.4,'0,10
MS,Bid,Renapur,Renapur,18.62666667,76.62916667,Pangaon,"Dug Well",W07192,2010,1.73,4.23,1.2,5.1
MS,Bid,Renapur,Renapur,18.51666667,76.6,Renapur,"Dug Well",W07193,2010,11.02,11.02,'0,'0
MS,Bid,Ambejogai,Ambejogai,18.73333333,76.51666667,Talni,"Dug Well",W06926,2010,.6,2.75,6.1,20.4
MS,Bid,Kaij,Kaij,18.71666667,76.06666667,Kaij,"Dug Well",W17183,2010,'0,2.3,'0,'0
MS,Bid,Kaij,Dharur,18.81666667,76.11666667,Dharur,"Dug Well",W17182,2010,4.1,18.88,'0,'0
MS,Bid,Patoda,Patoda,18.86666667,75.46666667,Patoda,"Dug Well",W06945,2010,1.7,5.4,5.1,5.8
MS,Bid,Patoda,Patoda,18.93333333,75.35833333,Pimpalwandi,"Dug Well",W06946,2010,3.1,2.9,4.2,'0
MS,Bid,Kaij,Kaij,18.71666667,76.13333333,Kumbhephal,"Dug Well",W17185,2010,3.5,8.95,2.8,10.88
MS,Bid,Patoda,Patoda,18.93333333,75.63333333,Pithi,"Dug Well",W06947,2010,2.4,3.9,3.8,'0
MS,Bid,Ambejogai,Parli,18.85,76.53333333,Parli,"Dug Well",W06924,2010,2.8,3.15,1.4,9.75
MS,Bid,Ambejogai,Parli,18.73333333,76.64444444,Dharmapuri,"Dug Well",W17165,2010,'0,1.3,'0,'0
MS,Bid,Ambejogai,Parli,18.83333333,76.48333333,Kanerwadi,"Dug Well",W17166,2010,2.1,5.1,2.1,11.38
MS,Bid,Beed,Beed,18.70833333,75.7,Chousala-1,"Dug Well",W17171,2010,4.5,'0,'0,'0
MS,Bid,Beed,Beed,18.71666667,75.7,Chousala-2,"Bore Well",W17172,2010,4.5,6.85,4.9,10.9
MS,Bid,Beed,Beed,18.91527778,75.74722222,Pali,"Dug Well",W06929,2010,3.3,3.65,2.1,4.2
MS,Bid,Ashti,Ashti,18.8,75.16666667,Ashti,"Dug Well",W17167,2010,'0,14.7,'0,14.7
MS,Bid,Ashti,Ashti,18.91666667,75.01666667,Dhanora,"Dug Well",W17168,2010,1.2,8.9,4.9,13.29
MS,Bid,Patoda,Shirur-kasar,19.06666667,75.31666667,Manur,"Dug Well",W06944,2010,1.9,4.4,6.9,11.2
MS,Bid,Kaij,Kaij,18.77694444,76.23138889,Adas,"Dug Well",W17181,2010,'0,6.65,'0,11.99
MS,Bid,Patoda,Patoda,18.76666667,75.55833333,Daskhed,"Dug Well",W17187,2010,1.4,3.15,2.55,10
MS,Bid,Manjlegaon,Parli,18.98333333,76.38333333,Sirsala,"Dug Well",W06941,2010,2.05,4.4,2.45,9
MS,Bid,Kaij,Wadwani,18.98333333,76.03333333,Wadwani,"Dug Well",W06936,2010,.5,4.5,.9,4.05
MS,Bid,Manjlegaon,Wadwani,18.98333333,76.18333333,Telgaon,"Dug Well",W06943,2010,.3,8.8,5.9,12.62
MS,Bid,Beed,Beed,18.96666667,75.88333333,Mauj,"Dug Well",W06928,2010,2.1,2.6,3.25,5.8
MS,Bid,Georai,Shirur-kasar,19.16944444,75.5,Tintarvani,"Bore Well",W06933,2010,7.4,'0,9.75,'0
MS,Bid,Patoda,Shirur-kasar,18.99305556,75.5,Raimoh,"Dug Well",W06948,2010,'0,'0,'0,11
MS,Bid,Patoda,Shirur-kasar,18.99583333,75.50833333,Raimoho,"Bore Well",W06949,2010,5.4,4.95,8.9,11
MS,Bid,Manjlegaon,Majalgaon,18.98888889,76.25277778,Dindrur,"Dug Well",W17186,2010,'0,6.9,'0,'0
MS,Bid,Georai,Georai,19.17777778,75.63194444,Kolegaon,"Dug Well",W17180,2010,4.5,8.66,5.85,8.66
MS,Bid,Georai,Georai,19.21666667,75.92222222,"Bhend Takli","Dug Well",W17175,2010,1.46,4.2,3.55,13.98
MS,Bid,Georai,Georai,19.16666667,75.75,Pendgaon,"Bore Well",W06931,2010,9.5,11,9.55,27
MS,Bid,Kaij,Kaij,18.66666667,75.83333333,Neknoor,"Dug Well",W06935,2010,4.9,4.9,2.3,8.5
MS,Bid,Georai,Georai,19.28333333,75.6,Umapur,"Dug Well",W06934,2010,1.8,1.2,2.5,9.9
MS,Bid,Ashti,Ashti,18.95,75.2,Doithana,"Dug Well",W17169,2009,4.41,3.04,2.26,5
MS,Bid,Ashti,Ashti,18.66666667,75.15,Khadkhat,"Dug Well",W17170,2009,'0,2.6,'0,5.1
MS,Bid,Renapur,Renapur,18.50138889,76.56944444,Rajwadi,"Dug Well",W20683,2009,3.9,'0,'0,'0
MS,Bid,Ambejogai,Ambejogai,18.73333333,76.4,Ambejogai,"Dug Well",W17162,2009,'0,3.32,'0,'0
MS,Bid,Renapur,Renapur,18.59583333,76.62916667,Patroli,"Dug Well",W20404,2009,3.6,'0,6.3,9
MS,Bid,Renapur,Renapur,18.62666667,76.62916667,Pangaon,"Dug Well",W07192,2009,3.8,4.2,1.68,4.63
MS,Bid,Renapur,Renapur,18.51666667,76.6,Renapur,"Dug Well",W07193,2009,9,9,'0,'0
MS,Bid,Ambejogai,Ambejogai,18.73333333,76.51666667,Talni,"Dug Well",W06926,2009,1.1,18.55,1.95,'0
MS,Bid,Kaij,Dharur,18.81666667,76.11666667,Dharur,"Dug Well",W17182,2009,3.96,4.4,2.86,8.6
MS,Bid,Patoda,Patoda,18.86666667,75.46666667,Patoda,"Dug Well",W06945,2009,.75,5.59,3.05,7.6
MS,Bid,Patoda,Patoda,18.93333333,75.35833333,Pimpalwandi,"Dug Well",W06946,2009,2.3,3.27,2.6,7.35
MS,Bid,Kaij,Kaij,18.71666667,76.13333333,Kumbhephal,"Dug Well",W17185,2009,3.35,3.95,2.1,8.4
MS,Bid,Patoda,Patoda,18.93333333,75.63333333,Pithi,"Dug Well",W06947,2009,'0,4.71,'0,5.3
MS,Bid,Ambejogai,Parli,18.85,76.53333333,Parli,"Dug Well",W06924,2009,'0,3.7,'0,6.4
MS,Bid,Ambejogai,Parli,18.73333333,76.64444444,Dharmapuri,"Dug Well",W17165,2009,1.4,2.64,1.02,'0
MS,Bid,Ambejogai,Parli,18.83333333,76.48333333,Kanerwadi,"Dug Well",W17166,2009,'0,5.84,'0,'0
MS,Bid,Beed,Beed,18.71666667,75.7,Chousala-2,"Bore Well",W17172,2009,11.07,'0,9.4,12.8
MS,Bid,Beed,Beed,18.91527778,75.74722222,Pali,"Dug Well",W06929,2009,4.4,3.83,3.7,6.1
MS,Bid,Beed,Beed,18.83333333,75.73611111,"Manjar Sumbha","Dug Well",W06927,2009,'0,3.65,'0,6.85
MS,Bid,Ashti,Ashti,18.8,75.16666667,Ashti,"Dug Well",W17167,2009,3.5,7.62,3.5,9.4
MS,Bid,Ashti,Ashti,18.91666667,75.01666667,Dhanora,"Dug Well",W17168,2009,'0,5.37,'0,10.7
MS,Bid,Patoda,Shirur-kasar,19.06666667,75.31666667,Manur,"Dug Well",W06944,2009,21.43,15.57,9.62,23.25
MS,Bid,Kaij,Kaij,18.77694444,76.23138889,Adas,"Dug Well",W17181,2009,'0,7.53,'0,'0
MS,Bid,Patoda,Patoda,18.76666667,75.55833333,Daskhed,"Dug Well",W17187,2009,.7,4.9,1.7,9.4
MS,Bid,Manjlegaon,Parli,18.98333333,76.38333333,Sirsala,"Dug Well",W06941,2009,1.15,5.44,4.15,7.8
MS,Bid,Kaij,Wadwani,18.98333333,76.03333333,Wadwani,"Dug Well",W06936,2009,3.15,'0,3.1,3.9
MS,Bid,Manjlegaon,Wadwani,18.98333333,76.18333333,Telgaon,"Dug Well",W06943,2009,.49,5.31,.74,'0
MS,Bid,Beed,Beed,18.96666667,75.88333333,Mauj,"Dug Well",W06928,2009,3.35,3.37,2.2,8.65
MS,Bid,Georai,Shirur-kasar,19.16944444,75.5,Tintarvani,"Bore Well",W06933,2009,'0,22.69,'0,'0
MS,Bid,Patoda,Shirur-kasar,18.99305556,75.5,Raimoh,"Dug Well",W06948,2009,'0,'0,'0,10.6
MS,Bid,Patoda,Shirur-kasar,18.99583333,75.50833333,Raimoho,"Bore Well",W06949,2009,6.29,7.82,4.18,10.6
MS,Bid,Georai,Georai,19.17777778,75.63194444,Kolegaon,"Dug Well",W17180,2009,4.43,6.7,2.93,'0
MS,Bid,Georai,Georai,19.21666667,75.92222222,"Bhend Takli","Dug Well",W17175,2009,.7,2.75,.6,9.4
MS,Bid,Georai,Georai,19.2,75.86666667,Sirisdevi,"Dug Well",W06932,2009,'0,16.4,'0,'0
MS,Bid,Georai,Georai,19.16666667,75.75,Pendgaon,"Bore Well",W06931,2009,'0,'0,'0,18
MS,Bid,Kaij,Kaij,18.66666667,75.83333333,Neknoor,"Dug Well",W06935,2009,'0,5.05,'0,'0
MS,Bid,Georai,Georai,19.28333333,75.6,Umapur,"Dug Well",W06934,2009,'0,3.48,'0,'0
MS,Bid,Ashti,Ashti,18.95,75.2,Doithana,"Dug Well",W17169,2008,5.86,6.06,2.9,7
MS,Bid,Georai,Georai,19.28333333,75.6,Umapur,"Dug Well",W06934,2008,'0,1.7,1.2,10.92
MS,Bid,Renapur,Renapur,18.50138889,76.56944444,Rajwadi,"Dug Well",W20683,2008,'0,17,'0,17
MS,Bid,Ambejogai,Ambejogai,18.73333333,76.4,Ambejogai,"Dug Well",W17162,2008,'0,'0,2.55,6
MS,Bid,Renapur,Renapur,18.62666667,76.62916667,Pangaon,"Dug Well",W07192,2008,2,3.3,1.33,5.06
MS,Bid,Renapur,Renapur,18.51666667,76.6,Renapur,"Dug Well",W07193,2008,9.15,7.9,7.13,10.2
MS,Bid,Ambejogai,Ambejogai,18.73333333,76.51666667,Talni,"Dug Well",W06926,2008,2.73,17.95,2.4,17.4
MS,Bid,Ambejogai,Ambejogai,18.62083333,76.33333333,Mamdapur-Patoda,"Bore Well",W06923,2008,'0,5.18,'0,'0
MS,Bid,Kaij,Dharur,18.81666667,76.11666667,Dharur,"Dug Well",W17182,2008,3.06,2.07,3.42,6.7
MS,Bid,Patoda,Patoda,18.86666667,75.46666667,Patoda,"Dug Well",W06945,2008,.95,5.35,6.25,7.03
MS,Bid,Patoda,Patoda,18.93333333,75.35833333,Pimpalwandi,"Dug Well",W06946,2008,3.5,3.25,3.2,4.05
MS,Bid,Kaij,Kaij,18.71666667,76.13333333,Kumbhephal,"Dug Well",W17185,2008,1.45,6.95,3.08,7.4
MS,Bid,Patoda,Patoda,18.93333333,75.63333333,Pithi,"Dug Well",W06947,2008,'0,4.71,7.2,6.5
MS,Bid,Ambejogai,Parli,18.85,76.53333333,Parli,"Dug Well",W06924,2008,'0,.7,2.6,3.7
MS,Bid,Ambejogai,Parli,18.73333333,76.64444444,Dharmapuri,"Dug Well",W17165,2008,1.9,1.65,2.4,6.1
MS,Bid,Ambejogai,Parli,18.83333333,76.48333333,Kanerwadi,"Dug Well",W17166,2008,'0,'0,11.38,11.38
MS,Bid,Beed,Beed,18.71666667,75.7,Chousala-2,"Bore Well",W17172,2008,11.4,9.83,8.5,12.25
MS,Bid,Beed,Beed,18.91527778,75.74722222,Pali,"Dug Well",W06929,2008,2.7,3.75,3.25,4.6
MS,Bid,Beed,Beed,18.83333333,75.73611111,"Manjar Sumbha","Dug Well",W06927,2008,'0,'0,2.36,8
MS,Bid,Ashti,Ashti,18.8,75.16666667,Ashti,"Dug Well",W17167,2008,1.84,8.4,5.6,9.1
MS,Bid,Ashti,Ashti,18.91666667,75.01666667,Dhanora,"Dug Well",W17168,2008,'0,'0,6.8,8.55
MS,Bid,Patoda,Shirur-kasar,19.06666667,75.31666667,Manur,"Dug Well",W06944,2008,18.5,8.75,10.6,18.8
MS,Bid,Kaij,Kaij,18.77694444,76.23138889,Adas,"Dug Well",W17181,2008,'0,'0,'0,11.99
MS,Bid,Patoda,Patoda,18.76666667,75.55833333,Daskhed,"Dug Well",W17187,2008,1.61,3.71,1.6,8
MS,Bid,Manjlegaon,Parli,18.98333333,76.38333333,Sirsala,"Dug Well",W06941,2008,1.55,5.55,4.78,6.8
MS,Bid,Kaij,Wadwani,18.98333333,76.03333333,Wadwani,"Dug Well",W06936,2008,3.2,3.2,2,3.6
MS,Bid,Manjlegaon,Wadwani,18.98333333,76.18333333,Telgaon,"Dug Well",W06943,2008,.59,8.49,4.4,13
MS,Bid,Beed,Beed,18.96666667,75.88333333,Mauj,"Dug Well",W06928,2008,2.8,3.5,3.2,7.9
MS,Bid,Georai,Shirur-kasar,19.16944444,75.5,Tintarvani,"Bore Well",W06933,2008,19.4,38,9.7,23.1
MS,Bid,Patoda,Shirur-kasar,18.99583333,75.50833333,Raimoho,"Bore Well",W06949,2008,7.75,7.35,7.35,9.4
MS,Bid,Manjlegaon,Majalgaon,18.98888889,76.25277778,Dindrur,"Dug Well",W17186,2008,'0,'0,7.22,7.22
MS,Bid,Georai,Georai,19.17777778,75.63194444,Kolegaon,"Dug Well",W17180,2008,5.63,8.38,5,8.66
MS,Bid,Georai,Georai,19.21666667,75.92222222,"Bhend Takli","Dug Well",W17175,2008,2.6,3.3,.86,8.1
MS,Bid,Georai,Georai,19.2,75.86666667,Sirisdevi,"Dug Well",W06932,2008,'0,'0,14.44,16.75
MS,Bid,Georai,Georai,19.16666667,75.75,Pendgaon,"Bore Well",W06931,2008,9.95,13.65,11.36,'0
MS,Bid,Kaij,Kaij,18.66666667,75.83333333,Neknoor,"Dug Well",W06935,2008,'0,'0,3.9,'0
MS,Bid,Ashti,Ashti,18.66666667,75.15,Khadkhat,"Dug Well",W17170,2008,'0,'0,1.52,'0
MS,Bid,Georai,Georai,19.17777778,75.63194444,Kolegaon,"Dug Well",W17180,2007,6.23,7.16,7.33,'0
MS,Bid,Ambejogai,Ambejogai,18.73333333,76.51666667,Talni,"Dug Well",W06926,2007,1.9,3.51,2.3,18.45
MS,Bid,Georai,Georai,19.2,75.86666667,Sirisdevi,"Dug Well",W06932,2007,'0,16.07,'0,'0
MS,Bid,Georai,Georai,19.16666667,75.75,Pendgaon,"Bore Well",W06931,2007,13.2,'0,12.2,11.95
MS,Bid,Kaij,Kaij,18.66666667,75.83333333,Neknoor,"Dug Well",W06935,2007,'0,5.22,'0,'0
MS,Bid,Ashti,Ashti,18.66666667,75.15,Khadkhat,"Dug Well",W17170,2007,8.7,1.84,'0,8.7
MS,Bid,Kaij,Kaij,18.77694444,76.23138889,Adas,"Dug Well",W17181,2007,'0,7.79,'0,10.56
MS,Bid,Patoda,Patoda,18.76666667,75.55833333,Daskhed,"Dug Well",W17187,2007,'0,'0,1.81,'0
MS,Bid,Manjlegaon,Parli,18.98333333,76.38333333,Sirsala,"Dug Well",W06941,2007,1.4,6.21,4.6,8.95
MS,Bid,Kaij,Wadwani,18.98333333,76.03333333,Wadwani,"Dug Well",W06936,2007,2.15,2.38,1.8,2.7
MS,Bid,Manjlegaon,Wadwani,18.98333333,76.18333333,Telgaon,"Dug Well",W06943,2007,9.19,7.09,4.99,11.39
MS,Bid,Beed,Beed,18.96666667,75.88333333,Mauj,"Dug Well",W06928,2007,2.7,3.61,2.45,'0
MS,Bid,Georai,Shirur-kasar,19.16944444,75.5,Tintarvani,"Bore Well",W06933,2007,9.4,9,5.35,23.9
MS,Bid,Patoda,Shirur-kasar,18.99583333,75.50833333,Raimoho,"Bore Well",W06949,2007,7.2,5.93,5.4,8.45
MS,Bid,Manjlegaon,Majalgaon,18.98888889,76.25277778,Dindrur,"Dug Well",W17186,2007,'0,7.22,'0,'0
MS,Bid,Ambejogai,Parli,18.73333333,76.64444444,Dharmapuri,"Dug Well",W17165,2007,1.36,1.74,.7,'0
MS,Bid,Ambejogai,Parli,18.83333333,76.48333333,Kanerwadi,"Dug Well",W17166,2007,'0,5.6,'0,'0
MS,Bid,Beed,Beed,18.71666667,75.7,Chousala-2,"Bore Well",W17172,2007,12.6,10.2,9.75,12.3
MS,Bid,Beed,Beed,18.91527778,75.74722222,Pali,"Dug Well",W06929,2007,3.5,3.86,3.8,4.5
MS,Bid,Beed,Beed,18.83333333,75.73611111,"Manjar Sumbha","Dug Well",W06927,2007,'0,3.76,'0,'0
MS,Bid,Ashti,Ashti,18.8,75.16666667,Ashti,"Dug Well",W17167,2007,3.6,8.03,6,7.8
MS,Bid,Ashti,Ashti,18.91666667,75.01666667,Dhanora,"Dug Well",W17168,2007,'0,5.9,'0,5.42
MS,Bid,Patoda,Shirur-kasar,19.06666667,75.31666667,Manur,"Dug Well",W06944,2007,7.4,8.7,5.7,15.3
MS,Bid,Ambejogai,Ambejogai,18.62083333,76.33333333,Mamdapur-Patoda,"Bore Well",W06923,2007,'0,'0,5.01,5.6
MS,Bid,Kaij,Kaij,18.71666667,76.06666667,Kaij,"Dug Well",W17183,2007,'0,3.11,'0,'0
MS,Bid,Kaij,Dharur,18.81666667,76.11666667,Dharur,"Dug Well",W17182,2007,2.21,4.14,2.81,5.41
MS,Bid,Patoda,Patoda,18.86666667,75.46666667,Patoda,"Dug Well",W06945,2007,3.15,6.22,5,4.95
MS,Bid,Patoda,Patoda,18.93333333,75.35833333,Pimpalwandi,"Dug Well",W06946,2007,2.65,3.2,2.8,3.25
MS,Bid,Kaij,Kaij,18.71666667,76.13333333,Kumbhephal,"Dug Well",W17185,2007,6,6.05,6.2,6.9
MS,Bid,Patoda,Patoda,18.93333333,75.63333333,Pithi,"Dug Well",W06947,2007,2.69,4.39,4.5,4.41
MS,Bid,Ambejogai,Parli,18.85,76.53333333,Parli,"Dug Well",W06924,2007,.4,4.16,2.9,6.25
MS,Bid,Ashti,Ashti,18.95,75.2,Doithana,"Dug Well",W17169,2007,2.31,3.97,2.88,5.96
MS,Bid,Georai,Georai,19.28333333,75.6,Umapur,"Dug Well",W06934,2007,3.15,1.59,2.75,10.92
MS,Bid,Renapur,Renapur,18.50138889,76.56944444,Rajwadi,"Dug Well",W20683,2007,17,7.75,17,7.65
MS,Bid,Ambejogai,Ambejogai,18.73333333,76.4,Ambejogai,"Dug Well",W17162,2007,'0,3.78,'0,'0
MS,Bid,Renapur,Renapur,18.59583333,76.62916667,Patroli,"Dug Well",W20404,2007,10,3.85,10,9.9
MS,Bid,Renapur,Renapur,18.62666667,76.62916667,Pangaon,"Dug Well",W07192,2007,4.1,4.1,1.1,7.1
MS,Bid,Renapur,Renapur,18.51666667,76.6,Renapur,"Dug Well",W07193,2007,9,7.05,6.4,10
MS,Bid,Georai,Georai,19.21666667,75.92222222,"Bhend Takli","Dug Well",W17175,2007,.5,3.67,1.2,7.75
MS,Bid,Georai,Georai,19.17777778,75.63194444,Kolegaon,"Dug Well",W17180,2006,5.4,4.88,5.93,8.2
MS,Bid,Ambejogai,Ambejogai,18.62083333,76.33333333,Mamdapur-Patoda,"Bore Well",W06923,2006,2.75,'0,3.57,5.15
MS,Bid,Georai,Georai,19.2,75.86666667,Sirisdevi,"Dug Well",W06932,2006,13.4,13.95,12.61,17.89
MS,Bid,Georai,Georai,19.16666667,75.75,Pendgaon,"Bore Well",W06931,2006,10.2,8.65,8.87,11.3
MS,Bid,Kaij,Kaij,18.66666667,75.83333333,Neknoor,"Dug Well",W06935,2006,2.05,4.25,2.05,7.64
MS,Bid,Ashti,Ashti,18.66666667,75.15,Khadkhat,"Dug Well",W17170,2006,'0,3.63,.3,3.8
MS,Bid,Kaij,Kaij,18.77694444,76.23138889,Adas,"Dug Well",W17181,2006,4.3,6.76,5.54,10.85
MS,Bid,Patoda,Patoda,18.76666667,75.55833333,Daskhed,"Dug Well",W17187,2006,2.8,3.1,'0,5.12
MS,Bid,Manjlegaon,Parli,18.98333333,76.38333333,Sirsala,"Dug Well",W06941,2006,2.9,4.97,4.04,8.38
MS,Bid,Kaij,Wadwani,18.98333333,76.03333333,Wadwani,"Dug Well",W06936,2006,3.87,1.65,2.5,2.65
MS,Bid,Manjlegaon,Wadwani,18.98333333,76.18333333,Telgaon,"Dug Well",W06943,2006,2.3,7.4,5,13.45
MS,Bid,Beed,Beed,18.96666667,75.88333333,Mauj,"Dug Well",W06928,2006,3,2.9,2.5,7.5
MS,Bid,Georai,Shirur-kasar,19.16944444,75.5,Tintarvani,"Bore Well",W06933,2006,5.85,'0,4.5,23.88
MS,Bid,Patoda,Shirur-kasar,18.99583333,75.50833333,Raimoho,"Bore Well",W06949,2006,4.5,6.33,4.71,8.58
MS,Bid,Manjlegaon,Majalgaon,18.98888889,76.25277778,Dindrur,"Dug Well",W17186,2006,4.75,5.1,6,7.22
MS,Bid,Ambejogai,Parli,18.83333333,76.48333333,Kanerwadi,"Dug Well",W17166,2006,6.2,4.65,4.46,11.38
MS,Bid,Beed,Beed,18.71666667,75.7,Chousala-2,"Bore Well",W17172,2006,6.5,3.3,7.53,12.25
MS,Bid,Beed,Beed,18.91527778,75.74722222,Pali,"Dug Well",W06929,2006,3.2,3.6,3.8,4.79
MS,Bid,Beed,Beed,18.83333333,75.73611111,"Manjar Sumbha","Dug Well",W06927,2006,2.1,3.75,1.73,9.53
MS,Bid,Ashti,Ashti,18.8,75.16666667,Ashti,"Dug Well",W17167,2006,4.8,8.05,5.2,8.15
MS,Bid,Ashti,Ashti,18.91666667,75.01666667,Dhanora,"Dug Well",W17168,2006,11.2,11.27,5.47,14.81
MS,Bid,Patoda,Shirur-kasar,19.06666667,75.31666667,Manur,"Dug Well",W06944,2006,19.5,11.47,8.37,18.62
MS,Bid,Kaij,Kaij,18.71666667,76.06666667,Kaij,"Dug Well",W17183,2006,2.85,'0,2.47,2.36
MS,Bid,Kaij,Kaij,18.71666667,76.13333333,Kumbhephal,"Dug Well",W17185,2006,3.2,4.35,2.96,7.2
MS,Bid,Kaij,Dharur,18.81666667,76.11666667,Dharur,"Dug Well",W17182,2006,3.9,3.16,3.05,5.3
MS,Bid,Patoda,Patoda,18.86666667,75.46666667,Patoda,"Dug Well",W06945,2006,4.1,5.35,5.55,5.72
MS,Bid,Patoda,Patoda,18.93333333,75.35833333,Pimpalwandi,"Dug Well",W06946,2006,2.9,2.95,2.85,3.33
MS,Bid,Patoda,Patoda,18.93333333,75.63333333,Pithi,"Dug Well",W06947,2006,3.65,4.66,3.84,4.71
MS,Bid,Ambejogai,Parli,18.85,76.53333333,Parli,"Dug Well",W06924,2006,4,4.4,3.8,6.19
MS,Bid,Ambejogai,Parli,18.73333333,76.64444444,Dharmapuri,"Dug Well",W17165,2006,1.8,.65,1.4,3.6
MS,Bid,Ashti,Ashti,18.95,75.2,Doithana,"Dug Well",W17169,2006,3.5,2.81,2.71,3.46
MS,Bid,Georai,Georai,19.28333333,75.6,Umapur,"Dug Well",W06934,2006,.75,.2,.94,5.67
MS,Bid,Renapur,Renapur,18.50138889,76.56944444,Rajwadi,"Dug Well",W20683,2006,6.55,'0,2.95,'0
MS,Bid,Ambejogai,Ambejogai,18.73333333,76.4,Ambejogai,"Dug Well",W17162,2006,.5,3.52,3.83,4.34
MS,Bid,Renapur,Renapur,18.59583333,76.62916667,Patroli,"Dug Well",W20404,2006,9.3,4.37,1.85,'0
MS,Bid,Renapur,Renapur,18.62666667,76.62916667,Pangaon,"Dug Well",W07192,2006,1.6,1.87,1.1,4.2
MS,Bid,Renapur,Renapur,18.51666667,76.6,Renapur,"Dug Well",W07193,2006,7.3,5.7,3.45,'0
MS,Bid,Ambejogai,Ambejogai,18.69083333,76.31666667,"Lokhandi Sawargaon","Bore Well",W06922,2006,3.1,6.7,3.8,31.75
MS,Bid,Ambejogai,Ambejogai,18.73333333,76.51666667,Talni,"Dug Well",W06926,2006,9,3.1,2.08,17.8
MS,Bid,Georai,Georai,19.21666667,75.92222222,"Bhend Takli","Dug Well",W17175,2006,.6,1.8,1.56,6.38
MS,Bid,Manjlegaon,Majalgaon,19.16666667,76.03333333,Talkhed,"Dug Well",W06942,2005,'0,8.38,'0,8.38
MS,Bid,Ambejogai,Ambejogai,18.62083333,76.33333333,Mamdapur-Patoda,"Bore Well",W06923,2005,2.92,'0,2.15,'0
MS,Bid,Georai,Georai,19.21666667,75.92222222,"Bhend Takli","Dug Well",W17175,2005,.38,3.2,.45,8.7
MS,Bid,Georai,Georai,19.2,75.86666667,Sirisdevi,"Dug Well",W06932,2005,13.07,17.65,10.9,16
MS,Bid,Georai,Georai,19.16666667,75.75,Pendgaon,"Bore Well",W06931,2005,15.2,14.95,8.15,15.6
MS,Bid,Kaij,Kaij,18.66666667,75.83333333,Neknoor,"Dug Well",W06935,2005,1.95,5.1,2.75,8.4
MS,Bid,Ashti,Ashti,18.66666667,75.15,Khadkhat,"Dug Well",W17170,2005,2.1,4.1,4.5,8.7
MS,Bid,Patoda,Patoda,18.76666667,75.55833333,Daskhed,"Dug Well",W17187,2005,4.03,2.33,4.9,5.32
MS,Bid,Manjlegaon,Parli,18.98333333,76.38333333,Sirsala,"Dug Well",W06941,2005,'0,9.75,6.1,10.1
MS,Bid,Kaij,Wadwani,18.98333333,76.03333333,Wadwani,"Dug Well",W06936,2005,1.51,2.27,1.45,3.65
MS,Bid,Manjlegaon,Wadwani,18.98333333,76.18333333,Telgaon,"Dug Well",W06943,2005,1.34,14.29,2.49,22.2
MS,Bid,Beed,Beed,18.96666667,75.88333333,Mauj,"Dug Well",W06928,2005,1.78,2.9,2.1,7.7
MS,Bid,Georai,Shirur-kasar,19.16944444,75.5,Tintarvani,"Bore Well",W06933,2005,4.54,24.9,5.65,24.3
MS,Bid,Patoda,Shirur-kasar,18.99583333,75.50833333,Raimoho,"Bore Well",W06949,2005,4.58,7.48,4.45,8.45
MS,Bid,Manjlegaon,Majalgaon,18.98888889,76.25277778,Dindrur,"Dug Well",W17186,2005,5.15,7.22,'0,7.22
MS,Bid,Ambejogai,Parli,18.83333333,76.48333333,Kanerwadi,"Dug Well",W17166,2005,4.25,7.4,3.31,11.38
MS,Bid,Beed,Beed,18.71666667,75.7,Chousala-2,"Bore Well",W17172,2005,7.7,10.85,7.4,11.7
MS,Bid,Beed,Beed,18.91527778,75.74722222,Pali,"Dug Well",W06929,2005,2.85,4.1,3.6,4.07
MS,Bid,Beed,Beed,18.83333333,75.73611111,"Manjar Sumbha","Dug Well",W06927,2005,.57,4.4,2.05,11.65
MS,Bid,Ashti,Ashti,18.8,75.16666667,Ashti,"Dug Well",W17167,2005,8.4,8.33,8.2,8.4
MS,Bid,Ashti,Ashti,18.91666667,75.01666667,Dhanora,"Dug Well",W17168,2005,16.63,11.62,11.07,13.29
MS,Bid,Patoda,Shirur-kasar,19.06666667,75.31666667,Manur,"Dug Well",W06944,2005,11.9,12.95,8.2,21.1
MS,Bid,Kaij,Kaij,18.77694444,76.23138889,Adas,"Dug Well",W17181,2005,3.09,9.66,3.7,11.99
MS,Bid,Kaij,Kaij,18.71666667,76.06666667,Kaij,"Dug Well",W17183,2005,2.25,3.95,3,3.25
MS,Bid,Kaij,Kaij,18.71666667,76.13333333,Kumbhephal,"Dug Well",W17185,2005,2.7,8.03,2.35,10.88
MS,Bid,Kaij,Dharur,18.81666667,76.11666667,Dharur,"Dug Well",W17182,2005,2.2,4.9,2.36,11
MS,Bid,Patoda,Patoda,18.86666667,75.46666667,Patoda,"Dug Well",W06945,2005,2.25,6.02,4.85,6
MS,Bid,Patoda,Patoda,18.93333333,75.35833333,Pimpalwandi,"Dug Well",W06946,2005,5.83,3.52,2.65,7.72
MS,Bid,Patoda,Patoda,18.93333333,75.63333333,Pithi,"Dug Well",W06947,2005,2.41,4.11,4.51,9.2
MS,Bid,Ambejogai,Parli,18.85,76.53333333,Parli,"Dug Well",W06924,2005,4.62,5.9,2.8,8.85
MS,Bid,Ambejogai,Parli,18.73333333,76.64444444,Dharmapuri,"Dug Well",W17165,2005,2.5,3.8,.01,6
MS,Bid,Ashti,Ashti,18.95,75.2,Doithana,"Dug Well",W17169,2005,2.7,3.01,2.76,4.44
MS,Bid,Georai,Georai,19.28333333,75.6,Umapur,"Dug Well",W06934,2005,1.26,2.95,2.05,10.92
MS,Bid,Renapur,Renapur,18.50138889,76.56944444,Rajwadi,"Dug Well",W20683,2005,'0,'0,1.37,'0
MS,Bid,Ambejogai,Ambejogai,18.73333333,76.4,Ambejogai,"Dug Well",W17162,2005,2.55,3.67,2.55,5.03
MS,Bid,Renapur,Renapur,18.59583333,76.62916667,Patroli,"Dug Well",W20404,2005,'0,'0,6.63,9.8
MS,Bid,Renapur,Renapur,18.62666667,76.62916667,Pangaon,"Dug Well",W07192,2005,1.3,4.5,.63,8.67
MS,Bid,Renapur,Renapur,18.51666667,76.6,Renapur,"Dug Well",W07193,2005,2.15,'0,4.6,10.19
MS,Bid,Ambejogai,Ambejogai,18.69083333,76.31666667,"Lokhandi Sawargaon","Bore Well",W06922,2005,1.23,18.7,2.07,18.9
MS,Bid,Ambejogai,Ambejogai,18.73333333,76.51666667,Talni,"Dug Well",W06926,2005,2.25,3.72,2.6,14
MS,Bid,Georai,Georai,19.17777778,75.63194444,Kolegaon,"Dug Well",W17180,2005,4.28,7.58,2.98,8.6
MS,Bid,Manjlegaon,Majalgaon,19.16666667,76.03333333,Talkhed,"Dug Well",W06942,2004,'0,'0,'0,8.38
MS,Bid,Ambejogai,Ambejogai,18.73333333,76.51666667,Talni,"Dug Well",W06926,2004,'0,4.1,'0,5.95
MS,Bid,Georai,Georai,19.21666667,75.92222222,"Bhend Takli","Dug Well",W17175,2004,'0,4.4,'0,9.68
MS,Bid,Georai,Georai,19.2,75.86666667,Sirisdevi,"Dug Well",W06932,2004,'0,17.2,'0,16.75
MS,Bid,Georai,Georai,19.16666667,75.75,Pendgaon,"Bore Well",W06931,2004,'0,13.92,'0,13.25
MS,Bid,Ambejogai,Ambejogai,18.65,76.43333333,Saigaon,"Bore Well",W06925,2004,'0,8.24,'0,12.8
MS,Bid,Kaij,Kaij,18.66666667,75.83333333,Neknoor,"Dug Well",W06935,2004,'0,9,'0,6.95
MS,Bid,Ashti,Ashti,18.66666667,75.15,Khadkhat,"Dug Well",W17170,2004,'0,8.7,'0,6.55
MS,Bid,Patoda,Patoda,18.76666667,75.55833333,Daskhed,"Dug Well",W17187,2004,'0,7.75,'0,10.1
MS,Bid,Manjlegaon,Parli,18.98333333,76.38333333,Sirsala,"Dug Well",W06941,2004,'0,8.15,'0,8.38
MS,Bid,Kaij,Wadwani,18.98333333,76.03333333,Wadwani,"Dug Well",W06936,2004,'0,2.37,'0,2.85
MS,Bid,Manjlegaon,Wadwani,18.98333333,76.18333333,Telgaon,"Dug Well",W06943,2004,'0,9.85,'0,20.19
MS,Bid,Beed,Beed,18.96666667,75.88333333,Mauj,"Dug Well",W06928,2004,'0,3.5,'0,5
MS,Bid,Georai,Shirur-kasar,19.16944444,75.5,Tintarvani,"Bore Well",W06933,2004,'0,'0,'0,24
MS,Bid,Patoda,Shirur-kasar,18.99583333,75.50833333,Raimoho,"Bore Well",W06949,2004,'0,'0,'0,9
MS,Bid,Manjlegaon,Majalgaon,18.98888889,76.25277778,Dindrur,"Dug Well",W17186,2004,'0,7.22,'0,7.22
MS,Bid,Ambejogai,Parli,18.83333333,76.48333333,Kanerwadi,"Dug Well",W17166,2004,'0,7.8,'0,10.1
MS,Bid,Beed,Beed,18.91527778,75.74722222,Pali,"Dug Well",W06929,2004,'0,4.95,'0,5.65
MS,Bid,Beed,Beed,18.83333333,75.73611111,"Manjar Sumbha","Dug Well",W06927,2004,'0,11.55,'0,3.65
MS,Bid,Ashti,Ashti,18.8,75.16666667,Ashti,"Dug Well",W17167,2004,'0,8.52,'0,9
MS,Bid,Ashti,Ashti,18.91666667,75.01666667,Dhanora,"Dug Well",W17168,2004,'0,14.35,'0,15.02
MS,Bid,Patoda,Shirur-kasar,19.06666667,75.31666667,Manur,"Dug Well",W06944,2004,'0,17.85,'0,22.45
MS,Bid,Kaij,Kaij,18.77694444,76.23138889,Adas,"Dug Well",W17181,2004,'0,9.25,'0,11.99
MS,Bid,Kaij,Kaij,18.71666667,76.06666667,Kaij,"Dug Well",W17183,2004,'0,3.8,'0,4.1
MS,Bid,Kaij,Kaij,18.71666667,76.13333333,Kumbhephal,"Dug Well",W17185,2004,'0,7.85,'0,7
MS,Bid,Kaij,Dharur,18.81666667,76.11666667,Dharur,"Dug Well",W17182,2004,'0,4.07,'0,7.06
MS,Bid,Patoda,Patoda,18.86666667,75.46666667,Patoda,"Dug Well",W06945,2004,'0,6.5,'0,6.6
MS,Bid,Patoda,Patoda,18.93333333,75.35833333,Pimpalwandi,"Dug Well",W06946,2004,'0,8.18,'0,7.72
MS,Bid,Patoda,Patoda,18.93333333,75.63333333,Pithi,"Dug Well",W06947,2004,'0,11.41,'0,3.71
MS,Bid,Ambejogai,Parli,18.85,76.53333333,Parli,"Dug Well",W06924,2004,'0,5.9,'0,8.48
MS,Bid,Ambejogai,Parli,18.73333333,76.64444444,Dharmapuri,"Dug Well",W17165,2004,'0,2.4,'0,4.4
MS,Bid,Ashti,Ashti,18.95,75.2,Doithana,"Dug Well",W17169,2004,'0,4.44,'0,4.44
MS,Bid,Georai,Georai,19.28333333,75.6,Umapur,"Dug Well",W06934,2004,'0,10.2,'0,10.92
MS,Bid,Ambejogai,Ambejogai,18.73333333,76.4,Ambejogai,"Dug Well",W17162,2004,'0,'0,'0,3.2
MS,Bid,Renapur,Renapur,18.62666667,76.62916667,Pangaon,"Dug Well",W07192,2004,'0,2.7,'0,2.7
MS,Bid,Renapur,Renapur,18.51666667,76.6,Renapur,"Dug Well",W07193,2004,'0,9.8,'0,12.1
MS,Bid,Ambejogai,Ambejogai,18.69083333,76.31666667,"Lokhandi Sawargaon","Bore Well",W06922,2004,'0,'0,'0,19
MS,Bid,Georai,Georai,19.17777778,75.63194444,Kolegaon,"Dug Well",W17180,2004,'0,8.78,'0,8.43
MS,Bid,Manjlegaon,Majalgaon,19.16666667,76.03333333,Talkhed,"Dug Well",W06942,2003,'0,5.55,8.38,5.8
MS,Bid,Georai,Georai,19.17777778,75.63194444,Kolegaon,"Dug Well",W17180,2003,6.7,7.1,7.15,7.2
MS,Bid,Georai,Georai,19.21666667,75.92222222,"Bhend Takli","Dug Well",W17175,2003,.75,6.5,1.8,8.3
MS,Bid,Georai,Georai,19.2,75.86666667,Sirisdevi,"Dug Well",W06932,2003,16.45,15.52,16.19,'0
MS,Bid,Georai,Georai,19.16666667,75.75,Pendgaon,"Bore Well",W06931,2003,10.2,12.44,13.2,13.2
MS,Bid,Ambejogai,Ambejogai,18.65,76.43333333,Saigaon,"Bore Well",W06925,2003,'0,'0,8.9,21.9
MS,Bid,Kaij,Kaij,18.66666667,75.83333333,Neknoor,"Dug Well",W06935,2003,7,7.25,7.1,8
MS,Bid,Ashti,Ashti,18.66666667,75.15,Khadkhat,"Dug Well",W17170,2003,4.17,4.75,4.3,5.73
MS,Bid,Patoda,Patoda,18.76666667,75.55833333,Daskhed,"Dug Well",W17187,2003,6.55,4.95,7.2,5
MS,Bid,Manjlegaon,Parli,18.98333333,76.38333333,Sirsala,"Dug Well",W06941,2003,2.69,7.49,4.95,7.5
MS,Bid,Kaij,Wadwani,18.98333333,76.03333333,Wadwani,"Dug Well",W06936,2003,2.2,2.35,1.85,3.23
MS,Bid,Manjlegaon,Wadwani,18.98333333,76.18333333,Telgaon,"Dug Well",W06943,2003,.75,10.44,4,11.4
MS,Bid,Beed,Beed,19.01666667,75.76666667,Jirewadi,"Dug Well",W17173,2003,'0,'0,10,'0
MS,Bid,Beed,Beed,18.96666667,75.88333333,Mauj,"Dug Well",W06928,2003,3.1,3.7,2.35,4
MS,Bid,Georai,Shirur-kasar,19.16944444,75.5,Tintarvani,"Bore Well",W06933,2003,'0,24.23,'0,23.1
MS,Bid,Patoda,Shirur-kasar,18.99305556,75.5,Raimoh,"Dug Well",W06948,2003,'0,'0,'0,8.5
MS,Bid,Manjlegaon,Majalgaon,18.98888889,76.25277778,Dindrur,"Dug Well",W17186,2003,'0,6.65,7.22,6.7
MS,Bid,Ambejogai,Parli,18.83333333,76.48333333,Kanerwadi,"Dug Well",W17166,2003,9.65,7.5,5.11,8
MS,Bid,Beed,Beed,18.91527778,75.74722222,Pali,"Dug Well",W06929,2003,4.2,3.35,3.3,5.05
MS,Bid,Beed,Beed,18.83333333,75.73611111,"Manjar Sumbha","Dug Well",W06927,2003,3.33,5.24,3.93,6
MS,Bid,Ashti,Ashti,18.8,75.16666667,Ashti,"Dug Well",W17167,2003,8.3,8.35,8.38,8.9
MS,Bid,Ashti,Ashti,18.91666667,75.01666667,Dhanora,"Dug Well",W17168,2003,14.85,11.75,14.5,13.36
MS,Bid,Patoda,Shirur-kasar,19.06666667,75.31666667,Manur,"Dug Well",W06944,2003,15,14.17,16.35,19.1
MS,Bid,Manjlegaon,Majalgaon,19.15,76.21666667,Majalgaon,"Dug Well",W06937,2003,'0,'0,11.47,'0
MS,Bid,Kaij,Georai,19.34166667,75.68333333,Kaizpzj,"Tube Well",W17184,2003,'0,'0,7.5,10.2
MS,Bid,Kaij,Kaij,18.77694444,76.23138889,Adas,"Dug Well",W17181,2003,4.7,9.74,6.6,9.78
MS,Bid,Kaij,Kaij,18.71666667,76.06666667,Kaij,"Dug Well",W17183,2003,2.45,4.04,3.4,5
MS,Bid,Kaij,Kaij,18.71666667,76.13333333,Kumbhephal,"Dug Well",W17185,2003,3.85,7.96,5.5,8
MS,Bid,Kaij,Dharur,18.81666667,76.11666667,Dharur,"Dug Well",W17182,2003,3.4,4.55,3.5,6.06
MS,Bid,Patoda,Patoda,18.86666667,75.46666667,Patoda,"Dug Well",W06945,2003,6.78,6.88,6.6,8
MS,Bid,Patoda,Patoda,18.93333333,75.35833333,Pimpalwandi,"Dug Well",W06946,2003,8.4,8.25,5,7
MS,Bid,Patoda,Patoda,18.93333333,75.63333333,Pithi,"Dug Well",W06947,2003,3.65,4.9,6.45,5
MS,Bid,Ambejogai,Parli,18.85,76.53333333,Parli,"Dug Well",W06924,2003,6,8.7,'0,9
MS,Bid,Ambejogai,Parli,18.73333333,76.64444444,Dharmapuri,"Dug Well",W17165,2003,.65,4.87,.55,5
MS,Bid,Ashti,Ashti,18.95,75.2,Doithana,"Dug Well",W17169,2003,4.17,4.36,4.44,4.39
MS,Bid,Georai,Georai,19.28333333,75.6,Umapur,"Dug Well",W06934,2003,3.45,4.9,4.95,'0
MS,Bid,Ambejogai,Ambejogai,18.73333333,76.4,Ambejogai,"Dug Well",W17162,2003,4,2.85,5.03,3
MS,Bid,Renapur,Renapur,18.62666667,76.62916667,Pangaon,"Dug Well",W07192,2003,1.83,7.2,1.5,8.8
MS,Bid,Renapur,Renapur,18.51666667,76.6,Renapur,"Dug Well",W07193,2003,9.17,10.46,9.4,11.55
MS,Bid,Ambejogai,Ambejogai,18.73333333,76.51666667,Talni,"Dug Well",W06926,2003,1.5,11.65,6.02,12.93
MS,Bid,Ambejogai,Ambejogai,18.62083333,76.33333333,Mamdapur-Patoda,"Bore Well",W06923,2003,1.55,'0,3.9,'0
MS,Bid,Manjlegaon,Majalgaon,19.16666667,76.03333333,Talkhed,"Dug Well",W06942,2002,5,6.9,3.7,'0
MS,Bid,Ambejogai,Ambejogai,18.73333333,76.51666667,Talni,"Dug Well",W06926,2002,1.2,4.9,2.85,17.95
MS,Bid,Georai,Georai,19.21666667,75.92222222,"Bhend Takli","Dug Well",W17175,2002,.3,1.62,4,7.4
MS,Bid,Georai,Georai,19.2,75.86666667,Sirisdevi,"Dug Well",W06932,2002,14.3,14.9,6.7,17.52
MS,Bid,Kaij,Kaij,18.66666667,75.83333333,Neknoor,"Dug Well",W06935,2002,5,5.05,4.8,'0
MS,Bid,Ashti,Ashti,18.66666667,75.15,Khadkhat,"Dug Well",W17170,2002,3.7,3.55,3.9,6.3
MS,Bid,Patoda,Patoda,18.76666667,75.55833333,Daskhed,"Dug Well",W17187,2002,5,6.05,4.9,8
MS,Bid,Manjlegaon,Parli,18.98333333,76.38333333,Sirsala,"Dug Well",W06941,2002,1.65,5.58,2.45,'0
MS,Bid,Kaij,Wadwani,18.98333333,76.03333333,Wadwani,"Dug Well",W06936,2002,1.9,1.7,2.25,2.9
MS,Bid,Manjlegaon,Wadwani,18.98333333,76.18333333,Telgaon,"Dug Well",W06943,2002,.7,5.65,6.15,15.39
MS,Bid,Beed,Beed,18.96666667,75.88333333,Mauj,"Dug Well",W06928,2002,2.45,3.02,2.05,5.48
MS,Bid,Manjlegaon,Majalgaon,18.98888889,76.25277778,Dindrur,"Dug Well",W17186,2002,'0,5.97,3.65,'0
MS,Bid,Ambejogai,Parli,18.83333333,76.48333333,Kanerwadi,"Dug Well",W17166,2002,2.45,5.35,5.5,9.4
MS,Bid,Beed,Beed,18.91527778,75.74722222,Pali,"Dug Well",W06929,2002,3.1,3.16,4,5.15
MS,Bid,Beed,Beed,18.83333333,75.73611111,"Manjar Sumbha","Dug Well",W06927,2002,3.25,11.25,3.2,'0
MS,Bid,Ashti,Ashti,18.8,75.16666667,Ashti,"Dug Well",W17167,2002,6.7,8.52,8.45,8.4
MS,Bid,Ashti,Ashti,18.91666667,75.01666667,Dhanora,"Dug Well",W17168,2002,7.9,5.67,10.05,10.4
MS,Bid,Patoda,Shirur-kasar,19.06666667,75.31666667,Manur,"Dug Well",W06944,2002,13.05,6.43,4.9,9.97
MS,Bid,Kaij,Kaij,18.77694444,76.23138889,Adas,"Dug Well",W17181,2002,5.8,9.45,7.65,'0
MS,Bid,Kaij,Kaij,18.71666667,76.06666667,Kaij,"Dug Well",W17183,2002,2.6,4.35,'0,4.45
MS,Bid,Kaij,Kaij,18.71666667,76.13333333,Kumbhephal,"Dug Well",W17185,2002,5.8,8,5.65,'0
MS,Bid,Kaij,Dharur,18.81666667,76.11666667,Dharur,"Dug Well",W17182,2002,3.3,4.35,3.65,6.86
MS,Bid,Patoda,Patoda,18.86666667,75.46666667,Patoda,"Dug Well",W06945,2002,5.8,4.86,6.2,6.7
MS,Bid,Patoda,Patoda,18.93333333,75.35833333,Pimpalwandi,"Dug Well",W06946,2002,6.8,3.53,'0,'0
MS,Bid,Patoda,Patoda,18.93333333,75.63333333,Pithi,"Dug Well",W06947,2002,2.45,5.45,4.25,'0
MS,Bid,Ambejogai,Parli,18.85,76.53333333,Parli,"Dug Well",W06924,2002,3.4,6.47,6.3,8.4
MS,Bid,Ambejogai,Parli,18.73333333,76.64444444,Dharmapuri,"Dug Well",W17165,2002,2.1,1.65,2.65,'0
MS,Bid,Ashti,Ashti,18.95,75.2,Doithana,"Dug Well",W17169,2002,2.7,3.1,4.7,'0
MS,Bid,Georai,Georai,19.28333333,75.6,Umapur,"Dug Well",W06934,2002,3.4,.75,3.85,9.97
MS,Bid,Ambejogai,Ambejogai,18.73333333,76.4,Ambejogai,"Dug Well",W17162,2002,4.6,3.4,5.85,2.55
MS,Bid,Renapur,Renapur,18.62666667,76.62916667,Pangaon,"Dug Well",W07192,2002,4.3,3.1,5.93,8.2
MS,Bid,Renapur,Renapur,18.51666667,76.6,Renapur,"Dug Well",W07193,2002,4.3,9.6,9.07,11.1
MS,Bid,Georai,Georai,19.17777778,75.63194444,Kolegaon,"Dug Well",W17180,2002,3.65,6,6.15,8.38
MS,Bid,Manjlegaon,Majalgaon,19.16666667,76.03333333,Talkhed,"Dug Well",W06942,2001,'0,5.1,4.75,'0
MS,Bid,Ambejogai,Ambejogai,18.62083333,76.33333333,Mamdapur-Patoda,"Bore Well",W06923,2001,'0,2.84,'0,'0
MS,Bid,Georai,Georai,19.21666667,75.92222222,"Bhend Takli","Dug Well",W17175,2001,9.2,4,.41,9.4
MS,Bid,Georai,Georai,19.2,75.86666667,Sirisdevi,"Dug Well",W06932,2001,'0,14.8,11.59,17.39
MS,Bid,Kaij,Kaij,18.66666667,75.83333333,Neknoor,"Dug Well",W06935,2001,4,4.55,2.85,'0
MS,Bid,Ashti,Ashti,18.66666667,75.15,Khadkhat,"Dug Well",W17170,2001,2.45,2.7,3.2,6.72
MS,Bid,Patoda,Patoda,18.76666667,75.55833333,Daskhed,"Dug Well",W17187,2001,2.4,2.1,1.85,6.57
MS,Bid,Manjlegaon,Parli,18.98333333,76.38333333,Sirsala,"Dug Well",W06941,2001,2.9,6.05,3.15,'0
MS,Bid,Kaij,Wadwani,18.98333333,76.03333333,Wadwani,"Dug Well",W06936,2001,2.14,2,1.95,3.38
MS,Bid,Manjlegaon,Wadwani,18.98333333,76.18333333,Telgaon,"Dug Well",W06943,2001,3,12.65,1.82,13.02
MS,Bid,Beed,Beed,18.96666667,75.88333333,Mauj,"Dug Well",W06928,2001,3.15,3.2,2.2,5.6
MS,Bid,Georai,Shirur-kasar,19.16944444,75.5,Tintarvani,"Bore Well",W06933,2001,'0,20.7,'0,'0
MS,Bid,Manjlegaon,Majalgaon,18.98888889,76.25277778,Dindrur,"Dug Well",W17186,2001,6.15,4.65,5.01,'0
MS,Bid,Ambejogai,Parli,18.83333333,76.48333333,Kanerwadi,"Dug Well",W17166,2001,4.4,6.4,3.8,'0
MS,Bid,Beed,Beed,18.71666667,75.7,Chousala-2,"Bore Well",W17172,2001,10.68,11.36,'0,11.7
MS,Bid,Beed,Beed,18.91527778,75.74722222,Pali,"Dug Well",W06929,2001,2.94,3.3,3.43,5.15
MS,Bid,Beed,Beed,18.83333333,75.73611111,"Manjar Sumbha","Dug Well",W06927,2001,1.93,4.8,2.82,11.45
MS,Bid,Ashti,Ashti,18.8,75.16666667,Ashti,"Dug Well",W17167,2001,6.7,8.4,6.65,8.09
MS,Bid,Ashti,Ashti,18.91666667,75.01666667,Dhanora,"Dug Well",W17168,2001,6.25,5.9,4.12,11.02
MS,Bid,Patoda,Shirur-kasar,19.06666667,75.31666667,Manur,"Dug Well",W06944,2001,7.7,7.4,3.63,15.26
MS,Bid,Kaij,Kaij,18.77694444,76.23138889,Adas,"Dug Well",W17181,2001,6.22,7.5,6.21,'0
MS,Bid,Kaij,Kaij,18.71666667,76.06666667,Kaij,"Dug Well",W17183,2001,2.6,3.92,3.42,3.74
MS,Bid,Kaij,Kaij,18.71666667,76.13333333,Kumbhephal,"Dug Well",W17185,2001,6.58,6.8,3.96,8.43
MS,Bid,Kaij,Dharur,18.81666667,76.11666667,Dharur,"Dug Well",W17182,2001,3.05,3.7,3.23,5.84
MS,Bid,Patoda,Patoda,18.86666667,75.46666667,Patoda,"Dug Well",W06945,2001,3.77,3.8,5.27,6.78
MS,Bid,Patoda,Patoda,18.93333333,75.35833333,Pimpalwandi,"Dug Well",W06946,2001,3.25,3.7,2.88,7.56
MS,Bid,Patoda,Patoda,18.93333333,75.63333333,Pithi,"Dug Well",W06947,2001,2.35,5.4,3.91,'0
MS,Bid,Ambejogai,Parli,18.85,76.53333333,Parli,"Dug Well",W06924,2001,4.04,7.65,6.15,9.6
MS,Bid,Ambejogai,Parli,18.73333333,76.64444444,Dharmapuri,"Dug Well",W17165,2001,1.9,4.21,.85,6.44
MS,Bid,Ashti,Ashti,18.95,75.2,Doithana,"Dug Well",W17169,2001,2.64,3.3,2.67,4.17
MS,Bid,Georai,Georai,19.28333333,75.6,Umapur,"Dug Well",W06934,2001,2.53,1.2,.01,4.3
MS,Bid,Ambejogai,Ambejogai,18.73333333,76.4,Ambejogai,"Dug Well",W17162,2001,5,4.6,2.8,5.67
MS,Bid,Renapur,Renapur,18.62666667,76.62916667,Pangaon,"Dug Well",W07192,2001,1.75,2.8,1.3,6.55
MS,Bid,Renapur,Renapur,18.51666667,76.6,Renapur,"Dug Well",W07193,2001,9.3,7.9,8.28,9.6
MS,Bid,Ambejogai,Ambejogai,18.69083333,76.31666667,"Lokhandi Sawargaon","Bore Well",W06922,2001,'0,18.32,'0,18.65
MS,Bid,Ambejogai,Ambejogai,18.73333333,76.51666667,Talni,"Dug Well",W06926,2001,1.51,3.9,3.35,17.05
MS,Bid,Georai,Georai,19.17777778,75.63194444,Kolegaon,"Dug Well",W17180,2001,4.6,6.12,3.1,7.84
MS,Bid,Georai,Georai,19.17777778,75.63194444,Kolegaon,"Dug Well",W17180,2000,1.15,5.12,2.95,8.3
MS,Bid,Ambejogai,Ambejogai,18.62083333,76.33333333,Mamdapur-Patoda,"Bore Well",W06923,2000,.48,'0,2.2,'0
MS,Bid,Georai,Georai,19.2,75.86666667,Sirisdevi,"Dug Well",W06932,2000,12.37,14.3,12.5,17
MS,Bid,Kaij,Kaij,18.66666667,75.83333333,Neknoor,"Dug Well",W06935,2000,1.5,4.2,2.3,9.2
MS,Bid,Ashti,Ashti,18.66666667,75.15,Khadkhat,"Dug Well",W17170,2000,'0,2.35,1.75,5.2
MS,Bid,Patoda,Patoda,18.76666667,75.55833333,Daskhed,"Dug Well",W17187,2000,'0,3.65,.8,'0
MS,Bid,Manjlegaon,Parli,18.98333333,76.38333333,Sirsala,"Dug Well",W06941,2000,.09,6.38,4.3,9.3
MS,Bid,Kaij,Wadwani,18.98333333,76.03333333,Wadwani,"Dug Well",W06936,2000,1.31,1.75,1.5,3.4
MS,Bid,Manjlegaon,Wadwani,18.98333333,76.18333333,Telgaon,"Dug Well",W06943,2000,.36,7.45,10.8,9.5
MS,Bid,Beed,Beed,18.96666667,75.88333333,Mauj,"Dug Well",W06928,2000,.45,2.65,2.4,5
MS,Bid,Georai,Shirur-kasar,19.16944444,75.5,Tintarvani,"Bore Well",W06933,2000,.62,'0,'0,'0
MS,Bid,Manjlegaon,Majalgaon,18.98888889,76.25277778,Dindrur,"Dug Well",W17186,2000,3.4,4.45,3.75,'0
MS,Bid,Manjlegaon,Majalgaon,19.16666667,76.03333333,Talkhed,"Dug Well",W06942,2000,3.4,4.22,3.1,'0
MS,Bid,Ambejogai,Parli,18.83333333,76.48333333,Kanerwadi,"Dug Well",W17166,2000,2.34,6.3,4.7,8.3
MS,Bid,Beed,Beed,18.71666667,75.7,Chousala-2,"Bore Well",W17172,2000,7.22,14.7,7.5,10.2
MS,Bid,Beed,Beed,18.91527778,75.74722222,Pali,"Dug Well",W06929,2000,2.3,3.45,3.78,4.7
MS,Bid,Beed,Beed,18.83333333,75.73611111,"Manjar Sumbha","Dug Well",W06927,2000,.66,4.05,2.35,11.7
MS,Bid,Ashti,Ashti,18.8,75.16666667,Ashti,"Dug Well",W17167,2000,1.25,10.5,5.6,10.1
MS,Bid,Ashti,Ashti,18.91666667,75.01666667,Dhanora,"Dug Well",W17168,2000,2.98,5.25,'0,11.85
MS,Bid,Patoda,Shirur-kasar,19.06666667,75.31666667,Manur,"Dug Well",W06944,2000,'0,6.3,5.7,'0
MS,Bid,Georai,Georai,19.31666667,75.66666667,Dhondrai-1,"Dug Well",W17176,2000,'0,'0,8,9.7
MS,Bid,Kaij,Georai,19.34166667,75.68333333,Kaizpzj,"Tube Well",W17184,2000,'0,'0,8,'0
MS,Bid,Kaij,Kaij,18.77694444,76.23138889,Adas,"Dug Well",W17181,2000,2.35,8.1,5.3,'0
MS,Bid,Kaij,Kaij,18.71666667,76.06666667,Kaij,"Dug Well",W17183,2000,1.33,4.4,3.55,3.6
MS,Bid,Kaij,Kaij,18.71666667,76.13333333,Kumbhephal,"Dug Well",W17185,2000,.92,5,3.35,7.7
MS,Bid,Kaij,Dharur,18.81666667,76.11666667,Dharur,"Dug Well",W17182,2000,1.41,3.3,2.95,4.7
MS,Bid,Patoda,Patoda,18.86666667,75.46666667,Patoda,"Dug Well",W06945,2000,1.06,1.99,4.37,7.45
MS,Bid,Patoda,Patoda,18.93333333,75.35833333,Pimpalwandi,"Dug Well",W06946,2000,2.24,3.1,3.6,7.7
MS,Bid,Patoda,Patoda,18.93333333,75.63333333,Pithi,"Dug Well",W06947,2000,1.19,4.25,'0,10.45
MS,Bid,Ambejogai,Parli,18.85,76.53333333,Parli,"Dug Well",W06924,2000,1.43,4.9,4.55,6.8
MS,Bid,Ambejogai,Parli,18.73333333,76.64444444,Dharmapuri,"Dug Well",W17165,2000,'0,.97,1.7,7
MS,Bid,Ashti,Ashti,18.95,75.2,Doithana,"Dug Well",W17169,2000,2.36,5.6,'0,'0
MS,Bid,Georai,Georai,19.28333333,75.6,Umapur,"Dug Well",W06934,2000,'0,1,.6,6.6
MS,Bid,Ambejogai,Ambejogai,18.73333333,76.4,Ambejogai,"Dug Well",W17162,2000,3.16,7.05,4.7,6.2
MS,Bid,Renapur,Renapur,18.62666667,76.62916667,Pangaon,"Dug Well",W07192,2000,4,2.1,1.2,5.45
MS,Bid,Renapur,Renapur,18.51666667,76.6,Renapur,"Dug Well",W07193,2000,9.7,5.27,6.8,9.65
MS,Bid,Ambejogai,Ambejogai,18.69083333,76.31666667,"Lokhandi Sawargaon","Bore Well",W06922,2000,.01,'0,'0,'0
MS,Bid,Ambejogai,Ambejogai,18.73333333,76.51666667,Talni,"Dug Well",W06926,2000,.52,6.85,4.1,16.7
MS,Bid,Georai,Georai,19.21666667,75.92222222,"Bhend Takli","Dug Well",W17175,2000,.14,5.34,1.3,7.2
MS,Bid,Georai,Shirur-kasar,19.16944444,75.5,Tintarvani,"Bore Well",W06933,1999,'0,2.05,'0,21.6
MS,Bid,Manjlegaon,Majalgaon,18.98888889,76.25277778,Dindrur,"Dug Well",W17186,1999,4.1,3.75,3.12,6.6
MS,Bid,Manjlegaon,Majalgaon,19.16666667,76.03333333,Talkhed,"Dug Well",W06942,1999,4.4,2.6,2.06,5.95
MS,Bid,Georai,Georai,19.17777778,75.63194444,Kolegaon,"Dug Well",W17180,1999,7,4.45,2.41,7.6
MS,Bid,Georai,Georai,19.21666667,75.92222222,"Bhend Takli","Dug Well",W17175,1999,1.1,1.5,3.28,6.35
MS,Bid,Georai,Georai,19.2,75.86666667,Sirisdevi,"Dug Well",W06932,1999,15.9,12.32,11.16,16.4
MS,Bid,Ambejogai,Ambejogai,18.65,76.43333333,Saigaon,"Bore Well",W06925,1999,5.2,'0,7.3,'0
MS,Bid,Kaij,Kaij,18.66666667,75.83333333,Neknoor,"Dug Well",W06935,1999,5.8,3.6,2.62,6.52
MS,Bid,Ashti,Ashti,18.66666667,75.15,Khadkhat,"Dug Well",W17170,1999,3.5,3.12,1.01,3.02
MS,Bid,Ambejogai,Parli,18.73333333,76.64444444,Dharmapuri,"Dug Well",W17165,1999,4.8,.36,'0,4.19
MS,Bid,Ambejogai,Parli,18.83333333,76.48333333,Kanerwadi,"Dug Well",W17166,1999,4.4,4.28,4.09,7.37
MS,Bid,Beed,Beed,18.71666667,75.7,Chousala-2,"Bore Well",W17172,1999,10.2,'0,11.1,'0
MS,Bid,Beed,Beed,18.91527778,75.74722222,Pali,"Dug Well",W06929,1999,4.2,3.13,3.27,4.4
MS,Bid,Beed,Beed,18.83333333,75.73611111,"Manjar Sumbha","Dug Well",W06927,1999,4.3,2.98,1.54,10.87
MS,Bid,Ashti,Ashti,18.8,75.16666667,Ashti,"Dug Well",W17167,1999,8.4,6.75,4.98,8.48
MS,Bid,Ashti,Ashti,18.91666667,75.01666667,Dhanora,"Dug Well",W17168,1999,7.6,4.83,3.13,5.84
MS,Bid,Patoda,Shirur-kasar,19.06666667,75.31666667,Manur,"Dug Well",W06944,1999,3.6,5,3.6,6.4
MS,Bid,Georai,Georai,19.26583333,75.74666667,Gevrai,"Bore Well",W17179,1999,'0,2.71,'0,9.7
MS,Bid,Kaij,Kaij,18.77694444,76.23138889,Adas,"Dug Well",W17181,1999,7,5.4,3.7,10
MS,Bid,Patoda,Patoda,18.76666667,75.55833333,Daskhed,"Dug Well",W17187,1999,5.1,.75,1.88,7.9
MS,Bid,Manjlegaon,Parli,18.98333333,76.38333333,Sirsala,"Dug Well",W06941,1999,3.4,5.42,2.58,'0
MS,Bid,Kaij,Wadwani,18.98333333,76.03333333,Wadwani,"Dug Well",W06936,1999,2.7,1.81,2.52,3.15
MS,Bid,Manjlegaon,Wadwani,18.98333333,76.18333333,Telgaon,"Dug Well",W06943,1999,15.3,8.2,2.11,16.28
MS,Bid,Beed,Beed,18.96666667,75.88333333,Mauj,"Dug Well",W06928,1999,3.7,2.35,2.72,3.81
MS,Bid,Ashti,Ashti,18.95,75.2,Doithana,"Dug Well",W17169,1999,'0,2.75,4.68,3.3
MS,Bid,Georai,Georai,19.28333333,75.6,Umapur,"Dug Well",W06934,1999,4.2,.7,.01,3.85
MS,Bid,Ambejogai,Ambejogai,18.73333333,76.4,Ambejogai,"Dug Well",W17162,1999,'0,3.37,4.9,5.52
MS,Bid,Renapur,Renapur,18.62666667,76.62916667,Pangaon,"Dug Well",W07192,1999,2.66,1.25,.55,4.2
MS,Bid,Renapur,Renapur,18.51666667,76.6,Renapur,"Dug Well",W07193,1999,8.24,7.33,5.85,9.57
MS,Bid,Ambejogai,Ambejogai,18.69083333,76.31666667,"Lokhandi Sawargaon","Bore Well",W06922,1999,'0,16.8,'0,18.1
MS,Bid,Ambejogai,Ambejogai,18.73333333,76.51666667,Talni,"Dug Well",W06926,1999,2.4,6.1,1.85,11.5
MS,Bid,Ambejogai,Ambejogai,18.62083333,76.33333333,Mamdapur-Patoda,"Bore Well",W06923,1999,'0,2.8,2.56,4.5
MS,Bid,Kaij,Kaij,18.71666667,76.06666667,Kaij,"Dug Well",W17183,1999,3,4.05,3.32,3.89
MS,Bid,Kaij,Kaij,18.71666667,76.13333333,Kumbhephal,"Dug Well",W17185,1999,5.1,4.08,2.4,7.87
MS,Bid,Kaij,Dharur,18.81666667,76.11666667,Dharur,"Dug Well",W17182,1999,3.4,2.65,2.46,3.9
MS,Bid,Patoda,Patoda,18.86666667,75.46666667,Patoda,"Dug Well",W06945,1999,6.1,5.82,4.03,6.5
MS,Bid,Patoda,Patoda,18.93333333,75.35833333,Pimpalwandi,"Dug Well",W06946,1999,3.6,3.2,2.72,3.5
MS,Bid,Patoda,Patoda,18.93333333,75.63333333,Pithi,"Dug Well",W06947,1999,'0,4.7,3.45,7.3
MS,Bid,Ambejogai,Parli,18.85,76.53333333,Parli,"Dug Well",W06924,1999,5.9,8.6,5.6,'0
MS,Bid,Manjlegaon,Majalgaon,18.98888889,76.25277778,Dindrur,"Dug Well",W17186,1998,3.5,4.6,3.09,'0
MS,Bid,Ambejogai,Parli,18.85,76.53333333,Parli,"Dug Well",W06924,1998,3,4.3,2,'0
MS,Bid,Georai,Georai,19.17777778,75.63194444,Kolegaon,"Dug Well",W17180,1998,3.1,7.1,2.75,8.31
MS,Bid,Georai,Georai,19.21666667,75.92222222,"Bhend Takli","Dug Well",W17175,1998,.3,1.3,2.43,7.46
MS,Bid,Georai,Georai,19.2,75.86666667,Sirisdevi,"Dug Well",W06932,1998,14.5,14,8.09,16.31
MS,Bid,Kaij,Kaij,18.66666667,75.83333333,Neknoor,"Dug Well",W06935,1998,1.9,3.2,1.88,7.15
MS,Bid,Ashti,Ashti,18.66666667,75.15,Khadkhat,"Dug Well",W17170,1998,1.55,3.7,.64,4
MS,Bid,Ambejogai,Parli,18.73333333,76.64444444,Dharmapuri,"Dug Well",W17165,1998,.01,.8,'0,2.45
MS,Bid,Ambejogai,Parli,18.83333333,76.48333333,Kanerwadi,"Dug Well",W17166,1998,2.5,4,2.83,8.87
MS,Bid,Beed,Beed,18.91527778,75.74722222,Pali,"Dug Well",W06929,1998,3.25,3.8,3,4.74
MS,Bid,Beed,Beed,18.83333333,75.73611111,"Manjar Sumbha","Dug Well",W06927,1998,.4,2.3,1.08,6
MS,Bid,Ashti,Ashti,18.8,75.16666667,Ashti,"Dug Well",W17167,1998,3.7,8,3.57,10.35
MS,Bid,Ashti,Ashti,18.91666667,75.01666667,Dhanora,"Dug Well",W17168,1998,4.1,5.9,2.57,13.83
MS,Bid,Patoda,Shirur-kasar,19.06666667,75.31666667,Manur,"Dug Well",W06944,1998,7.5,6.2,3.25,10.46
MS,Bid,Georai,Georai,19.26583333,75.74666667,Gevrai,"Bore Well",W17179,1998,'0,6.2,2.97,'0
MS,Bid,Kaij,Kaij,18.77694444,76.23138889,Adas,"Dug Well",W17181,1998,3.1,8,2.51,'0
MS,Bid,Patoda,Patoda,18.76666667,75.55833333,Daskhed,"Dug Well",W17187,1998,2.75,6,1.64,7.16
MS,Bid,Manjlegaon,Parli,18.98333333,76.38333333,Sirsala,"Dug Well",W06941,1998,1.8,4.9,2.63,8.84
MS,Bid,Kaij,Wadwani,18.98333333,76.03333333,Wadwani,"Dug Well",W06936,1998,1.5,2.2,1.48,2.74
MS,Bid,Manjlegaon,Wadwani,18.98333333,76.18333333,Telgaon,"Dug Well",W06943,1998,.35,2.2,1.51,15.49
MS,Bid,Beed,Beed,18.96666667,75.88333333,Mauj,"Dug Well",W06928,1998,1.55,2.6,2.56,4.32
MS,Bid,Georai,Shirur-kasar,19.16944444,75.5,Tintarvani,"Bore Well",W06933,1998,4,18.5,1.22,'0
MS,Bid,Ashti,Ashti,18.95,75.2,Doithana,"Dug Well",W17169,1998,1.95,2.9,3.58,'0
MS,Bid,Georai,Georai,19.28333333,75.6,Umapur,"Dug Well",W06934,1998,.45,1.6,.28,5.74
MS,Bid,Ambejogai,Ambejogai,18.73333333,76.4,Ambejogai,"Dug Well",W17162,1998,1.5,3.7,1.15,'0
MS,Bid,Renapur,Renapur,18.62666667,76.62916667,Pangaon,"Dug Well",W07192,1998,2.87,7.05,.4,'0
MS,Bid,Renapur,Renapur,18.51666667,76.6,Renapur,"Dug Well",W07193,1998,8.25,9.35,6.3,11.25
MS,Bid,Ambejogai,Ambejogai,18.69083333,76.31666667,"Lokhandi Sawargaon","Bore Well",W06922,1998,4.7,17.9,.48,18.12
MS,Bid,Ambejogai,Ambejogai,18.73333333,76.51666667,Talni,"Dug Well",W06926,1998,1.5,'0,1.74,12.85
MS,Bid,Ambejogai,Ambejogai,18.62083333,76.33333333,Mamdapur-Patoda,"Bore Well",W06923,1998,1.1,'0,2.35,5.94
MS,Bid,Kaij,Kaij,18.71666667,76.06666667,Kaij,"Dug Well",W17183,1998,1.75,4.3,2.43,4.5
MS,Bid,Kaij,Kaij,18.71666667,76.13333333,Kumbhephal,"Dug Well",W17185,1998,.65,5.9,1.22,10.53
MS,Bid,Kaij,Dharur,18.81666667,76.11666667,Dharur,"Dug Well",W17182,1998,2.7,5.1,2.13,14.86
MS,Bid,Patoda,Patoda,18.86666667,75.46666667,Patoda,"Dug Well",W06945,1998,.95,5.6,3.9,7.09
MS,Bid,Patoda,Patoda,18.93333333,75.35833333,Pimpalwandi,"Dug Well",W06946,1998,2.15,3.3,2.85,7.18
MS,Bid,Patoda,Patoda,18.93333333,75.63333333,Pithi,"Dug Well",W06947,1998,2.7,4.5,3.86,'0
MS,Bid,Manjlegaon,Majalgaon,19.16666667,76.03333333,Talkhed,"Dug Well",W06942,1998,5.2,5.8,1.33,6.95
MS,Bid,Manjlegaon,Majalgaon,18.98888889,76.25277778,Dindrur,"Dug Well",W17186,1997,'0,5.4,5.3,'0
MS,Bid,Ambejogai,Parli,18.73333333,76.64444444,Dharmapuri,"Dug Well",W17165,1997,2.65,.9,1.6,2.8
MS,Bid,Georai,Georai,19.17777778,75.63194444,Kolegaon,"Dug Well",W17180,1997,6.78,5.9,7.5,7.55
MS,Bid,Georai,Georai,19.21666667,75.92222222,"Bhend Takli","Dug Well",W17175,1997,3.58,1.85,4.3,7.3
MS,Bid,Georai,Georai,19.2,75.76666667,Garhi,"Dug Well",W17178,1997,'0,12,'0,'0
MS,Bid,Georai,Georai,19.2,75.86666667,Sirisdevi,"Dug Well",W06932,1997,17.08,14.33,15.9,16.85
MS,Bid,Kaij,Kaij,18.66666667,75.83333333,Neknoor,"Dug Well",W06935,1997,6.66,3.7,4,5.6
MS,Bid,Ashti,Ashti,18.66666667,75.15,Khadkhat,"Dug Well",W17170,1997,3.82,.9,2.1,3.2
MS,Bid,Ambejogai,Parli,18.83333333,76.48333333,Kanerwadi,"Dug Well",W17166,1997,6.48,5,3.3,8.2
MS,Bid,Beed,Beed,18.91527778,75.74722222,Pali,"Dug Well",W06929,1997,5.02,2.4,3.6,3.5
MS,Bid,Beed,Beed,18.83333333,75.73611111,"Manjar Sumbha","Dug Well",W06927,1997,11.04,3.6,1.9,12.2
MS,Bid,Ashti,Ashti,18.8,75.16666667,Ashti,"Dug Well",W17167,1997,11,8.2,7.1,14.1
MS,Bid,Ashti,Ashti,18.91666667,75.01666667,Dhanora,"Dug Well",W17168,1997,8.02,5.6,8.3,6.95
MS,Bid,Patoda,Shirur-kasar,19.06666667,75.31666667,Manur,"Dug Well",W06944,1997,8.06,5.6,7,7.75
MS,Bid,Georai,Georai,19.30833333,75.66666667,Dhondrai-2,"Bore Well",W17177,1997,'0,11.4,'0,'0
MS,Bid,Georai,Georai,19.26583333,75.74666667,Gevrai,"Bore Well",W17179,1997,10.12,6.6,'0,10.05
MS,Bid,Kaij,Kaij,18.77694444,76.23138889,Adas,"Dug Well",W17181,1997,9.66,6.4,8,11
MS,Bid,Patoda,Patoda,18.76666667,75.55833333,Daskhed,"Dug Well",W17187,1997,1.85,1,4.6,8
MS,Bid,Manjlegaon,Parli,18.98333333,76.38333333,Sirsala,"Dug Well",W06941,1997,5.34,4.9,3.6,7.6
MS,Bid,Kaij,Wadwani,18.98333333,76.03333333,Wadwani,"Dug Well",W06936,1997,3,2.2,1.8,3.2
MS,Bid,Manjlegaon,Wadwani,18.98333333,76.18333333,Telgaon,"Dug Well",W06943,1997,9.77,9.6,1.2,10.4
MS,Bid,Beed,Beed,18.96666667,75.88333333,Mauj,"Dug Well",W06928,1997,10.1,2.9,3.3,5.8
MS,Bid,Georai,Shirur-kasar,19.16944444,75.5,Tintarvani,"Bore Well",W06933,1997,24.53,13.2,3.5,24.7
MS,Bid,Ashti,Ashti,18.95,75.2,Doithana,"Dug Well",W17169,1997,3.28,2.7,2.6,'0
MS,Bid,Georai,Georai,19.28333333,75.6,Umapur,"Dug Well",W06934,1997,10.31,2.7,4.6,5.7
MS,Bid,Ambejogai,Ambejogai,18.73333333,76.4,Ambejogai,"Dug Well",W17162,1997,3.29,5.9,2.7,2.65
MS,Bid,Renapur,Renapur,18.62666667,76.62916667,Pangaon,"Dug Well",W07192,1997,8.19,6.85,3.73,8.91
MS,Bid,Renapur,Renapur,18.51666667,76.6,Renapur,"Dug Well",W07193,1997,10.17,8.55,9.13,10.9
MS,Bid,Ambejogai,Ambejogai,18.69083333,76.31666667,"Lokhandi Sawargaon","Bore Well",W06922,1997,18.23,14.2,'0,18
MS,Bid,Ambejogai,Ambejogai,18.73333333,76.51666667,Talni,"Dug Well",W06926,1997,5,5.5,'0,16.45
MS,Bid,Ambejogai,Ambejogai,18.62083333,76.33333333,Mamdapur-Patoda,"Bore Well",W06923,1997,5.01,4.1,4,'0
MS,Bid,Kaij,Kaij,18.71666667,76.06666667,Kaij,"Dug Well",W17183,1997,3.85,4.6,3.3,4.8
MS,Bid,Kaij,Kaij,18.71666667,76.13333333,Kumbhephal,"Dug Well",W17185,1997,7.54,5.2,6,8
MS,Bid,Kaij,Dharur,18.81666667,76.11666667,Dharur,"Dug Well",W17182,1997,7.36,4.6,4.9,17.05
MS,Bid,Patoda,Patoda,18.86666667,75.46666667,Patoda,"Dug Well",W06945,1997,5.77,3.4,5,6.6
MS,Bid,Patoda,Patoda,18.93333333,75.35833333,Pimpalwandi,"Dug Well",W06946,1997,5.92,3.7,3.4,7.8
MS,Bid,Patoda,Patoda,18.93333333,75.63333333,Pithi,"Dug Well",W06947,1997,5.95,4.2,4.55,9.95
MS,Bid,Ambejogai,Parli,18.85,76.53333333,Parli,"Dug Well",W06924,1997,4.54,5,3.3,5.5
MS,Bid,Manjlegaon,Majalgaon,19.16666667,76.03333333,Talkhed,"Dug Well",W06942,1997,7.51,6.3,6.1,7.3
MS,Bid,Patoda,Shirur-kasar,18.99305556,75.5,Raimoh,"Dug Well",W06948,1996,'0,8.25,'0,'0
MS,Bid,Ambejogai,Parli,18.73333333,76.64444444,Dharmapuri,"Dug Well",W17165,1996,2.07,.25,.01,2.84
MS,Bid,Manjlegaon,Majalgaon,19.16666667,76.03333333,Talkhed,"Dug Well",W06942,1996,7.93,6.15,6.45,'0
MS,Bid,Georai,Georai,19.17777778,75.63194444,Kolegaon,"Dug Well",W17180,1996,5.71,6.42,2.5,8.05
MS,Bid,Georai,Georai,19.21666667,75.92222222,"Bhend Takli","Dug Well",W17175,1996,4.54,3.9,.4,'0
MS,Bid,Georai,Georai,19.2,75.76666667,Garhi,"Dug Well",W17178,1996,14.5,15.05,10.2,'0
MS,Bid,Georai,Georai,19.2,75.86666667,Sirisdevi,"Dug Well",W06932,1996,17.64,15.55,11.15,17.5
MS,Bid,Kaij,Kaij,18.66666667,75.83333333,Neknoor,"Dug Well",W06935,1996,6.86,4.85,1.75,8.1
MS,Bid,Ashti,Ashti,18.66666667,75.15,Khadkhat,"Dug Well",W17170,1996,.65,4.45,.6,7.7
MS,Bid,Ambejogai,Parli,18.83333333,76.48333333,Kanerwadi,"Dug Well",W17166,1996,6.5,6.07,2.7,12.3
MS,Bid,Beed,Beed,18.70833333,75.7,Chousala-1,"Dug Well",W17171,1996,'0,9.9,'0,'0
MS,Bid,Beed,Beed,18.91527778,75.74722222,Pali,"Dug Well",W06929,1996,4.44,3.88,2.5,'0
MS,Bid,Beed,Beed,18.83333333,75.73611111,"Manjar Sumbha","Dug Well",W06927,1996,3.8,5.9,1.2,'0
MS,Bid,Ashti,Ashti,18.8,75.16666667,Ashti,"Dug Well",W17167,1996,7.82,8.65,4.65,9.13
MS,Bid,Ashti,Ashti,18.91666667,75.01666667,Dhanora,"Dug Well",W17168,1996,9.31,9.6,3.35,11
MS,Bid,Patoda,Shirur-kasar,19.06666667,75.31666667,Manur,"Dug Well",W06944,1996,'0,9.8,5.95,15.67
MS,Bid,Manjlegaon,Majalgaon,19.09722222,76.225,Patrud,"Dug Well",W06939,1996,'0,10.9,'0,'0
MS,Bid,Georai,Georai,19.15833333,75.70416667,Madalmohi,"Dug Well",W06930,1996,'0,8.4,'0,'0
MS,Bid,Georai,Georai,19.30833333,75.66666667,Dhondrai-2,"Bore Well",W17177,1996,'0,'0,9.2,'0
MS,Bid,Georai,Georai,19.26583333,75.74666667,Gevrai,"Bore Well",W17179,1996,'0,'0,5.75,'0
MS,Bid,Kaij,Kaij,18.77694444,76.23138889,Adas,"Dug Well",W17181,1996,'0,8.35,2.8,'0
MS,Bid,Patoda,Patoda,18.76666667,75.55833333,Daskhed,"Dug Well",W17187,1996,'0,5.7,.85,7.6
MS,Bid,Manjlegaon,Parli,18.98333333,76.38333333,Sirsala,"Dug Well",W06941,1996,3.45,5.7,2.95,17.5
MS,Bid,Kaij,Wadwani,18.98333333,76.03333333,Wadwani,"Dug Well",W06936,1996,3.62,5.85,1.75,4.33
MS,Bid,Manjlegaon,Wadwani,18.98333333,76.18333333,Telgaon,"Dug Well",W06943,1996,13.9,15.25,1.95,17.1
MS,Bid,Beed,Beed,18.96666667,75.88333333,Mauj,"Dug Well",W06928,1996,10.05,3.75,2.2,9.9
MS,Bid,Beed,Beed,18.98333333,75.7,Kakadhira,"Dug Well",W17174,1996,'0,3.85,'0,'0
MS,Bid,Georai,Shirur-kasar,19.16944444,75.5,Tintarvani,"Bore Well",W06933,1996,'0,'0,3.2,'0
MS,Bid,Ashti,Ashti,18.95,75.2,Doithana,"Dug Well",W17169,1996,2.1,4.85,2.15,'0
MS,Bid,Georai,Georai,19.28333333,75.6,Umapur,"Dug Well",W06934,1996,11.09,6.35,1.3,'0
MS,Bid,Ambejogai,Ambejogai,18.73333333,76.4,Ambejogai,"Dug Well",W17162,1996,3.22,'0,3.6,'0
MS,Bid,Renapur,Renapur,18.62666667,76.62916667,Pangaon,"Dug Well",W07192,1996,7.1,2.3,4.15,8.2
MS,Bid,Renapur,Renapur,18.51666667,76.6,Renapur,"Dug Well",W07193,1996,9,9.2,8,11
MS,Bid,Ambejogai,Ambejogai,18.69083333,76.31666667,"Lokhandi Sawargaon","Bore Well",W06922,1996,'0,'0,3.2,'0
MS,Bid,Ambejogai,Ambejogai,18.73333333,76.51666667,Talni,"Dug Well",W06926,1996,3.82,13.2,2.3,19.7
MS,Bid,Ambejogai,Ambejogai,18.62083333,76.33333333,Mamdapur-Patoda,"Bore Well",W06923,1996,'0,'0,2.4,'0
MS,Bid,Ambejogai,Ambejogai,18.63333333,76.48333333,Bardapur,"Dug Well",W17163,1996,'0,5.65,'0,'0
MS,Bid,Kaij,Kaij,18.71666667,76.06666667,Kaij,"Dug Well",W17183,1996,2.2,'0,3.1,'0
MS,Bid,Kaij,Kaij,18.71666667,76.13333333,Kumbhephal,"Dug Well",W17185,1996,6.02,8.05,1,10.82
MS,Bid,Kaij,Dharur,18.81666667,76.11666667,Dharur,"Dug Well",W17182,1996,17.95,'0,3.5,'0
MS,Bid,Patoda,Patoda,18.86666667,75.46666667,Patoda,"Dug Well",W06945,1996,2.72,5.75,5,7.55
MS,Bid,Patoda,Patoda,18.93333333,75.35833333,Pimpalwandi,"Dug Well",W06946,1996,5.1,4.15,2.25,9
MS,Bid,Patoda,Patoda,18.87361111,75.58194444,Rohathwadi,"Dug Well",W06950,1996,'0,11.15,'0,'0
MS,Bid,Patoda,Patoda,18.93333333,75.63333333,Pithi,"Dug Well",W06947,1996,3.36,5.45,4.1,'0
MS,Bid,Ambejogai,Parli,18.85,76.53333333,Parli,"Dug Well",W06924,1996,6.9,6.05,4.7,'0
MS,Bid,Manjlegaon,Majalgaon,18.98888889,76.25277778,Dindrur,"Dug Well",W17186,1996,'0,6.3,4.35,'0
