STATE,DISTRICT,TEH_NAME,BLOCK_NAME,LAT,LON,SITE_NAME,SITE_TYPE,WLCODE,YEAR_OBS,MONSOON,POMRB,POMKH,PREMON
GA,"North Goa",Bardez,Bardez,15.56944444,73.86333333,Olaulim,"Dug Well",W24910,2018,'0,'0,'0,7.25
GA,"North Goa",Bardez,Bardez,15.57277778,73.7925,Parra,"Dug Well",W24912,2018,'0,1.3,'0,'0
GA,"North Goa",Bardez,Bardez,15.58416667,73.73805556,"Anjuna Beach","Dug Well",W24914,2018,'0,9.95,'0,'0
GA,"North Goa",Bardez,Bardez,15.58416667,73.73805556,"Anjuna Beach","Dug Well",W24914,2018,'0,'0,'0,11.44
GA,"North Goa",Satari,Satari,15.62777778,74.13055556,Charayode,"Dug Well",W31095,2018,'0,3.2,'0,'0
GA,"North Goa",Satari,Satari,15.62777778,74.13055556,Charayode,"Dug Well",W31095,2018,'0,'0,'0,6.02
GA,"North Goa",Pernem,Pernem,15.70805556,73.75138889,Korgaon1,"Dug Well",W18627,2018,'0,4.13,'0,'0
GA,"North Goa",Pernem,Pernem,15.70861111,73.855,Nagjhar,"Dug Well",W18629,2018,'0,7.43,'0,'0
GA,"North Goa",Pernem,Pernem,15.7175,73.79888889,Pernem,"Dug Well",W18630,2018,'0,3.67,'0,'0
GA,"North Goa",Pernem,Pernem,15.70805556,73.75138889,Korgaon1,"Dug Well",W18627,2018,'0,'0,'0,4.65
GA,"North Goa",Pernem,Pernem,15.70861111,73.855,Nagjhar,"Dug Well",W18629,2018,'0,'0,'0,7.33
GA,"North Goa",Pernem,Pernem,15.7175,73.79888889,Pernem,"Dug Well",W18630,2018,'0,'0,'0,3.69
GA,"North Goa",Pernem,Pernem,15.75222222,73.83888889,Uguem(ugawe),"Dug Well",W18631,2018,'0,3.18,'0,'0
GA,"North Goa",Pernem,Pernem,15.75222222,73.83888889,Uguem(ugawe),"Dug Well",W18631,2018,'0,'0,'0,3.7
GA,"North Goa",Bicholim,Tiswadi,15.49972222,73.91666667,"Velha Goa","Bore Well",W18626,2018,'0,1.21,'0,'0
GA,"North Goa",Ponda,Ponda,15.32,74.03555556,Shiroda,"Dug Well",W18633,2018,'0,6.45,'0,'0
GA,"North Goa",Ponda,Ponda,15.32,74.03555556,Shiroda,"Dug Well",W18633,2018,'0,'0,'0,6.05
GA,"North Goa",Bicholim,Tiswadi,15.49972222,73.91666667,"Velha Goa","Bore Well",W18626,2018,'0,'0,'0,1.68
GA,"North Goa",Bicholim,Satari,15.59305556,74.04638889,Morlem,"Dug Well",W18620,2018,'0,'0,'0,3.3
GA,"North Goa",Bicholim,Bicholim,15.68638889,73.92722222,Sal,"Dug Well",W18622,2018,'0,2.68,'0,'0
GA,"North Goa",Bicholim,Bicholim,15.68638889,73.92722222,Sal,"Dug Well",W18622,2018,'0,'0,'0,2.74
GA,"North Goa",Bicholim,Tiswadi,15.45805556,73.80416667,Karanjhalen,"Dug Well",W18617,2018,'0,2.8,'0,'0
GA,"North Goa",Bicholim,Tiswadi,15.45805556,73.80416667,Karanjhalen,"Dug Well",W18617,2018,'0,'0,'0,3.05
GA,"North Goa",Bicholim,Satari,15.61,74.06666667,Bayalwadikeri(querim),"Dug Well",W18611,2018,'0,1.85,'0,'0
GA,"North Goa",Bicholim,Satari,15.61,74.06666667,Bayalwadikeri(querim),"Dug Well",W18611,2018,'0,'0,'0,.86
GA,"North Goa",Bicholim,Satari,15.48444444,74.14055556,Khadki(harijanwada),"Dug Well",W18618,2018,'0,7.79,'0,'0
GA,"North Goa",Bicholim,Satari,15.48444444,74.14055556,Khadki(harijanwada),"Dug Well",W18618,2018,'0,'0,'0,10.84
GA,"North Goa",Bicholim,Satari,15.53194444,74.13833333,Valpoi,"Dug Well",W18625,2018,'0,5.25,'0,'0
GA,"North Goa",Bicholim,Satari,15.53194444,74.13833333,Valpoi,"Dug Well",W18625,2018,'0,'0,'0,5.27
GA,"North Goa",Bicholim,Satari,15.54666667,74.05055556,Honda,"Dug Well",W18616,2018,'0,3.07,'0,'0
GA,"North Goa",Bicholim,Satari,15.54666667,74.05055556,Honda,"Dug Well",W18616,2018,'0,'0,'0,3.55
GA,"North Goa",Bicholim,Bardez,15.60944444,73.82638889,Mapuca,"Dug Well",W18619,2018,'0,3.82,'0,'0
GA,"North Goa",Bicholim,Bardez,15.60944444,73.82638889,Mapuca,"Dug Well",W18619,2018,'0,'0,'0,3.6
GA,"North Goa",Bicholim,Bardez,15.62666667,73.87638889,Sirsaim,"Dug Well",W18623,2018,'0,3.01,'0,'0
GA,"North Goa",Bicholim,Bardez,15.62666667,73.87638889,Sirsaim,"Dug Well",W18623,2018,'0,'0,'0,3.75
GA,"North Goa",Bicholim,Bardez,15.52361111,73.83027778,"Alto Betim Porvorim","Dug Well",W18610,2018,'0,9.58,'0,'0
GA,"North Goa",Bicholim,Bardez,15.52361111,73.83027778,"Alto Betim Porvorim","Dug Well",W18610,2018,'0,'0,'0,10.69
GA,"North Goa",Bicholim,Bardez,15.54527778,73.75805556,Calangute,"Dug Well",W18614,2018,'0,6.66,'0,'0
GA,"North Goa",Bicholim,Bardez,15.54527778,73.75805556,Calangute,"Dug Well",W18614,2018,'0,'0,'0,8.68
GA,"North Goa",Bicholim,Bicholim,15.61361111,73.92638889,"Mulgaon Shivalkherwad","Dug Well",W18621,2018,'0,3.36,'0,'0
GA,"North Goa",Bicholim,Bicholim,15.61361111,73.92638889,"Mulgaon Shivalkherwad","Dug Well",W18621,2018,'0,'0,'0,3.1
GA,"North Goa",Pernem,Pernem,15.6375,73.73666667,Morji,"Dug Well",W18628,2018,'0,.94,'0,'0
GA,"North Goa",Pernem,Pernem,15.6375,73.73666667,Morji,"Dug Well",W18628,2018,'0,'0,'0,1.93
GA,"North Goa",Pernem,Pernem,15.68138889,73.75222222,Sawanthawada,"Dug Well",W24931,2018,'0,3.26,'0,'0
GA,"North Goa",Pernem,Pernem,15.68138889,73.75222222,Sawanthawada,"Dug Well",W24931,2018,'0,'0,'0,3.95
GA,"North Goa",Ponda,Ponda,15.30527778,74.04833333,Mankem,"Dug Well",W24859,2018,'0,3.57,'0,'0
GA,"North Goa",Ponda,Ponda,15.30527778,74.04833333,Mankem,"Dug Well",W24859,2018,'0,'0,'0,4.18
GA,"North Goa",Ponda,Ponda,15.35555556,74.00333333,Bori,"Dug Well",W24870,2018,'0,1.37,'0,'0
GA,"North Goa",Ponda,Ponda,15.35555556,74.00333333,Bori,"Dug Well",W24870,2018,'0,'0,'0,1.45
GA,"North Goa",Bardez,Bardez,15.62333333,73.7675,"Shivoli Brahmanwada","Dug Well",W24922,2018,'0,2.18,'0,'0
GA,"North Goa",Bardez,Bardez,15.62333333,73.7675,"Shivoli Brahmanwada","Dug Well",W24922,2018,'0,'0,'0,3.22
GA,"North Goa",Bardez,Bardez,15.64388889,73.83722222,Colval,"Dug Well",W24925,2018,'0,14.05,'0,'0
GA,"North Goa",Bardez,Bardez,15.64388889,73.83722222,Colval,"Dug Well",W24925,2018,'0,'0,'0,14.95
GA,"North Goa",Bardez,Bardez,15.66833333,73.88138889,Pirna,"Dug Well",W24928,2018,'0,2.62,'0,'0
GA,"North Goa",Bardez,Bardez,15.66833333,73.88138889,Pirna,"Dug Well",W24928,2018,'0,'0,'0,3.55
GA,"North Goa",Bardez,Bicholim,15.63972222,73.89583333,Adavapal,"Dug Well",W24924,2018,'0,5.55,'0,'0
GA,"North Goa",Bardez,Bicholim,15.63972222,73.89583333,Adavapal,"Dug Well",W24924,2018,'0,'0,'0,5.46
GA,"North Goa",Tiswadi,Tiswadi,15.48944444,73.87416667,"Gavalebhat Chimbel","Dug Well",W24898,2018,'0,5.3,'0,'0
GA,"North Goa",Tiswadi,Tiswadi,15.48944444,73.87416667,"Gavalebhat Chimbel","Dug Well",W24898,2018,'0,'0,'0,5.7
GA,"North Goa",Satari,Satari,15.48277778,74.13694444,Khotodem,"Dug Well",W24897,2018,'0,5.99,'0,'0
GA,"North Goa",Satari,Satari,15.48277778,74.13694444,Khotodem,"Dug Well",W24897,2018,'0,'0,'0,5.48
GA,"North Goa",Satari,Satari,15.53916667,74.08805556,Bhujpal,"Dug Well",W24906,2018,'0,3.13,'0,'0
GA,"North Goa",Satari,Satari,15.53916667,74.08805556,Bhujpal,"Dug Well",W24906,2018,'0,'0,'0,4.16
GA,"North Goa",Satari,Satari,15.56138889,74.16305556,Nagargoan,"Dug Well",W24909,2018,'0,5.81,'0,'0
GA,"North Goa",Satari,Satari,15.56138889,74.16305556,Nagargoan,"Dug Well",W24909,2018,'0,'0,'0,6.88
GA,"North Goa",Satari,Satari,15.58777778,74.19111111,"Bhamber Nanoda Cross","Dug Well",W24915,2018,'0,4.6,'0,'0
GA,"North Goa",Satari,Satari,15.58777778,74.19111111,"Bhamber Nanoda Cross","Dug Well",W24915,2018,'0,'0,'0,4.82
GA,"North Goa",Bardez,Bardez,15.51666667,73.83916667,Britona,"Dug Well",W24904,2018,'0,1.89,'0,'0
GA,"North Goa",Bardez,Bardez,15.51666667,73.83916667,Britona,"Dug Well",W24904,2018,'0,'0,'0,1.91
GA,"North Goa",Bardez,Bardez,15.56944444,73.86333333,Olaulim,"Dug Well",W24910,2018,'0,6.6,'0,'0
GA,"North Goa",Bardez,Bardez,15.56944444,73.86333333,Olaulim,"Dug Well",W24910,2017,'0,9.4,'0,3.1
GA,"North Goa",Bardez,Bardez,15.57277778,73.7925,Parra,"Dug Well",W24912,2017,.47,1.5,'0,1.6
GA,"North Goa",Bardez,Bardez,15.57277778,73.7925,Parra,"Dug Well",W24912,2017,'0,'0,1.17,'0
GA,"North Goa",Bardez,Bardez,15.58416667,73.73805556,"Anjuna Beach","Dug Well",W24914,2017,6.22,11.83,'0,9.45
GA,"North Goa",Bardez,Bardez,15.58416667,73.73805556,"Anjuna Beach","Dug Well",W24914,2017,'0,'0,9.33,'0
GA,"North Goa",Satari,Satari,15.62777778,74.13055556,Charayode,"Dug Well",W31095,2017,.98,3.08,'0,3.28
GA,"North Goa",Satari,Satari,15.62777778,74.13055556,Charayode,"Dug Well",W31095,2017,'0,'0,2.08,'0
GA,"North Goa",Pernem,Pernem,15.70805556,73.75138889,Korgaon1,"Dug Well",W18627,2017,3.29,2.25,'0,3.9
GA,"North Goa",Pernem,Pernem,15.70805556,73.75138889,Korgaon1,"Dug Well",W18627,2017,'0,'0,3.7,'0
GA,"North Goa",Pernem,Pernem,15.70861111,73.855,Nagjhar,"Dug Well",W18629,2017,6.82,7.2,'0,7.53
GA,"North Goa",Pernem,Pernem,15.70861111,73.855,Nagjhar,"Dug Well",W18629,2017,'0,'0,7.63,'0
GA,"North Goa",Pernem,Pernem,15.7175,73.79888889,Pernem,"Dug Well",W18630,2017,3.62,3.74,'0,2.42
GA,"North Goa",Pernem,Pernem,15.7175,73.79888889,Pernem,"Dug Well",W18630,2017,'0,'0,3.63,'0
GA,"North Goa",Pernem,Pernem,15.75222222,73.83888889,Uguem(ugawe),"Dug Well",W18631,2017,2.2,3.05,'0,3.02
GA,"North Goa",Pernem,Pernem,15.75222222,73.83888889,Uguem(ugawe),"Dug Well",W18631,2017,'0,'0,3.32,'0
GA,"North Goa",Ponda,Ponda,15.32,74.03555556,Shiroda,"Dug Well",W18633,2017,4.45,6.12,'0,3.85
GA,"North Goa",Ponda,Ponda,15.32,74.03555556,Shiroda,"Dug Well",W18633,2017,'0,'0,6.05,'0
GA,"North Goa",Bicholim,Tiswadi,15.49972222,73.91666667,"Velha Goa","Bore Well",W18626,2017,.53,1.48,'0,1.1
GA,"North Goa",Bicholim,Tiswadi,15.49972222,73.91666667,"Velha Goa","Bore Well",W18626,2017,'0,'0,1.09,'0
GA,"North Goa",Bicholim,Satari,15.59305556,74.04638889,Morlem,"Dug Well",W18620,2017,2.63,6.5,'0,3.29
GA,"North Goa",Bicholim,Satari,15.59305556,74.04638889,Morlem,"Dug Well",W18620,2017,'0,'0,4,'0
GA,"North Goa",Bicholim,Bicholim,15.68638889,73.92722222,Sal,"Dug Well",W18622,2017,1.41,2.91,'0,2.63
GA,"North Goa",Bicholim,Bicholim,15.68638889,73.92722222,Sal,"Dug Well",W18622,2017,'0,'0,2.91,'0
GA,"North Goa",Bicholim,Tiswadi,15.45805556,73.80416667,Karanjhalen,"Dug Well",W18617,2017,1.22,2.6,'0,2.8
GA,"North Goa",Bicholim,Tiswadi,15.45805556,73.80416667,Karanjhalen,"Dug Well",W18617,2017,'0,'0,2.1,'0
GA,"North Goa",Bicholim,Satari,15.61,74.06666667,Bayalwadikeri(querim),"Dug Well",W18611,2017,'0,1.76,'0,1.58
GA,"North Goa",Bicholim,Satari,15.61,74.06666667,Bayalwadikeri(querim),"Dug Well",W18611,2017,'0,'0,2.66,'0
GA,"North Goa",Bicholim,Satari,15.48444444,74.14055556,Khadki(harijanwada),"Dug Well",W18618,2017,'0,7.67,'0,6.89
GA,"North Goa",Bicholim,Satari,15.48444444,74.14055556,Khadki(harijanwada),"Dug Well",W18618,2017,'0,'0,7.25,'0
GA,"North Goa",Bicholim,Satari,15.53194444,74.13833333,Valpoi,"Dug Well",W18625,2017,1.62,5.3,'0,3.6
GA,"North Goa",Bicholim,Satari,15.53194444,74.13833333,Valpoi,"Dug Well",W18625,2017,'0,'0,4.6,'0
GA,"North Goa",Bicholim,Satari,15.54666667,74.05055556,Honda,"Dug Well",W18616,2017,1.6,3.36,'0,2.4
GA,"North Goa",Bicholim,Satari,15.54666667,74.05055556,Honda,"Dug Well",W18616,2017,'0,'0,3.47,'0
GA,"North Goa",Bicholim,Bardez,15.60944444,73.82638889,Mapuca,"Dug Well",W18619,2017,1.65,3.6,'0,1.53
GA,"North Goa",Bicholim,Bardez,15.60944444,73.82638889,Mapuca,"Dug Well",W18619,2017,'0,'0,3.5,'0
GA,"North Goa",Bicholim,Bardez,15.62666667,73.87638889,Sirsaim,"Dug Well",W18623,2017,1.65,'0,'0,3.05
GA,"North Goa",Bicholim,Bardez,15.62666667,73.87638889,Sirsaim,"Dug Well",W18623,2017,'0,'0,4.05,'0
GA,"North Goa",Bicholim,Bardez,15.52361111,73.83027778,"Alto Betim Porvorim","Dug Well",W18610,2017,'0,'0,'0,5.61
GA,"North Goa",Bicholim,Bardez,15.52361111,73.83027778,"Alto Betim Porvorim","Dug Well",W18610,2017,'0,'0,6.33,'0
GA,"North Goa",Bicholim,Bardez,15.54527778,73.75805556,Calangute,"Dug Well",W18614,2017,4.54,6.35,'0,8.18
GA,"North Goa",Bicholim,Bardez,15.54527778,73.75805556,Calangute,"Dug Well",W18614,2017,'0,'0,5.26,'0
GA,"North Goa",Bicholim,Bicholim,15.61361111,73.92638889,"Mulgaon Shivalkherwad","Dug Well",W18621,2017,'0,'0,'0,2.62
GA,"North Goa",Bicholim,Bicholim,15.61361111,73.92638889,"Mulgaon Shivalkherwad","Dug Well",W18621,2017,'0,'0,2.93,'0
GA,"North Goa",Pernem,Pernem,15.6375,73.73666667,Morji,"Dug Well",W18628,2017,.63,1.04,'0,'0
GA,"North Goa",Pernem,Pernem,15.6375,73.73666667,Morji,"Dug Well",W18628,2017,'0,'0,.73,'0
GA,"North Goa",Pernem,Pernem,15.68138889,73.75222222,Sawanthawada,"Dug Well",W24931,2017,'0,3.27,'0,2.38
GA,"North Goa",Pernem,Pernem,15.68138889,73.75222222,Sawanthawada,"Dug Well",W24931,2017,'0,'0,2.13,'0
GA,"North Goa",Ponda,Ponda,15.30527778,74.04833333,Mankem,"Dug Well",W24859,2017,1.34,3.65,'0,3.85
GA,"North Goa",Ponda,Ponda,15.35555556,74.00333333,Bori,"Dug Well",W24870,2017,.8,1.22,'0,1.68
GA,"North Goa",Ponda,Ponda,15.35555556,74.00333333,Bori,"Dug Well",W24870,2017,'0,'0,1.3,'0
GA,"North Goa",Bardez,Bardez,15.62333333,73.7675,"Shivoli Brahmanwada","Dug Well",W24922,2017,'0,2.18,'0,3.1
GA,"North Goa",Bardez,Bardez,15.62333333,73.7675,"Shivoli Brahmanwada","Dug Well",W24922,2017,'0,'0,1.22,'0
GA,"North Goa",Bardez,Bardez,15.64388889,73.83722222,Colval,"Dug Well",W24925,2017,'0,14.15,'0,13.07
GA,"North Goa",Bardez,Bardez,15.64388889,73.83722222,Colval,"Dug Well",W24925,2017,'0,'0,12.85,'0
GA,"North Goa",Bardez,Bardez,15.66833333,73.88138889,Pirna,"Dug Well",W24928,2017,1.38,2.85,'0,1.96
GA,"North Goa",Bardez,Bardez,15.66833333,73.88138889,Pirna,"Dug Well",W24928,2017,'0,'0,1.91,'0
GA,"North Goa",Bardez,Bicholim,15.63972222,73.89583333,Adavapal,"Dug Well",W24924,2017,4.29,5.39,'0,5.99
GA,"North Goa",Bardez,Bicholim,15.63972222,73.89583333,Adavapal,"Dug Well",W24924,2017,'0,'0,3.39,'0
GA,"North Goa",Tiswadi,Tiswadi,15.48944444,73.87416667,"Gavalebhat Chimbel","Dug Well",W24898,2017,'0,1.4,'0,5.02
GA,"North Goa",Ponda,Ponda,15.30527778,74.04833333,Mankem,"Dug Well",W24859,2017,'0,'0,3.45,'0
GA,"North Goa",Tiswadi,Tiswadi,15.48944444,73.87416667,"Gavalebhat Chimbel","Dug Well",W24898,2017,'0,'0,1.42,'0
GA,"North Goa",Satari,Satari,15.48277778,74.13694444,Khotodem,"Dug Well",W24897,2017,2.19,6.33,'0,4.29
GA,"North Goa",Satari,Satari,15.48277778,74.13694444,Khotodem,"Dug Well",W24897,2017,'0,'0,5.87,'0
GA,"North Goa",Satari,Satari,15.53916667,74.08805556,Bhujpal,"Dug Well",W24906,2017,.85,3.36,'0,2.54
GA,"North Goa",Satari,Satari,15.53916667,74.08805556,Bhujpal,"Dug Well",W24906,2017,'0,'0,1.26,'0
GA,"North Goa",Satari,Satari,15.56138889,74.16305556,Nagargoan,"Dug Well",W24909,2017,.6,5.86,'0,5.8
GA,"North Goa",Satari,Satari,15.56138889,74.16305556,Nagargoan,"Dug Well",W24909,2017,'0,'0,3.73,'0
GA,"North Goa",Satari,Satari,15.58777778,74.19111111,"Bhamber Nanoda Cross","Dug Well",W24915,2017,2.75,4.79,'0,4.58
GA,"North Goa",Satari,Satari,15.58777778,74.19111111,"Bhamber Nanoda Cross","Dug Well",W24915,2017,'0,'0,4.46,'0
GA,"North Goa",Bardez,Bardez,15.51666667,73.83916667,Britona,"Dug Well",W24904,2017,1.35,1.94,'0,1.75
GA,"North Goa",Bardez,Bardez,15.51666667,73.83916667,Britona,"Dug Well",W24904,2017,'0,'0,1.75,'0
GA,"North Goa",Pernem,Pernem,15.70805556,73.75138889,Korgaon1,"Dug Well",W18627,2016,3.52,'0,3.98,4.94
GA,"North Goa",Satari,Satari,15.62777778,74.13055556,Charayode,"Dug Well",W31095,2016,.58,5.78,1.88,6.24
GA,"North Goa",Pernem,Pernem,15.7175,73.79888889,Pernem,"Dug Well",W18630,2016,3.32,'0,3.54,'0
GA,"North Goa",Pernem,Pernem,15.75222222,73.83888889,Uguem(ugawe),"Dug Well",W18631,2016,2.8,'0,3.6,3.3
GA,"North Goa",Ponda,Ponda,15.32,74.03555556,Shiroda,"Dug Well",W18633,2016,5.47,'0,6.36,8.9
GA,"North Goa",Bicholim,Tiswadi,15.49972222,73.91666667,"Velha Goa","Bore Well",W18626,2016,.62,'0,.94,2.08
GA,"North Goa",Bicholim,Satari,15.59305556,74.04638889,Morlem,"Dug Well",W18620,2016,3.17,'0,3.8,3.59
GA,"North Goa",Bicholim,Bicholim,15.68638889,73.92722222,Sal,"Dug Well",W18622,2016,2.08,'0,2.71,2.86
GA,"North Goa",Bicholim,Tiswadi,15.45805556,73.80416667,Karanjhalen,"Dug Well",W18617,2016,1.68,'0,'0,3.35
GA,"North Goa",Bicholim,Satari,15.61,74.06666667,Bayalwadikeri(querim),"Dug Well",W18611,2016,1.7,'0,3.19,2.56
GA,"North Goa",Bicholim,Satari,15.48444444,74.14055556,Khadki(harijanwada),"Dug Well",W18618,2016,2.91,'0,7.24,8.76
GA,"North Goa",Bicholim,Satari,15.53194444,74.13833333,Valpoi,"Dug Well",W18625,2016,3.05,'0,1.96,5.47
GA,"North Goa",Bicholim,Satari,15.54666667,74.05055556,Honda,"Dug Well",W18616,2016,2.15,'0,2.53,4.42
GA,"North Goa",Bicholim,Bardez,15.60944444,73.82638889,Mapuca,"Dug Well",W18619,2016,2.15,'0,3.45,3.88
GA,"North Goa",Bicholim,Bardez,15.62666667,73.87638889,Sirsaim,"Dug Well",W18623,2016,1.93,'0,3.12,4.27
GA,"North Goa",Bicholim,Bardez,15.52361111,73.83027778,"Alto Betim Porvorim","Dug Well",W18610,2016,'0,'0,5.85,6.73
GA,"North Goa",Bicholim,Bardez,15.54527778,73.75805556,Calangute,"Dug Well",W18614,2016,3.57,'0,3.77,8.15
GA,"North Goa",Bicholim,Bicholim,15.58333333,73.96111111,Bicholim(pz),"Bore Well",W18613,2016,'0,'0,'0,15.75
GA,"North Goa",Bicholim,Bicholim,15.61361111,73.92638889,"Mulgaon Shivalkherwad","Dug Well",W18621,2016,2.36,'0,2.95,2.89
GA,"North Goa",Pernem,Pernem,15.6375,73.73666667,Morji,"Dug Well",W18628,2016,.17,'0,.83,2.33
GA,"North Goa",Pernem,Pernem,15.68138889,73.75222222,Sawanthawada,"Dug Well",W24931,2016,'0,3.38,4.3,3.01
GA,"North Goa",Ponda,Ponda,15.30527778,74.04833333,Mankem,"Dug Well",W24859,2016,2.98,3.75,3.67,4.05
GA,"North Goa",Ponda,Ponda,15.35555556,74.00333333,Bori,"Dug Well",W24870,2016,1.24,1.08,1.37,'0
GA,"North Goa",Bardez,Bardez,15.62333333,73.7675,"Shivoli Brahmanwada","Dug Well",W24922,2016,.51,2.35,1.36,3.42
GA,"North Goa",Bardez,Bardez,15.64388889,73.83722222,Colval,"Dug Well",W24925,2016,9.65,14.1,10.07,13.1
GA,"North Goa",Bardez,Bardez,15.66833333,73.88138889,Pirna,"Dug Well",W24928,2016,1.45,3,1.9,3.19
GA,"North Goa",Bardez,Bicholim,15.63972222,73.89583333,Adavapal,"Dug Well",W24924,2016,4.51,5.57,5.46,5.78
GA,"North Goa",Tiswadi,Tiswadi,15.48944444,73.87416667,"Gavalebhat Chimbel","Dug Well",W24898,2016,1.01,1.47,1.32,5.94
GA,"North Goa",Satari,Satari,15.48277778,74.13694444,Khotodem,"Dug Well",W24897,2016,4.59,6.19,5.91,6.73
GA,"North Goa",Satari,Satari,15.53916667,74.08805556,Bhujpal,"Dug Well",W24906,2016,1.1,3.03,1.44,5.38
GA,"North Goa",Satari,Satari,15.56138889,74.16305556,Nagargoan,"Dug Well",W24909,2016,.82,3.08,3.85,7.29
GA,"North Goa",Satari,Satari,15.58777778,74.19111111,"Bhamber Nanoda Cross","Dug Well",W24915,2016,2.83,4.73,4.25,5.82
GA,"North Goa",Bardez,Bardez,15.51666667,73.83916667,Britona,"Dug Well",W24904,2016,1.71,3.15,1.77,2.1
GA,"North Goa",Bardez,Bardez,15.56944444,73.86333333,Olaulim,"Dug Well",W24910,2016,1.48,1.9,1.56,7.36
GA,"North Goa",Bardez,Bardez,15.57277778,73.7925,Parra,"Dug Well",W24912,2016,.82,1.78,1.26,2.43
GA,"North Goa",Bardez,Bardez,15.58416667,73.73805556,"Anjuna Beach","Dug Well",W24914,2016,7.13,10.81,7.94,'0
GA,"North Goa",Pernem,Pernem,15.70861111,73.855,Nagjhar,"Dug Well",W18629,2016,7.21,'0,7.73,7.63
GA,"North Goa",Pernem,Pernem,15.70805556,73.75138889,Korgaon1,"Dug Well",W18627,2015,'0,4.36,3.79,4.96
GA,"North Goa",Pernem,Pernem,15.70861111,73.855,Nagjhar,"Dug Well",W18629,2015,7.48,7.29,7.74,7.61
GA,"North Goa",Pernem,Pernem,15.7175,73.79888889,Pernem,"Dug Well",W18630,2015,3.34,3.42,'0,3.64
GA,"North Goa",Ponda,Ponda,15.2825,74.09583333,Panchawadi(pz),"Bore Well",W20284,2015,'0,6.36,'0,6.75
GA,"North Goa",Pernem,Pernem,15.75222222,73.83888889,Uguem(ugawe),"Dug Well",W18631,2015,3.34,3.13,3.29,3.35
GA,"North Goa",Ponda,Ponda,15.32,74.03555556,Shiroda,"Dug Well",W18633,2015,5.3,6.5,6.23,4.67
GA,"North Goa",Bicholim,Tiswadi,15.49972222,73.91666667,"Velha Goa","Bore Well",W18626,2015,1.68,'0,1.28,1.83
GA,"North Goa",Bicholim,Satari,15.59305556,74.04638889,Morlem,"Dug Well",W18620,2015,3.43,2.98,4.1,3.79
GA,"North Goa",Bicholim,Tiswadi,15.44138889,73.87972222,"Goa Velha","Dug Well",W18615,2015,'0,1.11,'0,'0
GA,"North Goa",Bicholim,Bicholim,15.68638889,73.92722222,Sal,"Dug Well",W18622,2015,2.25,2.72,2.41,3.17
GA,"North Goa",Bicholim,Tiswadi,15.45805556,73.80416667,Karanjhalen,"Dug Well",W18617,2015,1.74,2.52,1.56,2.82
GA,"North Goa",Bicholim,Satari,15.61,74.06666667,Bayalwadikeri(querim),"Dug Well",W18611,2015,1.56,1.93,3.49,2.34
GA,"North Goa",Bicholim,Satari,15.48444444,74.14055556,Khadki(harijanwada),"Dug Well",W18618,2015,5.24,7.7,7.29,9.95
GA,"North Goa",Bicholim,Satari,15.53194444,74.13833333,Valpoi,"Dug Well",W18625,2015,4.02,5.22,5,5.33
GA,"North Goa",Bicholim,Satari,15.54666667,74.05055556,Honda,"Dug Well",W18616,2015,2.3,2.63,2.5,4.27
GA,"North Goa",Bicholim,Bardez,15.60944444,73.82638889,Mapuca,"Dug Well",W18619,2015,3,3.85,3.14,3.87
GA,"North Goa",Bicholim,Bardez,15.62666667,73.87638889,Sirsaim,"Dug Well",W18623,2015,2.18,3.55,2.49,4.43
GA,"North Goa",Bicholim,Bardez,15.52361111,73.83027778,"Alto Betim Porvorim","Dug Well",W18610,2015,5.99,5.45,5.05,6.16
GA,"North Goa",Bicholim,Bardez,15.54527778,73.75805556,Calangute,"Dug Well",W18614,2015,4.2,6,5.27,7.68
GA,"North Goa",Bicholim,Bicholim,15.58333333,73.96111111,Bicholim(pz),"Bore Well",W18613,2015,10.44,14.37,8.04,15.77
GA,"North Goa",Bicholim,Bicholim,15.61361111,73.92638889,"Mulgaon Shivalkherwad","Dug Well",W18621,2015,2.53,3.48,2.8,3.13
GA,"North Goa",Bicholim,Bicholim,15.50722222,74.04638889,Surla(pz),"Bore Well",W18624,2015,14.26,'0,'0,19.39
GA,"North Goa",Pernem,Pernem,15.6375,73.73666667,Morji,"Dug Well",W18628,2015,.13,.38,.35,1.72
GA,"North Goa",Pernem,Pernem,15.68138889,73.75222222,Sawanthawada,"Dug Well",W24931,2015,1.03,'0,2.35,'0
GA,"North Goa",Ponda,Ponda,15.30527778,74.04833333,Mankem,"Dug Well",W24859,2015,2.67,'0,3.64,'0
GA,"North Goa",Ponda,Ponda,15.35555556,74.00333333,Bori,"Dug Well",W24870,2015,.98,'0,1.38,'0
GA,"North Goa",Bardez,Bardez,15.62333333,73.7675,"Shivoli Brahmanwada","Dug Well",W24922,2015,.88,'0,1.48,'0
GA,"North Goa",Bardez,Bardez,15.64388889,73.83722222,Colval,"Dug Well",W24925,2015,9.53,'0,10.09,'0
GA,"North Goa",Bardez,Bardez,15.66833333,73.88138889,Pirna,"Dug Well",W24928,2015,1.5,'0,1.91,'0
GA,"North Goa",Bardez,Bicholim,15.63972222,73.89583333,Adavapal,"Dug Well",W24924,2015,5.1,'0,5.51,'0
GA,"North Goa",Tiswadi,Tiswadi,15.48944444,73.87416667,"Gavalebhat Chimbel","Dug Well",W24898,2015,1.18,'0,1.42,'0
GA,"North Goa",Satari,Satari,15.48277778,74.13694444,Khotodem,"Dug Well",W24897,2015,4.73,'0,5.99,'0
GA,"North Goa",Satari,Satari,15.53916667,74.08805556,Bhujpal,"Dug Well",W24906,2015,1.16,'0,1.36,'0
GA,"North Goa",Satari,Satari,15.56138889,74.16305556,Nagargoan,"Dug Well",W24909,2015,1.5,'0,'0,'0
GA,"North Goa",Satari,Satari,15.58777778,74.19111111,"Bhamber Nanoda Cross","Dug Well",W24915,2015,3.45,'0,4.41,'0
GA,"North Goa",Bardez,Bardez,15.51666667,73.83916667,Britona,"Dug Well",W24904,2015,1.47,'0,1.93,'0
GA,"North Goa",Bardez,Bardez,15.56944444,73.86333333,Olaulim,"Dug Well",W24910,2015,1.44,'0,1.55,'0
GA,"North Goa",Bardez,Bardez,15.57277778,73.7925,Parra,"Dug Well",W24912,2015,1.04,'0,1.25,'0
GA,"North Goa",Bardez,Bardez,15.58416667,73.73805556,"Anjuna Beach","Dug Well",W24914,2015,7.48,'0,10.5,'0
GA,"North Goa",Pernem,Pernem,15.70805556,73.75138889,Korgaon1,"Dug Well",W18627,2014,3.4,4.08,3.67,4.58
GA,"North Goa",Satari,Satari,15.62777778,74.13055556,Charayode,"Dug Well",W31095,2014,1.28,'0,'0,4.55
GA,"North Goa",Pernem,Pernem,15.7175,73.79888889,Pernem,"Dug Well",W18630,2014,4.66,6,3.14,5.77
GA,"North Goa",Ponda,Ponda,15.39083333,74.00027778,Ponda(pz),"Bore Well",W18632,2014,1.96,3.05,1.89,3.43
GA,"North Goa",Ponda,Ponda,15.2825,74.09583333,Panchawadi(pz),"Bore Well",W20284,2014,3.17,4.48,5.95,5.51
GA,"North Goa",Pernem,Pernem,15.75222222,73.83888889,Uguem(ugawe),"Dug Well",W18631,2014,2.55,3.12,3.02,3.06
GA,"North Goa",Ponda,Ponda,15.32,74.03555556,Shiroda,"Dug Well",W18633,2014,5.2,6.59,5.95,6.73
GA,"North Goa",Bicholim,Tiswadi,15.49972222,73.91666667,"Velha Goa","Bore Well",W18626,2014,.61,1.28,'0,'0
GA,"North Goa",Bicholim,Satari,15.59305556,74.04638889,Morlem,"Dug Well",W18620,2014,2.64,3.3,3.7,2.83
GA,"North Goa",Bicholim,Tiswadi,15.44138889,73.87972222,"Goa Velha","Dug Well",W18615,2014,'0,'0,.86,'0
GA,"North Goa",Bicholim,Bicholim,15.68638889,73.92722222,Sal,"Dug Well",W18622,2014,1.86,2.75,1.72,2.82
GA,"North Goa",Bicholim,Tiswadi,15.45805556,73.80416667,Karanjhalen,"Dug Well",W18617,2014,1.13,2.28,1.62,2.53
GA,"North Goa",Bicholim,Satari,15.61,74.06666667,Bayalwadikeri(querim),"Dug Well",W18611,2014,3.21,3.9,2.33,4.29
GA,"North Goa",Bicholim,Satari,15.48444444,74.14055556,Khadki(harijanwada),"Dug Well",W18618,2014,4.32,7.83,5.74,10.77
GA,"North Goa",Bicholim,Satari,15.53194444,74.13833333,Valpoi,"Dug Well",W18625,2014,3,5.4,3.53,5.46
GA,"North Goa",Bicholim,Satari,15.54666667,74.05055556,Honda,"Dug Well",W18616,2014,2.24,2.71,2.18,3.65
GA,"North Goa",Bicholim,Bardez,15.60944444,73.82638889,Mapuca,"Dug Well",W18619,2014,1.11,2.09,3.19,1.25
GA,"North Goa",Bicholim,Bardez,15.62666667,73.87638889,Sirsaim,"Dug Well",W18623,2014,2.07,3.5,2.52,3.79
GA,"North Goa",Bicholim,Bardez,15.52361111,73.83027778,"Alto Betim Porvorim","Dug Well",W18610,2014,3.57,5.73,4.6,3.63
GA,"North Goa",Bicholim,Bardez,15.54527778,73.75805556,Calangute,"Dug Well",W18614,2014,4.48,6.32,4.08,7.95
GA,"North Goa",Bicholim,Bicholim,15.58333333,73.96111111,Bicholim(pz),"Bore Well",W18613,2014,13.41,15.18,13.47,15.57
GA,"North Goa",Bicholim,Bicholim,15.61361111,73.92638889,"Mulgaon Shivalkherwad","Dug Well",W18621,2014,.21,1.91,2.22,.8
GA,"North Goa",Bicholim,Bicholim,15.50722222,74.04638889,Surla(pz),"Bore Well",W18624,2014,16.65,18.45,16.56,18.72
GA,"North Goa",Pernem,Pernem,15.6375,73.73666667,Morji,"Dug Well",W18628,2014,.08,.67,.13,1.8
GA,"North Goa",Pernem,Pernem,15.68138889,73.75222222,Sawanthawada,"Dug Well",W24931,2014,1.58,'0,'0,'0
GA,"North Goa",Bicholim,Satari,15.63194444,74.14638889,"Hivre Budruk","Dug Well",W21007,2014,1.67,4.39,'0,5.35
GA,"North Goa",Ponda,Ponda,15.30527778,74.04833333,Mankem,"Dug Well",W24859,2014,2.57,'0,'0,3.95
GA,"North Goa",Ponda,Ponda,15.35555556,74.00333333,Bori,"Dug Well",W24870,2014,2.64,'0,'0,3.6
GA,"North Goa",Bardez,Bardez,15.62333333,73.7675,"Shivoli Brahmanwada","Dug Well",W24922,2014,'0,'0,'0,3.4
GA,"North Goa",Bardez,Bardez,15.64388889,73.83722222,Colval,"Dug Well",W24925,2014,10.37,'0,'0,14.91
GA,"North Goa",Bardez,Bardez,15.66833333,73.88138889,Pirna,"Dug Well",W24928,2014,2.91,'0,'0,4.95
GA,"North Goa",Bardez,Bicholim,15.63972222,73.89583333,Adavapal,"Dug Well",W24924,2014,4.41,'0,'0,5.64
GA,"North Goa",Tiswadi,Tiswadi,15.48944444,73.87416667,"Gavalebhat Chimbel","Dug Well",W24898,2014,4.3,'0,'0,5.3
GA,"North Goa",Satari,Satari,15.48277778,74.13694444,Khotodem,"Dug Well",W24897,2014,5.03,'0,'0,6.07
GA,"North Goa",Satari,Satari,15.53916667,74.08805556,Bhujpal,"Dug Well",W24906,2014,1.08,'0,'0,5.46
GA,"North Goa",Satari,Satari,15.56138889,74.16305556,Nagargoan,"Dug Well",W24909,2014,.75,'0,'0,7.28
GA,"North Goa",Satari,Satari,15.58777778,74.19111111,"Bhamber Nanoda Cross","Dug Well",W24915,2014,2.62,'0,'0,5.85
GA,"North Goa",Bardez,Bardez,15.51666667,73.83916667,Britona,"Dug Well",W24904,2014,1.41,'0,'0,1.88
GA,"North Goa",Bardez,Bardez,15.56944444,73.86333333,Olaulim,"Dug Well",W24910,2014,4.73,'0,'0,6.88
GA,"North Goa",Bardez,Bardez,15.57277778,73.7925,Parra,"Dug Well",W24912,2014,.62,'0,'0,2.17
GA,"North Goa",Bardez,Bardez,15.58416667,73.73805556,"Anjuna Beach","Dug Well",W24914,2014,'0,'0,'0,11.53
GA,"North Goa",Pernem,Pernem,15.70861111,73.855,Nagjhar,"Dug Well",W18629,2014,7.34,8.31,7.43,7.8
GA,"North Goa",Pernem,Pernem,15.70805556,73.75138889,Korgaon1,"Dug Well",W18627,2013,3.25,4.13,3.88,4.85
GA,"North Goa",Tiswadi,Tiswadi,15.46138889,73.89805556,"Gauli Mola","Dug Well",W31089,2013,'0,'0,'0,3.3
GA,"North Goa",Pernem,Pernem,15.7175,73.79888889,Pernem,"Dug Well",W18630,2013,3.02,3.23,3.19,6.22
GA,"North Goa",Ponda,Ponda,15.39083333,74.00027778,Ponda(pz),"Bore Well",W18632,2013,'0,3.18,'0,3.75
GA,"North Goa",Ponda,Ponda,15.2825,74.09583333,Panchawadi(pz),"Bore Well",W20284,2013,2.65,6.3,6.51,'0
GA,"North Goa",Pernem,Pernem,15.75222222,73.83888889,Uguem(ugawe),"Dug Well",W18631,2013,2.5,3.15,3.35,3.8
GA,"North Goa",Ponda,Ponda,15.32,74.03555556,Shiroda,"Dug Well",W18633,2013,4.85,6.57,6.05,7.05
GA,"North Goa",Bicholim,Tiswadi,15.49972222,73.91666667,"Velha Goa","Bore Well",W18626,2013,.48,1.15,.89,1.68
GA,"North Goa",Bicholim,Satari,15.59305556,74.04638889,Morlem,"Dug Well",W18620,2013,2.1,3.27,4.1,3.9
GA,"North Goa",Bicholim,Tiswadi,15.44138889,73.87972222,"Goa Velha","Dug Well",W18615,2013,1.14,1.09,'0,3.16
GA,"North Goa",Bicholim,Bicholim,15.68638889,73.92722222,Sal,"Dug Well",W18622,2013,.96,2.86,2.7,3.31
GA,"North Goa",Bicholim,Tiswadi,15.45805556,73.80416667,Karanjhalen,"Dug Well",W18617,2013,'0,2.83,'0,3.3
GA,"North Goa",Bicholim,Satari,15.61,74.06666667,Bayalwadikeri(querim),"Dug Well",W18611,2013,1.56,2.01,5.51,4.03
GA,"North Goa",Bicholim,Satari,15.48444444,74.14055556,Khadki(harijanwada),"Dug Well",W18618,2013,3.14,7.88,7.16,11.24
GA,"North Goa",Bicholim,Satari,15.53194444,74.13833333,Valpoi,"Dug Well",W18625,2013,.9,5.14,4.68,5.25
GA,"North Goa",Bicholim,Satari,15.54666667,74.05055556,Honda,"Dug Well",W18616,2013,.9,3.32,2.39,3.75
GA,"North Goa",Bicholim,Bardez,15.60944444,73.82638889,Mapuca,"Dug Well",W18619,2013,.45,3.87,1.41,4.25
GA,"North Goa",Bicholim,Bardez,15.62666667,73.87638889,Sirsaim,"Dug Well",W18623,2013,1.15,3.81,1.87,12.55
GA,"North Goa",Bicholim,Bardez,15.52361111,73.83027778,"Alto Betim Porvorim","Dug Well",W18610,2013,2.43,5.23,5.85,5.93
GA,"North Goa",Bicholim,Bardez,15.54527778,73.75805556,Calangute,"Dug Well",W18614,2013,3.1,6.15,3.05,7.5
GA,"North Goa",Bicholim,Bicholim,15.58333333,73.96111111,Bicholim(pz),"Bore Well",W18613,2013,'0,14.6,'0,'0
GA,"North Goa",Bicholim,Bicholim,15.61361111,73.92638889,"Mulgaon Shivalkherwad","Dug Well",W18621,2013,.93,4.12,2.98,2.93
GA,"North Goa",Bicholim,Bicholim,15.50722222,74.04638889,Surla(pz),"Bore Well",W18624,2013,16.15,18.55,14.98,18.86
GA,"North Goa",Pernem,Pernem,15.6375,73.73666667,Morji,"Dug Well",W18628,2013,.03,.78,.27,1.93
GA,"North Goa",Pernem,Pernem,15.68138889,73.75222222,Sawanthawada,"Dug Well",W24931,2013,2,'0,2.58,6
GA,"North Goa",Bicholim,Satari,15.63194444,74.14638889,"Hivre Budruk","Dug Well",W21007,2013,'0,'0,'0,'0
GA,"North Goa",Ponda,Ponda,15.30527778,74.04833333,Mankem,"Dug Well",W24859,2013,2.2,'0,3.53,5.05
GA,"North Goa",Ponda,Ponda,15.35555556,74.00333333,Bori,"Dug Well",W24870,2013,3.7,'0,1.33,5.8
GA,"North Goa",Bardez,Bardez,15.62333333,73.7675,"Shivoli Brahmanwada","Dug Well",W24922,2013,.75,'0,1.53,4
GA,"North Goa",Bardez,Bardez,15.64388889,73.83722222,Colval,"Dug Well",W24925,2013,'0,'0,'0,16.3
GA,"North Goa",Bardez,Bardez,15.66833333,73.88138889,Pirna,"Dug Well",W24928,2013,'0,'0,'0,6.2
GA,"North Goa",Bardez,Bicholim,15.63972222,73.89583333,Adavapal,"Dug Well",W24924,2013,4.3,'0,4.09,6.4
GA,"North Goa",Tiswadi,Tiswadi,15.48944444,73.87416667,"Gavalebhat Chimbel","Dug Well",W24898,2013,3.8,'0,1.59,6.45
GA,"North Goa",Satari,Satari,15.48277778,74.13694444,Khotodem,"Dug Well",W24897,2013,1.8,'0,4.81,6.7
GA,"North Goa",Satari,Satari,15.53916667,74.08805556,Bhujpal,"Dug Well",W24906,2013,3.7,'0,1.33,5.8
GA,"North Goa",Satari,Satari,15.56138889,74.16305556,Nagargoan,"Dug Well",W24909,2013,1.1,'0,3.25,7.85
GA,"North Goa",Satari,Satari,15.58777778,74.19111111,"Bhamber Nanoda Cross","Dug Well",W24915,2013,3.5,'0,3.97,6.4
GA,"North Goa",Bardez,Bardez,15.51666667,73.83916667,Britona,"Dug Well",W24904,2013,'0,'0,'0,2.8
GA,"North Goa",Bardez,Bardez,15.56944444,73.86333333,Olaulim,"Dug Well",W24910,2013,'0,'0,'0,8.3
GA,"North Goa",Bardez,Bardez,15.57277778,73.7925,Parra,"Dug Well",W24912,2013,1.2,'0,.64,3.05
GA,"North Goa",Bardez,Bardez,15.58416667,73.73805556,"Anjuna Beach","Dug Well",W24914,2013,6.8,'0,7.61,12.1
GA,"North Goa",Satari,Satari,15.62777778,74.13055556,Charayode,"Dug Well",W31095,2013,1.6,'0,6.42,6.2
GA,"North Goa",Pernem,Pernem,15.70861111,73.855,Nagjhar,"Dug Well",W18629,2013,6.43,7.88,7.78,7.73
GA,"North Goa",Pernem,Pernem,15.70805556,73.75138889,Korgaon1,"Dug Well",W18627,2012,'0,4.09,2.53,4.95
GA,"North Goa",Pernem,Pernem,15.6375,73.73666667,Morji,"Dug Well",W18628,2012,'0,1.05,.21,2
GA,"North Goa",Pernem,Pernem,15.7175,73.79888889,Pernem,"Dug Well",W18630,2012,'0,3.41,3.05,3.77
GA,"North Goa",Ponda,Ponda,15.2825,74.09583333,Panchawadi(pz),"Bore Well",W20284,2012,'0,6.01,5.55,6.94
GA,"North Goa",Pernem,Pernem,15.75222222,73.83888889,Uguem(ugawe),"Dug Well",W18631,2012,'0,3.51,1.61,3.9
GA,"North Goa",Ponda,Ponda,15.32,74.03555556,Shiroda,"Dug Well",W18633,2012,'0,6.88,5.42,6.77
GA,"North Goa",Bicholim,Tiswadi,15.49972222,73.91666667,"Velha Goa","Bore Well",W18626,2012,'0,1.48,.56,1.73
GA,"North Goa",Bicholim,Satari,15.59305556,74.04638889,Morlem,"Dug Well",W18620,2012,'0,'0,3.68,3.32
GA,"North Goa",Bicholim,Tiswadi,15.44138889,73.87972222,"Goa Velha","Dug Well",W18615,2012,'0,1.16,2.17,1.64
GA,"North Goa",Bicholim,Bicholim,15.68638889,73.92722222,Sal,"Dug Well",W18622,2012,'0,2.9,3.17,3.21
GA,"North Goa",Bicholim,Tiswadi,15.45805556,73.80416667,Karanjhalen,"Dug Well",W18617,2012,'0,2.87,1.69,3.28
GA,"North Goa",Bicholim,Satari,15.61,74.06666667,Bayalwadikeri(querim),"Dug Well",W18611,2012,'0,2.69,4.86,2.44
GA,"North Goa",Bicholim,Satari,15.48444444,74.14055556,Khadki(harijanwada),"Dug Well",W18618,2012,'0,8.24,7.42,10.93
GA,"North Goa",Bicholim,Satari,15.53194444,74.13833333,Valpoi,"Dug Well",W18625,2012,'0,5.68,4.88,5.63
GA,"North Goa",Bicholim,Satari,15.54666667,74.05055556,Honda,"Dug Well",W18616,2012,'0,2.95,2.53,3.45
GA,"North Goa",Bicholim,Bardez,15.60944444,73.82638889,Mapuca,"Dug Well",W18619,2012,'0,3.89,1.5,4.29
GA,"North Goa",Bicholim,Bardez,15.62666667,73.87638889,Sirsaim,"Dug Well",W18623,2012,'0,3.67,1.78,3.57
GA,"North Goa",Bicholim,Bardez,15.52361111,73.83027778,"Alto Betim Porvorim","Dug Well",W18610,2012,'0,5.56,4.26,'0
GA,"North Goa",Bicholim,Bardez,15.54527778,73.75805556,Calangute,"Dug Well",W18614,2012,'0,6.58,4.59,8.26
GA,"North Goa",Bicholim,Bicholim,15.58333333,73.96111111,Bicholim(pz),"Bore Well",W18613,2012,'0,'0,'0,15.29
GA,"North Goa",Bicholim,Bicholim,15.61361111,73.92638889,"Mulgaon Shivalkherwad","Dug Well",W18621,2012,'0,4.3,3.89,2.66
GA,"North Goa",Bicholim,Bicholim,15.50722222,74.04638889,Surla(pz),"Bore Well",W18624,2012,'0,'0,14.52,18.87
GA,"North Goa",Pernem,Pernem,15.70861111,73.855,Nagjhar,"Dug Well",W18629,2012,'0,'0,7.76,9.43
GA,"North Goa",Pernem,Pernem,15.70805556,73.75138889,Korgaon1,"Dug Well",W18627,2011,1.47,2.25,3.86,5.13
GA,"North Goa",Pernem,Pernem,15.6375,73.73666667,Morji,"Dug Well",W18628,2011,'0,.63,.45,1.72
GA,"North Goa",Pernem,Pernem,15.7175,73.79888889,Pernem,"Dug Well",W18630,2011,2,3.24,3.24,3.6
GA,"North Goa",Ponda,Ponda,15.2825,74.09583333,Panchawadi(pz),"Bore Well",W20284,2011,3.92,6.6,6.66,7.4
GA,"North Goa",Pernem,Pernem,15.75222222,73.83888889,Uguem(ugawe),"Dug Well",W18631,2011,1.67,3.04,3.56,3.29
GA,"North Goa",Ponda,Ponda,15.32,74.03555556,Shiroda,"Dug Well",W18633,2011,4.08,6.33,6.33,6.37
GA,"North Goa",Bicholim,Tiswadi,15.49972222,73.91666667,"Velha Goa","Bore Well",W18626,2011,.41,1.18,.8,2.61
GA,"North Goa",Bicholim,Satari,15.59305556,74.04638889,Morlem,"Dug Well",W18620,2011,1.83,3.34,3.06,3.95
GA,"North Goa",Bicholim,Tiswadi,15.44138889,73.87972222,"Goa Velha","Dug Well",W18615,2011,.86,1.04,.9,1.21
GA,"North Goa",Bicholim,Bicholim,15.68638889,73.92722222,Sal,"Dug Well",W18622,2011,1.03,3.07,2.86,3.4
GA,"North Goa",Bicholim,Tiswadi,15.45805556,73.80416667,Karanjhalen,"Dug Well",W18617,2011,2.57,2.41,2.22,2.8
GA,"North Goa",Bicholim,Satari,15.61,74.06666667,Bayalwadikeri(querim),"Dug Well",W18611,2011,1.1,2.19,3.61,2.71
GA,"North Goa",Bicholim,Satari,15.48444444,74.14055556,Khadki(harijanwada),"Dug Well",W18618,2011,3.5,8.55,6.6,10.29
GA,"North Goa",Bicholim,Satari,15.53194444,74.13833333,Valpoi,"Dug Well",W18625,2011,2.38,6.22,5.14,7.03
GA,"North Goa",Bicholim,Satari,15.54666667,74.05055556,Honda,"Dug Well",W18616,2011,1.06,3.54,2.57,3.85
GA,"North Goa",Bicholim,Bardez,15.60944444,73.82638889,Mapuca,"Dug Well",W18619,2011,1.62,3.87,3.63,1.69
GA,"North Goa",Bicholim,Bardez,15.62666667,73.87638889,Sirsaim,"Dug Well",W18623,2011,1.26,3.28,3.26,3.51
GA,"North Goa",Bicholim,Bardez,15.52361111,73.83027778,"Alto Betim Porvorim","Dug Well",W18610,2011,3.12,4.94,5.34,5.39
GA,"North Goa",Bicholim,Bardez,15.54527778,73.75805556,Calangute,"Dug Well",W18614,2011,2.85,6.03,5.11,8.04
GA,"North Goa",Bicholim,Bicholim,15.58333333,73.96111111,Bicholim(pz),"Bore Well",W18613,2011,'0,17.06,'0,19.64
GA,"North Goa",Bicholim,Bicholim,15.61361111,73.92638889,"Mulgaon Shivalkherwad","Dug Well",W18621,2011,1.08,3.29,2.21,3.74
GA,"North Goa",Bicholim,Bicholim,15.50722222,74.04638889,Surla(pz),"Bore Well",W18624,2011,14.29,16.86,14.27,26.09
GA,"North Goa",Pernem,Pernem,15.70861111,73.855,Nagjhar,"Dug Well",W18629,2011,6.23,8.09,7.96,8.33
GA,"North Goa",Pernem,Pernem,15.70805556,73.75138889,Korgaon1,"Dug Well",W18627,2010,3.39,3.85,3.59,4.85
GA,"North Goa",Pernem,Pernem,15.6375,73.73666667,Morji,"Dug Well",W18628,2010,.34,.55,.51,1.98
GA,"North Goa",Pernem,Pernem,15.7175,73.79888889,Pernem,"Dug Well",W18630,2010,2.85,3.09,2.06,3.52
GA,"North Goa",Ponda,Ponda,15.39083333,74.00027778,Ponda(pz),"Bore Well",W18632,2010,'0,3.05,'0,3.5
GA,"North Goa",Ponda,Ponda,15.2825,74.09583333,Panchawadi(pz),"Bore Well",W20284,2010,4.62,'0,5.83,6.8
GA,"North Goa",Pernem,Pernem,15.75222222,73.83888889,Uguem(ugawe),"Dug Well",W18631,2010,2.49,'0,5.16,4
GA,"North Goa",Ponda,Ponda,15.32,74.03555556,Shiroda,"Dug Well",W18633,2010,5.06,6.35,5.76,6.85
GA,"North Goa",Bicholim,Tiswadi,15.49972222,73.91666667,"Velha Goa","Bore Well",W18626,2010,.73,1.83,1.24,6.58
GA,"North Goa",Bicholim,Satari,15.59305556,74.04638889,Morlem,"Dug Well",W18620,2010,3.1,3.13,3.8,3.3
GA,"North Goa",Bicholim,Tiswadi,15.44138889,73.87972222,"Goa Velha","Dug Well",W18615,2010,.16,1.97,.34,2.99
GA,"North Goa",Bicholim,Bicholim,15.68638889,73.92722222,Sal,"Dug Well",W18622,2010,1.9,3.18,2.12,2.81
GA,"North Goa",Bicholim,Tiswadi,15.45805556,73.80416667,Karanjhalen,"Dug Well",W18617,2010,1.56,2.41,1.8,3.4
GA,"North Goa",Bicholim,Satari,15.61,74.06666667,Bayalwadikeri(querim),"Dug Well",W18611,2010,1.93,4.19,1.82,3.51
GA,"North Goa",Bicholim,Satari,15.48444444,74.14055556,Khadki(harijanwada),"Dug Well",W18618,2010,4.4,2.54,5.45,11.39
GA,"North Goa",Bicholim,Satari,15.53194444,74.13833333,Valpoi,"Dug Well",W18625,2010,3.47,5.75,3.82,'0
GA,"North Goa",Bicholim,Satari,15.54666667,74.05055556,Honda,"Dug Well",W18616,2010,2.05,2.56,2.01,3.59
GA,"North Goa",Bicholim,Bardez,15.60944444,73.82638889,Mapuca,"Dug Well",W18619,2010,2.37,2.48,2.47,2.8
GA,"North Goa",Bicholim,Bardez,15.62666667,73.87638889,Sirsaim,"Dug Well",W18623,2010,1.95,3.82,2.09,4.2
GA,"North Goa",Bicholim,Bardez,15.52361111,73.83027778,"Alto Betim Porvorim","Dug Well",W18610,2010,4.1,5.66,4.66,5.73
GA,"North Goa",Bicholim,Bardez,15.54527778,73.75805556,Calangute,"Dug Well",W18614,2010,2.68,7.07,4.76,8.2
GA,"North Goa",Bicholim,Bicholim,15.58333333,73.96111111,Bicholim(pz),"Bore Well",W18613,2010,12.39,15,'0,19.84
GA,"North Goa",Bicholim,Bicholim,15.58472222,73.9575,Bicholim,"Dug Well",W18612,2010,'0,'0,'0,5.26
GA,"North Goa",Bicholim,Bicholim,15.61361111,73.92638889,"Mulgaon Shivalkherwad","Dug Well",W18621,2010,2.92,'0,2.64,2.83
GA,"North Goa",Bicholim,Bicholim,15.50722222,74.04638889,Surla(pz),"Bore Well",W18624,2010,16.82,11.65,16.22,19.2
GA,"North Goa",Pernem,Pernem,15.70861111,73.855,Nagjhar,"Dug Well",W18629,2010,7.12,7.96,7.61,9.73
GA,"North Goa",Pernem,Pernem,15.70805556,73.75138889,Korgaon1,"Dug Well",W18627,2009,.97,3.85,2.75,5.53
GA,"North Goa",Pernem,Pernem,15.6375,73.73666667,Morji,"Dug Well",W18628,2009,.33,.83,.43,2.21
GA,"North Goa",Pernem,Pernem,15.7175,73.79888889,Pernem,"Dug Well",W18630,2009,3.02,2.62,3.12,2.17
GA,"North Goa",Ponda,Ponda,15.39083333,74.00027778,Ponda(pz),"Bore Well",W18632,2009,1.63,3,3.15,3.4
GA,"North Goa",Ponda,Ponda,15.2825,74.09583333,Panchawadi(pz),"Bore Well",W20284,2009,'0,5.4,'0,'0
GA,"North Goa",Pernem,Pernem,15.75222222,73.83888889,Uguem(ugawe),"Dug Well",W18631,2009,5.72,3.2,5,3.56
GA,"North Goa",Ponda,Ponda,15.32,74.03555556,Shiroda,"Dug Well",W18633,2009,5.2,6.28,5.9,6.85
GA,"North Goa",Bicholim,Tiswadi,15.49972222,73.91666667,"Velha Goa","Bore Well",W18626,2009,1.48,2.5,'0,2.39
GA,"North Goa",Bicholim,Satari,15.59305556,74.04638889,Morlem,"Dug Well",W18620,2009,2.7,9.62,2.95,3.72
GA,"North Goa",Bicholim,Tiswadi,15.44138889,73.87972222,"Goa Velha","Dug Well",W18615,2009,1.89,2.29,'0,3.24
GA,"North Goa",Bicholim,Bicholim,15.68638889,73.92722222,Sal,"Dug Well",W18622,2009,1.9,2.89,2.71,3.02
GA,"North Goa",Bicholim,Tiswadi,15.45805556,73.80416667,Karanjhalen,"Dug Well",W18617,2009,'0,2.6,'0,3.18
GA,"North Goa",Bicholim,Satari,15.61,74.06666667,Bayalwadikeri(querim),"Dug Well",W18611,2009,2.19,3.52,3.27,3.48
GA,"North Goa",Bicholim,Satari,15.48444444,74.14055556,Khadki(harijanwada),"Dug Well",W18618,2009,3.59,7.74,4.89,11.94
GA,"North Goa",Bicholim,Satari,15.53194444,74.13833333,Valpoi,"Dug Well",W18625,2009,3.32,5.5,2.6,5.45
GA,"North Goa",Bicholim,Satari,15.54666667,74.05055556,Honda,"Dug Well",W18616,2009,1.61,3.15,2.65,4.75
GA,"North Goa",Bicholim,Bardez,15.60944444,73.82638889,Mapuca,"Dug Well",W18619,2009,1.99,'0,3.07,4.08
GA,"North Goa",Bicholim,Bardez,15.62666667,73.87638889,Sirsaim,"Dug Well",W18623,2009,2.05,3.65,3,4.97
GA,"North Goa",Bicholim,Bardez,15.52361111,73.83027778,"Alto Betim Porvorim","Dug Well",W18610,2009,3.08,5.53,6.03,5.81
GA,"North Goa",Bicholim,Bardez,15.54527778,73.75805556,Calangute,"Dug Well",W18614,2009,5.43,6.5,5,8.87
GA,"North Goa",Bicholim,Bicholim,15.58333333,73.96111111,Bicholim(pz),"Bore Well",W18613,2009,13.55,16.72,14.9,15.21
GA,"North Goa",Bicholim,Bicholim,15.58472222,73.9575,Bicholim,"Dug Well",W18612,2009,'0,6.63,'0,14.56
GA,"North Goa",Bicholim,Bicholim,15.61361111,73.92638889,"Mulgaon Shivalkherwad","Dug Well",W18621,2009,'0,'0,'0,5.26
GA,"North Goa",Bicholim,Bicholim,15.50722222,74.04638889,Surla(pz),"Bore Well",W18624,2009,14.5,19.1,14.3,19.23
GA,"North Goa",Pernem,Pernem,15.70861111,73.855,Nagjhar,"Dug Well",W18629,2009,4.43,7.98,'0,8.86
GA,"North Goa",Pernem,Pernem,15.70805556,73.75138889,Korgaon1,"Dug Well",W18627,2008,2.72,2.69,3.57,3.68
GA,"North Goa",Pernem,Pernem,15.6375,73.73666667,Morji,"Dug Well",W18628,2008,.21,.81,.28,2
GA,"North Goa",Pernem,Pernem,15.7175,73.79888889,Pernem,"Dug Well",W18630,2008,.12,2.82,1.25,3.42
GA,"North Goa",Ponda,Ponda,15.2825,74.09583333,Panchawadi(pz),"Bore Well",W20284,2008,'0,6.09,'0,'0
GA,"North Goa",Pernem,Pernem,15.75222222,73.83888889,Uguem(ugawe),"Dug Well",W18631,2008,3.36,3.05,3.44,3.86
GA,"North Goa",Ponda,Ponda,15.32,74.03555556,Shiroda,"Dug Well",W18633,2008,4.87,9.24,6.06,6.48
GA,"North Goa",Bicholim,Tiswadi,15.49972222,73.91666667,"Velha Goa","Bore Well",W18626,2008,'0,1.61,1.92,'0
GA,"North Goa",Bicholim,Satari,15.59305556,74.04638889,Morlem,"Dug Well",W18620,2008,2.33,'0,3.85,'0
GA,"North Goa",Bicholim,Tiswadi,15.44138889,73.87972222,"Goa Velha","Dug Well",W18615,2008,1.38,2.24,1.27,3.12
GA,"North Goa",Bicholim,Bicholim,15.68638889,73.92722222,Sal,"Dug Well",W18622,2008,1.44,3.58,2.82,3.31
GA,"North Goa",Bicholim,Tiswadi,15.45805556,73.80416667,Karanjhalen,"Dug Well",W18617,2008,1.48,2.43,2.1,3.08
GA,"North Goa",Bicholim,Satari,15.61,74.06666667,Bayalwadikeri(querim),"Dug Well",W18611,2008,3.2,5.76,3.72,6.08
GA,"North Goa",Bicholim,Satari,15.48444444,74.14055556,Khadki(harijanwada),"Dug Well",W18618,2008,5.95,4.61,7.34,5.44
GA,"North Goa",Bicholim,Satari,15.53194444,74.13833333,Valpoi,"Dug Well",W18625,2008,3.74,4.65,5.2,4.8
GA,"North Goa",Bicholim,Satari,15.54666667,74.05055556,Honda,"Dug Well",W18616,2008,2.25,3.4,2.42,3.75
GA,"North Goa",Bicholim,Bardez,15.60944444,73.82638889,Mapuca,"Dug Well",W18619,2008,10.22,1.57,2.28,2.85
GA,"North Goa",Bicholim,Bardez,15.62666667,73.87638889,Sirsaim,"Dug Well",W18623,2008,2.44,4.03,3.3,4.41
GA,"North Goa",Bicholim,Bardez,15.52361111,73.83027778,"Alto Betim Porvorim","Dug Well",W18610,2008,5.85,10.53,5.88,6.17
GA,"North Goa",Bicholim,Bardez,15.54527778,73.75805556,Calangute,"Dug Well",W18614,2008,5.27,6.3,5.14,8.3
GA,"North Goa",Bicholim,Bicholim,15.58472222,73.9575,Bicholim,"Dug Well",W18612,2008,3.27,'0,14.22,'0
GA,"North Goa",Bicholim,Bicholim,15.61361111,73.92638889,"Mulgaon Shivalkherwad","Dug Well",W18621,2008,3.66,3.55,'0,4.36
GA,"North Goa",Bicholim,Bicholim,15.50722222,74.04638889,Surla(pz),"Bore Well",W18624,2008,'0,21.46,18.1,'0
GA,"North Goa",Pernem,Pernem,15.70861111,73.855,Nagjhar,"Dug Well",W18629,2008,6.39,8.23,7.38,9.78
GA,"North Goa",Pernem,Pernem,15.70805556,73.75138889,Korgaon1,"Dug Well",W18627,2007,.85,3.93,1.71,4.73
GA,"North Goa",Pernem,Pernem,15.6375,73.73666667,Morji,"Dug Well",W18628,2007,.39,'0,.39,1.98
GA,"North Goa",Pernem,Pernem,15.7175,73.79888889,Pernem,"Dug Well",W18630,2007,.49,1.27,'0,1.87
GA,"North Goa",Ponda,Ponda,15.39083333,74.00027778,Ponda(pz),"Bore Well",W18632,2007,'0,3.92,'0,3.65
GA,"North Goa",Ponda,Ponda,15.2825,74.09583333,Panchawadi(pz),"Bore Well",W20284,2007,4.52,5.98,6.36,7.2
GA,"North Goa",Pernem,Pernem,15.75222222,73.83888889,Uguem(ugawe),"Dug Well",W18631,2007,1.25,3.06,2.5,4
GA,"North Goa",Ponda,Ponda,15.32,74.03555556,Shiroda,"Dug Well",W18633,2007,5.41,6.28,5.97,6.55
GA,"North Goa",Bicholim,Tiswadi,15.49972222,73.91666667,"Velha Goa","Bore Well",W18626,2007,1.48,1.3,1.78,2.2
GA,"North Goa",Bicholim,Satari,15.59305556,74.04638889,Morlem,"Dug Well",W18620,2007,'0,3.74,'0,2.98
GA,"North Goa",Bicholim,Tiswadi,15.44138889,73.87972222,"Goa Velha","Dug Well",W18615,2007,1.3,2.35,1.5,3.05
GA,"North Goa",Bicholim,Bicholim,15.68638889,73.92722222,Sal,"Dug Well",W18622,2007,1.81,2.38,'0,2.49
GA,"North Goa",Bicholim,Tiswadi,15.45805556,73.80416667,Karanjhalen,"Dug Well",W18617,2007,'0,2.48,'0,3.28
GA,"North Goa",Bicholim,Satari,15.61,74.06666667,Bayalwadikeri(querim),"Dug Well",W18611,2007,1.37,4.05,6.15,6.56
GA,"North Goa",Bicholim,Satari,15.48444444,74.14055556,Khadki(harijanwada),"Dug Well",W18618,2007,1.74,7.83,3.14,10.41
GA,"North Goa",Bicholim,Satari,15.53194444,74.13833333,Valpoi,"Dug Well",W18625,2007,3.78,5.56,4.15,5.75
GA,"North Goa",Bicholim,Satari,15.54666667,74.05055556,Honda,"Dug Well",W18616,2007,2.2,3.83,2.41,4.12
GA,"North Goa",Bicholim,Bardez,15.60944444,73.82638889,Mapuca,"Dug Well",W18619,2007,.61,11.95,.95,2.57
GA,"North Goa",Bicholim,Bardez,15.62666667,73.87638889,Sirsaim,"Dug Well",W18623,2007,2.2,3.85,3.33,4.36
GA,"North Goa",Bicholim,Bardez,15.52361111,73.83027778,"Alto Betim Porvorim","Dug Well",W18610,2007,4.38,9.19,7.3,11.45
GA,"North Goa",Bicholim,Bardez,15.54527778,73.75805556,Calangute,"Dug Well",W18614,2007,3.15,6.39,4.36,8.1
GA,"North Goa",Bicholim,Bicholim,15.58333333,73.96111111,Bicholim(pz),"Bore Well",W18613,2007,13.6,15.54,'0,15.6
GA,"North Goa",Bicholim,Bicholim,15.58472222,73.9575,Bicholim,"Dug Well",W18612,2007,'0,4.45,'0,14.4
GA,"North Goa",Bicholim,Bicholim,15.61361111,73.92638889,"Mulgaon Shivalkherwad","Dug Well",W18621,2007,2.36,'0,2.98,4.06
GA,"North Goa",Bicholim,Bicholim,15.50722222,74.04638889,Surla(pz),"Bore Well",W18624,2007,16.75,18.44,19.65,18.7
GA,"North Goa",Pernem,Pernem,15.70861111,73.855,Nagjhar,"Dug Well",W18629,2007,6.41,7.9,6.75,9.23
GA,"North Goa",Pernem,Pernem,15.70805556,73.75138889,Korgaon1,"Dug Well",W18627,2006,3.35,'0,3.55,4.65
GA,"North Goa",Bicholim,Satari,15.63194444,74.14638889,"Hivre Budruk","Dug Well",W21007,2006,1.73,'0,4.73,'0
GA,"North Goa",Pernem,Pernem,15.7175,73.79888889,Pernem,"Dug Well",W18630,2006,1.22,1.49,1.02,1.47
GA,"North Goa",Ponda,Ponda,15.39083333,74.00027778,Ponda(pz),"Bore Well",W18632,2006,1.38,'0,2.64,3.5
GA,"North Goa",Ponda,Ponda,15.2825,74.09583333,Panchawadi(pz),"Bore Well",W20284,2006,4.4,6.52,6.27,9
GA,"North Goa",Pernem,Pernem,15.75222222,73.83888889,Uguem(ugawe),"Dug Well",W18631,2006,3.1,3.46,3.4,3.4
GA,"North Goa",Ponda,Ponda,15.32,74.03555556,Shiroda,"Dug Well",W18633,2006,5.2,6.5,5.35,6.45
GA,"North Goa",Bicholim,Tiswadi,15.49972222,73.91666667,"Velha Goa","Bore Well",W18626,2006,1.33,4.54,1.08,'0
GA,"North Goa",Bicholim,Satari,15.59305556,74.04638889,Morlem,"Dug Well",W18620,2006,3.3,2.6,7.7,3
GA,"North Goa",Bicholim,Tiswadi,15.44138889,73.87972222,"Goa Velha","Dug Well",W18615,2006,.54,1.06,1.54,2.84
GA,"North Goa",Bicholim,Bicholim,15.68638889,73.92722222,Sal,"Dug Well",W18622,2006,2.31,2.9,'0,2.11
GA,"North Goa",Bicholim,Tiswadi,15.45805556,73.80416667,Karanjhalen,"Dug Well",W18617,2006,'0,3.66,'0,2.5
GA,"North Goa",Bicholim,Satari,15.61,74.06666667,Bayalwadikeri(querim),"Dug Well",W18611,2006,'0,1.76,'0,2.16
GA,"North Goa",Bicholim,Satari,15.48444444,74.14055556,Khadki(harijanwada),"Dug Well",W18618,2006,4.99,7.84,6.54,10.94
GA,"North Goa",Bicholim,Satari,15.53194444,74.13833333,Valpoi,"Dug Well",W18625,2006,3.95,5.83,4.6,5.2
GA,"North Goa",Bicholim,Satari,15.54666667,74.05055556,Honda,"Dug Well",W18616,2006,2.15,4.4,2.25,4.65
GA,"North Goa",Bicholim,Bardez,15.60944444,73.82638889,Mapuca,"Dug Well",W18619,2006,'0,4.22,12.05,10.85
GA,"North Goa",Bicholim,Bardez,15.62666667,73.87638889,Sirsaim,"Dug Well",W18623,2006,1.75,3.58,3.15,4.05
GA,"North Goa",Bicholim,Bardez,15.52361111,73.83027778,"Alto Betim Porvorim","Dug Well",W18610,2006,5.98,11.05,'0,10.63
GA,"North Goa",Bicholim,Bardez,15.54527778,73.75805556,Calangute,"Dug Well",W18614,2006,4.85,6.58,2.8,7.7
GA,"North Goa",Bicholim,Bicholim,15.58333333,73.96111111,Bicholim(pz),"Bore Well",W18613,2006,13.33,15.55,14.8,15.5
GA,"North Goa",Bicholim,Bicholim,15.58472222,73.9575,Bicholim,"Dug Well",W18612,2006,2.65,'0,3.85,7.35
GA,"North Goa",Bicholim,Bicholim,15.61361111,73.92638889,"Mulgaon Shivalkherwad","Dug Well",W18621,2006,.18,3.53,.83,3.63
GA,"North Goa",Bicholim,Bicholim,15.50722222,74.04638889,Surla(pz),"Bore Well",W18624,2006,17.3,18.51,17.92,18.3
GA,"North Goa",Pernem,Pernem,15.6375,73.73666667,Morji,"Dug Well",W18628,2006,.08,'0,.07,1.83
GA,"North Goa",Pernem,Pernem,15.70861111,73.855,Nagjhar,"Dug Well",W18629,2006,'0,8.23,5.83,'0
GA,"North Goa",Pernem,Pernem,15.70805556,73.75138889,Korgaon1,"Dug Well",W18627,2005,3.39,4.09,3.75,4.99
GA,"North Goa",Pernem,Pernem,15.6375,73.73666667,Morji,"Dug Well",W18628,2005,.33,1.14,.34,2.33
GA,"North Goa",Pernem,Pernem,15.7175,73.79888889,Pernem,"Dug Well",W18630,2005,1.18,1.53,1.37,2.57
GA,"North Goa",Ponda,Ponda,15.39083333,74.00027778,Ponda(pz),"Bore Well",W18632,2005,'0,3.06,2.78,3.34
GA,"North Goa",Ponda,Ponda,15.2825,74.09583333,Panchawadi(pz),"Bore Well",W20284,2005,'0,'0,6.45,7.15
GA,"North Goa",Pernem,Pernem,15.75222222,73.83888889,Uguem(ugawe),"Dug Well",W18631,2005,2.6,3.54,7.16,4.23
GA,"North Goa",Ponda,Ponda,15.32,74.03555556,Shiroda,"Dug Well",W18633,2005,5.88,6.38,6.23,7.24
GA,"North Goa",Bicholim,Tiswadi,15.49972222,73.91666667,"Velha Goa","Bore Well",W18626,2005,2.84,4.83,3.92,5.46
GA,"North Goa",Bicholim,Satari,15.59305556,74.04638889,Morlem,"Dug Well",W18620,2005,3.47,3.5,3.86,4.02
GA,"North Goa",Bicholim,Tiswadi,15.44138889,73.87972222,"Goa Velha","Dug Well",W18615,2005,.4,1.11,.43,1.72
GA,"North Goa",Bicholim,Bicholim,15.68638889,73.92722222,Sal,"Dug Well",W18622,2005,3.01,2.76,2.82,3.86
GA,"North Goa",Bicholim,Tiswadi,15.45805556,73.80416667,Karanjhalen,"Dug Well",W18617,2005,2.07,2.91,'0,'0
GA,"North Goa",Bicholim,Satari,15.61,74.06666667,Bayalwadikeri(querim),"Dug Well",W18611,2005,2.26,2.04,5.06,6.11
GA,"North Goa",Bicholim,Satari,15.48444444,74.14055556,Khadki(harijanwada),"Dug Well",W18618,2005,5.58,8.41,6.94,11.64
GA,"North Goa",Bicholim,Satari,15.53194444,74.13833333,Valpoi,"Dug Well",W18625,2005,4.71,5.75,5.32,6.22
GA,"North Goa",Bicholim,Satari,15.54666667,74.05055556,Honda,"Dug Well",W18616,2005,2.75,4.24,2.53,'0
GA,"North Goa",Bicholim,Bardez,15.60944444,73.82638889,Mapuca,"Dug Well",W18619,2005,2.16,4.33,3.55,4.65
GA,"North Goa",Bicholim,Bardez,15.62666667,73.87638889,Sirsaim,"Dug Well",W18623,2005,2.17,3.77,2.81,4.25
GA,"North Goa",Bicholim,Bardez,15.52361111,73.83027778,"Alto Betim Porvorim","Dug Well",W18610,2005,4.33,11.23,7.7,13.03
GA,"North Goa",Bicholim,Bardez,15.54527778,73.75805556,Calangute,"Dug Well",W18614,2005,3.36,7.3,5.09,8.85
GA,"North Goa",Bicholim,Bicholim,15.58333333,73.96111111,Bicholim(pz),"Bore Well",W18613,2005,12.23,15.6,15.3,16.3
GA,"North Goa",Bicholim,Bicholim,15.58472222,73.9575,Bicholim,"Dug Well",W18612,2005,'0,'0,'0,'0
GA,"North Goa",Bicholim,Bicholim,15.61361111,73.92638889,"Mulgaon Shivalkherwad","Dug Well",W18621,2005,2.65,3.24,3.03,4.73
GA,"North Goa",Bicholim,Bicholim,15.50722222,74.04638889,Surla(pz),"Bore Well",W18624,2005,17.47,18.64,18.01,19.02
GA,"North Goa",Pernem,Pernem,15.70861111,73.855,Nagjhar,"Dug Well",W18629,2005,3.19,8.57,5.86,'0
