STATE,DISTRICT,TEH_NAME,BLOCK_NAME,LAT,LON,SITE_NAME,SITE_TYPE,WLCODE,YEAR_OBS,MONSOON,POMRB,POMKH,PREMON
TN,Pudukkottai,Avudayarkoil,Manamelkudi,9.93333333,79.14166667,Mimisal1,"Dug Well",W02342,2018,'0,.95,'0,'0
TN,Pudukkottai,Kulathur,Viralimalai,10.60833333,78.55,Viralimalai-2,"Dug Well",W02354,2018,'0,7.19,'0,'0
TN,Pudukkottai,Avudayarkoil,Avudayarkoil,10.075,79.03361111,Avudaiyarkoil-1,"Dug Well",W02338,2018,'0,'0,'0,5.83
TN,Pudukkottai,Aranthangi,Aranthangi,10.16666667,78.99583333,Arantangi,"Dug Well",W02334,2018,'0,4.9,'0,'0
TN,Pudukkottai,Aranthangi,Aranthangi,10.16666667,78.99583333,Arantangi,"Dug Well",W02334,2018,'0,'0,'0,5.1
TN,Pudukkottai,Aranthangi,Aranthangi,10.16555556,79.125,Nakkudi1,"Dug Well",W02336,2018,'0,6.85,'0,'0
TN,Pudukkottai,Aranthangi,Aranthangi,10.16555556,79.125,Nakkudi1,"Dug Well",W02336,2018,'0,'0,'0,8.4
TN,Pudukkottai,Avudayarkoil,Manamelkudi,9.93333333,79.14166667,Mimisal1,"Dug Well",W02342,2018,'0,'0,'0,2.16
TN,Pudukkottai,Avudayarkoil,Manamelkudi,10.03888889,79.23333333,Manamelkudi1,"Dug Well",W02341,2018,'0,'0,'0,5.1
TN,Pudukkottai,Aranthangi,Aranthangi,10.23055556,78.96777778,Erachi,"Dug Well",W02335,2018,'0,6.85,'0,'0
TN,Pudukkottai,Aranthangi,Aranthangi,10.23055556,78.96777778,Erachi,"Dug Well",W02335,2018,'0,'0,'0,5.83
TN,Pudukkottai,Tirumayam,Thirumayam,10.24583333,78.75,Thirumayam-2,"Dug Well",W02365,2018,'0,3,'0,'0
TN,Pudukkottai,Tirumayam,Thirumayam,10.24583333,78.75,Thirumayam-2,"Dug Well",W02365,2018,'0,'0,'0,5.25
TN,Pudukkottai,Tirumayam,Thirumayam,10.23333333,78.74583333,Thirumayam-1,"Bore Well",W02364,2018,'0,3.98,'0,'0
TN,Pudukkottai,Tirumayam,Thirumayam,10.23333333,78.74583333,Thirumayam-1,"Bore Well",W02364,2018,'0,'0,'0,5.81
TN,Pudukkottai,Tirumayam,Thirumayam,10.3125,78.68333333,Panaiyapatti,"Bore Well",W02362,2018,'0,9.51,'0,'0
TN,Pudukkottai,Alangudi,Tiruvarankulam,10.33333333,78.8625,Valathirakkotai,"Dug Well",W02333,2018,'0,5.24,'0,'0
TN,Pudukkottai,Alangudi,Tiruvarankulam,10.33333333,78.8625,Valathirakkotai,"Dug Well",W02333,2018,'0,'0,'0,4.2
TN,Pudukkottai,Tirumayam,Ponnamaravathi,10.31805556,78.575,Konnaiyur,"Bore Well",W02361,2018,'0,10.93,'0,'0
TN,Pudukkottai,Tirumayam,Ponnamaravathi,10.31805556,78.575,Konnaiyur,"Bore Well",W02361,2018,'0,'0,'0,12.81
TN,Pudukkottai,Pudukottai,Pudukkottai,10.37916667,78.8,Pudukottai1,"Dug Well",W02358,2018,'0,8.6,'0,'0
TN,Pudukkottai,Pudukottai,Pudukkottai,10.38611111,78.80416667,Pudukkottai,"Bore Well",W02357,2018,'0,5.53,'0,'0
TN,Pudukkottai,Pudukottai,Pudukkottai,10.38611111,78.80416667,Pudukkottai,"Bore Well",W02357,2018,'0,'0,'0,5.98
TN,Pudukkottai,Kulathur,Annavasal,10.4125,78.66666667,Kudimianmalai1,"Dug Well",W02347,2018,'0,2,'0,'0
TN,Pudukkottai,Kulathur,Annavasal,10.45,78.70277778,Annavasal,"Bore Well",W02346,2018,'0,9.27,'0,'0
TN,Pudukkottai,Alangudi,Karambakkudi,10.43027778,78.97861111,Sammattividuthi,"Dug Well",W02330,2018,'0,11.76,'0,'0
TN,Pudukkottai,Alangudi,Karambakkudi,10.43027778,78.97861111,Sammattividuthi,"Dug Well",W02330,2018,'0,'0,'0,7
TN,Pudukkottai,Pudukottai,Pudukkottai,10.53055556,78.96666667,Adanakottai,"Dug Well",W02355,2018,'0,6.68,'0,'0
TN,Pudukkottai,Pudukottai,Pudukkottai,10.53055556,78.96666667,Adanakottai,"Dug Well",W02355,2018,'0,'0,'0,9.52
TN,Pudukkottai,Pudukottai,Pudukkottai,10.47777778,78.91666667,Mandangudi,"Dug Well",W02356,2018,'0,'0,'0,8.85
TN,Pudukkottai,Gandarvakkottai,Gandarvakkottai,10.57361111,79.01666667,Gandharvakottai1,"Dug Well",W02343,2018,'0,4.65,'0,'0
TN,Pudukkottai,Gandarvakkottai,Gandarvakkottai,10.57361111,79.01666667,Gandharvakottai1,"Dug Well",W02343,2018,'0,'0,'0,9.28
TN,Pudukkottai,Kulathur,Kunnandarkovil,10.58333333,78.89166667,Kunnandarkoil,"Bore Well",W02351,2018,'0,16.05,'0,'0
TN,Pudukkottai,Kulathur,Kunnandarkovil,10.58333333,78.89166667,Kunnandarkoil,"Bore Well",W02351,2018,'0,'0,'0,12.81
TN,Pudukkottai,Kulathur,Viralimalai,10.60277778,78.56666667,Viralimalai-1,"Bore Well",W02353,2018,'0,'0,'0,10.4
TN,Pudukkottai,Kulathur,Kulathur,10.575,78.79166667,Keerannur1,"Dug Well",W02350,2018,'0,2.84,'0,'0
TN,Pudukkottai,Kulathur,Kulathur,10.60833333,78.775,Thondaimanallur,"Bore Well",W02352,2018,'0,8.57,'0,'0
TN,Pudukkottai,Kulathur,Kulathur,10.60833333,78.775,Thondaimanallur,"Bore Well",W02352,2018,'0,'0,'0,11.9
TN,Pudukkottai,Gandarvakkottai,Gandarvakkottai,10.55,79.05,Pudupatti[east],"Dug Well",W02344,2018,'0,6.54,'0,'0
TN,Pudukkottai,Avudayarkoil,Avudayarkoil,10.075,79.03361111,Avudaiyarkoil-1,"Dug Well",W02338,2018,'0,5.21,'0,'0
TN,Pudukkottai,Avudayarkoil,Manamelkudi,9.93333333,79.14166667,Mimisal1,"Dug Well",W02342,2017,1.5,.72,'0,1.31
TN,Pudukkottai,Kulathur,Viralimalai,10.60833333,78.55,Viralimalai-2,"Dug Well",W02354,2017,'0,'0,7.98,'0
TN,Pudukkottai,Avudayarkoil,Manamelkudi,10.03888889,79.23333333,Manamelkudi1,"Dug Well",W02341,2017,4.7,5.33,'0,4.62
TN,Pudukkottai,Avudayarkoil,Manamelkudi,10.03888889,79.23333333,Manamelkudi1,"Dug Well",W02341,2017,'0,'0,4.7,'0
TN,Pudukkottai,Avudayarkoil,Avudayarkoil,10.05,79.05,Avudaiyarkoil-2,"Tube Well",W02339,2017,'0,'0,4.81,'0
TN,Pudukkottai,Avudayarkoil,Avudayarkoil,10.075,79.03361111,Avudaiyarkoil-1,"Dug Well",W02338,2017,4.86,4.41,'0,5.01
TN,Pudukkottai,Aranthangi,Aranthangi,10.16666667,78.99583333,Arantangi,"Dug Well",W02334,2017,3.9,4.58,'0,5.35
TN,Pudukkottai,Aranthangi,Aranthangi,10.16666667,78.99583333,Arantangi,"Dug Well",W02334,2017,'0,'0,4.75,'0
TN,Pudukkottai,Aranthangi,Aranthangi,10.16555556,79.125,Nakkudi1,"Dug Well",W02336,2017,8.4,'0,'0,8.4
TN,Pudukkottai,Aranthangi,Aranthangi,10.16555556,79.125,Nakkudi1,"Dug Well",W02336,2017,'0,'0,8.32,'0
TN,Pudukkottai,Aranthangi,Aranthangi,10.23055556,78.96777778,Erachi,"Dug Well",W02335,2017,3.9,4.21,'0,4.92
TN,Pudukkottai,Aranthangi,Aranthangi,10.23055556,78.96777778,Erachi,"Dug Well",W02335,2017,'0,'0,4.97,'0
TN,Pudukkottai,Tirumayam,Thirumayam,10.24583333,78.75,Thirumayam-2,"Dug Well",W02365,2017,4,2.97,'0,7.19
TN,Pudukkottai,Tirumayam,Thirumayam,10.24583333,78.75,Thirumayam-2,"Dug Well",W02365,2017,'0,'0,3,'0
TN,Pudukkottai,Tirumayam,Thirumayam,10.23333333,78.74583333,Thirumayam-1,"Bore Well",W02364,2017,4.8,4.16,'0,5.91
TN,Pudukkottai,Tirumayam,Thirumayam,10.18333333,78.76388889,Pilamangalam-1,"Dug Well",W02363,2017,10.6,9.74,'0,10.6
TN,Pudukkottai,Alangudi,Tiruvarankulam,10.33333333,78.8625,Valathirakkotai,"Dug Well",W02333,2017,4.65,4.58,'0,5.48
TN,Pudukkottai,Alangudi,Tiruvarankulam,10.33333333,78.8625,Valathirakkotai,"Dug Well",W02333,2017,'0,'0,4.6,'0
TN,Pudukkottai,Alangudi,Tiruvarankulam,10.35833333,78.98333333,Alangudi,"Dug Well",W02331,2017,'0,'0,9.44,'0
TN,Pudukkottai,Tirumayam,Ponnamaravathi,10.31805556,78.575,Konnaiyur,"Bore Well",W02361,2017,10.6,9.1,'0,10.18
TN,Pudukkottai,Pudukottai,Pudukkottai,10.37916667,78.8,Pudukottai1,"Dug Well",W02358,2017,8.61,8.61,'0,8.61
TN,Pudukkottai,Pudukottai,Pudukkottai,10.37916667,78.8,Pudukottai1,"Dug Well",W02358,2017,'0,'0,8.11,'0
TN,Pudukkottai,Pudukottai,Pudukkottai,10.38611111,78.80416667,Pudukkottai,"Bore Well",W02357,2017,5.9,5.18,'0,5.74
TN,Pudukkottai,Kulathur,Annavasal,10.4125,78.66666667,Kudimianmalai1,"Dug Well",W02347,2017,1.38,2.34,'0,3.13
TN,Pudukkottai,Kulathur,Annavasal,10.4125,78.66666667,Kudimianmalai1,"Dug Well",W02347,2017,'0,'0,1.35,'0
TN,Pudukkottai,Kulathur,Annavasal,10.45,78.70277778,Annavasal,"Bore Well",W02346,2017,11.9,8.26,'0,11.17
TN,Pudukkottai,Alangudi,Karambakkudi,10.43027778,78.97861111,Sammattividuthi,"Dug Well",W02330,2017,11.97,11.85,'0,10.75
TN,Pudukkottai,Alangudi,Karambakkudi,10.43027778,78.97861111,Sammattividuthi,"Dug Well",W02330,2017,'0,'0,6.65,'0
TN,Pudukkottai,Pudukottai,Pudukkottai,10.53055556,78.96666667,Adanakottai,"Dug Well",W02355,2017,5.19,7.03,'0,'0
TN,Pudukkottai,Pudukottai,Pudukkottai,10.53055556,78.96666667,Adanakottai,"Dug Well",W02355,2017,'0,'0,5.23,'0
TN,Pudukkottai,Pudukottai,Pudukkottai,10.47777778,78.91666667,Mandangudi,"Dug Well",W02356,2017,'0,8.85,'0,'0
TN,Pudukkottai,Gandarvakkottai,Gandarvakkottai,10.57361111,79.01666667,Gandharvakottai1,"Dug Well",W02343,2017,5.38,7.9,'0,7.58
TN,Pudukkottai,Gandarvakkottai,Gandarvakkottai,10.57361111,79.01666667,Gandharvakottai1,"Dug Well",W02343,2017,'0,'0,5.06,'0
TN,Pudukkottai,Kulathur,Kunnandarkovil,10.58333333,78.89166667,Kunnandarkoil,"Bore Well",W02351,2017,17.22,15.75,'0,16.8
TN,Pudukkottai,Kulathur,Viralimalai,10.60277778,78.56666667,Viralimalai-1,"Bore Well",W02353,2017,'0,5.76,'0,'0
TN,Pudukkottai,Kulathur,Viralimalai,10.60277778,78.56666667,Viralimalai-1,"Bore Well",W02353,2017,'0,'0,8.61,'0
TN,Pudukkottai,Kulathur,Kulathur,10.575,78.79166667,Keerannur1,"Dug Well",W02350,2017,4.34,5.78,'0,8.44
TN,Pudukkottai,Kulathur,Kulathur,10.575,78.79166667,Keerannur1,"Dug Well",W02350,2017,'0,'0,2.64,'0
TN,Pudukkottai,Kulathur,Kulathur,10.60833333,78.775,Thondaimanallur,"Bore Well",W02352,2017,9.77,9.15,'0,11.32
TN,Pudukkottai,Gandarvakkottai,Gandarvakkottai,10.55,79.05,Pudupatti[east],"Dug Well",W02344,2017,'0,8.31,'0,'0
TN,Pudukkottai,Gandarvakkottai,Gandarvakkottai,10.55,79.05,Pudupatti[east],"Dug Well",W02344,2017,'0,'0,6.64,'0
TN,Pudukkottai,Kulathur,Viralimalai,10.60833333,78.55,Viralimalai-2,"Dug Well",W02354,2017,7.8,6.2,'0,'0
TN,Pudukkottai,Avudayarkoil,Manamelkudi,9.93333333,79.14166667,Mimisal1,"Dug Well",W02342,2017,'0,'0,1.25,'0
TN,Pudukkottai,Avudayarkoil,Manamelkudi,9.93333333,79.14166667,Mimisal1,"Dug Well",W02342,2016,1.59,'0,.6,1.23
TN,Pudukkottai,Kulathur,Viralimalai,10.60833333,78.55,Viralimalai-2,"Dug Well",W02354,2016,7.04,'0,7.45,5.95
TN,Pudukkottai,Avudayarkoil,Avudayarkoil,10.075,79.03361111,Avudaiyarkoil-1,"Dug Well",W02338,2016,4.42,'0,4.36,4.33
TN,Pudukkottai,Aranthangi,Aranthangi,10.16666667,78.99583333,Arantangi,"Dug Well",W02334,2016,4.35,'0,'0,3.95
TN,Pudukkottai,Aranthangi,Aranthangi,10.16555556,79.125,Nakkudi1,"Dug Well",W02336,2016,6.3,'0,7.6,5.6
TN,Pudukkottai,Aranthangi,Aranthangi,10.23055556,78.96777778,Erachi,"Dug Well",W02335,2016,3.14,'0,3.25,5.22
TN,Pudukkottai,Tirumayam,Thirumayam,10.24583333,78.75,Thirumayam-2,"Dug Well",W02365,2016,2.5,'0,1.9,3
TN,Pudukkottai,Tirumayam,Thirumayam,10.23333333,78.74583333,Thirumayam-1,"Bore Well",W02364,2016,4.29,'0,3.07,5.03
TN,Pudukkottai,Tirumayam,Thirumayam,10.18333333,78.76388889,Pilamangalam-1,"Dug Well",W02363,2016,9.6,'0,'0,8.75
TN,Pudukkottai,Tirumayam,Thirumayam,10.3125,78.68333333,Panaiyapatti,"Bore Well",W02362,2016,'0,'0,'0,6.75
TN,Pudukkottai,Alangudi,Tiruvarankulam,10.33333333,78.8625,Valathirakkotai,"Dug Well",W02333,2016,5.1,'0,4.75,5.6
TN,Pudukkottai,Alangudi,Tiruvarankulam,10.35833333,78.98333333,Alangudi,"Dug Well",W02331,2016,'0,'0,8.75,8.6
TN,Pudukkottai,Tirumayam,Ponnamaravathi,10.31805556,78.575,Konnaiyur,"Bore Well",W02361,2016,8.48,'0,8.75,8.52
TN,Pudukkottai,Pudukottai,Pudukkottai,10.37916667,78.8,Pudukottai1,"Dug Well",W02358,2016,6.68,'0,7.7,5.6
TN,Pudukkottai,Pudukottai,Pudukkottai,10.38611111,78.80416667,Pudukkottai,"Bore Well",W02357,2016,5.16,'0,'0,4.88
TN,Pudukkottai,Kulathur,Annavasal,10.4125,78.66666667,Kudimianmalai1,"Dug Well",W02347,2016,1.5,'0,'0,'0
TN,Pudukkottai,Kulathur,Annavasal,10.45,78.70277778,Annavasal,"Bore Well",W02346,2016,7.4,'0,7.33,6.7
TN,Pudukkottai,Alangudi,Karambakkudi,10.43027778,78.97861111,Sammattividuthi,"Dug Well",W02330,2016,2.6,'0,1.4,8.77
TN,Pudukkottai,Pudukottai,Pudukkottai,10.53055556,78.96666667,Adanakottai,"Dug Well",W02355,2016,5.83,'0,6.7,5.9
TN,Pudukkottai,Pudukottai,Pudukkottai,10.47777778,78.91666667,Mandangudi,"Dug Well",W02356,2016,9.15,'0,'0,8.75
TN,Pudukkottai,Gandarvakkottai,Gandarvakkottai,10.57361111,79.01666667,Gandharvakottai1,"Dug Well",W02343,2016,5.35,'0,'0,5.14
TN,Pudukkottai,Kulathur,Kunnandarkovil,10.58333333,78.89166667,Kunnandarkoil,"Bore Well",W02351,2016,15.3,'0,16.22,14.09
TN,Pudukkottai,Kulathur,Viralimalai,10.60277778,78.56666667,Viralimalai-1,"Bore Well",W02353,2016,6.54,'0,7.2,5.16
TN,Pudukkottai,Kulathur,Kulathur,10.57222222,78.79166667,Keerannur,"Dug Well",W02349,2016,2.64,'0,'0,'0
TN,Pudukkottai,Kulathur,Kulathur,10.575,78.79166667,Keerannur1,"Dug Well",W02350,2016,'0,'0,4.2,4.6
TN,Pudukkottai,Kulathur,Kulathur,10.60833333,78.775,Thondaimanallur,"Bore Well",W02352,2016,6.78,'0,7.85,7.85
TN,Pudukkottai,Gandarvakkottai,Gandarvakkottai,10.55,79.05,Pudupatti[east],"Dug Well",W02344,2016,6.9,'0,17.2,7.8
TN,Pudukkottai,Avudayarkoil,Manamelkudi,10.03888889,79.23333333,Manamelkudi1,"Dug Well",W02341,2016,2.85,'0,3.05,'0
TN,Pudukkottai,Avudayarkoil,Manamelkudi,9.93333333,79.14166667,Mimisal1,"Dug Well",W02342,2015,.85,.52,.25,.31
TN,Pudukkottai,Kulathur,Viralimalai,10.60833333,78.55,Viralimalai-2,"Dug Well",W02354,2015,7.7,6.6,6.2,7.48
TN,Pudukkottai,Avudayarkoil,Manamelkudi,10.13333333,79.225,Kattumavadi-dw,"Dug Well",W02340,2015,1.9,'0,'0,1.9
TN,Pudukkottai,Avudayarkoil,Avudayarkoil,10.05,79.05,Avudaiyarkoil-2,"Tube Well",W02339,2015,4.56,'0,'0,4.56
TN,Pudukkottai,Avudayarkoil,Avudayarkoil,10.075,79.03361111,Avudaiyarkoil-1,"Dug Well",W02338,2015,'0,3.12,4.36,'0
TN,Pudukkottai,Aranthangi,Aranthangi,10.16666667,78.99583333,Arantangi,"Dug Well",W02334,2015,4.4,3.65,2.3,3.71
TN,Pudukkottai,Aranthangi,Aranthangi,10.16555556,79.125,Nakkudi1,"Dug Well",W02336,2015,5,3.86,3.2,3.28
TN,Pudukkottai,Aranthangi,Aranthangi,10.23055556,78.96777778,Erachi,"Dug Well",W02335,2015,3.75,4.55,2.5,4.53
TN,Pudukkottai,Tirumayam,Thirumayam,10.24583333,78.75,Thirumayam-2,"Dug Well",W02365,2015,3.77,3.43,.7,4.58
TN,Pudukkottai,Tirumayam,Thirumayam,10.23333333,78.74583333,Thirumayam-1,"Bore Well",W02364,2015,5.22,2.1,2.17,2.46
TN,Pudukkottai,Tirumayam,Thirumayam,10.18333333,78.76388889,Pilamangalam-1,"Dug Well",W02363,2015,'0,8.55,2.9,9.39
TN,Pudukkottai,Tirumayam,Thirumayam,10.3125,78.68333333,Panaiyapatti,"Bore Well",W02362,2015,9.6,9.9,'0,9.6
TN,Pudukkottai,Alangudi,Tiruvarankulam,10.33333333,78.8625,Valathirakkotai,"Dug Well",W02333,2015,4.6,4.04,3.68,5.09
TN,Pudukkottai,Alangudi,Tiruvarankulam,10.35833333,78.98333333,Alangudi,"Dug Well",W02331,2015,9.6,'0,7.1,10.4
TN,Pudukkottai,Tirumayam,Ponnamaravathi,10.31805556,78.575,Konnaiyur,"Bore Well",W02361,2015,8.52,6.7,8.85,8.52
TN,Pudukkottai,Pudukottai,Pudukkottai,10.37916667,78.8,Pudukottai1,"Dug Well",W02358,2015,5.67,3.93,3,5.94
TN,Pudukkottai,Pudukottai,Pudukkottai,10.38611111,78.80416667,Pudukkottai,"Bore Well",W02357,2015,6.05,5.9,5.3,6.05
TN,Pudukkottai,Kulathur,Annavasal,10.4125,78.66666667,Kudimianmalai1,"Dug Well",W02347,2015,2,'0,.6,1.68
TN,Pudukkottai,Kulathur,Annavasal,10.45,78.70277778,Annavasal,"Bore Well",W02346,2015,9.5,9.2,7.14,9.03
TN,Pudukkottai,Alangudi,Karambakkudi,10.43027778,78.97861111,Sammattividuthi,"Dug Well",W02330,2015,12,7.34,.9,10.05
TN,Pudukkottai,Pudukottai,Pudukkottai,10.53055556,78.96666667,Adanakottai,"Dug Well",W02355,2015,7.7,5.98,7.2,6.03
TN,Pudukkottai,Pudukottai,Pudukkottai,10.47777778,78.91666667,Mandangudi,"Dug Well",W02356,2015,8.9,8.85,9.15,8.9
TN,Pudukkottai,Gandarvakkottai,Gandarvakkottai,10.57361111,79.01666667,Gandharvakottai1,"Dug Well",W02343,2015,7.43,1.85,5.2,5.95
TN,Pudukkottai,Kulathur,Kunnandarkovil,10.58333333,78.89166667,Kunnandarkoil,"Bore Well",W02351,2015,2,14.9,'0,2
TN,Pudukkottai,Kulathur,Viralimalai,10.60277778,78.56666667,Viralimalai-1,"Bore Well",W02353,2015,7.13,5.6,2.4,5.9
TN,Pudukkottai,Kulathur,Kulathur,10.575,78.79166667,Keerannur1,"Dug Well",W02350,2015,3.5,3.59,1.9,1.54
TN,Pudukkottai,Kulathur,Kulathur,10.60833333,78.775,Thondaimanallur,"Bore Well",W02352,2015,12.5,12.9,10.65,12.77
TN,Pudukkottai,Gandarvakkottai,Gandarvakkottai,10.55,79.05,Pudupatti[east],"Dug Well",W02344,2015,'0,5.66,5.6,6.08
TN,Pudukkottai,Avudayarkoil,Manamelkudi,10.03888889,79.23333333,Manamelkudi1,"Dug Well",W02341,2015,2.45,2.85,1.15,2.52
TN,Pudukkottai,Avudayarkoil,Manamelkudi,9.93333333,79.14166667,Mimisal1,"Dug Well",W02342,2014,1.17,.35,'0,.5
TN,Pudukkottai,Kulathur,Viralimalai,10.60833333,78.55,Viralimalai-2,"Dug Well",W02354,2014,7.25,6.1,'0,7.25
TN,Pudukkottai,Avudayarkoil,Manamelkudi,10.13333333,79.225,Kattumavadi-dw,"Dug Well",W02340,2014,'0,2.42,'0,'0
TN,Pudukkottai,Avudayarkoil,Avudayarkoil,10.075,79.03361111,Avudaiyarkoil-1,"Dug Well",W02338,2014,5.21,3.71,'0,4.61
TN,Pudukkottai,Aranthangi,Aranthangi,10.16666667,78.99583333,Arantangi,"Dug Well",W02334,2014,4.5,4.35,'0,4.65
TN,Pudukkottai,Aranthangi,Aranthangi,10.16555556,79.125,Nakkudi1,"Dug Well",W02336,2014,'0,4.97,'0,7.3
TN,Pudukkottai,Aranthangi,Aranthangi,10.23055556,78.96777778,Erachi,"Dug Well",W02335,2014,4.93,4.78,'0,4.9
TN,Pudukkottai,Tirumayam,Thirumayam,10.24583333,78.75,Thirumayam-2,"Dug Well",W02365,2014,5.03,3.67,'0,5
TN,Pudukkottai,Tirumayam,Thirumayam,10.23333333,78.74583333,Thirumayam-1,"Bore Well",W02364,2014,6.67,5.47,'0,6.62
TN,Pudukkottai,Tirumayam,Thirumayam,10.18333333,78.76388889,Pilamangalam-1,"Dug Well",W02363,2014,7.85,9.35,'0,9.35
TN,Pudukkottai,Tirumayam,Thirumayam,10.3125,78.68333333,Panaiyapatti,"Bore Well",W02362,2014,'0,6,'0,15.1
TN,Pudukkottai,Alangudi,Tiruvarankulam,10.33333333,78.8625,Valathirakkotai,"Dug Well",W02333,2014,4.52,4.2,'0,5.33
TN,Pudukkottai,Tirumayam,Ponnamaravathi,10.31805556,78.575,Konnaiyur,"Bore Well",W02361,2014,7.55,6.2,'0,7.2
TN,Pudukkottai,Pudukottai,Pudukkottai,10.37916667,78.8,Pudukottai1,"Dug Well",W02358,2014,6.5,6.32,'0,8.3
TN,Pudukkottai,Pudukottai,Pudukkottai,10.38611111,78.80416667,Pudukkottai,"Bore Well",W02357,2014,7,6.8,'0,7.4
TN,Pudukkottai,Kulathur,Annavasal,10.4125,78.66666667,Kudimianmalai1,"Dug Well",W02347,2014,2.45,1.93,'0,1.96
TN,Pudukkottai,Kulathur,Annavasal,10.45,78.70277778,Annavasal,"Bore Well",W02346,2014,12.23,10,'0,11.77
TN,Pudukkottai,Alangudi,Karambakkudi,10.43027778,78.97861111,Sammattividuthi,"Dug Well",W02330,2014,4.22,.85,'0,7.78
TN,Pudukkottai,Pudukottai,Pudukkottai,10.53055556,78.96666667,Adanakottai,"Dug Well",W02355,2014,6.12,5.69,'0,5.92
TN,Pudukkottai,Pudukottai,Pudukkottai,10.47777778,78.91666667,Mandangudi,"Dug Well",W02356,2014,8.08,'0,'0,9.15
TN,Pudukkottai,Gandarvakkottai,Gandarvakkottai,10.57361111,79.01666667,Gandharvakottai1,"Dug Well",W02343,2014,5.28,3.62,'0,4.45
TN,Pudukkottai,Pudukottai,Kunnandarkovil,10.46388889,78.84861111,Puttambur,"Bore Well",W02359,2014,'0,'0,'0,11.7
TN,Pudukkottai,Kulathur,Kunnandarkovil,10.58333333,78.89166667,Kunnandarkoil,"Bore Well",W02351,2014,14.9,13.35,'0,14.45
TN,Pudukkottai,Kulathur,Viralimalai,10.60277778,78.56666667,Viralimalai-1,"Bore Well",W02353,2014,9.95,8.17,'0,9.5
TN,Pudukkottai,Kulathur,Kulathur,10.575,78.79166667,Keerannur1,"Dug Well",W02350,2014,4.85,2.5,'0,5.63
TN,Pudukkottai,Kulathur,Kulathur,10.60833333,78.775,Thondaimanallur,"Bore Well",W02352,2014,12.15,'0,'0,11.84
TN,Pudukkottai,Gandarvakkottai,Gandarvakkottai,10.55,79.05,Pudupatti[east],"Dug Well",W02344,2014,6.62,6.3,'0,7.78
TN,Pudukkottai,Avudayarkoil,Manamelkudi,10.03888889,79.23333333,Manamelkudi1,"Dug Well",W02341,2014,3.5,2.95,'0,3.14
TN,Pudukkottai,Avudayarkoil,Manamelkudi,9.93333333,79.14166667,Mimisal1,"Dug Well",W02342,2013,1.15,.69,.25,1.04
TN,Pudukkottai,Kulathur,Viralimalai,10.60833333,78.55,Viralimalai-2,"Dug Well",W02354,2013,5.68,'0,5.85,4.65
TN,Pudukkottai,Avudayarkoil,Manamelkudi,10.13333333,79.225,Kattumavadi-dw,"Dug Well",W02340,2013,1.9,.75,'0,1.23
TN,Pudukkottai,Avudayarkoil,Avudayarkoil,10.075,79.03361111,Avudaiyarkoil-1,"Dug Well",W02338,2013,3.76,2.06,3.56,3.59
TN,Pudukkottai,Aranthangi,Aranthangi,10.16666667,78.99583333,Arantangi,"Dug Well",W02334,2013,4.4,3.15,4.15,4.6
TN,Pudukkottai,Aranthangi,Aranthangi,10.16555556,79.125,Nakkudi1,"Dug Well",W02336,2013,7,3.7,4.55,5.85
TN,Pudukkottai,Aranthangi,Aranthangi,10.23055556,78.96777778,Erachi,"Dug Well",W02335,2013,4.32,1.8,3.15,5.18
TN,Pudukkottai,Tirumayam,Thirumayam,10.24583333,78.75,Thirumayam-2,"Dug Well",W02365,2013,3.45,'0,2.85,3.52
TN,Pudukkottai,Tirumayam,Thirumayam,10.23333333,78.74583333,Thirumayam-1,"Bore Well",W02364,2013,5.17,3.27,4.77,'0
TN,Pudukkottai,Tirumayam,Thirumayam,10.18333333,78.76388889,Pilamangalam-1,"Dug Well",W02363,2013,9.25,2.82,8,6.78
TN,Pudukkottai,Aranthangi,Aranthangi,10.20833333,79.07083333,Vilanur(tw),"Bore Well",W02337,2013,'0,'0,4.35,'0
TN,Pudukkottai,Tirumayam,Thirumayam,10.3125,78.68333333,Panaiyapatti,"Bore Well",W02362,2013,5.1,7,50.1,'0
TN,Pudukkottai,Alangudi,Tiruvarankulam,10.33333333,78.8625,Valathirakkotai,"Dug Well",W02333,2013,3.35,4.04,'0,4.45
TN,Pudukkottai,Alangudi,Tiruvarankulam,10.35833333,78.98333333,Alangudi,"Dug Well",W02331,2013,10.47,9.2,11.8,19.05
TN,Pudukkottai,Tirumayam,Ponnamaravathi,10.31805556,78.575,Konnaiyur,"Bore Well",W02361,2013,4.5,3.4,5.7,'0
TN,Pudukkottai,Pudukottai,Pudukkottai,10.37916667,78.8,Pudukottai1,"Dug Well",W02358,2013,5.8,2.93,6,3.8
TN,Pudukkottai,Pudukottai,Pudukkottai,10.38611111,78.80416667,Pudukkottai,"Bore Well",W02357,2013,6.4,5.15,5.05,'0
TN,Pudukkottai,Kulathur,Annavasal,10.4125,78.66666667,Kudimianmalai1,"Dug Well",W02347,2013,2,1.9,1.42,3.8
TN,Pudukkottai,Kulathur,Annavasal,10.45,78.70277778,Annavasal,"Bore Well",W02346,2013,6.99,4.1,9.4,'0
TN,Pudukkottai,Alangudi,Karambakkudi,10.43027778,78.97861111,Sammattividuthi,"Dug Well",W02330,2013,1.25,8.9,1.62,14.55
TN,Pudukkottai,Pudukottai,Pudukkottai,10.53055556,78.96666667,Adanakottai,"Dug Well",W02355,2013,'0,5.78,5.75,7.42
TN,Pudukkottai,Pudukottai,Pudukkottai,10.47777778,78.91666667,Mandangudi,"Dug Well",W02356,2013,5.3,8.85,4.95,9.15
TN,Pudukkottai,Gandarvakkottai,Gandarvakkottai,10.57361111,79.01666667,Gandharvakottai1,"Dug Well",W02343,2013,5.65,3.15,3.83,5.4
TN,Pudukkottai,Pudukottai,Kunnandarkovil,10.46388889,78.84861111,Puttambur,"Bore Well",W02359,2013,33.6,5.6,'0,'0
TN,Pudukkottai,Kulathur,Kunnandarkovil,10.58333333,78.89166667,Kunnandarkoil,"Bore Well",W02351,2013,13.9,1.02,13.2,'0
TN,Pudukkottai,Kulathur,Viralimalai,10.60277778,78.56666667,Viralimalai-1,"Bore Well",W02353,2013,8.8,4.23,7.2,'0
TN,Pudukkottai,Kulathur,Kulathur,10.57222222,78.79166667,Keerannur,"Dug Well",W02349,2013,'0,'0,2,'0
TN,Pudukkottai,Kulathur,Kulathur,10.575,78.79166667,Keerannur1,"Dug Well",W02350,2013,'0,2.29,'0,5.8
TN,Pudukkottai,Kulathur,Kulathur,10.60833333,78.775,Thondaimanallur,"Bore Well",W02352,2013,11.5,8.9,6.1,'0
TN,Pudukkottai,Gandarvakkottai,Gandarvakkottai,10.55,79.05,Pudupatti[east],"Dug Well",W02344,2013,7.45,'0,6.3,9.7
TN,Pudukkottai,Avudayarkoil,Manamelkudi,10.03888889,79.23333333,Manamelkudi1,"Dug Well",W02341,2013,.89,2.85,2.95,2.55
TN,Pudukkottai,Avudayarkoil,Manamelkudi,9.93333333,79.14166667,Mimisal1,"Dug Well",W02342,2012,'0,.37,.45,1.86
TN,Pudukkottai,Gandarvakkottai,Gandarvakkottai,10.55,79.05,Pudupatti[east],"Dug Well",W02344,2012,'0,'0,2.61,'0
TN,Pudukkottai,Avudayarkoil,Manamelkudi,10.13333333,79.225,Kattumavadi-dw,"Dug Well",W02340,2012,'0,.84,.8,2
TN,Pudukkottai,Avudayarkoil,Avudayarkoil,10.075,79.03361111,Avudaiyarkoil-1,"Dug Well",W02338,2012,'0,1.18,1.98,2.96
TN,Pudukkottai,Aranthangi,Aranthangi,10.16666667,78.99583333,Arantangi,"Dug Well",W02334,2012,'0,3.22,2.2,7.63
TN,Pudukkottai,Aranthangi,Aranthangi,10.16555556,79.125,Nakkudi1,"Dug Well",W02336,2012,'0,1.98,3.9,5.07
TN,Pudukkottai,Aranthangi,Aranthangi,10.23055556,78.96777778,Erachi,"Dug Well",W02335,2012,'0,.82,1.58,3.98
TN,Pudukkottai,Tirumayam,Thirumayam,10.24583333,78.75,Thirumayam-2,"Dug Well",W02365,2012,'0,.92,'0,'0
TN,Pudukkottai,Tirumayam,Thirumayam,10.23333333,78.74583333,Thirumayam-1,"Bore Well",W02364,2012,'0,1.57,2.37,3.87
TN,Pudukkottai,Tirumayam,Thirumayam,10.18333333,78.68027778,Pilamangalam-2,"Dug Well",W22884,2012,'0,'0,'0,5.5
TN,Pudukkottai,Tirumayam,Thirumayam,10.18333333,78.76388889,Pilamangalam-1,"Dug Well",W02363,2012,'0,'0,1.66,'0
TN,Pudukkottai,Tirumayam,Thirumayam,10.3125,78.68333333,Panaiyapatti,"Bore Well",W02362,2012,'0,1.45,6.4,6.28
TN,Pudukkottai,Alangudi,Tiruvarankulam,10.33333333,78.8625,Valathirakkotai,"Dug Well",W02333,2012,'0,3.8,4.14,4.69
TN,Pudukkottai,Alangudi,Tiruvarankulam,10.35833333,78.98333333,Alangudi,"Dug Well",W02331,2012,'0,3.79,16.24,13.49
TN,Pudukkottai,Tirumayam,Ponnamaravathi,10.31805556,78.575,Konnaiyur,"Bore Well",W02361,2012,'0,1.12,2.8,3.5
TN,Pudukkottai,Pudukottai,Pudukkottai,10.37916667,78.8,Pudukottai1,"Dug Well",W02358,2012,'0,1.51,2.39,3.51
TN,Pudukkottai,Pudukottai,Pudukkottai,10.38611111,78.80416667,Pudukkottai,"Bore Well",W02357,2012,'0,3.12,5.1,4.3
TN,Pudukkottai,Kulathur,Annavasal,10.4125,78.66666667,Kudimianmalai1,"Dug Well",W02347,2012,'0,1.25,1,2.2
TN,Pudukkottai,Kulathur,Annavasal,10.45,78.70277778,Annavasal,"Bore Well",W02346,2012,'0,4.4,5.6,6.75
TN,Pudukkottai,Alangudi,Karambakkudi,10.43027778,78.97861111,Sammattividuthi,"Dug Well",W02330,2012,'0,.92,9.24,12.76
TN,Pudukkottai,Pudukottai,Pudukkottai,10.53055556,78.96666667,Adanakottai,"Dug Well",W02355,2012,'0,3.26,4.58,6.28
TN,Pudukkottai,Pudukottai,Pudukkottai,10.47777778,78.91666667,Mandangudi,"Dug Well",W02356,2012,'0,5.62,8.8,'0
TN,Pudukkottai,Gandarvakkottai,Gandarvakkottai,10.57361111,79.01666667,Gandharvakottai1,"Dug Well",W02343,2012,'0,1.02,1.2,5.52
TN,Pudukkottai,Pudukottai,Kunnandarkovil,10.46388889,78.84861111,Puttambur,"Bore Well",W02359,2012,'0,5.5,5.5,9.6
TN,Pudukkottai,Kulathur,Kunnandarkovil,10.58333333,78.89166667,Kunnandarkoil,"Bore Well",W02351,2012,'0,5.5,.5,7.5
TN,Pudukkottai,Kulathur,Viralimalai,10.60277778,78.56666667,Viralimalai-1,"Bore Well",W02353,2012,'0,1.38,3.1,4.9
TN,Pudukkottai,Kulathur,Kulathur,10.575,78.79166667,Keerannur1,"Dug Well",W02350,2012,'0,.76,2.14,3.69
TN,Pudukkottai,Kulathur,Kulathur,10.60833333,78.775,Thondaimanallur,"Bore Well",W02352,2012,'0,5,2.25,3.4
TN,Pudukkottai,Avudayarkoil,Manamelkudi,10.03888889,79.23333333,Manamelkudi1,"Dug Well",W02341,2012,'0,2.5,2.55,4.07
TN,Pudukkottai,Avudayarkoil,Manamelkudi,9.93333333,79.14166667,Mimisal1,"Dug Well",W02342,2011,.91,.33,.25,.65
TN,Pudukkottai,Kulathur,Kulathur,10.60833333,78.775,Thondaimanallur,"Bore Well",W02352,2011,5.52,1.91,6.4,4.18
TN,Pudukkottai,Avudayarkoil,Manamelkudi,10.13333333,79.225,Kattumavadi-dw,"Dug Well",W02340,2011,.6,.45,.92,2
TN,Pudukkottai,Avudayarkoil,Avudayarkoil,10.075,79.03361111,Avudaiyarkoil-1,"Dug Well",W02338,2011,2.88,1.06,1.21,2.36
TN,Pudukkottai,Aranthangi,Aranthangi,10.16666667,78.99583333,Arantangi,"Dug Well",W02334,2011,3.96,1.8,3.6,4.57
TN,Pudukkottai,Aranthangi,Aranthangi,10.16555556,79.125,Nakkudi1,"Dug Well",W02336,2011,5.2,1.95,3.67,5.05
TN,Pudukkottai,Aranthangi,Aranthangi,10.23055556,78.96777778,Erachi,"Dug Well",W02335,2011,2.3,.61,1.2,4
TN,Pudukkottai,Tirumayam,Thirumayam,10.24583333,78.75,Thirumayam-2,"Dug Well",W02365,2011,'0,1.08,'0,'0
TN,Pudukkottai,Tirumayam,Thirumayam,10.23333333,78.74583333,Thirumayam-1,"Bore Well",W02364,2011,1.92,2.13,1.87,5.37
TN,Pudukkottai,Tirumayam,Thirumayam,10.18333333,78.76388889,Pilamangalam-1,"Dug Well",W02363,2011,'0,2.1,'0,'0
TN,Pudukkottai,Tirumayam,Thirumayam,10.3125,78.68333333,Panaiyapatti,"Bore Well",W02362,2011,6.47,'0,'0,'0
TN,Pudukkottai,Alangudi,Tiruvarankulam,10.33333333,78.8625,Valathirakkotai,"Dug Well",W02333,2011,4.58,4.37,3.34,4.68
TN,Pudukkottai,Alangudi,Tiruvarankulam,10.35833333,78.98333333,Alangudi,"Dug Well",W02331,2011,11.97,2.66,7.74,11.1
TN,Pudukkottai,Tirumayam,Ponnamaravathi,10.31805556,78.575,Konnaiyur,"Bore Well",W02361,2011,5.9,1.35,.72,3.17
TN,Pudukkottai,Pudukottai,Pudukkottai,10.37916667,78.8,Pudukottai1,"Dug Well",W02358,2011,2.01,1.59,.71,2.31
TN,Pudukkottai,Pudukottai,Pudukkottai,10.38611111,78.80416667,Pudukkottai,"Bore Well",W02357,2011,5.67,3.22,4.6,5
TN,Pudukkottai,Kulathur,Annavasal,10.4125,78.66666667,Kudimianmalai1,"Dug Well",W02347,2011,2.57,1.48,.75,2.7
TN,Pudukkottai,Kulathur,Annavasal,10.45,78.70277778,Annavasal,"Bore Well",W02346,2011,4.58,3.6,5.5,6.1
TN,Pudukkottai,Alangudi,Karambakkudi,10.43027778,78.97861111,Sammattividuthi,"Dug Well",W02330,2011,.8,.62,2.2,6.54
TN,Pudukkottai,Pudukottai,Pudukkottai,10.53055556,78.96666667,Adanakottai,"Dug Well",W02355,2011,3.86,2.91,1.85,6.87
TN,Pudukkottai,Pudukottai,Pudukkottai,10.47777778,78.91666667,Mandangudi,"Dug Well",W02356,2011,7.84,3.32,8.2,7.2
TN,Pudukkottai,Gandarvakkottai,Gandarvakkottai,10.57361111,79.01666667,Gandharvakottai1,"Dug Well",W02343,2011,2.03,.6,.62,4.02
TN,Pudukkottai,Pudukottai,Kunnandarkovil,10.46388889,78.84861111,Puttambur,"Bore Well",W02359,2011,7.08,4.55,8.4,7.9
TN,Pudukkottai,Kulathur,Kunnandarkovil,10.58333333,78.89166667,Kunnandarkoil,"Bore Well",W02351,2011,7.5,3.25,8.9,6.9
TN,Pudukkottai,Kulathur,Viralimalai,10.60277778,78.56666667,Viralimalai-1,"Bore Well",W02353,2011,4.42,2.18,-.5,5.17
TN,Pudukkottai,Kulathur,Kulathur,10.575,78.79166667,Keerannur1,"Dug Well",W02350,2011,'0,'0,.94,3.34
TN,Pudukkottai,Avudayarkoil,Manamelkudi,10.03888889,79.23333333,Manamelkudi1,"Dug Well",W02341,2011,3.2,2.48,1.95,3.35
TN,Pudukkottai,Avudayarkoil,Manamelkudi,9.93333333,79.14166667,Mimisal1,"Dug Well",W02342,2010,.75,.35,.29,.67
TN,Pudukkottai,Kulathur,Viralimalai,10.60833333,78.55,Viralimalai-2,"Dug Well",W02354,2010,4.7,'0,'0,3.7
TN,Pudukkottai,Avudayarkoil,Manamelkudi,10.13333333,79.225,Kattumavadi-dw,"Dug Well",W02340,2010,5,.45,1.3,3.6
TN,Pudukkottai,Avudayarkoil,Avudayarkoil,10.075,79.03361111,Avudaiyarkoil-1,"Dug Well",W02338,2010,2.91,1.05,1.73,1.95
TN,Pudukkottai,Aranthangi,Aranthangi,10.16666667,78.99583333,Arantangi,"Dug Well",W02334,2010,4.9,1.42,2.72,4.5
TN,Pudukkottai,Aranthangi,Aranthangi,10.16555556,79.125,Nakkudi1,"Dug Well",W02336,2010,5.9,1.8,4.3,4.5
TN,Pudukkottai,Aranthangi,Aranthangi,10.23055556,78.96777778,Erachi,"Dug Well",W02335,2010,5.2,.98,1.3,3.64
TN,Pudukkottai,Tirumayam,Thirumayam,10.24583333,78.75,Thirumayam-2,"Dug Well",W02365,2010,4.8,'0,1.65,2.8
TN,Pudukkottai,Tirumayam,Thirumayam,10.23333333,78.74583333,Thirumayam-1,"Bore Well",W02364,2010,3.15,1.82,3.69,4.4
TN,Pudukkottai,Tirumayam,Thirumayam,10.18333333,78.76388889,Pilamangalam-1,"Dug Well",W02363,2010,6.3,1.49,1.7,5.47
TN,Pudukkottai,Tirumayam,Thirumayam,10.3125,78.68333333,Panaiyapatti,"Bore Well",W02362,2010,7.85,'0,7.75,'0
TN,Pudukkottai,Alangudi,Tiruvarankulam,10.33333333,78.8625,Valathirakkotai,"Dug Well",W02333,2010,4.19,4.45,4.89,4.39
TN,Pudukkottai,Alangudi,Tiruvarankulam,10.35833333,78.98333333,Alangudi,"Dug Well",W02331,2010,16.14,3.74,11.04,13.34
TN,Pudukkottai,Tirumayam,Ponnamaravathi,10.31805556,78.575,Konnaiyur,"Bore Well",W02361,2010,4.35,1.35,1.8,3.94
TN,Pudukkottai,Pudukottai,Pudukkottai,10.37916667,78.8,Pudukottai1,"Dug Well",W02358,2010,5.95,1.62,1.96,3.2
TN,Pudukkottai,Pudukottai,Pudukkottai,10.38611111,78.80416667,Pudukkottai,"Bore Well",W02357,2010,8.65,4.61,5.4,5.97
TN,Pudukkottai,Kulathur,Annavasal,10.4125,78.66666667,Kudimianmalai1,"Dug Well",W02347,2010,2.95,1,1,2.61
TN,Pudukkottai,Kulathur,Annavasal,10.45,78.70277778,Annavasal,"Bore Well",W02346,2010,7.72,3.45,5.4,6.35
TN,Pudukkottai,Alangudi,Karambakkudi,10.43027778,78.97861111,Sammattividuthi,"Dug Well",W02330,2010,11.3,.38,.61,9.5
TN,Pudukkottai,Pudukottai,Pudukkottai,10.53055556,78.96666667,Adanakottai,"Dug Well",W02355,2010,7.41,1.72,7.33,6.21
TN,Pudukkottai,Pudukottai,Pudukkottai,10.47777778,78.91666667,Mandangudi,"Dug Well",W02356,2010,8.85,4.45,7.7,7.99
TN,Pudukkottai,Gandarvakkottai,Gandarvakkottai,10.57361111,79.01666667,Gandharvakottai1,"Dug Well",W02343,2010,4.76,1.45,3.96,2.77
TN,Pudukkottai,Pudukottai,Kunnandarkovil,10.46388889,78.84861111,Puttambur,"Bore Well",W02359,2010,4.9,6.04,9,9.16
TN,Pudukkottai,Kulathur,Kunnandarkovil,10.58333333,78.89166667,Kunnandarkoil,"Bore Well",W02351,2010,10.15,4.45,9.3,7.95
TN,Pudukkottai,Kulathur,Viralimalai,10.60277778,78.56666667,Viralimalai-1,"Bore Well",W02353,2010,5.48,1.94,2.88,4.95
TN,Pudukkottai,Kulathur,Kulathur,10.57222222,78.79166667,Keerannur,"Dug Well",W02349,2010,4.44,'0,'0,'0
TN,Pudukkottai,Kulathur,Kulathur,10.575,78.79166667,Keerannur1,"Dug Well",W02350,2010,6.24,1.45,'0,5.04
TN,Pudukkottai,Kulathur,Kulathur,10.60833333,78.775,Thondaimanallur,"Bore Well",W02352,2010,7.72,3.72,7.08,6.55
TN,Pudukkottai,Gandarvakkottai,Gandarvakkottai,10.55,79.05,Pudupatti[east],"Dug Well",W02344,2010,'0,'0,'0,7.18
TN,Pudukkottai,Avudayarkoil,Manamelkudi,10.03888889,79.23333333,Manamelkudi1,"Dug Well",W02341,2010,3.88,2.33,3.35,3.52
TN,Pudukkottai,Avudayarkoil,Manamelkudi,9.93333333,79.14166667,Mimisal1,"Dug Well",W02342,2009,1.1,.35,.61,.6
TN,Pudukkottai,Kulathur,Viralimalai,10.60833333,78.55,Viralimalai-2,"Dug Well",W02354,2009,3.68,.87,5.06,2.9
TN,Pudukkottai,Avudayarkoil,Manamelkudi,10.13333333,79.225,Kattumavadi-dw,"Dug Well",W02340,2009,1.9,.9,.81,1.9
TN,Pudukkottai,Avudayarkoil,Avudayarkoil,10.075,79.03361111,Avudaiyarkoil-1,"Dug Well",W02338,2009,3.03,1.56,2.91,2.18
TN,Pudukkottai,Aranthangi,Aranthangi,10.16666667,78.99583333,Arantangi,"Dug Well",W02334,2009,3.78,2.2,3.28,2.75
TN,Pudukkottai,Aranthangi,Aranthangi,10.16555556,79.125,Nakkudi1,"Dug Well",W02336,2009,6.08,1.5,4.38,4.85
TN,Pudukkottai,Aranthangi,Aranthangi,10.23055556,78.96777778,Erachi,"Dug Well",W02335,2009,5.48,.79,3.39,4.05
TN,Pudukkottai,Tirumayam,Thirumayam,10.24583333,78.75,Thirumayam-2,"Dug Well",W02365,2009,3.9,'0,3.6,2.9
TN,Pudukkottai,Tirumayam,Thirumayam,10.23333333,78.74583333,Thirumayam-1,"Bore Well",W02364,2009,4.94,1.92,4.87,3.76
TN,Pudukkottai,Tirumayam,Thirumayam,10.18333333,78.76388889,Pilamangalam-1,"Dug Well",W02363,2009,6.36,1.6,6.83,5.2
TN,Pudukkottai,Tirumayam,Thirumayam,10.3125,78.68333333,Panaiyapatti,"Bore Well",W02362,2009,8.15,'0,8.88,6.83
TN,Pudukkottai,Alangudi,Tiruvarankulam,10.33333333,78.8625,Valathirakkotai,"Dug Well",W02333,2009,5.6,4.46,3.4,5.54
TN,Pudukkottai,Alangudi,Tiruvarankulam,10.35833333,78.98333333,Alangudi,"Dug Well",W02331,2009,17.11,3.64,14.3,13.19
TN,Pudukkottai,Tirumayam,Ponnamaravathi,10.31805556,78.575,Konnaiyur,"Bore Well",W02361,2009,4.18,.4,4.1,3.32
TN,Pudukkottai,Pudukottai,Pudukkottai,10.37916667,78.8,Pudukottai1,"Dug Well",W02358,2009,3.56,1.11,3.65,2.81
TN,Pudukkottai,Pudukottai,Pudukkottai,10.38611111,78.80416667,Pudukkottai,"Bore Well",W02357,2009,5.44,1.2,5.99,4.87
TN,Pudukkottai,Kulathur,Annavasal,10.4125,78.66666667,Kudimianmalai1,"Dug Well",W02347,2009,2.23,1.3,2.25,3.02
TN,Pudukkottai,Kulathur,Annavasal,10.45,78.70277778,Annavasal,"Bore Well",W02346,2009,6.75,'0,6.56,5.3
TN,Pudukkottai,Alangudi,Karambakkudi,10.43027778,78.97861111,Sammattividuthi,"Dug Well",W02330,2009,14.55,-.05,5.75,1.08
TN,Pudukkottai,Pudukottai,Pudukkottai,10.53055556,78.96666667,Adanakottai,"Dug Well",W02355,2009,7.66,2.33,5.87,6.58
TN,Pudukkottai,Pudukottai,Pudukkottai,10.47777778,78.91666667,Mandangudi,"Dug Well",W02356,2009,7.3,1.1,6.88,5.6
TN,Pudukkottai,Gandarvakkottai,Gandarvakkottai,10.57361111,79.01666667,Gandharvakottai1,"Dug Well",W02343,2009,5.12,3.6,2.08,3.37
TN,Pudukkottai,Pudukottai,Kunnandarkovil,10.46388889,78.84861111,Puttambur,"Bore Well",W02359,2009,7.2,4.6,8.83,5.74
TN,Pudukkottai,Kulathur,Kunnandarkovil,10.58333333,78.89166667,Kunnandarkoil,"Bore Well",W02351,2009,7.82,.5,9.6,6.3
TN,Pudukkottai,Kulathur,Viralimalai,10.60277778,78.56666667,Viralimalai-1,"Bore Well",W02353,2009,5.52,'0,4.23,4.85
TN,Pudukkottai,Kulathur,Kulathur,10.575,78.79166667,Keerannur1,"Dug Well",W02350,2009,5,1.64,5.68,4.03
TN,Pudukkottai,Kulathur,Kulathur,10.60833333,78.775,Thondaimanallur,"Bore Well",W02352,2009,6.22,1.9,6.75,4.37
TN,Pudukkottai,Gandarvakkottai,Gandarvakkottai,10.55,79.05,Pudupatti[east],"Dug Well",W02344,2009,6.83,3.51,3.12,6.36
TN,Pudukkottai,Avudayarkoil,Manamelkudi,10.03888889,79.23333333,Manamelkudi1,"Dug Well",W02341,2009,2.87,2.65,2.69,'0
TN,Pudukkottai,Avudayarkoil,Manamelkudi,9.93333333,79.14166667,Mimisal1,"Dug Well",W02342,2008,.65,.43,'0,.75
TN,Pudukkottai,Kulathur,Viralimalai,10.60833333,78.55,Viralimalai-2,"Dug Well",W02354,2008,'0,2.15,'0,2.1
TN,Pudukkottai,Avudayarkoil,Manamelkudi,10.13333333,79.225,Kattumavadi-dw,"Dug Well",W02340,2008,.25,.3,.29,.05
TN,Pudukkottai,Avudayarkoil,Avudayarkoil,10.075,79.03361111,Avudaiyarkoil-1,"Dug Well",W02338,2008,2.16,1.3,1.71,2.26
TN,Pudukkottai,Aranthangi,Aranthangi,10.16666667,78.99583333,Arantangi,"Dug Well",W02334,2008,4.91,.68,3.7,3.6
TN,Pudukkottai,Aranthangi,Aranthangi,10.16555556,79.125,Nakkudi1,"Dug Well",W02336,2008,4.5,1.6,3.08,4.5
TN,Pudukkottai,Aranthangi,Aranthangi,10.23055556,78.96777778,Erachi,"Dug Well",W02335,2008,.7,.75,1.6,1.7
TN,Pudukkottai,Tirumayam,Thirumayam,10.24583333,78.75,Thirumayam-2,"Dug Well",W02365,2008,1.2,1.2,7.1,2.1
TN,Pudukkottai,Tirumayam,Thirumayam,10.23333333,78.74583333,Thirumayam-1,"Bore Well",W02364,2008,2.07,1.92,2.07,2.47
TN,Pudukkottai,Tirumayam,Thirumayam,10.18333333,78.76388889,Pilamangalam-1,"Dug Well",W02363,2008,2,1.7,1.9,4.2
TN,Pudukkottai,Tirumayam,Thirumayam,10.3125,78.68333333,Panaiyapatti,"Bore Well",W02362,2008,8.55,9.28,'0,7.7
TN,Pudukkottai,Alangudi,Tiruvarankulam,10.33333333,78.8625,Valathirakkotai,"Dug Well",W02333,2008,3,5.4,'0,4.3
TN,Pudukkottai,Alangudi,Tiruvarankulam,10.35833333,78.98333333,Alangudi,"Dug Well",W02331,2008,12.4,6.18,11.79,9.2
TN,Pudukkottai,Tirumayam,Ponnamaravathi,10.31805556,78.575,Konnaiyur,"Bore Well",W02361,2008,3.6,1.68,1.2,3.1
TN,Pudukkottai,Pudukottai,Pudukkottai,10.37916667,78.8,Pudukottai1,"Dug Well",W02358,2008,5.15,1.25,1.21,2.5
TN,Pudukkottai,Pudukottai,Pudukkottai,10.38611111,78.80416667,Pudukkottai,"Bore Well",W02357,2008,5,3.2,3.8,4.5
TN,Pudukkottai,Kulathur,Annavasal,10.4125,78.66666667,Kudimianmalai1,"Dug Well",W02347,2008,1.9,.87,.85,1.9
TN,Pudukkottai,Kulathur,Annavasal,10.45,78.70277778,Annavasal,"Bore Well",W02346,2008,5.8,3.25,'0,4.4
TN,Pudukkottai,Alangudi,Karambakkudi,10.43027778,78.97861111,Sammattividuthi,"Dug Well",W02330,2008,4.1,.8,9.9,4.4
TN,Pudukkottai,Pudukottai,Pudukkottai,10.53055556,78.96666667,Adanakottai,"Dug Well",W02355,2008,7.5,2.05,5.83,6
TN,Pudukkottai,Pudukottai,Pudukkottai,10.47777778,78.91666667,Mandangudi,"Dug Well",W02356,2008,3.5,3.2,5.6,5.9
TN,Pudukkottai,Gandarvakkottai,Gandarvakkottai,10.57361111,79.01666667,Gandharvakottai1,"Dug Well",W02343,2008,4.3,.85,2.3,1.4
TN,Pudukkottai,Pudukottai,Kunnandarkovil,10.46388889,78.84861111,Puttambur,"Bore Well",W02359,2008,7.75,3.9,2.5,4.8
TN,Pudukkottai,Kulathur,Kunnandarkovil,10.58333333,78.89166667,Kunnandarkoil,"Bore Well",W02351,2008,8.6,7.75,8.1,7.2
TN,Pudukkottai,Kulathur,Viralimalai,10.60277778,78.56666667,Viralimalai-1,"Bore Well",W02353,2008,'0,2.25,'0,4.55
TN,Pudukkottai,Kulathur,Kulathur,10.575,78.79166667,Keerannur1,"Dug Well",W02350,2008,4,3.2,3.34,3.1
TN,Pudukkottai,Kulathur,Kulathur,10.60833333,78.775,Thondaimanallur,"Bore Well",W02352,2008,6.4,1.4,2.28,2.3
TN,Pudukkottai,Gandarvakkottai,Gandarvakkottai,10.55,79.05,Pudupatti[east],"Dug Well",W02344,2008,6.6,2.6,'0,6.7
TN,Pudukkottai,Avudayarkoil,Manamelkudi,10.03888889,79.23333333,Manamelkudi1,"Dug Well",W02341,2008,1.45,1.3,.8,1.75
TN,Pudukkottai,Avudayarkoil,Manamelkudi,9.93333333,79.14166667,Mimisal1,"Dug Well",W02342,2007,1.35,.58,.4,1.33
TN,Pudukkottai,Kulathur,Viralimalai,10.60833333,78.55,Viralimalai-2,"Dug Well",W02354,2007,6.24,2.25,4.8,4.05
TN,Pudukkottai,Avudayarkoil,Manamelkudi,10.13333333,79.225,Kattumavadi-dw,"Dug Well",W02340,2007,2.4,'0,.3,1.95
TN,Pudukkottai,Avudayarkoil,Avudayarkoil,10.075,79.03361111,Avudaiyarkoil-1,"Dug Well",W02338,2007,3.82,1.34,2.83,3.09
TN,Pudukkottai,Aranthangi,Aranthangi,10.16666667,78.99583333,Arantangi,"Dug Well",W02334,2007,2.82,1.68,1.3,3.08
TN,Pudukkottai,Aranthangi,Aranthangi,10.16555556,79.125,Nakkudi1,"Dug Well",W02336,2007,'0,2.4,3.05,6.3
TN,Pudukkottai,Aranthangi,Aranthangi,10.23055556,78.96777778,Erachi,"Dug Well",W02335,2007,2.8,1.48,.9,4.32
TN,Pudukkottai,Tirumayam,Thirumayam,10.24583333,78.75,Thirumayam-2,"Dug Well",W02365,2007,3.42,1.65,2.7,3.77
TN,Pudukkottai,Tirumayam,Thirumayam,10.23333333,78.74583333,Thirumayam-1,"Bore Well",W02364,2007,4.19,2.67,4.2,17.09
TN,Pudukkottai,Tirumayam,Thirumayam,10.18333333,78.76388889,Pilamangalam-1,"Dug Well",W02363,2007,7.22,3.6,6.6,6.62
TN,Pudukkottai,Alangudi,Tiruvarankulam,10.29305556,78.91666667,S.kalavaypatti,"Dug Well",W02332,2007,'0,4.93,'0,9.73
TN,Pudukkottai,Tirumayam,Thirumayam,10.3125,78.68333333,Panaiyapatti,"Bore Well",W02362,2007,10,'0,10.3,'0
TN,Pudukkottai,Alangudi,Tiruvarankulam,10.33333333,78.8625,Valathirakkotai,"Dug Well",W02333,2007,3.7,5.25,5.5,5.3
TN,Pudukkottai,Alangudi,Tiruvarankulam,10.35833333,78.98333333,Alangudi,"Dug Well",W02331,2007,13.2,3.78,11.4,14.12
TN,Pudukkottai,Tirumayam,Ponnamaravathi,10.31805556,78.575,Konnaiyur,"Bore Well",W02361,2007,5.24,1.7,5.14,3.9
TN,Pudukkottai,Pudukottai,Pudukkottai,10.37916667,78.8,Pudukottai1,"Dug Well",W02358,2007,4.18,1.45,2.85,3.86
TN,Pudukkottai,Pudukottai,Pudukkottai,10.38611111,78.80416667,Pudukkottai,"Bore Well",W02357,2007,6.1,5.82,4.38,4.73
TN,Pudukkottai,Kulathur,Annavasal,10.4125,78.66666667,Kudimianmalai1,"Dug Well",W02347,2007,2.2,1.7,3.9,2.92
TN,Pudukkottai,Kulathur,Annavasal,10.45,78.70277778,Annavasal,"Bore Well",W02346,2007,6.8,5.46,4.95,6.62
TN,Pudukkottai,Alangudi,Karambakkudi,10.43027778,78.97861111,Sammattividuthi,"Dug Well",W02330,2007,9.47,5.95,3.2,11.92
TN,Pudukkottai,Pudukottai,Pudukkottai,10.53055556,78.96666667,Adanakottai,"Dug Well",W02355,2007,5.31,6.8,5.6,7.47
TN,Pudukkottai,Pudukottai,Pudukkottai,10.47777778,78.91666667,Mandangudi,"Dug Well",W02356,2007,7.8,5,7.37,7.67
TN,Pudukkottai,Gandarvakkottai,Gandarvakkottai,10.57361111,79.01666667,Gandharvakottai1,"Dug Well",W02343,2007,2.4,1.88,1.4,4.67
TN,Pudukkottai,Pudukottai,Kunnandarkovil,10.46388889,78.84861111,Puttambur,"Bore Well",W02359,2007,9.6,4.28,8.18,7.72
TN,Pudukkottai,Kulathur,Kunnandarkovil,10.58333333,78.89166667,Kunnandarkoil,"Bore Well",W02351,2007,11,2.82,10.7,9.56
TN,Pudukkottai,Kulathur,Viralimalai,10.60277778,78.56666667,Viralimalai-1,"Bore Well",W02353,2007,5.2,4.02,5.5,5.86
TN,Pudukkottai,Kulathur,Kulathur,10.575,78.79166667,Keerannur1,"Dug Well",W02350,2007,7.17,3.84,5.6,4.06
TN,Pudukkottai,Kulathur,Kulathur,10.60833333,78.775,Thondaimanallur,"Bore Well",W02352,2007,10.02,7.6,7.06,9.2
TN,Pudukkottai,Gandarvakkottai,Gandarvakkottai,10.55,79.05,Pudupatti[east],"Dug Well",W02344,2007,7.01,6.88,6.15,7.5
TN,Pudukkottai,Avudayarkoil,Manamelkudi,10.03888889,79.23333333,Manamelkudi1,"Dug Well",W02341,2007,3.25,1.96,1.85,3.09
TN,Pudukkottai,Avudayarkoil,Manamelkudi,9.93333333,79.14166667,Mimisal1,"Dug Well",W02342,2006,.75,.55,.27,.85
TN,Pudukkottai,Avudayarkoil,Manamelkudi,10.03888889,79.23333333,Manamelkudi1,"Dug Well",W02341,2006,3.7,2.2,1.78,2.85
TN,Pudukkottai,Avudayarkoil,Manamelkudi,10.13333333,79.225,Kattumavadi-dw,"Dug Well",W02340,2006,2.8,.91,1.23,2.25
TN,Pudukkottai,Avudayarkoil,Avudayarkoil,10.075,79.03361111,Avudaiyarkoil-1,"Dug Well",W02338,2006,3.14,1.71,1.21,2.26
TN,Pudukkottai,Aranthangi,Aranthangi,10.16666667,78.99583333,Arantangi,"Dug Well",W02334,2006,2.1,1.6,.6,2.75
TN,Pudukkottai,Aranthangi,Aranthangi,10.16555556,79.125,Nakkudi1,"Dug Well",W02336,2006,5.55,3.1,2.5,5.5
TN,Pudukkottai,Aranthangi,Aranthangi,10.23055556,78.96777778,Erachi,"Dug Well",W02335,2006,3.68,1.03,1.65,2.92
TN,Pudukkottai,Tirumayam,Thirumayam,10.24583333,78.75,Thirumayam-2,"Dug Well",W02365,2006,'0,2.25,1.6,'0
TN,Pudukkottai,Tirumayam,Thirumayam,10.23333333,78.74583333,Thirumayam-1,"Bore Well",W02364,2006,4.57,1.53,3.34,4.56
TN,Pudukkottai,Tirumayam,Thirumayam,10.18333333,78.76388889,Pilamangalam-1,"Dug Well",W02363,2006,5.75,1.27,'0,3.71
TN,Pudukkottai,Alangudi,Tiruvarankulam,10.29305556,78.91666667,S.kalavaypatti,"Dug Well",W02332,2006,9.73,9.04,8.05,8.2
TN,Pudukkottai,Tirumayam,Thirumayam,10.3125,78.68333333,Panaiyapatti,"Bore Well",W02362,2006,7.9,'0,'0,4.82
TN,Pudukkottai,Alangudi,Tiruvarankulam,10.33333333,78.8625,Valathirakkotai,"Dug Well",W02333,2006,4.85,4.05,2.85,5.3
TN,Pudukkottai,Alangudi,Tiruvarankulam,10.35833333,78.98333333,Alangudi,"Dug Well",W02331,2006,16.75,3.45,4.85,9.5
TN,Pudukkottai,Tirumayam,Ponnamaravathi,10.31805556,78.575,Konnaiyur,"Bore Well",W02361,2006,5.1,2.38,4.65,1.9
TN,Pudukkottai,Pudukottai,Pudukkottai,10.37916667,78.8,Pudukottai1,"Dug Well",W02358,2006,3.8,1.18,1.3,3.14
TN,Pudukkottai,Pudukottai,Pudukkottai,10.38611111,78.80416667,Pudukkottai,"Bore Well",W02357,2006,5,1.95,4,4.6
TN,Pudukkottai,Kulathur,Annavasal,10.4125,78.66666667,Kudimianmalai1,"Dug Well",W02347,2006,1.65,1.78,.8,2.6
TN,Pudukkottai,Kulathur,Annavasal,10.45,78.70277778,Annavasal,"Bore Well",W02346,2006,'0,4.57,'0,6.55
TN,Pudukkottai,Alangudi,Karambakkudi,10.43027778,78.97861111,Sammattividuthi,"Dug Well",W02330,2006,13.08,6.5,.85,7.65
TN,Pudukkottai,Pudukottai,Pudukkottai,10.53055556,78.96666667,Adanakottai,"Dug Well",W02355,2006,5.75,4.35,5.65,6.35
TN,Pudukkottai,Pudukottai,Pudukkottai,10.47777778,78.91666667,Mandangudi,"Dug Well",W02356,2006,6.5,2.11,5.7,5
TN,Pudukkottai,Gandarvakkottai,Gandarvakkottai,10.57361111,79.01666667,Gandharvakottai1,"Dug Well",W02343,2006,4.15,6.3,1.15,2.55
TN,Pudukkottai,Pudukottai,Kunnandarkovil,10.46388889,78.84861111,Puttambur,"Bore Well",W02359,2006,7.35,2.5,6.72,5.31
TN,Pudukkottai,Kulathur,Kunnandarkovil,10.58333333,78.89166667,Kunnandarkoil,"Bore Well",W02351,2006,8.9,3.2,8.3,6.6
TN,Pudukkottai,Kulathur,Viralimalai,10.60277778,78.56666667,Viralimalai-1,"Bore Well",W02353,2006,5.55,1.47,3.05,2.22
TN,Pudukkottai,Kulathur,Kulathur,10.575,78.79166667,Keerannur1,"Dug Well",W02350,2006,5.2,2.12,3.9,4.6
TN,Pudukkottai,Kulathur,Kulathur,10.60833333,78.775,Thondaimanallur,"Bore Well",W02352,2006,6.1,2.32,6.89,4.5
TN,Pudukkottai,Gandarvakkottai,Gandarvakkottai,10.55,79.05,Pudupatti[east],"Dug Well",W02344,2006,7.8,2.82,6.05,8.25
TN,Pudukkottai,Kulathur,Viralimalai,10.60833333,78.55,Viralimalai-2,"Dug Well",W02354,2006,6.6,1.3,2.5,2.64
TN,Pudukkottai,Gandarvakkottai,Gandarvakkottai,10.57361111,79.01666667,Gandharvakottai1,"Dug Well",W02343,2005,9.1,2.9,.5,3.17
TN,Pudukkottai,Tirumayam,Thirumayam,10.18333333,78.76388889,Pilamangalam-1,"Dug Well",W02363,2005,'0,'0,6.95,'0
TN,Pudukkottai,Kulathur,Kunnandarkovil,10.58333333,78.89166667,Kunnandarkoil,"Bore Well",W02351,2005,9.48,4.6,6.35,7.18
TN,Pudukkottai,Kulathur,Viralimalai,10.60277778,78.56666667,Viralimalai-1,"Bore Well",W02353,2005,7.01,3.04,1.6,5.42
TN,Pudukkottai,Kulathur,Kulathur,10.575,78.79166667,Keerannur1,"Dug Well",W02350,2005,8.5,7.22,2,8.89
TN,Pudukkottai,Kulathur,Kulathur,10.60833333,78.775,Thondaimanallur,"Bore Well",W02352,2005,9.5,2.88,4.6,8.3
TN,Pudukkottai,Gandarvakkottai,Gandarvakkottai,10.55,79.05,Pudupatti[east],"Dug Well",W02344,2005,7.8,4.49,6.31,9.21
TN,Pudukkottai,Kulathur,Viralimalai,10.60833333,78.55,Viralimalai-2,"Dug Well",W02354,2005,5.2,3.25,3.42,4.79
TN,Pudukkottai,Alangudi,Tiruvarankulam,10.29305556,78.91666667,S.kalavaypatti,"Dug Well",W02332,2005,9.7,5.3,9.32,7.75
TN,Pudukkottai,Tirumayam,Thirumayam,10.3125,78.68333333,Panaiyapatti,"Bore Well",W02362,2005,'0,-.9,'0,9.51
TN,Pudukkottai,Alangudi,Tiruvarankulam,10.33333333,78.8625,Valathirakkotai,"Dug Well",W02333,2005,6.36,6.34,4.19,6.54
TN,Pudukkottai,Alangudi,Tiruvarankulam,10.35833333,78.98333333,Alangudi,"Dug Well",W02331,2005,14.91,5.76,11.64,13.86
TN,Pudukkottai,Tirumayam,Ponnamaravathi,10.31805556,78.575,Konnaiyur,"Bore Well",W02361,2005,6.98,3.9,3.6,5.75
TN,Pudukkottai,Pudukottai,Pudukkottai,10.37916667,78.8,Pudukottai1,"Dug Well",W02358,2005,5.21,2.11,.35,3.65
TN,Pudukkottai,Pudukottai,Pudukkottai,10.38611111,78.80416667,Pudukkottai,"Bore Well",W02357,2005,5.2,3.95,.7,4.51
TN,Pudukkottai,Kulathur,Annavasal,10.4125,78.66666667,Kudimianmalai1,"Dug Well",W02347,2005,1.7,2.4,.75,2.84
TN,Pudukkottai,Kulathur,Annavasal,10.45,78.70277778,Annavasal,"Bore Well",W02346,2005,'0,-.4,5.52,7.33
TN,Pudukkottai,Alangudi,Karambakkudi,10.43027778,78.97861111,Sammattividuthi,"Dug Well",W02330,2005,11.6,6.6,4.5,8.82
TN,Pudukkottai,Pudukottai,Pudukkottai,10.53055556,78.96666667,Adanakottai,"Dug Well",W02355,2005,4.55,3.62,2.08,5.79
TN,Pudukkottai,Pudukottai,Pudukkottai,10.47777778,78.91666667,Mandangudi,"Dug Well",W02356,2005,6.05,2.1,.1,6.66
TN,Pudukkottai,Avudayarkoil,Manamelkudi,9.93333333,79.14166667,Mimisal1,"Dug Well",W02342,2005,1.05,1,.3,.7
TN,Pudukkottai,Avudayarkoil,Manamelkudi,10.03888889,79.23333333,Manamelkudi1,"Dug Well",W02341,2005,2.82,2.65,2.86,3.3
TN,Pudukkottai,Avudayarkoil,Manamelkudi,10.13333333,79.225,Kattumavadi-dw,"Dug Well",W02340,2005,'0,.68,1.3,1.59
TN,Pudukkottai,Avudayarkoil,Avudayarkoil,10.075,79.03361111,Avudaiyarkoil-1,"Dug Well",W02338,2005,2.91,2.11,1.26,2.98
TN,Pudukkottai,Aranthangi,Aranthangi,10.16666667,78.99583333,Arantangi,"Dug Well",W02334,2005,2.2,1.31,.8,2.16
TN,Pudukkottai,Aranthangi,Aranthangi,10.16555556,79.125,Nakkudi1,"Dug Well",W02336,2005,4.93,2.02,1.7,4.23
TN,Pudukkottai,Aranthangi,Aranthangi,10.23055556,78.96777778,Erachi,"Dug Well",W02335,2005,4.67,1.82,.7,4.9
TN,Pudukkottai,Tirumayam,Thirumayam,10.24583333,78.75,Thirumayam-2,"Dug Well",W02365,2005,3.55,'0,2.01,'0
TN,Pudukkottai,Tirumayam,Thirumayam,10.23333333,78.74583333,Thirumayam-1,"Bore Well",W02364,2005,5.92,2.67,2.67,4.68
TN,Pudukkottai,Pudukottai,Kunnandarkovil,10.46388889,78.84861111,Puttambur,"Bore Well",W02359,2005,9.35,6,7.1,7.53
TN,Pudukkottai,Gandarvakkottai,Gandarvakkottai,10.57361111,79.01666667,Gandharvakottai1,"Dug Well",W02343,2004,5.8,2.82,.28,2.4
TN,Pudukkottai,Aranthangi,Aranthangi,10.20833333,79.07083333,Vilanur(tw),"Bore Well",W02337,2004,'0,15.62,'0,'0
TN,Pudukkottai,Kulathur,Kunnandarkovil,10.58333333,78.89166667,Kunnandarkoil,"Bore Well",W02351,2004,9.35,7.2,6.9,8.52
TN,Pudukkottai,Kulathur,Viralimalai,10.60277778,78.56666667,Viralimalai-1,"Bore Well",W02353,2004,7.42,5.77,2.73,5.85
TN,Pudukkottai,Kulathur,Kulathur,10.575,78.79166667,Keerannur1,"Dug Well",W02350,2004,10.1,8.43,8.55,9.05
TN,Pudukkottai,Kulathur,Kulathur,10.60833333,78.775,Thondaimanallur,"Bore Well",W02352,2004,9.31,9.02,7.5,8
TN,Pudukkottai,Gandarvakkottai,Gandarvakkottai,10.55,79.05,Pudupatti[east],"Dug Well",W02344,2004,8.61,4.93,3.01,4.02
TN,Pudukkottai,Kulathur,Viralimalai,10.60833333,78.55,Viralimalai-2,"Dug Well",W02354,2004,'0,6.44,4.95,7.12
TN,Pudukkottai,Alangudi,Tiruvarankulam,10.29305556,78.91666667,S.kalavaypatti,"Dug Well",W02332,2004,9.73,5.5,6.36,9.73
TN,Pudukkottai,Tirumayam,Thirumayam,10.3125,78.68333333,Panaiyapatti,"Bore Well",W02362,2004,'0,'0,10.1,'0
TN,Pudukkottai,Alangudi,Tiruvarankulam,10.33333333,78.8625,Valathirakkotai,"Dug Well",W02333,2004,4.95,6.85,3.19,3.59
TN,Pudukkottai,Alangudi,Tiruvarankulam,10.35833333,78.98333333,Alangudi,"Dug Well",W02331,2004,15.34,9.94,7.44,12.81
TN,Pudukkottai,Tirumayam,Ponnamaravathi,10.31805556,78.575,Konnaiyur,"Bore Well",W02361,2004,10.6,8.65,5.42,10.3
TN,Pudukkottai,Pudukottai,Pudukkottai,10.37916667,78.8,Pudukottai1,"Dug Well",W02358,2004,5.81,3.99,4.17,4.81
TN,Pudukkottai,Pudukottai,Pudukkottai,10.38611111,78.80416667,Pudukkottai,"Bore Well",W02357,2004,6.3,5.61,3.7,6.04
TN,Pudukkottai,Kulathur,Annavasal,10.4125,78.66666667,Kudimianmalai1,"Dug Well",W02347,2004,2.72,1.82,'0,2.45
TN,Pudukkottai,Kulathur,Annavasal,10.45,78.70277778,Annavasal,"Bore Well",W02346,2004,'0,'0,7.58,'0
TN,Pudukkottai,Alangudi,Karambakkudi,10.43027778,78.97861111,Sammattividuthi,"Dug Well",W02330,2004,12.4,8.45,5.2,8.27
TN,Pudukkottai,Pudukottai,Pudukkottai,10.53055556,78.96666667,Adanakottai,"Dug Well",W02355,2004,7.43,7.31,.95,6.08
TN,Pudukkottai,Pudukottai,Pudukkottai,10.47777778,78.91666667,Mandangudi,"Dug Well",W02356,2004,8.5,5,1.45,7.98
TN,Pudukkottai,Avudayarkoil,Manamelkudi,9.93333333,79.14166667,Mimisal1,"Dug Well",W02342,2004,1.45,.81,.3,.88
TN,Pudukkottai,Avudayarkoil,Manamelkudi,10.03888889,79.23333333,Manamelkudi1,"Dug Well",W02341,2004,4.03,3.33,2.1,3.4
TN,Pudukkottai,Avudayarkoil,Manamelkudi,10.13333333,79.225,Kattumavadi-dw,"Dug Well",W02340,2004,1.8,'0,.38,.87
TN,Pudukkottai,Avudayarkoil,Avudayarkoil,10.075,79.03361111,Avudaiyarkoil-1,"Dug Well",W02338,2004,4.26,2.88,2.31,4.24
TN,Pudukkottai,Aranthangi,Aranthangi,10.16666667,78.99583333,Arantangi,"Dug Well",W02334,2004,2.7,1.79,.7,2.25
TN,Pudukkottai,Aranthangi,Aranthangi,10.16555556,79.125,Nakkudi1,"Dug Well",W02336,2004,6,3.77,2.15,4.87
TN,Pudukkottai,Aranthangi,Aranthangi,10.23055556,78.96777778,Erachi,"Dug Well",W02335,2004,5,2.74,1.58,3.9
TN,Pudukkottai,Tirumayam,Thirumayam,10.23333333,78.74583333,Thirumayam-1,"Bore Well",W02364,2004,8.2,3.27,1.99,6.26
TN,Pudukkottai,Pudukottai,Kunnandarkovil,10.46388889,78.84861111,Puttambur,"Bore Well",W02359,2004,11.02,8.22,8.08,4.9
TN,Pudukkottai,Gandarvakkottai,Gandarvakkottai,10.57361111,79.01666667,Gandharvakottai1,"Dug Well",W02343,2003,5.79,3.2,3.28,'0
TN,Pudukkottai,Aranthangi,Aranthangi,10.20833333,79.07083333,Vilanur(tw),"Bore Well",W02337,2003,'0,14.75,'0,14.02
TN,Pudukkottai,Kulathur,Kunnandarkovil,10.58333333,78.89166667,Kunnandarkoil,"Bore Well",W02351,2003,10.36,7.1,9.44,8.18
TN,Pudukkottai,Kulathur,Viralimalai,10.60277778,78.56666667,Viralimalai-1,"Bore Well",W02353,2003,7.96,'0,6.54,'0
TN,Pudukkottai,Kulathur,Kulathur,10.575,78.79166667,Keerannur1,"Dug Well",W02350,2003,7.64,3.56,8.37,7.8
TN,Pudukkottai,Kulathur,Kulathur,10.60833333,78.775,Thondaimanallur,"Bore Well",W02352,2003,'0,5.89,7.42,7.59
TN,Pudukkottai,Gandarvakkottai,Gandarvakkottai,10.55,79.05,Pudupatti[east],"Dug Well",W02344,2003,4.25,'0,4.93,15.46
TN,Pudukkottai,Kulathur,Viralimalai,10.60833333,78.55,Viralimalai-2,"Dug Well",W02354,2003,7.2,'0,'0,7.75
TN,Pudukkottai,Alangudi,Tiruvarankulam,10.29305556,78.91666667,S.kalavaypatti,"Dug Well",W02332,2003,5.34,5.2,6.56,'0
TN,Pudukkottai,Alangudi,Tiruvarankulam,10.33333333,78.8625,Valathirakkotai,"Dug Well",W02333,2003,3.7,4.31,2.95,'0
TN,Pudukkottai,Alangudi,Tiruvarankulam,10.35833333,78.98333333,Alangudi,"Dug Well",W02331,2003,15.56,14.54,9.08,17.49
TN,Pudukkottai,Tirumayam,Ponnamaravathi,10.31805556,78.575,Konnaiyur,"Bore Well",W02361,2003,6.66,5,9.25,8.83
TN,Pudukkottai,Pudukottai,Pudukkottai,10.37916667,78.8,Pudukottai1,"Dug Well",W02358,2003,4.94,2.72,3.9,5.2
TN,Pudukkottai,Pudukottai,Pudukkottai,10.38611111,78.80416667,Pudukkottai,"Bore Well",W02357,2003,7,5.33,5.93,6.83
TN,Pudukkottai,Kulathur,Annavasal,10.4125,78.66666667,Kudimianmalai1,"Dug Well",W02347,2003,2.47,1.94,1.11,3.25
TN,Pudukkottai,Alangudi,Karambakkudi,10.43027778,78.97861111,Sammattividuthi,"Dug Well",W02330,2003,'0,10.36,11.3,'0
TN,Pudukkottai,Pudukottai,Pudukkottai,10.53055556,78.96666667,Adanakottai,"Dug Well",W02355,2003,8.13,6.6,8.46,'0
TN,Pudukkottai,Pudukottai,Pudukkottai,10.47777778,78.91666667,Mandangudi,"Dug Well",W02356,2003,6.02,4.22,'0,6.64
TN,Pudukkottai,Avudayarkoil,Manamelkudi,9.93333333,79.14166667,Mimisal1,"Dug Well",W02342,2003,.75,'0,.64,.93
TN,Pudukkottai,Avudayarkoil,Manamelkudi,10.03888889,79.23333333,Manamelkudi1,"Dug Well",W02341,2003,3.84,2.7,3.76,3.9
TN,Pudukkottai,Avudayarkoil,Manamelkudi,10.13333333,79.225,Kattumavadi-dw,"Dug Well",W02340,2003,2.22,1.44,'0,1.86
TN,Pudukkottai,Avudayarkoil,Avudayarkoil,10.075,79.03361111,Avudaiyarkoil-1,"Dug Well",W02338,2003,3.44,2.11,3.37,3.31
TN,Pudukkottai,Aranthangi,Aranthangi,10.16666667,78.99583333,Arantangi,"Dug Well",W02334,2003,6.76,.95,2.65,'0
TN,Pudukkottai,Aranthangi,Aranthangi,10.16555556,79.125,Nakkudi1,"Dug Well",W02336,2003,5.86,3.26,5.29,5.42
TN,Pudukkottai,Aranthangi,Aranthangi,10.23055556,78.96777778,Erachi,"Dug Well",W02335,2003,5.19,1.68,3.35,'0
TN,Pudukkottai,Tirumayam,Thirumayam,10.24583333,78.75,Thirumayam-2,"Dug Well",W02365,2003,'0,2.22,'0,3.66
TN,Pudukkottai,Tirumayam,Thirumayam,10.23333333,78.74583333,Thirumayam-1,"Bore Well",W02364,2003,3.41,3.19,2.97,8.13
TN,Pudukkottai,Pudukottai,Kunnandarkovil,10.46388889,78.84861111,Puttambur,"Bore Well",W02359,2003,'0,7.58,8.62,8.61
TN,Pudukkottai,Kulathur,Annavasal,10.50416667,78.77777778,Ponnadimalai1,"Dug Well",W02348,2002,'0,9.3,6.7,'0
TN,Pudukkottai,Aranthangi,Aranthangi,10.20833333,79.07083333,Vilanur(tw),"Bore Well",W02337,2002,22.9,18.6,15.9,16.05
TN,Pudukkottai,Pudukottai,Kunnandarkovil,10.46388889,78.84861111,Puttambur,"Bore Well",W02359,2002,6.98,5.1,10.05,6.02
TN,Pudukkottai,Kulathur,Kunnandarkovil,10.58333333,78.89166667,Kunnandarkoil,"Bore Well",W02351,2002,7.4,'0,7.35,5.94
TN,Pudukkottai,Kulathur,Viralimalai,10.60277778,78.56666667,Viralimalai-1,"Bore Well",W02353,2002,8.57,3.32,4.8,7.35
TN,Pudukkottai,Kulathur,Kulathur,10.57222222,78.79166667,Keerannur,"Dug Well",W02349,2002,4.5,7.8,2.9,6.24
TN,Pudukkottai,Kulathur,Kulathur,10.60833333,78.775,Thondaimanallur,"Bore Well",W02352,2002,6.5,4.4,4.8,6.02
TN,Pudukkottai,Gandarvakkottai,Gandarvakkottai,10.55,79.05,Pudupatti[east],"Dug Well",W02344,2002,'0,'0,5.3,5.89
TN,Pudukkottai,Gandarvakkottai,Gandarvakkottai,10.64166667,79.05,Thethuvasalpati,"Dug Well",W02345,2002,'0,8.89,7.39,'0
TN,Pudukkottai,Kulathur,Viralimalai,10.60833333,78.55,Viralimalai-2,"Dug Well",W02354,2002,'0,5.9,'0,'0
TN,Pudukkottai,Alangudi,Tiruvarankulam,10.29305556,78.91666667,S.kalavaypatti,"Dug Well",W02332,2002,9.85,7.05,6.45,6.75
TN,Pudukkottai,Tirumayam,Thirumayam,10.3125,78.68333333,Panaiyapatti,"Bore Well",W02362,2002,'0,9.5,'0,'0
TN,Pudukkottai,Alangudi,Tiruvarankulam,10.33333333,78.8625,Valathirakkotai,"Dug Well",W02333,2002,5.34,5.84,2.24,4.43
TN,Pudukkottai,Alangudi,Tiruvarankulam,10.35833333,78.98333333,Alangudi,"Dug Well",W02331,2002,14.94,9.54,12.5,10.63
TN,Pudukkottai,Tirumayam,Ponnamaravathi,10.31805556,78.575,Konnaiyur,"Bore Well",W02361,2002,8.2,7,13,6.38
TN,Pudukkottai,Pudukottai,Pudukkottai,10.37916667,78.8,Pudukottai1,"Dug Well",W02358,2002,3.5,1.2,1.3,1.72
TN,Pudukkottai,Pudukottai,Pudukkottai,10.38611111,78.80416667,Pudukkottai,"Bore Well",W02357,2002,5.1,4.5,6.3,3.61
TN,Pudukkottai,Kulathur,Annavasal,10.4125,78.66666667,Kudimianmalai1,"Dug Well",W02347,2002,3.89,1.69,1.29,2.65
TN,Pudukkottai,Kulathur,Annavasal,10.45,78.70277778,Annavasal,"Bore Well",W02346,2002,'0,6,'0,'0
TN,Pudukkottai,Alangudi,Karambakkudi,10.43027778,78.97861111,Sammattividuthi,"Dug Well",W02330,2002,9.3,6.65,8.9,6.63
TN,Pudukkottai,Pudukottai,Pudukkottai,10.53055556,78.96666667,Adanakottai,"Dug Well",W02355,2002,7.73,5.53,7.63,6.79
TN,Pudukkottai,Pudukottai,Pudukkottai,10.47777778,78.91666667,Mandangudi,"Dug Well",W02356,2002,5.9,1.1,4,3.4
TN,Pudukkottai,Avudayarkoil,Manamelkudi,9.93333333,79.14166667,Mimisal1,"Dug Well",W02342,2002,.95,.55,.35,.97
TN,Pudukkottai,Avudayarkoil,Manamelkudi,10.03888889,79.23333333,Manamelkudi1,"Dug Well",W02341,2002,3.95,2.55,1.5,3.11
TN,Pudukkottai,Avudayarkoil,Manamelkudi,10.13333333,79.225,Kattumavadi-dw,"Dug Well",W02340,2002,2.3,1.2,.9,1.12
TN,Pudukkottai,Avudayarkoil,Avudayarkoil,10.075,79.03361111,Avudaiyarkoil-1,"Dug Well",W02338,2002,3.66,2.56,1.61,2.62
TN,Pudukkottai,Aranthangi,Aranthangi,10.16666667,78.99583333,Arantangi,"Dug Well",W02334,2002,3.2,2.5,1,1.56
TN,Pudukkottai,Aranthangi,Aranthangi,10.16555556,79.125,Nakkudi1,"Dug Well",W02336,2002,5.8,4.2,3.3,4.4
TN,Pudukkottai,Tirumayam,Arimalam,10.17083333,78.90416667,Kelanilapudupat,"Dug Well",W02360,2002,2.5,2.3,1.8,2.52
TN,Pudukkottai,Aranthangi,Aranthangi,10.23055556,78.96777778,Erachi,"Dug Well",W02335,2002,5.1,1.9,1.2,2.9
TN,Pudukkottai,Tirumayam,Thirumayam,10.24583333,78.75,Thirumayam-2,"Dug Well",W02365,2002,4.2,1.8,1,3.02
TN,Pudukkottai,Tirumayam,Thirumayam,10.23333333,78.74583333,Thirumayam-1,"Bore Well",W02364,2002,5.02,2.27,1.17,3.97
TN,Pudukkottai,Gandarvakkottai,Gandarvakkottai,10.57361111,79.01666667,Gandharvakottai1,"Dug Well",W02343,2002,7.4,1.4,2.25,3.1
TN,Pudukkottai,Kulathur,Annavasal,10.50416667,78.77777778,Ponnadimalai1,"Dug Well",W02348,2001,9.93,4.27,'0,8.45
TN,Pudukkottai,Alangudi,Tiruvarankulam,10.29305556,78.91666667,S.kalavaypatti,"Dug Well",W02332,2001,'0,1.05,9.25,5.5
TN,Pudukkottai,Pudukottai,Kunnandarkovil,10.46388889,78.84861111,Puttambur,"Bore Well",W02359,2001,6.58,3.57,6.55,5.85
TN,Pudukkottai,Kulathur,Kunnandarkovil,10.58333333,78.89166667,Kunnandarkoil,"Bore Well",W02351,2001,7.1,3.22,6.5,5.38
TN,Pudukkottai,Kulathur,Viralimalai,10.60277778,78.56666667,Viralimalai-1,"Bore Well",W02353,2001,7.5,'0,'0,'0
TN,Pudukkottai,Kulathur,Kulathur,10.57222222,78.79166667,Keerannur,"Dug Well",W02349,2001,5.49,1.19,4.42,4.11
TN,Pudukkottai,Kulathur,Kulathur,10.60833333,78.775,Thondaimanallur,"Bore Well",W02352,2001,5.8,2.07,'0,4.52
TN,Pudukkottai,Gandarvakkottai,Gandarvakkottai,10.55,79.05,Pudupatti[east],"Dug Well",W02344,2001,12.51,8.15,'0,'0
TN,Pudukkottai,Gandarvakkottai,Gandarvakkottai,10.64166667,79.05,Thethuvasalpati,"Dug Well",W02345,2001,8.99,4.49,9.19,7.64
TN,Pudukkottai,Kulathur,Viralimalai,10.60833333,78.55,Viralimalai-2,"Dug Well",W02354,2001,'0,'0,'0,'0
TN,Pudukkottai,Alangudi,Tiruvarankulam,10.33333333,78.8625,Valathirakkotai,"Dug Well",W02333,2001,'0,4.11,3.84,5.63
TN,Pudukkottai,Alangudi,Tiruvarankulam,10.35833333,78.98333333,Alangudi,"Dug Well",W02331,2001,13.74,6.92,8.94,14.54
TN,Pudukkottai,Tirumayam,Ponnamaravathi,10.31805556,78.575,Konnaiyur,"Bore Well",W02361,2001,5.65,2.8,6.25,4.95
TN,Pudukkottai,Pudukottai,Pudukkottai,10.37916667,78.8,Pudukottai1,"Dug Well",W02358,2001,1.6,.78,.75,5.01
TN,Pudukkottai,Pudukottai,Pudukkottai,10.38611111,78.80416667,Pudukkottai,"Bore Well",W02357,2001,5.42,3.6,4.9,5
TN,Pudukkottai,Kulathur,Annavasal,10.4125,78.66666667,Kudimianmalai1,"Dug Well",W02347,2001,2.59,1.04,1.81,2.31
TN,Pudukkottai,Alangudi,Karambakkudi,10.43027778,78.97861111,Sammattividuthi,"Dug Well",W02330,2001,8.7,5.72,9.1,6.85
TN,Pudukkottai,Pudukottai,Pudukkottai,10.53055556,78.96666667,Adanakottai,"Dug Well",W02355,2001,6.63,3.2,5.98,5.99
TN,Pudukkottai,Pudukottai,Pudukkottai,10.47777778,78.91666667,Mandangudi,"Dug Well",W02356,2001,'0,.1,2.6,3.95
TN,Pudukkottai,Avudayarkoil,Manamelkudi,9.93333333,79.14166667,Mimisal1,"Dug Well",W02342,2001,.65,.4,.35,.65
TN,Pudukkottai,Avudayarkoil,Manamelkudi,10.03888889,79.23333333,Manamelkudi1,"Dug Well",W02341,2001,3.53,2.38,3.15,3.12
TN,Pudukkottai,Avudayarkoil,Manamelkudi,10.13333333,79.225,Kattumavadi-dw,"Dug Well",W02340,2001,1.6,.58,1.15,1.34
TN,Pudukkottai,Avudayarkoil,Avudayarkoil,10.075,79.03361111,Avudaiyarkoil-1,"Dug Well",W02338,2001,3.36,1.51,2.76,2.05
TN,Pudukkottai,Aranthangi,Aranthangi,10.16666667,78.99583333,Arantangi,"Dug Well",W02334,2001,2.64,1.14,2.15,'0
TN,Pudukkottai,Aranthangi,Aranthangi,10.16555556,79.125,Nakkudi1,"Dug Well",W02336,2001,'0,.9,4.2,6.27
TN,Pudukkottai,Tirumayam,Arimalam,10.17083333,78.90416667,Kelanilapudupat,"Dug Well",W02360,2001,'0,.1,'0,3.26
TN,Pudukkottai,Aranthangi,Aranthangi,10.23055556,78.96777778,Erachi,"Dug Well",W02335,2001,3.57,.77,1.7,3.28
TN,Pudukkottai,Tirumayam,Thirumayam,10.24583333,78.75,Thirumayam-2,"Dug Well",W02365,2001,2.9,1.25,1.15,4.02
TN,Pudukkottai,Tirumayam,Thirumayam,10.23333333,78.74583333,Thirumayam-1,"Bore Well",W02364,2001,4.31,1.73,2.05,4.82
TN,Pudukkottai,Aranthangi,Aranthangi,10.20833333,79.07083333,Vilanur(tw),"Bore Well",W02337,2001,14.15,13.1,12.3,10.5
TN,Pudukkottai,Gandarvakkottai,Gandarvakkottai,10.57361111,79.01666667,Gandharvakottai1,"Dug Well",W02343,2001,7.7,.82,1.35,3.95
TN,Pudukkottai,Kulathur,Annavasal,10.50416667,78.77777778,Ponnadimalai1,"Dug Well",W02348,2000,8.66,2.3,7.79,7.82
TN,Pudukkottai,Gandarvakkottai,Gandarvakkottai,10.57361111,79.01666667,Gandharvakottai1,"Dug Well",W02343,2000,3.39,.6,3.4,1.04
TN,Pudukkottai,Pudukottai,Kunnandarkovil,10.46388889,78.84861111,Puttambur,"Bore Well",W02359,2000,'0,'0,3.82,3.31
TN,Pudukkottai,Kulathur,Kunnandarkovil,10.58333333,78.89166667,Kunnandarkoil,"Bore Well",W02351,2000,5.67,'0,4.92,4.68
TN,Pudukkottai,Kulathur,Viralimalai,10.60277778,78.56666667,Viralimalai-1,"Bore Well",W02353,2000,6.16,'0,6.3,'0
TN,Pudukkottai,Kulathur,Kulathur,10.57222222,78.79166667,Keerannur,"Dug Well",W02349,2000,1.81,2.14,2.35,1.96
TN,Pudukkottai,Gandarvakkottai,Gandarvakkottai,10.55,79.05,Pudupatti[east],"Dug Well",W02344,2000,6.43,1.62,5.69,3.99
TN,Pudukkottai,Gandarvakkottai,Gandarvakkottai,10.64166667,79.05,Thethuvasalpati,"Dug Well",W02345,2000,9.4,4.7,9.05,8.16
TN,Pudukkottai,Kulathur,Viralimalai,10.60833333,78.55,Viralimalai-2,"Dug Well",W02354,2000,5.85,1.7,4.58,4.48
TN,Pudukkottai,Alangudi,Tiruvarankulam,10.33333333,78.8625,Valathirakkotai,"Dug Well",W02333,2000,6.39,5.54,4.91,4.96
TN,Pudukkottai,Alangudi,Tiruvarankulam,10.35833333,78.98333333,Alangudi,"Dug Well",W02331,2000,14.14,4.34,12.35,9.21
TN,Pudukkottai,Tirumayam,Ponnamaravathi,10.31805556,78.575,Konnaiyur,"Bore Well",W02361,2000,5.03,'0,4.95,3.91
TN,Pudukkottai,Pudukottai,Pudukkottai,10.37916667,78.8,Pudukottai1,"Dug Well",W02358,2000,2.46,1.5,1.35,2.29
TN,Pudukkottai,Pudukottai,Pudukkottai,10.38611111,78.80416667,Pudukkottai,"Bore Well",W02357,2000,5.23,4.9,'0,'0
TN,Pudukkottai,Kulathur,Annavasal,10.4125,78.66666667,Kudimianmalai1,"Dug Well",W02347,2000,2.81,2,2.05,2.6
TN,Pudukkottai,Alangudi,Karambakkudi,10.43027778,78.97861111,Sammattividuthi,"Dug Well",W02330,2000,9.37,5.3,7.26,7.13
TN,Pudukkottai,Pudukottai,Pudukkottai,10.53055556,78.96666667,Adanakottai,"Dug Well",W02355,2000,5.12,2.14,5.87,5.86
TN,Pudukkottai,Pudukottai,Pudukkottai,10.47777778,78.91666667,Mandangudi,"Dug Well",W02356,2000,5.02,.1,.61,5.41
TN,Pudukkottai,Avudayarkoil,Manamelkudi,9.93333333,79.14166667,Mimisal1,"Dug Well",W02342,2000,.74,.55,.55,.83
TN,Pudukkottai,Avudayarkoil,Manamelkudi,10.03888889,79.23333333,Manamelkudi1,"Dug Well",W02341,2000,3.69,3.25,2.96,2.27
TN,Pudukkottai,Avudayarkoil,Manamelkudi,10.13333333,79.225,Kattumavadi-dw,"Dug Well",W02340,2000,1.04,'0,.68,1.02
TN,Pudukkottai,Avudayarkoil,Avudayarkoil,10.075,79.03361111,Avudaiyarkoil-1,"Dug Well",W02338,2000,3.37,2.56,3.13,2.54
TN,Pudukkottai,Aranthangi,Aranthangi,10.16666667,78.99583333,Arantangi,"Dug Well",W02334,2000,6.52,4.75,2.99,6.15
TN,Pudukkottai,Aranthangi,Aranthangi,10.16555556,79.125,Nakkudi1,"Dug Well",W02336,2000,4.39,2.5,.86,4.29
TN,Pudukkottai,Tirumayam,Arimalam,10.17083333,78.90416667,Kelanilapudupat,"Dug Well",W02360,2000,4.93,2.86,2.19,3.25
TN,Pudukkottai,Aranthangi,Aranthangi,10.23055556,78.96777778,Erachi,"Dug Well",W02335,2000,5.81,1.6,1.46,4.77
TN,Pudukkottai,Tirumayam,Thirumayam,10.24583333,78.75,Thirumayam-2,"Dug Well",W02365,2000,3.03,1.66,2.25,2.79
TN,Pudukkottai,Tirumayam,Thirumayam,10.23333333,78.74583333,Thirumayam-1,"Bore Well",W02364,2000,'0,1.5,3.9,3.11
TN,Pudukkottai,Aranthangi,Aranthangi,10.20833333,79.07083333,Vilanur(tw),"Bore Well",W02337,2000,10.74,5.5,13.2,11.71
TN,Pudukkottai,Alangudi,Tiruvarankulam,10.29305556,78.91666667,S.kalavaypatti,"Dug Well",W02332,2000,9.9,5.55,6.81,7.36
TN,Pudukkottai,Kulathur,Annavasal,10.4125,78.66666667,Kudimianmalai1,"Dug Well",W02347,1999,3,1.58,1.39,2.1
TN,Pudukkottai,Kulathur,Annavasal,10.45,78.70277778,Annavasal,"Bore Well",W02346,1999,4.9,'0,'0,'0
TN,Pudukkottai,Alangudi,Karambakkudi,10.43027778,78.97861111,Sammattividuthi,"Dug Well",W02330,1999,6.56,3.01,5.24,5.44
TN,Pudukkottai,Pudukottai,Pudukkottai,10.53055556,78.96666667,Adanakottai,"Dug Well",W02355,1999,4.75,1.48,2.16,4.43
TN,Pudukkottai,Pudukottai,Pudukkottai,10.47777778,78.91666667,Mandangudi,"Dug Well",W02356,1999,3.8,.08,1.98,3.04
TN,Pudukkottai,Kulathur,Annavasal,10.50416667,78.77777778,Ponnadimalai1,"Dug Well",W02348,1999,8,4.19,6,7.22
TN,Pudukkottai,Gandarvakkottai,Gandarvakkottai,10.57361111,79.01666667,Gandharvakottai1,"Dug Well",W02343,1999,2.4,.79,.8,2.54
TN,Pudukkottai,Kulathur,Kunnandarkovil,10.58333333,78.89166667,Kunnandarkoil,"Bore Well",W02351,1999,7.5,'0,'0,'0
TN,Pudukkottai,Kulathur,Viralimalai,10.60277778,78.56666667,Viralimalai-1,"Bore Well",W02353,1999,9.4,'0,'0,'0
TN,Pudukkottai,Kulathur,Kulathur,10.57222222,78.79166667,Keerannur,"Dug Well",W02349,1999,3.74,.24,2.14,1.76
TN,Pudukkottai,Kulathur,Kulathur,10.60833333,78.775,Thondaimanallur,"Bore Well",W02352,1999,5,'0,'0,'0
TN,Pudukkottai,Gandarvakkottai,Gandarvakkottai,10.55,79.05,Pudupatti[east],"Dug Well",W02344,1999,4.42,1.28,4.41,5.62
TN,Pudukkottai,Gandarvakkottai,Gandarvakkottai,10.64166667,79.05,Thethuvasalpati,"Dug Well",W02345,1999,7.69,1.9,6.09,8.03
TN,Pudukkottai,Kulathur,Viralimalai,10.60833333,78.55,Viralimalai-2,"Dug Well",W02354,1999,5.22,1.74,4.05,4.21
TN,Pudukkottai,Avudayarkoil,Manamelkudi,9.93333333,79.14166667,Mimisal1,"Dug Well",W02342,1999,1.02,.41,.15,.95
TN,Pudukkottai,Avudayarkoil,Manamelkudi,10.03888889,79.23333333,Manamelkudi1,"Dug Well",W02341,1999,4.12,2.73,3.65,3.73
TN,Pudukkottai,Avudayarkoil,Manamelkudi,10.13333333,79.225,Kattumavadi-dw,"Dug Well",W02340,1999,1.2,.58,.8,2.31
TN,Pudukkottai,Avudayarkoil,Avudayarkoil,10.05,79.05,Avudaiyarkoil-2,"Tube Well",W02339,1999,13.4,'0,'0,'0
TN,Pudukkottai,Avudayarkoil,Avudayarkoil,10.075,79.03361111,Avudaiyarkoil-1,"Dug Well",W02338,1999,3.51,1.66,2.46,2.7
TN,Pudukkottai,Aranthangi,Aranthangi,10.16666667,78.99583333,Arantangi,"Dug Well",W02334,1999,5.65,.61,4.44,4.26
TN,Pudukkottai,Aranthangi,Aranthangi,10.16555556,79.125,Nakkudi1,"Dug Well",W02336,1999,4.8,1.66,2.95,4.42
TN,Pudukkottai,Tirumayam,Arimalam,10.17083333,78.90416667,Kelanilapudupat,"Dug Well",W02360,1999,3.91,8.28,2.2,5.77
TN,Pudukkottai,Aranthangi,Aranthangi,10.23055556,78.96777778,Erachi,"Dug Well",W02335,1999,4.8,1.08,2.45,4.82
TN,Pudukkottai,Tirumayam,Thirumayam,10.24583333,78.75,Thirumayam-2,"Dug Well",W02365,1999,3.3,1.38,1.16,3.08
TN,Pudukkottai,Tirumayam,Thirumayam,10.23333333,78.74583333,Thirumayam-1,"Bore Well",W02364,1999,13.4,'0,'0,'0
TN,Pudukkottai,Aranthangi,Aranthangi,10.20833333,79.07083333,Vilanur(tw),"Bore Well",W02337,1999,11.1,8.64,'0,5.82
TN,Pudukkottai,Alangudi,Tiruvarankulam,10.29305556,78.91666667,S.kalavaypatti,"Dug Well",W02332,1999,5.65,2.31,4.35,5.4
TN,Pudukkottai,Tirumayam,Thirumayam,10.3125,78.68333333,Panaiyapatti,"Bore Well",W02362,1999,18.5,'0,'0,'0
TN,Pudukkottai,Alangudi,Tiruvarankulam,10.33333333,78.8625,Valathirakkotai,"Dug Well",W02333,1999,10.64,3.16,6.94,10.44
TN,Pudukkottai,Alangudi,Tiruvarankulam,10.35833333,78.98333333,Alangudi,"Dug Well",W02331,1999,11.24,3.18,5.61,7.26
TN,Pudukkottai,Tirumayam,Ponnamaravathi,10.31805556,78.575,Konnaiyur,"Bore Well",W02361,1999,3.95,'0,'0,'0
TN,Pudukkottai,Pudukottai,Pudukkottai,10.37916667,78.8,Pudukottai1,"Dug Well",W02358,1999,1.16,.65,.7,1.31
TN,Pudukkottai,Pudukottai,Pudukkottai,10.38611111,78.80416667,Pudukkottai,"Bore Well",W02357,1999,4.95,'0,'0,'0
TN,Pudukkottai,Alangudi,Karambakkudi,10.43027778,78.97861111,Sammattividuthi,"Dug Well",W02330,1998,6.58,5,2.54,9.3
TN,Pudukkottai,Kulathur,Annavasal,10.4125,78.66666667,Kudimianmalai1,"Dug Well",W02347,1998,4.15,1.2,'0,1.31
TN,Pudukkottai,Pudukottai,Pudukkottai,10.47777778,78.91666667,Mandangudi,"Dug Well",W02356,1998,3.9,.52,.69,6.32
TN,Pudukkottai,Kulathur,Annavasal,10.50416667,78.77777778,Ponnadimalai1,"Dug Well",W02348,1998,9.28,7.2,6.04,8.5
TN,Pudukkottai,Gandarvakkottai,Gandarvakkottai,10.57361111,79.01666667,Gandharvakottai1,"Dug Well",W02343,1998,2.81,.65,.6,2.81
TN,Pudukkottai,Kulathur,Kulathur,10.57222222,78.79166667,Keerannur,"Dug Well",W02349,1998,1.06,1.54,2.83,3.45
TN,Pudukkottai,Gandarvakkottai,Gandarvakkottai,10.55,79.05,Pudupatti[east],"Dug Well",W02344,1998,5.87,1.55,6.77,9.5
TN,Pudukkottai,Gandarvakkottai,Gandarvakkottai,10.64166667,79.05,Thethuvasalpati,"Dug Well",W02345,1998,7.13,2.39,3.27,7.04
TN,Pudukkottai,Kulathur,Viralimalai,10.60833333,78.55,Viralimalai-2,"Dug Well",W02354,1998,'0,'0,4.01,3.89
TN,Pudukkottai,Avudayarkoil,Manamelkudi,9.93333333,79.14166667,Mimisal1,"Dug Well",W02342,1998,.55,.45,.45,1.02
TN,Pudukkottai,Avudayarkoil,Manamelkudi,10.03888889,79.23333333,Manamelkudi1,"Dug Well",W02341,1998,3.49,2.35,3.28,3.33
TN,Pudukkottai,Avudayarkoil,Manamelkudi,10.13333333,79.225,Kattumavadi-dw,"Dug Well",W02340,1998,.84,.7,.34,.93
TN,Pudukkottai,Avudayarkoil,Avudayarkoil,10.075,79.03361111,Avudaiyarkoil-1,"Dug Well",W02338,1998,3.18,2.1,2.29,3.56
TN,Pudukkottai,Aranthangi,Aranthangi,10.16666667,78.99583333,Arantangi,"Dug Well",W02334,1998,4.25,1.15,3.37,4.15
TN,Pudukkottai,Aranthangi,Aranthangi,10.16555556,79.125,Nakkudi1,"Dug Well",W02336,1998,'0,1.3,4.26,3.5
TN,Pudukkottai,Tirumayam,Arimalam,10.17083333,78.90416667,Kelanilapudupat,"Dug Well",W02360,1998,3.13,1.49,.88,3.22
TN,Pudukkottai,Aranthangi,Aranthangi,10.23055556,78.96777778,Erachi,"Dug Well",W02335,1998,3.55,.8,2.56,3.94
TN,Pudukkottai,Tirumayam,Thirumayam,10.24583333,78.75,Thirumayam-2,"Dug Well",W02365,1998,2.35,1.4,.04,3.82
TN,Pudukkottai,Aranthangi,Aranthangi,10.20833333,79.07083333,Vilanur(tw),"Bore Well",W02337,1998,8.83,10.44,8.05,3.42
TN,Pudukkottai,Alangudi,Tiruvarankulam,10.29305556,78.91666667,S.kalavaypatti,"Dug Well",W02332,1998,3,1.03,.69,5.81
TN,Pudukkottai,Alangudi,Tiruvarankulam,10.33333333,78.8625,Valathirakkotai,"Dug Well",W02333,1998,6.17,2.92,2.6,5.93
TN,Pudukkottai,Alangudi,Tiruvarankulam,10.35833333,78.98333333,Alangudi,"Dug Well",W02331,1998,9.37,4.77,5.47,10.1
TN,Pudukkottai,Pudukottai,Pudukkottai,10.37916667,78.8,Pudukottai1,"Dug Well",W02358,1998,.97,1.35,.46,3.38
TN,Pudukkottai,Pudukottai,Pudukkottai,10.53055556,78.96666667,Adanakottai,"Dug Well",W02355,1998,2.45,1.89,.78,5.49
TN,Pudukkottai,Alangudi,Karambakkudi,10.43027778,78.97861111,Sammattividuthi,"Dug Well",W02330,1997,9.7,4.6,9.39,7
TN,Pudukkottai,Kulathur,Annavasal,10.4125,78.66666667,Kudimianmalai1,"Dug Well",W02347,1997,.63,2.7,.05,5.9
TN,Pudukkottai,Pudukottai,Pudukkottai,10.47777778,78.91666667,Mandangudi,"Dug Well",W02356,1997,7.9,3.65,4.16,7.2
TN,Pudukkottai,Kulathur,Annavasal,10.50416667,78.77777778,Ponnadimalai1,"Dug Well",W02348,1997,'0,9.5,7.84,10.1
TN,Pudukkottai,Gandarvakkottai,Gandarvakkottai,10.57361111,79.01666667,Gandharvakottai1,"Dug Well",W02343,1997,7.2,2.35,.2,8.1
TN,Pudukkottai,Kulathur,Kulathur,10.57222222,78.79166667,Keerannur,"Dug Well",W02349,1997,9.14,3.94,6.32,6.92
TN,Pudukkottai,Gandarvakkottai,Gandarvakkottai,10.55,79.05,Pudupatti[east],"Dug Well",W02344,1997,9.68,6.1,3.08,11.72
TN,Pudukkottai,Gandarvakkottai,Gandarvakkottai,10.64166667,79.05,Thethuvasalpati,"Dug Well",W02345,1997,8.93,5.49,1.74,9.65
TN,Pudukkottai,Kulathur,Viralimalai,10.60833333,78.55,Viralimalai-2,"Dug Well",W02354,1997,7.35,5.65,'0,6.9
TN,Pudukkottai,Avudayarkoil,Manamelkudi,9.93333333,79.14166667,Mimisal1,"Dug Well",W02342,1997,.83,.65,.25,.95
TN,Pudukkottai,Avudayarkoil,Manamelkudi,10.03888889,79.23333333,Manamelkudi1,"Dug Well",W02341,1997,3.67,2.7,2.28,3.05
TN,Pudukkottai,Avudayarkoil,Manamelkudi,10.13333333,79.225,Kattumavadi-dw,"Dug Well",W02340,1997,.8,.7,.4,.9
TN,Pudukkottai,Avudayarkoil,Avudayarkoil,10.075,79.03361111,Avudaiyarkoil-1,"Dug Well",W02338,1997,3.92,2.45,3.3,3.6
TN,Pudukkottai,Aranthangi,Aranthangi,10.16666667,78.99583333,Arantangi,"Dug Well",W02334,1997,4.63,2.45,2.1,4.95
TN,Pudukkottai,Aranthangi,Aranthangi,10.16555556,79.125,Nakkudi1,"Dug Well",W02336,1997,4.36,1.65,2.04,4.4
TN,Pudukkottai,Tirumayam,Arimalam,10.17083333,78.90416667,Kelanilapudupat,"Dug Well",W02360,1997,3.96,2.36,.64,3.91
TN,Pudukkottai,Aranthangi,Aranthangi,10.23055556,78.96777778,Erachi,"Dug Well",W02335,1997,5.95,1.4,1.01,5.55
TN,Pudukkottai,Tirumayam,Thirumayam,10.24583333,78.75,Thirumayam-2,"Dug Well",W02365,1997,4.4,1.55,1.86,3.9
TN,Pudukkottai,Aranthangi,Aranthangi,10.20833333,79.07083333,Vilanur(tw),"Bore Well",W02337,1997,9.03,4.05,6.3,6.9
TN,Pudukkottai,Alangudi,Tiruvarankulam,10.29305556,78.91666667,S.kalavaypatti,"Dug Well",W02332,1997,6.05,2.85,.01,3.9
TN,Pudukkottai,Alangudi,Tiruvarankulam,10.33333333,78.8625,Valathirakkotai,"Dug Well",W02333,1997,4.46,4.79,2.69,5.82
TN,Pudukkottai,Alangudi,Tiruvarankulam,10.35833333,78.98333333,Alangudi,"Dug Well",W02331,1997,17.38,7.59,12.14,16.54
TN,Pudukkottai,Pudukottai,Pudukkottai,10.37916667,78.8,Pudukottai1,"Dug Well",W02358,1997,4.14,1.45,3.15,2.55
TN,Pudukkottai,Pudukottai,Pudukkottai,10.53055556,78.96666667,Adanakottai,"Dug Well",W02355,1997,9.68,2.44,3.79,8
TN,Pudukkottai,Alangudi,Karambakkudi,10.43027778,78.97861111,Sammattividuthi,"Dug Well",W02330,1996,10.7,6.43,6.8,10.5
TN,Pudukkottai,Kulathur,Annavasal,10.4125,78.66666667,Kudimianmalai1,"Dug Well",W02347,1996,7.34,2.49,5.79,6.64
TN,Pudukkottai,Pudukottai,Pudukkottai,10.47777778,78.91666667,Mandangudi,"Dug Well",W02356,1996,9.8,4.36,9.7,8.9
TN,Pudukkottai,Kulathur,Annavasal,10.50416667,78.77777778,Ponnadimalai1,"Dug Well",W02348,1996,11.6,9.13,11.4,11.7
TN,Pudukkottai,Gandarvakkottai,Gandarvakkottai,10.57361111,79.01666667,Gandharvakottai1,"Dug Well",W02343,1996,8.1,5.06,6.9,13.25
TN,Pudukkottai,Kulathur,Kulathur,10.57222222,78.79166667,Keerannur,"Dug Well",W02349,1996,9.94,7.36,8.54,8.01
TN,Pudukkottai,Gandarvakkottai,Gandarvakkottai,10.55,79.05,Pudupatti[east],"Dug Well",W02344,1996,17.51,5.43,9.86,17.81
TN,Pudukkottai,Gandarvakkottai,Gandarvakkottai,10.64166667,79.05,Thethuvasalpati,"Dug Well",W02345,1996,9.39,8.3,8.99,'0
TN,Pudukkottai,Kulathur,Viralimalai,10.60833333,78.55,Viralimalai-2,"Dug Well",W02354,1996,7.15,6.08,4.3,7.2
TN,Pudukkottai,Avudayarkoil,Manamelkudi,9.93333333,79.14166667,Mimisal1,"Dug Well",W02342,1996,1.15,1.27,1.6,1.15
TN,Pudukkottai,Avudayarkoil,Manamelkudi,10.03888889,79.23333333,Manamelkudi1,"Dug Well",W02341,1996,9.45,2.91,2.5,9.15
TN,Pudukkottai,Avudayarkoil,Manamelkudi,10.13333333,79.225,Kattumavadi-dw,"Dug Well",W02340,1996,2.45,1.02,1.05,1.35
TN,Pudukkottai,Avudayarkoil,Avudayarkoil,10.075,79.03361111,Avudaiyarkoil-1,"Dug Well",W02338,1996,'0,'0,4.85,'0
TN,Pudukkottai,Aranthangi,Aranthangi,10.16666667,78.99583333,Arantangi,"Dug Well",W02334,1996,5.84,5.94,4.29,7.24
TN,Pudukkottai,Aranthangi,Aranthangi,10.16555556,79.125,Nakkudi1,"Dug Well",W02336,1996,5.9,3.86,3.75,5.5
TN,Pudukkottai,Tirumayam,Arimalam,10.17083333,78.90416667,Kelanilapudupat,"Dug Well",W02360,1996,10.51,8.37,3.76,10.31
TN,Pudukkottai,Aranthangi,Aranthangi,10.23055556,78.96777778,Erachi,"Dug Well",W02335,1996,4.5,4.82,4.45,5.9
TN,Pudukkottai,Tirumayam,Thirumayam,10.24583333,78.75,Thirumayam-2,"Dug Well",W02365,1996,5.1,2.58,1.6,5.35
TN,Pudukkottai,Aranthangi,Aranthangi,10.20833333,79.07083333,Vilanur(tw),"Bore Well",W02337,1996,6.3,7.66,4.3,7.4
TN,Pudukkottai,Alangudi,Tiruvarankulam,10.29305556,78.91666667,S.kalavaypatti,"Dug Well",W02332,1996,10.95,7.01,4.6,9.85
TN,Pudukkottai,Alangudi,Tiruvarankulam,10.33333333,78.8625,Valathirakkotai,"Dug Well",W02333,1996,3.34,5.22,4.99,4.64
TN,Pudukkottai,Alangudi,Tiruvarankulam,10.35833333,78.98333333,Alangudi,"Dug Well",W02331,1996,18.64,13.12,18.49,16.74
TN,Pudukkottai,Pudukottai,Pudukkottai,10.37916667,78.8,Pudukottai1,"Dug Well",W02358,1996,5.8,3.62,3.4,5.7
TN,Pudukkottai,Pudukottai,Pudukkottai,10.53055556,78.96666667,Adanakottai,"Dug Well",W02355,1996,10.18,10.21,10.43,10.43
