STATE,DISTRICT,TEH_NAME,BLOCK_NAME,LAT,LON,SITE_NAME,SITE_TYPE,WLCODE,YEAR_OBS,MONSOON,POMRB,POMKH,PREMON
MS,Parbhani,Gangakhed,Gangakhed,18.91166667,76.77805556,Isath,"Dug Well",W25987,2018,'0,'0,'0,11
MS,Parbhani,Gangakhed,Gangakhed,18.96555556,76.73111111,Gangakhed-3,"Dug Well",W25999,2018,'0,10.8,'0,'0
MS,Parbhani,Gangakhed,Gangakhed,18.96555556,76.73111111,Gangakhed-3,"Dug Well",W25999,2018,'0,'0,'0,9
MS,Parbhani,Pathri,Manwat,19.34388889,76.56166667,Kola,"Dug Well",W31196,2018,'0,15.2,'0,'0
MS,Parbhani,Pathri,Manwat,19.34388889,76.56166667,Kola,"Dug Well",W31196,2018,'0,'0,'0,15
MS,Parbhani,Pathri,Selu,19.51111111,76.455,Moregaon,"Dug Well",W31207,2018,'0,7.5,'0,'0
MS,Parbhani,Pathri,Selu,19.51111111,76.455,Moregaon,"Dug Well",W31207,2018,'0,'0,'0,12.5
MS,Parbhani,Jintur,Jintur,19.71805556,76.65722222,"Ambae wadi","Dug Well",W31221,2018,'0,10.3,'0,'0
MS,Parbhani,Jintur,Jintur,19.71805556,76.65722222,"Ambae wadi","Dug Well",W31221,2018,'0,'0,'0,11.2
MS,Parbhani,Parbhani,Purna,19.13333333,76.93333333,Todkalas,"Dug Well",W07343,2018,'0,3.2,'0,'0
MS,Parbhani,Parbhani,Purna,19.13333333,76.93333333,Todkalas,"Dug Well",W07343,2018,'0,'0,'0,1.8
MS,Parbhani,Pathri,Pathri,19.3,76.3,"Hadgaon (PZ)","Bore Well",W17544,2018,'0,'0,'0,12
MS,Parbhani,Pathri,Manwat,19.3,76.48333333,Manwat,"Dug Well",W07344,2018,'0,6.5,'0,'0
MS,Parbhani,Pathri,Manwat,19.3,76.48333333,Manwat,"Dug Well",W07344,2018,'0,'0,'0,5
MS,Parbhani,Parbhani,Parbhani,19.11666667,76.73333333,Kotamwadi,"Dug Well",W17541,2018,'0,1.8,'0,'0
MS,Parbhani,Parbhani,Parbhani,19.11666667,76.73333333,Kotamwadi,"Dug Well",W17541,2018,'0,'0,'0,5
MS,Parbhani,Pathri,Selu,19.36805556,76.40416667,Selu,"Dug Well",W07345,2018,'0,4.6,'0,'0
MS,Parbhani,Pathri,Selu,19.36805556,76.40416667,Selu,"Dug Well",W07345,2018,'0,'0,'0,7.1
MS,Parbhani,Pathri,Selu,19.55,76.48333333,Chikhalthana,"Dug Well",W17543,2018,'0,14,'0,'0
MS,Parbhani,Pathri,Selu,19.55,76.48333333,Chikhalthana,"Dug Well",W17543,2018,'0,'0,'0,14.8
MS,Parbhani,Manwath,Jintur,19.53944444,76.94444444,Gojegaon,"Dug Well",W17536,2018,'0,5.1,'0,'0
MS,Parbhani,Manwath,Jintur,19.53944444,76.94444444,Gojegaon,"Dug Well",W17536,2018,'0,'0,'0,7.75
MS,Parbhani,Jintur,Palam,18.98333333,76.86666667,Kerwadi,"Dug Well",W17532,2018,'0,10.4,'0,'0
MS,Parbhani,Jintur,Palam,18.98333333,76.86666667,Kerwadi,"Dug Well",W17532,2018,'0,'0,'0,13.2
MS,Parbhani,Parbhani,Parbhani,19.175,76.74166667,Singanapur,"Dug Well",W07342,2018,'0,6.7,'0,'0
MS,Parbhani,Parbhani,Parbhani,19.175,76.74166667,Singanapur,"Dug Well",W07342,2018,'0,'0,'0,5.1
MS,Parbhani,Parbhani,Parbhani,19.3875,76.6875,Kausdi,"Bore Well",W17540,2018,'0,'0,'0,8
MS,Parbhani,Manwath,Jintur,19.61666667,76.68333333,Jintur,"Dug Well",W17537,2018,'0,6.8,'0,'0
MS,Parbhani,Manwath,Jintur,19.68333333,76.7,Mankeswar,"Dug Well",W07337,2018,'0,7.4,'0,'0
MS,Parbhani,Manwath,Jintur,19.68333333,76.7,Mankeswar,"Dug Well",W07337,2018,'0,'0,'0,10
MS,Parbhani,Pathri,Sonpeth,18.9425,76.6475,Wadgaon,"Dug Well",W25993,2018,'0,21.5,'0,'0
MS,Parbhani,Pathri,Sonpeth,18.9425,76.6475,Wadgaon,"Dug Well",W25993,2018,'0,'0,'0,20.2
MS,Parbhani,Parbhani,Sonpeth,18.97388889,76.61444444,Avalgaon,"Dug Well",W26004,2018,'0,7.4,'0,'0
MS,Parbhani,Parbhani,Sonpeth,18.97388889,76.61444444,Avalgaon,"Dug Well",W26004,2018,'0,'0,'0,7
MS,Parbhani,Gangakhed,Palam,19.01944444,76.83472222,Anjanawadi-1,"Dug Well",W26014,2018,'0,7.5,'0,'0
MS,Parbhani,Gangakhed,Palam,19.01944444,76.83472222,Anjanawadi-1,"Dug Well",W26014,2018,'0,'0,'0,10.32
MS,Parbhani,Pathri,Pathri,19.15472222,76.40666667,Loni,"Dug Well",W26039,2018,'0,9.15,'0,'0
MS,Parbhani,Pathri,Pathri,19.15472222,76.40666667,Loni,"Dug Well",W26039,2018,'0,'0,'0,2.12
MS,Parbhani,Parbhani,Parbhani,19.07111111,76.71583333,Daithana,"Dug Well",W26024,2018,'0,15,'0,'0
MS,Parbhani,Parbhani,Parbhani,19.26611111,76.8225,Karigaon,"Dug Well",W26067,2018,'0,9.1,'0,'0
MS,Parbhani,Parbhani,Parbhani,19.26611111,76.8225,Karigaon,"Dug Well",W26067,2018,'0,'0,'0,8.32
MS,Parbhani,Pathri,Pathri,19.27638889,76.43222222,Pathri-1,"Dug Well",W26073,2018,'0,5.5,'0,'0
MS,Parbhani,Pathri,Pathri,19.27638889,76.43222222,Pathri-1,"Dug Well",W26073,2018,'0,'0,'0,6.5
MS,Parbhani,Pathri,Pathri,19.305,76.34777778,"Wadi Patta","Dug Well",W26083,2018,'0,1.8,'0,'0
MS,Parbhani,Pathri,Pathri,19.305,76.34777778,"Wadi Patta","Dug Well",W26083,2018,'0,'0,'0,.6
MS,Parbhani,Pathri,Pathri,19.31361111,76.31333333,Hadgaon-1,"Dug Well",W26086,2018,'0,8,'0,'0
MS,Parbhani,Pathri,Pathri,19.31361111,76.31333333,Hadgaon-1,"Dug Well",W26086,2018,'0,'0,'0,7.5
MS,Parbhani,Pathri,Manwat,19.32388889,76.60833333,Tarborgaon,"Dug Well",W26090,2018,'0,13.7,'0,'0
MS,Parbhani,Pathri,Manwat,19.32388889,76.60833333,Tarborgaon,"Dug Well",W26090,2018,'0,'0,'0,13.8
MS,Parbhani,Parbhani,Parbhani,19.29638889,76.75083333,Dharmapur,"Dug Well",W26077,2018,'0,6.5,'0,'0
MS,Parbhani,Parbhani,Parbhani,19.29638889,76.75083333,Dharmapur,"Dug Well",W26077,2018,'0,'0,'0,35
MS,Parbhani,Parbhani,Parbhani,19.30333333,76.67805556,Pedgaon-3,"Dug Well",W26080,2018,'0,14.2,'0,'0
MS,Parbhani,Parbhani,Parbhani,19.325,76.65833333,Pedgaon2,"Dug Well",W26091,2018,'0,4.5,'0,'0
MS,Parbhani,Parbhani,Parbhani,19.325,76.65833333,Pedgaon2,"Dug Well",W26091,2018,'0,'0,'0,6.85
MS,Parbhani,Parbhani,Parbhani,19.42638889,76.76583333,Jhari-1,"Dug Well",W26112,2018,'0,12.2,'0,'0
MS,Parbhani,Parbhani,Parbhani,19.42638889,76.76583333,Jhari-1,"Dug Well",W26112,2018,'0,'0,'0,14.8
MS,Parbhani,Pathri,Selu,19.48972222,76.55138889,Walur-1,"Dug Well",W26127,2018,'0,20.2,'0,'0
MS,Parbhani,Pathri,Selu,19.48972222,76.55138889,Walur-1,"Dug Well",W26127,2018,'0,'0,'0,17.22
MS,Parbhani,Pathri,Selu,19.61416667,76.4625,Devgaon,"Dug Well",W26154,2018,'0,12.15,'0,'0
MS,Parbhani,Pathri,Selu,19.61416667,76.4625,Devgaon,"Dug Well",W26154,2018,'0,'0,'0,12.5
MS,Parbhani,Parbhani,Jintur,19.48555556,76.7225,Bori,"Dug Well",W26126,2018,'0,4.4,'0,'0
MS,Parbhani,Parbhani,Jintur,19.48555556,76.7225,Bori,"Dug Well",W26126,2018,'0,'0,'0,12.1
MS,Parbhani,Jintur,Jintur,19.54472222,76.95888889,Dhar,"Dug Well",W26140,2018,'0,10.15,'0,'0
MS,Parbhani,Jintur,Jintur,19.54472222,76.95888889,Dhar,"Dug Well",W26140,2018,'0,'0,'0,9.1
MS,Parbhani,Jintur,Jintur,19.55583333,76.70944444,Panchegaon-1,"Dug Well",W26142,2018,'0,14.5,'0,'0
MS,Parbhani,Jintur,Jintur,19.55583333,76.70944444,Panchegaon-1,"Dug Well",W26142,2018,'0,'0,'0,12
MS,Parbhani,Parbhani,Jintur,19.5625,76.69416667,Bangri,"Dug Well",W26144,2018,'0,7,'0,'0
MS,Parbhani,Parbhani,Jintur,19.5625,76.69416667,Bangri,"Dug Well",W26144,2018,'0,'0,'0,6.1
MS,Parbhani,Jintur,Jintur,19.62222222,76.53916667,Charthana-1,"Dug Well",W26156,2018,'0,5.2,'0,'0
MS,Parbhani,Jintur,Jintur,19.62222222,76.53916667,Charthana-1,"Dug Well",W26156,2018,'0,'0,'0,8.5
MS,Parbhani,Gangakhed,Gangakhed,18.87833333,76.84944444,"Rani Sawargaon-1","Dug Well",W25978,2018,'0,9.3,'0,'0
MS,Parbhani,Gangakhed,Gangakhed,18.87833333,76.84944444,"Rani Sawargaon-1","Dug Well",W25978,2018,'0,'0,'0,17
MS,Parbhani,Gangakhed,Gangakhed,18.91166667,76.77805556,Isath,"Dug Well",W25987,2018,'0,9,'0,'0
MS,Parbhani,Jintur,Jintur,19.62222222,76.53916667,Charthana-1,"Dug Well",W26156,2017,4.1,4.8,'0,7.75
MS,Parbhani,Jintur,Jintur,19.62222222,76.53916667,Charthana-1,"Dug Well",W26156,2017,'0,'0,2.05,'0
MS,Parbhani,Gangakhed,Gangakhed,18.87833333,76.84944444,"Rani Sawargaon-1","Dug Well",W25978,2017,10.7,'0,'0,17
MS,Parbhani,Gangakhed,Gangakhed,18.91166667,76.77805556,Isath,"Dug Well",W25987,2017,3.9,3.9,'0,6
MS,Parbhani,Gangakhed,Gangakhed,18.91166667,76.77805556,Isath,"Dug Well",W25987,2017,'0,'0,10.9,'0
MS,Parbhani,Gangakhed,Gangakhed,18.96555556,76.73111111,Gangakhed-3,"Dug Well",W25999,2017,9.2,3.3,'0,9.1
MS,Parbhani,Pathri,Manwat,19.34388889,76.56166667,Kola,"Dug Well",W31196,2017,2.6,12.6,'0,16.1
MS,Parbhani,Pathri,Manwat,19.34388889,76.56166667,Kola,"Dug Well",W31196,2017,'0,'0,11,'0
MS,Parbhani,Pathri,Selu,19.51111111,76.455,Moregaon,"Dug Well",W31207,2017,9.7,11.3,'0,12.1
MS,Parbhani,Pathri,Selu,19.51111111,76.455,Moregaon,"Dug Well",W31207,2017,'0,'0,10.2,'0
MS,Parbhani,Jintur,Jintur,19.71805556,76.65722222,"Ambae wadi","Dug Well",W31221,2017,7.2,9,'0,13.5
MS,Parbhani,Jintur,Jintur,19.71805556,76.65722222,"Ambae wadi","Dug Well",W31221,2017,'0,'0,7,'0
MS,Parbhani,Parbhani,Purna,19.13333333,76.93333333,Todkalas,"Dug Well",W07343,2017,4.8,5.2,'0,6
MS,Parbhani,Parbhani,Purna,19.13333333,76.93333333,Todkalas,"Dug Well",W07343,2017,'0,'0,2.6,'0
MS,Parbhani,Pathri,Pathri,19.3,76.3,"Hadgaon (PZ)","Bore Well",W17544,2017,'0,9.2,'0,11.6
MS,Parbhani,Pathri,Pathri,19.3,76.3,"Hadgaon (PZ)","Bore Well",W17544,2017,'0,'0,12.4,'0
MS,Parbhani,Pathri,Manwat,19.3,76.48333333,Manwat,"Dug Well",W07344,2017,4.35,4.55,'0,8.35
MS,Parbhani,Pathri,Manwat,19.3,76.48333333,Manwat,"Dug Well",W07344,2017,'0,'0,3.7,'0
MS,Parbhani,Parbhani,Parbhani,19.11666667,76.73333333,Kotamwadi,"Dug Well",W17541,2017,'0,2,'0,2.2
MS,Parbhani,Parbhani,Parbhani,19.11666667,76.73333333,Kotamwadi,"Dug Well",W17541,2017,'0,'0,6.9,'0
MS,Parbhani,Pathri,Selu,19.36805556,76.40416667,Selu,"Dug Well",W07345,2017,5.3,4.07,'0,7.27
MS,Parbhani,Pathri,Selu,19.36805556,76.40416667,Selu,"Dug Well",W07345,2017,'0,'0,2.7,'0
MS,Parbhani,Pathri,Selu,19.55,76.48333333,Chikhalthana,"Dug Well",W17543,2017,14.35,10.45,'0,13.65
MS,Parbhani,Pathri,Selu,19.55,76.48333333,Chikhalthana,"Dug Well",W17543,2017,'0,'0,13,'0
MS,Parbhani,Manwath,Jintur,19.53944444,76.94444444,Gojegaon,"Dug Well",W17536,2017,2.45,6.65,'0,6
MS,Parbhani,Manwath,Jintur,19.53944444,76.94444444,Gojegaon,"Dug Well",W17536,2017,'0,'0,2.65,'0
MS,Parbhani,Jintur,Sonpeth,19.00416667,76.55833333,Narwadi,"Bore Well",W07334,2017,'0,8.4,'0,16.1
MS,Parbhani,Jintur,Sonpeth,19.00416667,76.55833333,Narwadi,"Bore Well",W07334,2017,'0,'0,4.5,'0
MS,Parbhani,Jintur,Palam,18.98333333,76.86666667,Kerwadi,"Dug Well",W17532,2017,6.4,6.1,'0,13.19
MS,Parbhani,Jintur,Palam,18.98333333,76.86666667,Kerwadi,"Dug Well",W17532,2017,'0,'0,13.19,'0
MS,Parbhani,Parbhani,Parbhani,19.175,76.74166667,Singanapur,"Dug Well",W07342,2017,1.8,6.75,'0,8.6
MS,Parbhani,Parbhani,Parbhani,19.175,76.74166667,Singanapur,"Dug Well",W07342,2017,'0,'0,5.6,'0
MS,Parbhani,Parbhani,Parbhani,19.3875,76.6875,Kausdi,"Bore Well",W17540,2017,8.6,8.2,'0,9.3
MS,Parbhani,Parbhani,Parbhani,19.3875,76.6875,Kausdi,"Bore Well",W17540,2017,'0,'0,7.8,'0
MS,Parbhani,Manwath,Jintur,19.61666667,76.68333333,Jintur,"Dug Well",W17537,2017,3.2,5.8,'0,7.5
MS,Parbhani,Manwath,Jintur,19.61666667,76.68333333,Jintur,"Dug Well",W17537,2017,'0,'0,4.8,'0
MS,Parbhani,Manwath,Jintur,19.68333333,76.7,Mankeswar,"Dug Well",W07337,2017,3.2,7.1,'0,8.7
MS,Parbhani,Manwath,Jintur,19.68333333,76.7,Mankeswar,"Dug Well",W07337,2017,'0,'0,5.8,'0
MS,Parbhani,Gangakhed,Gangakhed,18.96805556,76.75,Gangakhed-1,"Dug Well",W26000,2017,'0,6,'0,'0
MS,Parbhani,Pathri,Sonpeth,18.9425,76.6475,Wadgaon,"Dug Well",W25993,2017,5.5,9.7,'0,21.6
MS,Parbhani,Pathri,Sonpeth,18.9425,76.6475,Wadgaon,"Dug Well",W25993,2017,'0,'0,3.8,'0
MS,Parbhani,Parbhani,Sonpeth,18.97388889,76.61444444,Avalgaon,"Dug Well",W26004,2017,8.45,8.7,'0,12.3
MS,Parbhani,Parbhani,Sonpeth,18.97388889,76.61444444,Avalgaon,"Dug Well",W26004,2017,'0,'0,10.1,'0
MS,Parbhani,Gangakhed,Palam,19.01944444,76.83472222,Anjanawadi-1,"Dug Well",W26014,2017,1.2,4.9,'0,10
MS,Parbhani,Gangakhed,Palam,19.01944444,76.83472222,Anjanawadi-1,"Dug Well",W26014,2017,'0,'0,1.9,'0
MS,Parbhani,Pathri,Pathri,19.15472222,76.40666667,Loni,"Dug Well",W26039,2017,3.9,7,'0,3.8
MS,Parbhani,Pathri,Pathri,19.15472222,76.40666667,Loni,"Dug Well",W26039,2017,'0,'0,8,'0
MS,Parbhani,Parbhani,Parbhani,19.07111111,76.71583333,Daithana,"Dug Well",W26024,2017,14.6,15.6,'0,13.6
MS,Parbhani,Parbhani,Parbhani,19.07111111,76.71583333,Daithana,"Dug Well",W26024,2017,'0,'0,16.1,'0
MS,Parbhani,Parbhani,Parbhani,19.26611111,76.8225,Karigaon,"Dug Well",W26067,2017,8.55,6.35,'0,8.75
MS,Parbhani,Pathri,Pathri,19.27638889,76.43222222,Pathri-1,"Dug Well",W26073,2017,.8,6.85,'0,6.85
MS,Parbhani,Pathri,Pathri,19.305,76.34777778,"Wadi Patta","Dug Well",W26083,2017,.7,13.2,'0,3.7
MS,Parbhani,Pathri,Pathri,19.305,76.34777778,"Wadi Patta","Dug Well",W26083,2017,'0,'0,5,'0
MS,Parbhani,Pathri,Pathri,19.31361111,76.31333333,Hadgaon-1,"Dug Well",W26086,2017,12.79,6.8,'0,9.2
MS,Parbhani,Pathri,Pathri,19.31361111,76.31333333,Hadgaon-1,"Dug Well",W26086,2017,'0,'0,8.1,'0
MS,Parbhani,Pathri,Manwat,19.32388889,76.60833333,Tarborgaon,"Dug Well",W26090,2017,12.25,9.05,'0,14
MS,Parbhani,Pathri,Manwat,19.32388889,76.60833333,Tarborgaon,"Dug Well",W26090,2017,'0,'0,5.9,'0
MS,Parbhani,Parbhani,Parbhani,19.29638889,76.75083333,Dharmapur,"Dug Well",W26077,2017,'0,21.15,'0,35
MS,Parbhani,Parbhani,Parbhani,19.29638889,76.75083333,Dharmapur,"Dug Well",W26077,2017,'0,'0,13.8,'0
MS,Parbhani,Parbhani,Parbhani,19.30333333,76.67805556,Pedgaon-3,"Dug Well",W26080,2017,1.9,5.2,'0,'0
MS,Parbhani,Parbhani,Parbhani,19.325,76.65833333,Pedgaon2,"Dug Well",W26091,2017,3.55,3.25,'0,6.75
MS,Parbhani,Parbhani,Parbhani,19.325,76.65833333,Pedgaon2,"Dug Well",W26091,2017,'0,'0,2.7,'0
MS,Parbhani,Parbhani,Parbhani,19.42638889,76.76583333,Jhari-1,"Dug Well",W26112,2017,8.65,8.25,'0,23.7
MS,Parbhani,Parbhani,Parbhani,19.42638889,76.76583333,Jhari-1,"Dug Well",W26112,2017,'0,'0,8.3,'0
MS,Parbhani,Pathri,Selu,19.48972222,76.55138889,Walur-1,"Dug Well",W26127,2017,4.8,10.65,'0,21.2
MS,Parbhani,Pathri,Selu,19.48972222,76.55138889,Walur-1,"Dug Well",W26127,2017,'0,'0,7.4,'0
MS,Parbhani,Pathri,Selu,19.61416667,76.4625,Devgaon,"Dug Well",W26154,2017,11.5,9.3,'0,11.3
MS,Parbhani,Pathri,Selu,19.61416667,76.4625,Devgaon,"Dug Well",W26154,2017,'0,'0,9.5,'0
MS,Parbhani,Parbhani,Jintur,19.48555556,76.7225,Bori,"Dug Well",W26126,2017,2.9,6.5,'0,11.65
MS,Parbhani,Parbhani,Jintur,19.48555556,76.7225,Bori,"Dug Well",W26126,2017,'0,'0,2.65,'0
MS,Parbhani,Jintur,Jintur,19.54472222,76.95888889,Dhar,"Dug Well",W26140,2017,1.45,5.35,'0,8.2
MS,Parbhani,Jintur,Jintur,19.54472222,76.95888889,Dhar,"Dug Well",W26140,2017,'0,'0,4,'0
MS,Parbhani,Jintur,Jintur,19.55583333,76.70944444,Panchegaon-1,"Dug Well",W26142,2017,6.35,9.2,'0,13.5
MS,Parbhani,Jintur,Jintur,19.55583333,76.70944444,Panchegaon-1,"Dug Well",W26142,2017,'0,'0,6.4,'0
MS,Parbhani,Parbhani,Jintur,19.5625,76.69416667,Bangri,"Dug Well",W26144,2017,8.8,9.35,'0,9.65
MS,Parbhani,Parbhani,Jintur,19.5625,76.69416667,Bangri,"Dug Well",W26144,2017,'0,'0,4.1,'0
MS,Parbhani,Parbhani,Purna,19.13333333,76.93333333,Todkalas,"Dug Well",W07343,2016,1.8,'0,5.5,8.55
MS,Parbhani,Jintur,Jintur,19.71805556,76.65722222,"Ambae wadi","Dug Well",W31221,2016,5.9,12.8,8.25,16.1
MS,Parbhani,Pathri,Manwat,19.3,76.48333333,Manwat,"Dug Well",W07344,2016,5,'0,2.5,9.9
MS,Parbhani,Parbhani,Parbhani,19.11666667,76.73333333,Kotamwadi,"Dug Well",W17541,2016,3,'0,2,5.33
MS,Parbhani,Pathri,Selu,19.36805556,76.40416667,Selu,"Dug Well",W07345,2016,8,'0,3.7,18.6
MS,Parbhani,Pathri,Selu,19.55,76.48333333,Chikhalthana,"Dug Well",W17543,2016,6.5,'0,4.7,14.9
MS,Parbhani,Manwath,Jintur,19.53944444,76.94444444,Gojegaon,"Dug Well",W17536,2016,2.3,'0,3.3,9.4
MS,Parbhani,Jintur,Sonpeth,19.00416667,76.55833333,Narwadi,"Bore Well",W07334,2016,10,'0,'0,16
MS,Parbhani,Jintur,Palam,18.98333333,76.86666667,Kerwadi,"Dug Well",W17532,2016,6.3,'0,3,13.2
MS,Parbhani,Parbhani,Parbhani,19.175,76.74166667,Singanapur,"Dug Well",W07342,2016,9,'0,4.1,12.45
MS,Parbhani,Parbhani,Parbhani,19.3875,76.6875,Kausdi,"Bore Well",W17540,2016,8.7,'0,'0,9.2
MS,Parbhani,Manwath,Jintur,19.61666667,76.68333333,Jintur,"Dug Well",W17537,2016,4.1,'0,4.7,'0
MS,Parbhani,Manwath,Jintur,19.68333333,76.7,Mankeswar,"Dug Well",W07337,2016,4.8,'0,5.8,9.7
MS,Parbhani,Gangakhed,Gangakhed,18.96805556,76.75,Gangakhed-1,"Dug Well",W26000,2016,8.7,10.2,6.3,11.8
MS,Parbhani,Pathri,Sonpeth,18.9425,76.6475,Wadgaon,"Dug Well",W25993,2016,16.5,19.1,6,19.6
MS,Parbhani,Parbhani,Sonpeth,18.97388889,76.61444444,Avalgaon,"Dug Well",W26004,2016,'0,11.1,7.8,11.4
MS,Parbhani,Gangakhed,Palam,19.01944444,76.83472222,Anjanawadi-1,"Dug Well",W26014,2016,3.15,10.5,4.5,11.17
MS,Parbhani,Pathri,Pathri,19.15472222,76.40666667,Loni,"Dug Well",W26039,2016,'0,7.8,5.6,7.8
MS,Parbhani,Parbhani,Parbhani,19.07111111,76.71583333,Daithana,"Dug Well",W26024,2016,15.3,10.9,5.2,21.9
MS,Parbhani,Parbhani,Parbhani,19.26611111,76.8225,Karigaon,"Dug Well",W26067,2016,17,17.65,4.8,18.1
MS,Parbhani,Pathri,Pathri,19.27638889,76.43222222,Pathri-1,"Dug Well",W26073,2016,4,17.1,3.8,19.8
MS,Parbhani,Pathri,Pathri,19.305,76.34777778,"Wadi Patta","Dug Well",W26083,2016,'0,11.9,5.1,12.2
MS,Parbhani,Pathri,Pathri,19.31361111,76.31333333,Hadgaon-1,"Dug Well",W26086,2016,5,12.8,8.5,12.84
MS,Parbhani,Pathri,Manwat,19.32388889,76.60833333,Tarborgaon,"Dug Well",W26090,2016,7.6,14.45,4.8,16.4
MS,Parbhani,Parbhani,Parbhani,19.29638889,76.75083333,Dharmapur,"Dug Well",W26077,2016,11.9,31.5,8.3,35
MS,Parbhani,Parbhani,Parbhani,19.30333333,76.67805556,Pedgaon-3,"Dug Well",W26080,2016,3.3,'0,4.4,'0
MS,Parbhani,Parbhani,Parbhani,19.325,76.65833333,Pedgaon2,"Dug Well",W26091,2016,3,8.9,2.2,8.9
MS,Parbhani,Parbhani,Parbhani,19.42638889,76.76583333,Jhari-1,"Dug Well",W26112,2016,10,18.3,5.3,23.6
MS,Parbhani,Pathri,Selu,19.48972222,76.55138889,Walur-1,"Dug Well",W26127,2016,7.2,21,6.5,21.1
MS,Parbhani,Pathri,Selu,19.61416667,76.4625,Devgaon,"Dug Well",W26154,2016,4.5,13.3,4.2,15.8
MS,Parbhani,Parbhani,Jintur,19.48555556,76.7225,Bori,"Dug Well",W26126,2016,7,17.5,3.1,19.8
MS,Parbhani,Jintur,Jintur,19.54472222,76.95888889,Dhar,"Dug Well",W26140,2016,1,7,3.3,4.8
MS,Parbhani,Jintur,Jintur,19.55583333,76.70944444,Panchegaon-1,"Dug Well",W26142,2016,5.4,14.1,7.8,14.2
MS,Parbhani,Parbhani,Jintur,19.5625,76.69416667,Bangri,"Dug Well",W26144,2016,7.5,7.9,8.1,10.2
MS,Parbhani,Jintur,Jintur,19.62222222,76.53916667,Charthana-1,"Dug Well",W26156,2016,1.6,6.1,1.7,8
MS,Parbhani,Gangakhed,Gangakhed,18.87833333,76.84944444,"Rani Sawargaon-1","Dug Well",W25978,2016,'0,13.5,7.1,15.3
MS,Parbhani,Gangakhed,Gangakhed,18.91166667,76.77805556,Isath,"Dug Well",W25987,2016,8.6,9,5.1,'0
MS,Parbhani,Gangakhed,Gangakhed,18.96555556,76.73111111,Gangakhed-3,"Dug Well",W25999,2016,8.7,'0,'0,'0
MS,Parbhani,Pathri,Manwat,19.34388889,76.56166667,Kola,"Dug Well",W31196,2016,13.8,17.3,4.8,20.2
MS,Parbhani,Pathri,Selu,19.51111111,76.455,Moregaon,"Dug Well",W31207,2016,9.2,12.6,3.7,13.2
MS,Parbhani,Pathri,Pathri,19.3,76.3,"Hadgaon (PZ)","Bore Well",W17544,2016,11.7,'0,'0,11.6
MS,Parbhani,Parbhani,Purna,19.13333333,76.93333333,Todkalas,"Dug Well",W07343,2015,8.55,'0,'0,11
MS,Parbhani,Pathri,Selu,19.51111111,76.455,Moregaon,"Dug Well",W31207,2015,'0,'0,10.4,'0
MS,Parbhani,Pathri,Manwat,19.3,76.48333333,Manwat,"Dug Well",W07344,2015,7,7.5,6.55,9.3
MS,Parbhani,Parbhani,Parbhani,19.11666667,76.73333333,Kotamwadi,"Dug Well",W17541,2015,5.33,2.2,2.8,5.33
MS,Parbhani,Pathri,Selu,19.36805556,76.40416667,Selu,"Dug Well",W07345,2015,14.6,9.1,11.62,14.5
MS,Parbhani,Pathri,Selu,19.55,76.48333333,Chikhalthana,"Dug Well",W17543,2015,14.75,16,12.05,18.05
MS,Parbhani,Manwath,Jintur,19.53944444,76.94444444,Gojegaon,"Dug Well",W17536,2015,5.3,3.7,1.9,7.05
MS,Parbhani,Jintur,Sonpeth,19.00416667,76.55833333,Narwadi,"Bore Well",W07334,2015,12.7,14.2,13,14.65
MS,Parbhani,Jintur,Palam,18.98333333,76.86666667,Kerwadi,"Dug Well",W17532,2015,13.2,11.4,13,8
MS,Parbhani,Parbhani,Parbhani,19.175,76.74166667,Singanapur,"Dug Well",W07342,2015,12.45,8.8,10.55,10.5
MS,Parbhani,Parbhani,Parbhani,19.3875,76.6875,Kausdi,"Bore Well",W17540,2015,8.1,8.1,8.7,9.75
MS,Parbhani,Manwath,Jintur,19.61666667,76.68333333,Jintur,"Dug Well",W17537,2015,6.45,7.3,5.4,8.6
MS,Parbhani,Manwath,Jintur,19.68333333,76.7,Mankeswar,"Dug Well",W07337,2015,5.45,6.5,6.5,6.88
MS,Parbhani,Gangakhed,Gangakhed,18.96805556,76.75,Gangakhed-1,"Dug Well",W26000,2015,10,'0,10.3,11
MS,Parbhani,Pathri,Sonpeth,18.9425,76.6475,Wadgaon,"Dug Well",W25993,2015,16,11.4,11.5,11.9
MS,Parbhani,Parbhani,Sonpeth,18.97388889,76.61444444,Avalgaon,"Dug Well",W26004,2015,8.8,9.8,8.5,8.25
MS,Parbhani,Gangakhed,Palam,19.01944444,76.83472222,Anjanawadi-1,"Dug Well",W26014,2015,10.25,10.05,7.55,11.17
MS,Parbhani,Pathri,Pathri,19.15472222,76.40666667,Loni,"Dug Well",W26039,2015,7,5.1,7,7.5
MS,Parbhani,Parbhani,Parbhani,19.07111111,76.71583333,Daithana,"Dug Well",W26024,2015,21.9,10.2,16.65,16.8
MS,Parbhani,Parbhani,Parbhani,19.26611111,76.8225,Karigaon,"Dug Well",W26067,2015,15.8,13.5,17.45,10.4
MS,Parbhani,Pathri,Pathri,19.27638889,76.43222222,Pathri-1,"Dug Well",W26073,2015,9.75,8.2,10.35,8.76
MS,Parbhani,Pathri,Pathri,19.305,76.34777778,"Wadi Patta","Dug Well",W26083,2015,'0,9.1,11.8,6.9
MS,Parbhani,Pathri,Pathri,19.31361111,76.31333333,Hadgaon-1,"Dug Well",W26086,2015,12.84,8.4,8.65,8.45
MS,Parbhani,Pathri,Manwat,19.32388889,76.60833333,Tarborgaon,"Dug Well",W26090,2015,16,13.3,13.8,16
MS,Parbhani,Parbhani,Parbhani,19.29638889,76.75083333,Dharmapur,"Dug Well",W26077,2015,35,34.5,30.15,'0
MS,Parbhani,Parbhani,Parbhani,19.30333333,76.67805556,Pedgaon-3,"Dug Well",W26080,2015,15,'0,16.5,'0
MS,Parbhani,Parbhani,Parbhani,19.325,76.65833333,Pedgaon2,"Dug Well",W26091,2015,9,8.2,7.75,7.1
MS,Parbhani,Parbhani,Parbhani,19.42638889,76.76583333,Jhari-1,"Dug Well",W26112,2015,13.4,'0,15.3,'0
MS,Parbhani,Pathri,Selu,19.48972222,76.55138889,Walur-1,"Dug Well",W26127,2015,20.7,20,10.45,22.3
MS,Parbhani,Pathri,Selu,19.61416667,76.4625,Devgaon,"Dug Well",W26154,2015,11.75,14.5,12.5,10.75
MS,Parbhani,Parbhani,Jintur,19.48555556,76.7225,Bori,"Dug Well",W26126,2015,11.1,11.6,11,16.65
MS,Parbhani,Jintur,Jintur,19.54472222,76.95888889,Dhar,"Dug Well",W26140,2015,3.3,'0,4,7.5
MS,Parbhani,Jintur,Jintur,19.55583333,76.70944444,Panchegaon-1,"Dug Well",W26142,2015,15,15,14.1,14.1
MS,Parbhani,Parbhani,Jintur,19.5625,76.69416667,Bangri,"Dug Well",W26144,2015,7.85,8.4,7.8,8.6
MS,Parbhani,Jintur,Jintur,19.62222222,76.53916667,Charthana-1,"Dug Well",W26156,2015,5.75,5.7,5.5,6.8
MS,Parbhani,Gangakhed,Gangakhed,18.87833333,76.84944444,"Rani Sawargaon-1","Dug Well",W25978,2015,10.65,6.7,6.5,15.25
MS,Parbhani,Gangakhed,Gangakhed,18.91166667,76.77805556,Isath,"Dug Well",W25987,2015,9,9,8.7,8.9
MS,Parbhani,Gangakhed,Gangakhed,18.96555556,76.73111111,Gangakhed-3,"Dug Well",W25999,2015,'0,9.8,8.7,'0
MS,Parbhani,Pathri,Pathri,19.3,76.3,"Hadgaon (PZ)","Bore Well",W17544,2015,10,9.5,10.2,10.1
MS,Parbhani,Parbhani,Purna,19.13333333,76.93333333,Todkalas,"Dug Well",W07343,2014,2.14,1.7,'0,'0
MS,Parbhani,Pathri,Manwat,19.34388889,76.56166667,Kola,"Dug Well",W31196,2014,4.15,'0,'0,'0
MS,Parbhani,Pathri,Manwat,19.3,76.48333333,Manwat,"Dug Well",W07344,2014,7.6,5,5.45,7.25
MS,Parbhani,Parbhani,Parbhani,19.11666667,76.73333333,Kotamwadi,"Dug Well",W17541,2014,5.33,3.15,2.6,2.65
MS,Parbhani,Pathri,Selu,19.36805556,76.40416667,Selu,"Dug Well",W07345,2014,7.5,2.3,6.17,5
MS,Parbhani,Pathri,Selu,19.55,76.48333333,Chikhalthana,"Dug Well",W17543,2014,16.4,6.9,11.95,14.85
MS,Parbhani,Manwath,Jintur,19.48333333,76.85,Asegaon,"Dug Well",W17533,2014,14.4,14.4,'0,'0
MS,Parbhani,Manwath,Jintur,19.53944444,76.94444444,Gojegaon,"Dug Well",W17536,2014,6.15,2.5,2.5,5.35
MS,Parbhani,Jintur,Sonpeth,19.00416667,76.55833333,Narwadi,"Bore Well",W07334,2014,14.31,7,12.7,10.6
MS,Parbhani,Jintur,Palam,18.98333333,76.86666667,Kerwadi,"Dug Well",W17532,2014,8.52,5.55,10.7,6.6
MS,Parbhani,Parbhani,Parbhani,19.175,76.74166667,Singanapur,"Dug Well",W07342,2014,11.1,7.45,7.55,10.45
MS,Parbhani,Parbhani,Parbhani,19.3875,76.6875,Kausdi,"Bore Well",W17540,2014,7.95,6.4,7.8,7.4
MS,Parbhani,Manwath,Jintur,19.61666667,76.68333333,Jintur,"Dug Well",W17537,2014,6.8,6,6.5,8.8
MS,Parbhani,Manwath,Jintur,19.68333333,76.7,Mankeswar,"Dug Well",W07337,2014,5.3,5.5,5.2,6.1
MS,Parbhani,Gangakhed,Gangakhed,18.96805556,76.75,Gangakhed-1,"Dug Well",W26000,2014,8.14,5.7,8,7.05
MS,Parbhani,Pathri,Sonpeth,18.9425,76.6475,Wadgaon,"Dug Well",W25993,2014,19,9.8,9.3,11.1
MS,Parbhani,Parbhani,Sonpeth,18.97388889,76.61444444,Avalgaon,"Dug Well",W26004,2014,9.75,4.5,8.45,6.5
MS,Parbhani,Gangakhed,Palam,19.01944444,76.83472222,Anjanawadi-1,"Dug Well",W26014,2014,9.25,4.15,8.2,7
MS,Parbhani,Parbhani,Parbhani,19.07111111,76.71583333,Daithana,"Dug Well",W26024,2014,16.3,9.2,15.5,11.6
MS,Parbhani,Parbhani,Parbhani,19.26611111,76.8225,Karigaon,"Dug Well",W26067,2014,15.53,11.35,17.25,8.45
MS,Parbhani,Pathri,Pathri,19.27638889,76.43222222,Pathri-1,"Dug Well",W26073,2014,17.5,7.75,5.95,18.45
MS,Parbhani,Pathri,Pathri,19.305,76.34777778,"Wadi Patta","Dug Well",W26083,2014,9.3,2.9,6.9,5.3
MS,Parbhani,Pathri,Pathri,19.31361111,76.31333333,Hadgaon-1,"Dug Well",W26086,2014,12.8,6.25,8.05,8.35
MS,Parbhani,Parbhani,Parbhani,19.29638889,76.75083333,Dharmapur,"Dug Well",W26077,2014,16.2,10.3,21.55,'0
MS,Parbhani,Parbhani,Parbhani,19.30333333,76.67805556,Pedgaon-3,"Dug Well",W26080,2014,8.1,'0,'0,'0
MS,Parbhani,Parbhani,Parbhani,19.325,76.65833333,Pedgaon2,"Dug Well",W26091,2014,7.9,3.85,6.3,5.65
MS,Parbhani,Pathri,Selu,19.48972222,76.55138889,Walur-1,"Dug Well",W26127,2014,22.05,8.7,12.25,20.75
MS,Parbhani,Pathri,Selu,19.61416667,76.4625,Devgaon,"Dug Well",W26154,2014,11.1,4,13.5,9.2
MS,Parbhani,Parbhani,Jintur,19.48555556,76.7225,Bori,"Dug Well",W26126,2014,17.2,6.4,9.1,11.6
MS,Parbhani,Jintur,Jintur,19.55583333,76.70944444,Panchegaon-1,"Dug Well",W26142,2014,15.5,13.7,13.4,9.3
MS,Parbhani,Parbhani,Jintur,19.5625,76.69416667,Bangri,"Dug Well",W26144,2014,9.5,10,7.7,8.75
MS,Parbhani,Jintur,Jintur,19.62222222,76.53916667,Charthana-1,"Dug Well",W26156,2014,7.1,3,5.4,5.8
MS,Parbhani,Gangakhed,Gangakhed,18.87833333,76.84944444,"Rani Sawargaon-1","Dug Well",W25978,2014,9.1,4.15,6,7.6
MS,Parbhani,Gangakhed,Gangakhed,18.91166667,76.77805556,Isath,"Dug Well",W25987,2014,7.9,5.3,8.7,4.6
MS,Parbhani,Gangakhed,Gangakhed,18.96555556,76.73111111,Gangakhed-3,"Dug Well",W25999,2014,8.3,5.7,8.9,6.1
MS,Parbhani,Pathri,Pathri,19.3,76.3,"Hadgaon (PZ)","Bore Well",W17544,2014,4.3,7.4,9.5,9.2
MS,Parbhani,Parbhani,Purna,19.13333333,76.93333333,Todkalas,"Dug Well",W07343,2013,'0,6.3,3.45,'0
MS,Parbhani,Pathri,Manwat,19.34388889,76.56166667,Kola,"Dug Well",W31196,2013,10,'0,3,22
MS,Parbhani,Pathri,Manwat,19.3,76.48333333,Manwat,"Dug Well",W07344,2013,2,6.85,3,11.5
MS,Parbhani,Parbhani,Parbhani,19.11666667,76.73333333,Kotamwadi,"Dug Well",W17541,2013,1.2,'0,3.3,'0
MS,Parbhani,Pathri,Selu,19.36805556,76.40416667,Selu,"Dug Well",W07345,2013,5.35,7.82,1.25,12.37
MS,Parbhani,Pathri,Selu,19.55,76.48333333,Chikhalthana,"Dug Well",W17543,2013,3,14.85,4,13.75
MS,Parbhani,Manwath,Jintur,19.48333333,76.85,Asegaon,"Dug Well",W17533,2013,'0,'0,7.2,'0
MS,Parbhani,Manwath,Jintur,19.53944444,76.94444444,Gojegaon,"Dug Well",W17536,2013,2.6,4.75,1.9,6.85
MS,Parbhani,Jintur,Sonpeth,19.00416667,76.55833333,Narwadi,"Bore Well",W07334,2013,'0,8.2,2.8,'0
MS,Parbhani,Jintur,Palam,18.98333333,76.86666667,Kerwadi,"Dug Well",W17532,2013,2.3,11,2.7,13
MS,Parbhani,Parbhani,Parbhani,19.175,76.74166667,Singanapur,"Dug Well",W07342,2013,1.75,10.35,3.4,'0
MS,Parbhani,Parbhani,Parbhani,19.3875,76.6875,Kausdi,"Bore Well",W17540,2013,6.2,9,'0,8.3
MS,Parbhani,Manwath,Jintur,19.61666667,76.68333333,Jintur,"Dug Well",W17537,2013,3.15,6.4,4.9,15.1
MS,Parbhani,Manwath,Jintur,19.68333333,76.7,Mankeswar,"Dug Well",W07337,2013,3.3,6.05,4.3,6.6
MS,Parbhani,Gangakhed,Gangakhed,18.96805556,76.75,Gangakhed-1,"Dug Well",W26000,2013,3.05,8,3.9,'0
MS,Parbhani,Pathri,Sonpeth,18.9425,76.6475,Wadgaon,"Dug Well",W25993,2013,2.7,8.25,2.8,19
MS,Parbhani,Parbhani,Sonpeth,18.97388889,76.61444444,Avalgaon,"Dug Well",W26004,2013,4.4,'0,7.3,10.3
MS,Parbhani,Gangakhed,Palam,19.01944444,76.83472222,Anjanawadi-1,"Dug Well",W26014,2013,.9,9.7,1.9,'0
MS,Parbhani,Parbhani,Parbhani,19.07111111,76.71583333,Daithana,"Dug Well",W26024,2013,12,'0,'0,15.2
MS,Parbhani,Parbhani,Parbhani,19.26611111,76.8225,Karigaon,"Dug Well",W26067,2013,6.1,'0,9.15,17.95
MS,Parbhani,Pathri,Pathri,19.27638889,76.43222222,Pathri-1,"Dug Well",W26073,2013,2.25,7.65,2.9,16.95
MS,Parbhani,Pathri,Pathri,19.305,76.34777778,"Wadi Patta","Dug Well",W26083,2013,3.5,'0,3.45,7.25
MS,Parbhani,Pathri,Pathri,19.31361111,76.31333333,Hadgaon-1,"Dug Well",W26086,2013,6.6,8.2,5.6,'0
MS,Parbhani,Parbhani,Parbhani,19.29638889,76.75083333,Dharmapur,"Dug Well",W26077,2013,14.3,'0,12.6,32.05
MS,Parbhani,Parbhani,Parbhani,19.30333333,76.67805556,Pedgaon-3,"Dug Well",W26080,2013,4.2,'0,2.2,17.45
MS,Parbhani,Parbhani,Parbhani,19.325,76.65833333,Pedgaon2,"Dug Well",W26091,2013,2.4,6.75,2,9.4
MS,Parbhani,Pathri,Selu,19.48972222,76.55138889,Walur-1,"Dug Well",W26127,2013,4.5,13.45,5.5,'0
MS,Parbhani,Pathri,Selu,19.61416667,76.4625,Devgaon,"Dug Well",W26154,2013,2.2,8.1,.9,11.95
MS,Parbhani,Parbhani,Jintur,19.48555556,76.7225,Bori,"Dug Well",W26126,2013,2.15,'0,4.75,13.2
MS,Parbhani,Jintur,Jintur,19.55583333,76.70944444,Panchegaon-1,"Dug Well",W26142,2013,2.9,10.2,7.5,11.2
MS,Parbhani,Parbhani,Jintur,19.5625,76.69416667,Bangri,"Dug Well",W26144,2013,2.1,'0,7.85,8.5
MS,Parbhani,Jintur,Jintur,19.62222222,76.53916667,Charthana-1,"Dug Well",W26156,2013,1.45,4.3,7.7,7
MS,Parbhani,Gangakhed,Gangakhed,18.87833333,76.84944444,"Rani Sawargaon-1","Dug Well",W25978,2013,2.8,8.8,3.5,13.6
MS,Parbhani,Gangakhed,Gangakhed,18.91166667,76.77805556,Isath,"Dug Well",W25987,2013,2.15,5.65,'0,4.6
MS,Parbhani,Gangakhed,Gangakhed,18.96555556,76.73111111,Gangakhed-3,"Dug Well",W25999,2013,4.5,'0,3.5,11.75
MS,Parbhani,Pathri,Pathri,19.3,76.3,"Hadgaon (PZ)","Bore Well",W17544,2013,'0,'0,6.9,'0
MS,Parbhani,Parbhani,Purna,19.13333333,76.93333333,Todkalas,"Dug Well",W07343,2012,'0,2.5,2.6,5.8
MS,Parbhani,Jintur,Jintur,19.55583333,76.70944444,Panchegaon-1,"Dug Well",W26142,2012,'0,'0,4.1,'0
MS,Parbhani,Pathri,Manwat,19.3,76.48333333,Manwat,"Dug Well",W07344,2012,'0,7.5,3.85,8.9
MS,Parbhani,Parbhani,Parbhani,19.30833333,76.74166667,Dharmapuri2,"Bore Well",W17538,2012,'0,20.8,'0,22
MS,Parbhani,Parbhani,Parbhani,19.11666667,76.73333333,Kotamwadi,"Dug Well",W17541,2012,'0,1.5,1.7,2.25
MS,Parbhani,Parbhani,Parbhani,19.26666667,76.86666667,Shrikshetra,"Dug Well",W07341,2012,'0,6.25,'0,2.6
MS,Parbhani,Pathri,Selu,19.48333333,76.56666667,Walur,"Dug Well",W07346,2012,'0,7.25,'0,11.3
MS,Parbhani,Pathri,Selu,19.36805556,76.40416667,Selu,"Dug Well",W07345,2012,'0,5.67,6.17,11.6
MS,Parbhani,Pathri,Selu,19.55,76.48333333,Chikhalthana,"Dug Well",W17543,2012,'0,15.45,10.15,19.25
MS,Parbhani,Manwath,Jintur,19.53944444,76.94444444,Gojegaon,"Dug Well",W17536,2012,'0,3.55,1.45,6.85
MS,Parbhani,Jintur,Sonpeth,19.00416667,76.55833333,Narwadi,"Bore Well",W07334,2012,'0,5.3,6.4,18.3
MS,Parbhani,Jintur,Palam,18.98333333,76.86666667,Kerwadi,"Dug Well",W17532,2012,'0,7.75,8.1,7.4
MS,Parbhani,Parbhani,Parbhani,19.175,76.74166667,Singanapur,"Dug Well",W07342,2012,'0,5.35,3.55,9.65
MS,Parbhani,Parbhani,Parbhani,19.3875,76.6875,Kausdi,"Bore Well",W17540,2012,'0,11.65,7.4,8.45
MS,Parbhani,Manwath,Jintur,19.61666667,76.68333333,Jintur,"Dug Well",W17537,2012,'0,6.8,4.8,'0
MS,Parbhani,Manwath,Jintur,19.68333333,76.7,Mankeswar,"Dug Well",W07337,2012,'0,6.05,4.3,8.55
MS,Parbhani,Gangakhed,Gangakhed,18.96805556,76.75,Gangakhed-1,"Dug Well",W26000,2012,'0,'0,8.6,'0
MS,Parbhani,Gangakhed,Palam,19.01944444,76.83472222,Anjanawadi-1,"Dug Well",W26014,2012,'0,'0,7.1,'0
MS,Parbhani,Pathri,Pathri,19.31361111,76.31333333,Hadgaon-1,"Dug Well",W26086,2012,'0,'0,6.65,'0
MS,Parbhani,Parbhani,Parbhani,19.325,76.65833333,Pedgaon2,"Dug Well",W26091,2012,'0,'0,4.85,'0
MS,Parbhani,Pathri,Pathri,19.3,76.3,"Hadgaon (PZ)","Bore Well",W17544,2012,'0,6.9,'0,8.1
MS,Parbhani,Parbhani,Purna,19.13333333,76.93333333,Todkalas,"Dug Well",W07343,2011,.45,1.3,1.3,3.55
MS,Parbhani,Jintur,Palam,19.01666667,76.96666667,Anjanawadi-2,"Dug Well",W17530,2011,'0,'0,1.5,'0
MS,Parbhani,Pathri,Pathri,19.3,76.3,"Hadgaon (PZ)","Bore Well",W17544,2011,'0,6.95,6.05,'0
MS,Parbhani,Pathri,Manwat,19.3,76.48333333,Manwat,"Dug Well",W07344,2011,3.19,3.8,5.9,8.01
MS,Parbhani,Parbhani,Parbhani,19.30833333,76.74166667,Dharmapuri2,"Bore Well",W17538,2011,'0,12.97,14.85,13.01
MS,Parbhani,Parbhani,Parbhani,19.11666667,76.73333333,Kotamwadi,"Dug Well",W17541,2011,1.02,1.82,2.3,'0
MS,Parbhani,Parbhani,Parbhani,19.325,76.65833333,Pedgaon,"Dug Well",W07339,2011,'0,'0,'0,6.62
MS,Parbhani,Pathri,Selu,19.48333333,76.56666667,Walur,"Dug Well",W07346,2011,'0,'0,4.7,'0
MS,Parbhani,Pathri,Selu,19.36805556,76.40416667,Selu,"Dug Well",W07345,2011,4.44,5.07,4.17,8.49
MS,Parbhani,Pathri,Selu,19.55,76.48333333,Chikhalthana,"Dug Well",W17543,2011,'0,6.4,6.85,13.51
MS,Parbhani,Manwath,Jintur,19.48333333,76.85,Asegaon,"Dug Well",W17533,2011,'0,14.55,12.55,'0
MS,Parbhani,Manwath,Jintur,19.53944444,76.94444444,Gojegaon,"Dug Well",W17536,2011,1.75,3.55,1.6,6.53
MS,Parbhani,Jintur,Sonpeth,19.00416667,76.55833333,Narwadi,"Bore Well",W07334,2011,2.25,5.42,4.2,6.82
MS,Parbhani,Jintur,Palam,18.98333333,76.86666667,Kerwadi,"Dug Well",W17532,2011,'0,8.2,4.4,8.68
MS,Parbhani,Pathri,Pathri,19.16666667,76.43333333,Babulgaon,"Dug Well",W17542,2011,'0,2.95,2.6,'0
MS,Parbhani,Parbhani,Parbhani,19.175,76.74166667,Singanapur,"Dug Well",W07342,2011,1.23,2.96,5.25,6.54
MS,Parbhani,Parbhani,Parbhani,19.3875,76.6875,Kausdi,"Bore Well",W17540,2011,7.65,7.91,6.65,8.61
MS,Parbhani,Manwath,Jintur,19.61666667,76.68333333,Jintur,"Dug Well",W17537,2011,3.12,4.97,5.7,'0
MS,Parbhani,Manwath,Jintur,19.68333333,76.7,Mankeswar,"Dug Well",W07337,2011,1.62,5.95,5.4,8.85
MS,Parbhani,Parbhani,Parbhani,19.3875,76.6875,Kausdi,"Bore Well",W17540,2010,10.89,7.75,7.63,28.36
MS,Parbhani,Parbhani,Parbhani,19.30833333,76.74166667,Dharmapuri2,"Bore Well",W17538,2010,19.68,'0,12.65,22.55
MS,Parbhani,Manwath,Jintur,19.68333333,76.7,Mankeswar,"Dug Well",W07337,2010,2.43,6.92,5.25,8.99
MS,Parbhani,Manwath,Jintur,19.53916667,76.79833333,Panchegaon,"Dug Well",W07338,2010,'0,7.84,'0,'0
MS,Parbhani,Manwath,Jintur,19.53944444,76.94444444,Gojegaon,"Dug Well",W17536,2010,1.07,2.65,'0,5.73
MS,Parbhani,Jintur,Sonpeth,19.00416667,76.55833333,Narwadi,"Bore Well",W07334,2010,8.31,10.8,8.09,22.5
MS,Parbhani,Jintur,Palam,18.98333333,76.86666667,Kerwadi,"Dug Well",W17532,2010,1.45,8.5,4.9,9.45
MS,Parbhani,Pathri,Pathri,19.16666667,76.43333333,Babulgaon,"Dug Well",W17542,2010,'0,6.9,3.15,6.9
MS,Parbhani,Parbhani,Parbhani,19.175,76.74166667,Singanapur,"Dug Well",W07342,2010,1.25,6.49,2.85,12.45
MS,Parbhani,Parbhani,Parbhani,19.11666667,76.73333333,Kotamwadi,"Dug Well",W17541,2010,1.15,3.57,1.55,5.33
MS,Parbhani,Parbhani,Parbhani,19.325,76.65833333,Pedgaon,"Dug Well",W07339,2010,'0,'0,'0,10.02
MS,Parbhani,Parbhani,Parbhani,19.26666667,76.86666667,Shrikshetra,"Dug Well",W07341,2010,'0,.9,'0,'0
MS,Parbhani,Pathri,Selu,19.48333333,76.56666667,Walur,"Dug Well",W07346,2010,'0,9.9,'0,9.9
MS,Parbhani,Pathri,Selu,19.36805556,76.40416667,Selu,"Dug Well",W07345,2010,13.22,12.27,5.37,20.36
MS,Parbhani,Pathri,Selu,19.55,76.48333333,Chikhalthana,"Dug Well",W17543,2010,5.31,15.5,3.77,16.67
MS,Parbhani,Manwath,Jintur,19.48333333,76.85,Asegaon,"Dug Well",W17533,2010,5.95,14.25,13.55,14.25
MS,Parbhani,Parbhani,Purna,19.13333333,76.93333333,Todkalas,"Dug Well",W07343,2010,.89,2.7,.7,11.06
MS,Parbhani,Jintur,Gangakhed,18.85,76.86666667,"Rani Sawargaon","Dug Well",W07336,2010,'0,12.86,'0,12.86
MS,Parbhani,Pathri,Pathri,19.3,76.3,"Hadgaon (PZ)","Bore Well",W17544,2010,7.1,5.72,6,27.1
MS,Parbhani,Pathri,Manwat,19.3,76.48333333,Manwat,"Dug Well",W07344,2010,2.52,6.75,2.1,8.72
MS,Parbhani,Manwath,Jintur,19.61666667,76.68333333,Jintur,"Dug Well",W17537,2010,2.95,6.2,4.65,14.92
MS,Parbhani,Parbhani,Parbhani,19.3875,76.6875,Kausdi,"Bore Well",W17540,2009,7.5,8.45,'0,9.43
MS,Parbhani,Parbhani,Parbhani,19.11666667,76.73333333,Kotamwadi,"Dug Well",W17541,2009,1.1,1.4,2.14,1.48
MS,Parbhani,Manwath,Jintur,19.68333333,76.7,Mankeswar,"Dug Well",W07337,2009,3.1,6.75,6.35,9.25
MS,Parbhani,Manwath,Jintur,19.53944444,76.94444444,Gojegaon,"Dug Well",W17536,2009,1.15,2.6,2.3,'0
MS,Parbhani,Jintur,Sonpeth,19.00416667,76.55833333,Narwadi,"Bore Well",W07334,2009,4.05,4.9,8.2,8.22
MS,Parbhani,Jintur,Palam,18.98333333,76.86666667,Kerwadi,"Dug Well",W17532,2009,5,8.05,7.23,'0
MS,Parbhani,Pathri,Pathri,19.16666667,76.43333333,Babulgaon,"Dug Well",W17542,2009,5.15,5.25,'0,'0
MS,Parbhani,Parbhani,Parbhani,19.175,76.74166667,Singanapur,"Dug Well",W07342,2009,1.45,4.75,5.4,5.9
MS,Parbhani,Parbhani,Parbhani,19.26666667,76.86666667,Shrikshetra,"Dug Well",W07341,2009,'0,'0,7.1,'0
MS,Parbhani,Pathri,Selu,19.48333333,76.56666667,Walur,"Dug Well",W07346,2009,'0,9.9,'0,'0
MS,Parbhani,Pathri,Selu,19.36805556,76.40416667,Selu,"Dug Well",W07345,2009,16.22,19.85,12.4,21.75
MS,Parbhani,Pathri,Selu,19.55,76.48333333,Chikhalthana,"Dug Well",W17543,2009,6.5,19.95,9.03,18.43
MS,Parbhani,Manwath,Jintur,19.48333333,76.85,Asegaon,"Dug Well",W17533,2009,10.85,11.9,11.7,'0
MS,Parbhani,Parbhani,Purna,19.13333333,76.93333333,Todkalas,"Dug Well",W07343,2009,.9,1.9,1.93,3.2
MS,Parbhani,Jintur,Gangakhed,18.85,76.86666667,"Rani Sawargaon","Dug Well",W07336,2009,10.5,11.15,11.65,'0
MS,Parbhani,Pathri,Pathri,19.3,76.3,"Hadgaon (PZ)","Bore Well",W17544,2009,6.05,6.47,5.85,7.78
MS,Parbhani,Pathri,Manwat,19.3,76.48333333,Manwat,"Dug Well",W07344,2009,4.1,7.3,5.85,7.32
MS,Parbhani,Parbhani,Parbhani,19.30833333,76.74166667,Dharmapuri2,"Bore Well",W17538,2009,20.98,19.38,'0,20.75
MS,Parbhani,Manwath,Jintur,19.61666667,76.68333333,Jintur,"Dug Well",W17537,2009,3,6.75,5.6,'0
MS,Parbhani,Parbhani,Parbhani,19.3875,76.6875,Kausdi,"Bore Well",W17540,2008,9.6,8.5,8.15,8.88
MS,Parbhani,Parbhani,Parbhani,19.11666667,76.73333333,Kotamwadi,"Dug Well",W17541,2008,1.5,1.65,1.6,1.56
MS,Parbhani,Manwath,Jintur,19.68333333,76.7,Mankeswar,"Dug Well",W07337,2008,6.7,8.4,5.75,8.8
MS,Parbhani,Manwath,Jintur,19.53916667,76.79833333,Panchegaon,"Dug Well",W07338,2008,'0,'0,'0,7.84
MS,Parbhani,Manwath,Jintur,19.53944444,76.94444444,Gojegaon,"Dug Well",W17536,2008,1.75,2.45,1.95,6.15
MS,Parbhani,Jintur,Gangakhed,18.96666667,76.75,Gangakhed,"Dug Well",W17531,2008,9.2,9.2,'0,'0
MS,Parbhani,Jintur,Sonpeth,19.00416667,76.55833333,Narwadi,"Bore Well",W07334,2008,9.1,4.85,3.96,6.37
MS,Parbhani,Jintur,Palam,18.98333333,76.86666667,Kerwadi,"Dug Well",W17532,2008,9.8,9.5,8.2,10.25
MS,Parbhani,Pathri,Pathri,19.16666667,76.43333333,Babulgaon,"Dug Well",W17542,2008,5.95,3.3,5.95,6.9
MS,Parbhani,Parbhani,Parbhani,19.175,76.74166667,Singanapur,"Dug Well",W07342,2008,4.55,4.7,5.1,5.7
MS,Parbhani,Parbhani,Parbhani,19.26666667,76.86666667,Shrikshetra,"Dug Well",W07341,2008,6.6,8.7,'0,10.12
MS,Parbhani,Pathri,Selu,19.48333333,76.56666667,Walur,"Dug Well",W07346,2008,9.9,9.9,9.9,9.9
MS,Parbhani,Pathri,Selu,19.36805556,76.40416667,Selu,"Dug Well",W07345,2008,19.2,10.9,20.5,15.52
MS,Parbhani,Pathri,Selu,19.55,76.48333333,Chikhalthana,"Dug Well",W17543,2008,16,19.3,16.3,19.28
MS,Parbhani,Manwath,Jintur,19.48333333,76.85,Asegaon,"Dug Well",W17533,2008,12.2,14.25,11.56,12.53
MS,Parbhani,Parbhani,Purna,19.13333333,76.93333333,Todkalas,"Dug Well",W07343,2008,2,2.25,1.9,2.28
MS,Parbhani,Jintur,Gangakhed,18.85,76.86666667,"Rani Sawargaon","Dug Well",W07336,2008,10.1,10.2,10.15,12.86
MS,Parbhani,Pathri,Pathri,19.3,76.3,"Hadgaon (PZ)","Bore Well",W17544,2008,6.9,7.1,6.3,7.15
MS,Parbhani,Pathri,Manwat,19.3,76.48333333,Manwat,"Dug Well",W07344,2008,5.45,6.35,6.7,7.85
MS,Parbhani,Parbhani,Parbhani,19.30833333,76.74166667,Dharmapuri2,"Bore Well",W17538,2008,20.3,23,18,20.95
MS,Parbhani,Manwath,Jintur,19.61666667,76.68333333,Jintur,"Dug Well",W17537,2008,6.1,8,5.6,15.43
MS,Parbhani,Parbhani,Parbhani,19.3875,76.6875,Kausdi,"Bore Well",W17540,2007,8.55,6.75,8.81,8.45
MS,Parbhani,Parbhani,Parbhani,19.11666667,76.73333333,Kotamwadi,"Dug Well",W17541,2007,1.75,.6,.85,1.8
MS,Parbhani,Manwath,Jintur,19.68333333,76.7,Mankeswar,"Dug Well",W07337,2007,7.05,5.77,6.13,8.78
MS,Parbhani,Manwath,Jintur,19.53916667,76.79833333,Panchegaon,"Dug Well",W07338,2007,6.04,6.4,5.77,7.84
MS,Parbhani,Manwath,Jintur,19.53944444,76.94444444,Gojegaon,"Dug Well",W17536,2007,2.17,2.4,1.69,6.35
MS,Parbhani,Jintur,Gangakhed,18.96666667,76.75,Gangakhed,"Dug Well",W17531,2007,'0,4.27,'0,'0
MS,Parbhani,Jintur,Sonpeth,19.00416667,76.55833333,Narwadi,"Bore Well",W07334,2007,6.75,3.95,3.82,5.85
MS,Parbhani,Jintur,Palam,18.98333333,76.86666667,Kerwadi,"Dug Well",W17532,2007,13.15,6.14,4.45,13
MS,Parbhani,Pathri,Pathri,19.16666667,76.43333333,Babulgaon,"Dug Well",W17542,2007,4.3,3.94,3.01,4.3
MS,Parbhani,Parbhani,Parbhani,19.175,76.74166667,Singanapur,"Dug Well",W07342,2007,5.55,4.98,4.28,6.08
MS,Parbhani,Parbhani,Parbhani,19.26666667,76.86666667,Shrikshetra,"Dug Well",W07341,2007,.2,8,6,8.15
MS,Parbhani,Pathri,Selu,19.48333333,76.56666667,Walur,"Dug Well",W07346,2007,9.9,6.82,7.77,9.9
MS,Parbhani,Pathri,Selu,19.36805556,76.40416667,Selu,"Dug Well",W07345,2007,10.47,7.98,8.76,11.19
MS,Parbhani,Pathri,Selu,19.55,76.48333333,Chikhalthana,"Dug Well",W17543,2007,11.7,9.68,9.94,16.9
MS,Parbhani,Manwath,Jintur,19.48333333,76.85,Asegaon,"Dug Well",W17533,2007,13.8,13.8,14.05,13.8
MS,Parbhani,Parbhani,Purna,19.13333333,76.93333333,Todkalas,"Dug Well",W07343,2007,2.05,1.73,2.07,2.35
MS,Parbhani,Jintur,Gangakhed,18.85,76.86666667,"Rani Sawargaon","Dug Well",W07336,2007,9.76,10.3,9.27,12.86
MS,Parbhani,Pathri,Pathri,19.3,76.3,"Hadgaon (PZ)","Bore Well",W17544,2007,6.45,'0,6.85,7.05
MS,Parbhani,Pathri,Manwat,19.3,76.48333333,Manwat,"Dug Well",W07344,2007,5.5,6.59,3.3,7.55
MS,Parbhani,Parbhani,Parbhani,19.30833333,76.74166667,Dharmapuri2,"Bore Well",W17538,2007,17.75,17,16.08,21
MS,Parbhani,Manwath,Jintur,19.61666667,76.68333333,Jintur,"Dug Well",W17537,2007,6,3.82,5.65,13.16
MS,Parbhani,Parbhani,Parbhani,19.3875,76.6875,Kausdi,"Bore Well",W17540,2006,'0,6.66,'0,7.3
MS,Parbhani,Parbhani,Parbhani,19.11666667,76.73333333,Kotamwadi,"Dug Well",W17541,2006,'0,1.15,.96,1.85
MS,Parbhani,Manwath,Jintur,19.68333333,76.7,Mankeswar,"Dug Well",W07337,2006,4.9,6.06,4.89,8.6
MS,Parbhani,Manwath,Jintur,19.53944444,76.94444444,Gojegaon,"Dug Well",W17536,2006,1.25,2.13,1.42,4.8
MS,Parbhani,Jintur,Gangakhed,18.96666667,76.75,Gangakhed,"Dug Well",W17531,2006,'0,'0,'0,9.2
MS,Parbhani,Jintur,Palam,18.98333333,76.86666667,Kerwadi,"Dug Well",W17532,2006,2.55,9.25,3.5,9
MS,Parbhani,Pathri,Pathri,19.16666667,76.43333333,Babulgaon,"Dug Well",W17542,2006,3.08,2.61,3.95,4.65
MS,Parbhani,Parbhani,Parbhani,19.175,76.74166667,Singanapur,"Dug Well",W07342,2006,3.05,4.87,3.33,6.05
MS,Parbhani,Parbhani,Parbhani,19.26666667,76.86666667,Shrikshetra,"Dug Well",W07341,2006,2.5,2.98,.65,10.12
MS,Parbhani,Pathri,Selu,19.48333333,76.56666667,Walur,"Dug Well",W07346,2006,4.85,6.2,4.56,9.9
MS,Parbhani,Pathri,Selu,19.36805556,76.40416667,Selu,"Dug Well",W07345,2006,8.05,6.22,8.27,8.97
MS,Parbhani,Pathri,Selu,19.55,76.48333333,Chikhalthana,"Dug Well",W17543,2006,3.85,10.76,4.05,17.2
MS,Parbhani,Manwath,Jintur,19.48333333,76.85,Asegaon,"Dug Well",W17533,2006,7.9,'0,8.19,13.8
MS,Parbhani,Manwath,Jintur,19.53916667,76.79833333,Panchegaon,"Dug Well",W07338,2006,3.85,5.5,4.46,7.84
MS,Parbhani,Parbhani,Purna,19.13333333,76.93333333,Todkalas,"Dug Well",W07343,2006,1.13,1.65,1.22,2.2
MS,Parbhani,Jintur,Gangakhed,18.85,76.86666667,"Rani Sawargaon","Dug Well",W07336,2006,7.56,9.18,8.05,11.06
MS,Parbhani,Pathri,Manwat,19.3,76.48333333,Manwat,"Dug Well",W07344,2006,2.2,4.8,4.39,7.3
MS,Parbhani,Parbhani,Parbhani,19.30833333,76.74166667,Dharmapuri2,"Bore Well",W17538,2006,'0,16.6,'0,20.15
MS,Parbhani,Manwath,Jintur,19.61666667,76.68333333,Jintur,"Dug Well",W17537,2006,3.9,5.78,5.32,12.9
MS,Parbhani,Parbhani,Parbhani,19.3875,76.6875,Kausdi,"Bore Well",W17540,2005,3.6,8.23,3.4,9.69
MS,Parbhani,Manwath,Jintur,19.61666667,76.68333333,Jintur,"Dug Well",W17537,2005,3.35,7.23,4.1,15.65
MS,Parbhani,Manwath,Jintur,19.68333333,76.7,Mankeswar,"Dug Well",W07337,2005,4.05,8.99,4.75,9.15
MS,Parbhani,Manwath,Jintur,19.53944444,76.94444444,Gojegaon,"Dug Well",W17536,2005,1.2,5.45,1.1,8.45
MS,Parbhani,Jintur,Gangakhed,18.96666667,76.75,Gangakhed,"Dug Well",W17531,2005,'0,5.15,'0,9.2
MS,Parbhani,Jintur,Sonpeth,19.00416667,76.55833333,Narwadi,"Bore Well",W07334,2005,'0,'0,'0,13.52
MS,Parbhani,Jintur,Palam,18.98333333,76.86666667,Kerwadi,"Dug Well",W17532,2005,2.1,9.23,1.7,9.5
MS,Parbhani,Pathri,Pathri,19.16666667,76.43333333,Babulgaon,"Dug Well",W17542,2005,4.15,6.9,2.25,6.9
MS,Parbhani,Parbhani,Parbhani,19.175,76.74166667,Singanapur,"Dug Well",W07342,2005,2.22,12.45,3.15,6.55
MS,Parbhani,Parbhani,Parbhani,19.26666667,76.86666667,Shrikshetra,"Dug Well",W07341,2005,'0,4.02,.9,'0
MS,Parbhani,Pathri,Selu,19.48333333,76.56666667,Walur,"Dug Well",W07346,2005,4.25,9.9,3.75,9.9
MS,Parbhani,Pathri,Selu,19.36805556,76.40416667,Selu,"Dug Well",W07345,2005,10.8,14.66,6.3,20.75
MS,Parbhani,Pathri,Selu,19.55,76.48333333,Chikhalthana,"Dug Well",W17543,2005,4.4,14.98,5.45,17.6
MS,Parbhani,Manwath,Jintur,19.48333333,76.85,Asegaon,"Dug Well",W17533,2005,'0,12.7,'0,'0
MS,Parbhani,Manwath,Jintur,19.53916667,76.79833333,Panchegaon,"Dug Well",W07338,2005,4.7,7.84,4.55,7.84
MS,Parbhani,Parbhani,Purna,19.13333333,76.93333333,Todkalas,"Dug Well",W07343,2005,.7,3.9,.8,3.55
MS,Parbhani,Jintur,Gangakhed,18.85,76.86666667,"Rani Sawargaon","Dug Well",W07336,2005,7.35,8.95,4.7,12.8
MS,Parbhani,Pathri,Pathri,19.3,76.3,"Hadgaon (PZ)","Bore Well",W17544,2005,'0,'0,'0,8.43
MS,Parbhani,Pathri,Manwat,19.3,76.48333333,Manwat,"Dug Well",W07344,2005,1.7,6.45,1.85,7.9
MS,Parbhani,Parbhani,Parbhani,19.30833333,76.74166667,Dharmapuri2,"Bore Well",W17538,2005,18.63,24.4,14.44,22.87
MS,Parbhani,Parbhani,Parbhani,19.11666667,76.73333333,Kotamwadi,"Dug Well",W17541,2005,1,'0,1.2,1.25
MS,Parbhani,Parbhani,Parbhani,19.3875,76.6875,Kausdi,"Bore Well",W17540,2004,'0,7.4,'0,7.1
MS,Parbhani,Parbhani,Parbhani,19.11666667,76.73333333,Kotamwadi,"Dug Well",W17541,2004,'0,5.33,'0,5.33
MS,Parbhani,Manwath,Jintur,19.68333333,76.7,Mankeswar,"Dug Well",W07337,2004,'0,6.5,'0,8.55
MS,Parbhani,Manwath,Jintur,19.53944444,76.94444444,Gojegaon,"Dug Well",W17536,2004,'0,3.6,'0,7.4
MS,Parbhani,Jintur,Gangakhed,18.96666667,76.75,Gangakhed,"Dug Well",W17531,2004,'0,4.9,'0,9.2
MS,Parbhani,Jintur,Palam,18.98333333,76.86666667,Kerwadi,"Dug Well",W17532,2004,'0,7.65,'0,8.8
MS,Parbhani,Pathri,Pathri,19.16666667,76.43333333,Babulgaon,"Dug Well",W17542,2004,'0,3.15,'0,6.9
MS,Parbhani,Parbhani,Parbhani,19.175,76.74166667,Singanapur,"Dug Well",W07342,2004,'0,7.9,'0,12.45
MS,Parbhani,Parbhani,Parbhani,19.26666667,76.86666667,Shrikshetra,"Dug Well",W07341,2004,'0,7.3,'0,'0
MS,Parbhani,Pathri,Selu,19.48333333,76.56666667,Walur,"Dug Well",W07346,2004,'0,9.9,'0,9.9
MS,Parbhani,Pathri,Selu,19.36805556,76.40416667,Selu,"Dug Well",W07345,2004,'0,9.67,'0,14.3
MS,Parbhani,Pathri,Selu,19.55,76.48333333,Chikhalthana,"Dug Well",W17543,2004,'0,13.95,'0,18.35
MS,Parbhani,Manwath,Jintur,19.48333333,76.85,Asegaon,"Dug Well",W17533,2004,'0,6.95,'0,13.8
MS,Parbhani,Manwath,Jintur,19.53916667,76.79833333,Panchegaon,"Dug Well",W07338,2004,'0,7.84,'0,7.84
MS,Parbhani,Parbhani,Purna,19.13333333,76.93333333,Todkalas,"Dug Well",W07343,2004,'0,3,'0,7
MS,Parbhani,Jintur,Gangakhed,18.85,76.86666667,"Rani Sawargaon","Dug Well",W07336,2004,'0,8.12,'0,26
MS,Parbhani,Jintur,Palam,19.01944444,76.96805556,Anjanawadi-1,"Bore Well",W17529,2004,'0,5.1,'0,9.6
MS,Parbhani,Pathri,Manwat,19.3,76.48333333,Manwat,"Dug Well",W07344,2004,'0,3,'0,8.65
MS,Parbhani,Parbhani,Parbhani,19.30833333,76.74166667,Dharmapuri2,"Bore Well",W17538,2004,'0,20.05,'0,20.9
MS,Parbhani,Manwath,Jintur,19.61666667,76.68333333,Jintur,"Dug Well",W17537,2004,'0,7.05,'0,15.85
MS,Parbhani,Parbhani,Parbhani,19.3875,76.6875,Kausdi,"Bore Well",W17540,2003,6.9,6.2,7,8.2
MS,Parbhani,Parbhani,Parbhani,19.11666667,76.73333333,Kotamwadi,"Dug Well",W17541,2003,.9,2.65,1.71,3.75
MS,Parbhani,Manwath,Jintur,19.68333333,76.7,Mankeswar,"Dug Well",W07337,2003,5.6,6.5,7.01,'0
MS,Parbhani,Manwath,Jintur,19.53944444,76.94444444,Gojegaon,"Dug Well",W17536,2003,1.55,2.45,2,6.6
MS,Parbhani,Jintur,Gangakhed,18.96666667,76.75,Gangakhed,"Dug Well",W17531,2003,3.2,7.7,4,10.06
MS,Parbhani,Jintur,Palam,18.98333333,76.86666667,Kerwadi,"Dug Well",W17532,2003,.5,8.8,3.15,9.8
MS,Parbhani,Pathri,Pathri,19.16666667,76.43333333,Babulgaon,"Dug Well",W17542,2003,4.5,5.25,4.82,'0
MS,Parbhani,Parbhani,Parbhani,19.175,76.74166667,Singanapur,"Dug Well",W07342,2003,2,7.65,5.85,'0
MS,Parbhani,Parbhani,Parbhani,19.26666667,76.86666667,Shrikshetra,"Dug Well",W07341,2003,.01,5,1.27,6.75
MS,Parbhani,Pathri,Selu,19.48333333,76.56666667,Walur,"Dug Well",W07346,2003,5.8,6.05,6.48,'0
MS,Parbhani,Pathri,Selu,19.36805556,76.40416667,Selu,"Dug Well",W07345,2003,8.6,5.05,8.55,8.97
MS,Parbhani,Pathri,Selu,19.55,76.48333333,Chikhalthana,"Dug Well",W17543,2003,8.7,11.4,13.01,15
MS,Parbhani,Manwath,Jintur,19.48333333,76.85,Asegaon,"Dug Well",W17533,2003,8.4,7.35,11.95,'0
MS,Parbhani,Manwath,Jintur,19.53916667,76.79833333,Panchegaon,"Dug Well",W07338,2003,5.7,6.2,6.51,'0
MS,Parbhani,Parbhani,Purna,19.13333333,76.93333333,Todkalas,"Dug Well",W07343,2003,.8,3.4,1.3,7.98
MS,Parbhani,Jintur,Gangakhed,18.85,76.86666667,"Rani Sawargaon","Dug Well",W07336,2003,4.6,8.75,'0,10.5
MS,Parbhani,Jintur,Palam,19.01944444,76.96805556,Anjanawadi-1,"Bore Well",W17529,2003,.54,5.6,2.34,8.88
MS,Parbhani,Pathri,Manwat,19.3,76.48333333,Manwat,"Dug Well",W07344,2003,2.5,5.05,4.28,7.55
MS,Parbhani,Parbhani,Parbhani,19.30833333,76.74166667,Dharmapuri2,"Bore Well",W17538,2003,16.9,19.3,18.17,19.75
MS,Parbhani,Manwath,Jintur,19.61666667,76.68333333,Jintur,"Dug Well",W17537,2003,5,6.3,5.86,'0
MS,Parbhani,Parbhani,Parbhani,19.3875,76.6875,Kausdi,"Bore Well",W17540,2002,5.9,6.49,4.85,'0
MS,Parbhani,Parbhani,Parbhani,19.11666667,76.73333333,Kotamwadi,"Dug Well",W17541,2002,.7,1.4,2,'0
MS,Parbhani,Manwath,Jintur,19.61666667,76.68333333,Jintur,"Dug Well",W17537,2002,3,5.75,5.1,15.12
MS,Parbhani,Manwath,Jintur,19.68333333,76.7,Mankeswar,"Dug Well",W07337,2002,2.95,5.82,6.1,9.06
MS,Parbhani,Manwath,Jintur,19.53944444,76.94444444,Gojegaon,"Dug Well",W17536,2002,1.1,2.45,1.95,6.32
MS,Parbhani,Jintur,Gangakhed,18.96666667,76.75,Gangakhed,"Dug Well",W17531,2002,2.3,5.15,5.05,9.33
MS,Parbhani,Jintur,Palam,18.98333333,76.86666667,Kerwadi,"Dug Well",W17532,2002,1.1,9.05,8,10.06
MS,Parbhani,Pathri,Pathri,19.16666667,76.43333333,Babulgaon,"Dug Well",W17542,2002,4,1.2,3.5,3.04
MS,Parbhani,Parbhani,Parbhani,19.175,76.74166667,Singanapur,"Dug Well",W07342,2002,2.3,6.11,6.85,'0
MS,Parbhani,Parbhani,Parbhani,19.26666667,76.86666667,Shrikshetra,"Dug Well",W07341,2002,.75,7.45,1.9,'0
MS,Parbhani,Pathri,Selu,19.48333333,76.56666667,Walur,"Dug Well",W07346,2002,4.5,5.6,4.85,'0
MS,Parbhani,Pathri,Selu,19.36805556,76.40416667,Selu,"Dug Well",W07345,2002,5.45,4.22,4.5,6.81
MS,Parbhani,Pathri,Selu,19.55,76.48333333,Chikhalthana,"Dug Well",W17543,2002,9.3,7.1,6.4,14.85
MS,Parbhani,Manwath,Jintur,19.48333333,76.85,Asegaon,"Dug Well",W17533,2002,'0,12.15,'0,'0
MS,Parbhani,Manwath,Jintur,19.53916667,76.79833333,Panchegaon,"Dug Well",W07338,2002,4.4,4.84,5.6,6.76
MS,Parbhani,Parbhani,Purna,19.13333333,76.93333333,Todkalas,"Dug Well",W07343,2002,.7,2.05,1.5,7.56
MS,Parbhani,Jintur,Gangakhed,18.85,76.86666667,"Rani Sawargaon","Dug Well",W07336,2002,5.45,6.56,8.1,7.78
MS,Parbhani,Jintur,Palam,19.01944444,76.96805556,Anjanawadi-1,"Bore Well",W17529,2002,.65,3.77,3.05,'0
MS,Parbhani,Pathri,Manwat,19.3,76.48333333,Manwat,"Dug Well",W07344,2002,1.47,3.1,3,7.45
MS,Parbhani,Parbhani,Parbhani,19.30833333,76.74166667,Dharmapuri2,"Bore Well",W17538,2002,12.35,19.25,'0,'0
MS,Parbhani,Parbhani,Parbhani,19.4,76.76666667,Jhari,"Dug Well",W17539,2002,4.4,'0,'0,'0
MS,Parbhani,Parbhani,Parbhani,19.3875,76.6875,Kausdi,"Bore Well",W17540,2001,7.8,6.5,4.02,5.8
MS,Parbhani,Parbhani,Parbhani,19.11666667,76.73333333,Kotamwadi,"Dug Well",W17541,2001,'0,1.2,1.25,1.6
MS,Parbhani,Manwath,Jintur,19.61666667,76.68333333,Jintur,"Dug Well",W17537,2001,5.9,6.8,4.3,15.02
MS,Parbhani,Manwath,Jintur,19.68333333,76.7,Mankeswar,"Dug Well",W07337,2001,5.1,6.3,5,9.05
MS,Parbhani,Manwath,Jintur,19.53944444,76.94444444,Gojegaon,"Dug Well",W17536,2001,1.3,3.4,1.5,6.3
MS,Parbhani,Jintur,Gangakhed,18.96666667,76.75,Gangakhed,"Dug Well",W17531,2001,3.2,7.8,3.2,9.8
MS,Parbhani,Jintur,Sonpeth,19.00416667,76.55833333,Narwadi,"Bore Well",W07334,2001,'0,'0,'0,6.48
MS,Parbhani,Jintur,Palam,18.98333333,76.86666667,Kerwadi,"Dug Well",W17532,2001,.8,6,6.7,8.2
MS,Parbhani,Pathri,Pathri,19.16666667,76.43333333,Babulgaon,"Dug Well",W17542,2001,'0,1.5,1.3,4.05
MS,Parbhani,Parbhani,Parbhani,19.175,76.74166667,Singanapur,"Dug Well",W07342,2001,1.8,5.4,3.3,8.3
MS,Parbhani,Parbhani,Parbhani,19.26666667,76.86666667,Shrikshetra,"Dug Well",W07341,2001,5.2,7.8,4.5,8.4
MS,Parbhani,Pathri,Selu,19.48333333,76.56666667,Walur,"Dug Well",W07346,2001,6.1,8.4,3.9,'0
MS,Parbhani,Pathri,Selu,19.36805556,76.40416667,Selu,"Dug Well",W07345,2001,6.6,4.55,4.45,8.5
MS,Parbhani,Pathri,Selu,19.55,76.48333333,Chikhalthana,"Dug Well",W17543,2001,11.1,14.1,3.7,13.9
MS,Parbhani,Manwath,Jintur,19.48333333,76.85,Asegaon,"Dug Well",W17533,2001,7.7,12.6,7,'0
MS,Parbhani,Manwath,Jintur,19.53916667,76.79833333,Panchegaon,"Dug Well",W07338,2001,4.6,5.9,3.7,6.72
MS,Parbhani,Parbhani,Purna,19.13333333,76.93333333,Todkalas,"Dug Well",W07343,2001,.7,1.65,.85,3
MS,Parbhani,Jintur,Gangakhed,18.85,76.86666667,"Rani Sawargaon","Dug Well",W07336,2001,6,7.5,6.55,8.2
MS,Parbhani,Jintur,Palam,19.01944444,76.96805556,Anjanawadi-1,"Bore Well",W17529,2001,2,5.3,1.4,7.5
MS,Parbhani,Pathri,Pathri,19.3,76.3,"Hadgaon (PZ)","Bore Well",W17544,2001,'0,'0,'0,4.8
MS,Parbhani,Pathri,Manwat,19.3,76.48333333,Manwat,"Dug Well",W07344,2001,'0,5.15,1.7,6.78
MS,Parbhani,Parbhani,Parbhani,19.30833333,76.74166667,Dharmapuri2,"Bore Well",W17538,2001,16.5,20,12.4,'0
MS,Parbhani,Parbhani,Parbhani,19.4,76.76666667,Jhari,"Dug Well",W17539,2001,2.9,6.2,1.6,'0
MS,Parbhani,Parbhani,Parbhani,19.4,76.76666667,Jhari,"Dug Well",W17539,2000,4,3.28,5.1,7.75
MS,Parbhani,Parbhani,Parbhani,19.11666667,76.73333333,Kotamwadi,"Dug Well",W17541,2000,'0,.39,1.2,1.32
MS,Parbhani,Manwath,Jintur,19.68333333,76.7,Mankeswar,"Dug Well",W07337,2000,2.3,5.8,5.5,6.94
MS,Parbhani,Manwath,Jintur,19.53944444,76.94444444,Gojegaon,"Dug Well",W17536,2000,.2,2.18,2.1,5.83
MS,Parbhani,Jintur,Gangakhed,18.96666667,76.75,Gangakhed,"Dug Well",W17531,2000,3.3,6.5,3.28,11.85
MS,Parbhani,Jintur,Sonpeth,19.00416667,76.55833333,Narwadi,"Bore Well",W07334,2000,'0,'0,'0,6.18
MS,Parbhani,Jintur,Palam,18.98333333,76.86666667,Kerwadi,"Dug Well",W17532,2000,1.8,7.85,5.96,8.28
MS,Parbhani,Pathri,Pathri,19.16666667,76.43333333,Babulgaon,"Dug Well",W17542,2000,1,1.14,.9,3.21
MS,Parbhani,Parbhani,Parbhani,19.175,76.74166667,Singanapur,"Dug Well",W07342,2000,.8,5.28,4.35,5.75
MS,Parbhani,Parbhani,Parbhani,19.3875,76.6875,Kausdi,"Bore Well",W17540,2000,6.5,'0,5.46,8.04
MS,Parbhani,Parbhani,Parbhani,19.26666667,76.86666667,Shrikshetra,"Dug Well",W07341,2000,1.8,6.85,5.9,8.12
MS,Parbhani,Pathri,Selu,19.48333333,76.56666667,Walur,"Dug Well",W07346,2000,4.36,4.49,4.85,'0
MS,Parbhani,Pathri,Selu,19.36805556,76.40416667,Selu,"Dug Well",W07345,2000,3.9,2.01,3.37,4.63
MS,Parbhani,Pathri,Selu,19.55,76.48333333,Chikhalthana,"Dug Well",W17543,2000,8.4,6.75,11.07,14.51
MS,Parbhani,Manwath,Jintur,19.48333333,76.85,Asegaon,"Dug Well",W17533,2000,6.8,11.31,4.72,'0
MS,Parbhani,Manwath,Jintur,19.53916667,76.79833333,Panchegaon,"Dug Well",W07338,2000,4.6,4.1,4.54,6.41
MS,Parbhani,Parbhani,Purna,19.13333333,76.93333333,Todkalas,"Dug Well",W07343,2000,.4,1.23,.8,2.76
MS,Parbhani,Jintur,Gangakhed,18.85,76.86666667,"Rani Sawargaon","Dug Well",W07336,2000,4.1,6.64,6.22,7.78
MS,Parbhani,Pathri,Pathri,19.3,76.3,"Hadgaon (PZ)","Bore Well",W17544,2000,2.7,3.22,'0,4.45
MS,Parbhani,Pathri,Manwat,19.3,76.48333333,Manwat,"Dug Well",W07344,2000,.2,3.84,2.15,7.32
MS,Parbhani,Manwath,Jintur,19.61666667,76.68333333,Jintur,"Dug Well",W17537,2000,3,6,5.7,8.57
MS,Parbhani,Pathri,Pathri,19.16666667,76.43333333,Babulgaon,"Dug Well",W17542,1999,3.1,5.35,1.3,2.6
MS,Parbhani,Pathri,Selu,19.36805556,76.40416667,Selu,"Dug Well",W07345,1999,8.85,3.8,3.6,7.4
MS,Parbhani,Pathri,Manwat,19.3,76.48333333,Manwat,"Dug Well",W07344,1999,.9,3.65,1.2,7.3
MS,Parbhani,Manwath,Jintur,19.53944444,76.94444444,Gojegaon,"Dug Well",W17536,1999,1.25,2.9,1.45,5.9
MS,Parbhani,Parbhani,Parbhani,19.26666667,76.86666667,Shrikshetra,"Dug Well",W07341,1999,7.4,8,6.55,8.6
MS,Parbhani,Pathri,Pathri,19.3,76.3,"Hadgaon (PZ)","Bore Well",W17544,1999,'0,5.8,'0,4.3
MS,Parbhani,Parbhani,Parbhani,19.4,76.76666667,Jhari,"Dug Well",W17539,1999,3.4,5,.7,7.5
MS,Parbhani,Pathri,Selu,19.48333333,76.56666667,Walur,"Dug Well",W07346,1999,6.25,4.3,2.4,'0
MS,Parbhani,Manwath,Jintur,19.61666667,76.68333333,Jintur,"Dug Well",W17537,1999,4,5.7,3.7,6.7
MS,Parbhani,Manwath,Jintur,19.53916667,76.79833333,Panchegaon,"Dug Well",W07338,1999,3.45,4.2,2.55,6.2
MS,Parbhani,Parbhani,Parbhani,19.175,76.74166667,Singanapur,"Dug Well",W07342,1999,3.45,5.45,3.4,5.7
MS,Parbhani,Manwath,Jintur,19.68333333,76.7,Mankeswar,"Dug Well",W07337,1999,3.8,5.5,4.2,8
MS,Parbhani,Manwath,Jintur,19.48333333,76.85,Asegaon,"Dug Well",W17533,1999,2.1,11.6,7.45,'0
MS,Parbhani,Jintur,Gangakhed,18.96666667,76.75,Gangakhed,"Dug Well",W17531,1999,5.8,4.3,4.4,8.1
MS,Parbhani,Parbhani,Purna,19.13333333,76.93333333,Todkalas,"Dug Well",W07343,1999,1.35,1.4,.7,2.65
MS,Parbhani,Pathri,Selu,19.55,76.48333333,Chikhalthana,"Dug Well",W17543,1999,1.6,3.3,2.3,6.4
MS,Parbhani,Jintur,Palam,18.98333333,76.86666667,Kerwadi,"Dug Well",W17532,1999,3.5,6,2,6.6
MS,Parbhani,Jintur,Gangakhed,18.85,76.86666667,"Rani Sawargaon","Dug Well",W07336,1999,1.4,7,5.1,7.2
MS,Parbhani,Parbhani,Parbhani,19.11666667,76.73333333,Kotamwadi,"Dug Well",W17541,1999,.4,1.4,1,1.65
MS,Parbhani,Parbhani,Parbhani,19.11666667,76.73333333,Kotamwadi,"Dug Well",W17541,1998,.88,1.5,1.08,1.96
MS,Parbhani,Pathri,Manwat,19.3,76.48333333,Manwat,"Dug Well",W07344,1998,.75,3.15,2,'0
MS,Parbhani,Pathri,Pathri,19.3,76.3,"Hadgaon (PZ)","Bore Well",W17544,1998,5.68,'0,'0,6.88
MS,Parbhani,Jintur,Gangakhed,18.85,76.86666667,"Rani Sawargaon","Dug Well",W07336,1998,1.54,6.72,3.97,7.54
MS,Parbhani,Parbhani,Purna,19.13333333,76.93333333,Todkalas,"Dug Well",W07343,1998,.22,3.2,2.7,3.82
MS,Parbhani,Manwath,Jintur,19.68333333,76.7,Mankeswar,"Dug Well",W07337,1998,3.35,6.5,4,7.62
MS,Parbhani,Manwath,Jintur,19.61666667,76.68333333,Jintur,"Dug Well",W17537,1998,3.27,6.05,3.45,7
MS,Parbhani,Parbhani,Parbhani,19.4,76.76666667,Jhari,"Dug Well",W17539,1998,5.19,5.6,2.8,'0
MS,Parbhani,Parbhani,Parbhani,19.175,76.74166667,Singanapur,"Dug Well",W07342,1998,1.32,4,2.92,6.83
MS,Parbhani,Pathri,Pathri,19.16666667,76.43333333,Babulgaon,"Dug Well",W17542,1998,3.61,3.2,2.1,4.41
MS,Parbhani,Jintur,Palam,18.98333333,76.86666667,Kerwadi,"Dug Well",W17532,1998,1.72,4.9,4.2,8.86
MS,Parbhani,Jintur,Gangakhed,18.96666667,76.75,Gangakhed,"Dug Well",W17531,1998,4.18,6.4,2.8,9.1
MS,Parbhani,Manwath,Jintur,19.53944444,76.94444444,Gojegaon,"Dug Well",W17536,1998,1.19,2.05,2.05,4.27
MS,Parbhani,Manwath,Jintur,19.53916667,76.79833333,Panchegaon,"Dug Well",W07338,1998,4.3,5.2,2.34,6.91
MS,Parbhani,Manwath,Jintur,19.48333333,76.85,Asegaon,"Dug Well",W17533,1998,2.34,3.2,2.45,'0
MS,Parbhani,Pathri,Selu,19.55,76.48333333,Chikhalthana,"Dug Well",W17543,1998,1.81,13.05,2.59,9.85
MS,Parbhani,Pathri,Selu,19.36805556,76.40416667,Selu,"Dug Well",W07345,1998,9.99,17.2,4.37,13.67
MS,Parbhani,Pathri,Selu,19.48333333,76.56666667,Walur,"Dug Well",W07346,1998,3.79,9,2.65,'0
MS,Parbhani,Parbhani,Parbhani,19.26666667,76.86666667,Shrikshetra,"Dug Well",W07341,1998,8.49,8.9,6.5,'0
MS,Parbhani,Jintur,Gangakhed,18.85,76.86666667,"Rani Sawargaon","Dug Well",W07336,1997,8.48,7.45,9.56,8.65
MS,Parbhani,Parbhani,Parbhani,19.11666667,76.73333333,Kotamwadi,"Dug Well",W17541,1997,2.3,2.15,1.14,3
MS,Parbhani,Manwath,Jintur,19.48333333,76.85,Asegaon,"Dug Well",W17533,1997,'0,11.85,4.03,'0
MS,Parbhani,Parbhani,Parbhani,19.4,76.76666667,Jhari,"Dug Well",W17539,1997,'0,8.68,8.96,'0
MS,Parbhani,Parbhani,Purna,19.13333333,76.93333333,Todkalas,"Dug Well",W07343,1997,3.2,1.7,2.22,4.4
MS,Parbhani,Manwath,Jintur,19.53916667,76.79833333,Panchegaon,"Dug Well",W07338,1997,7.23,5.13,5.53,7.4
MS,Parbhani,Jintur,Palam,18.98333333,76.86666667,Kerwadi,"Dug Well",W17532,1997,7.82,6.98,4.04,11.6
MS,Parbhani,Manwath,Jintur,19.68333333,76.7,Mankeswar,"Dug Well",W07337,1997,6.7,6.25,6.61,7.45
MS,Parbhani,Manwath,Jintur,19.53944444,76.94444444,Gojegaon,"Dug Well",W17536,1997,5.25,2.27,1.97,6
MS,Parbhani,Parbhani,Parbhani,19.175,76.74166667,Singanapur,"Dug Well",W07342,1997,6.04,8.1,4.5,10.3
MS,Parbhani,Jintur,Sonpeth,18.93333333,76.63333333,Nila,"Dug Well",W07335,1997,'0,5.68,'0,'0
MS,Parbhani,Jintur,Gangakhed,18.96666667,76.75,Gangakhed,"Dug Well",W17531,1997,9.81,6.25,6.31,10.55
MS,Parbhani,Pathri,Selu,19.36805556,76.40416667,Selu,"Dug Well",W07345,1997,'0,'0,'0,11.2
MS,Parbhani,Pathri,Pathri,19.3,76.3,"Hadgaon (PZ)","Bore Well",W17544,1997,6.05,5.3,6.51,6.4
MS,Parbhani,Manwath,Jintur,19.61666667,76.68333333,Jintur,"Dug Well",W17537,1997,6.95,6.02,5.5,7.8
MS,Parbhani,Pathri,Selu,19.48333333,76.56666667,Walur,"Dug Well",W07346,1997,9.4,8.85,8.33,'0
MS,Parbhani,Pathri,Manwat,19.3,76.48333333,Manwat,"Dug Well",W07344,1997,6.8,5.62,5.74,7.4
MS,Parbhani,Pathri,Pathri,19.16666667,76.43333333,Babulgaon,"Dug Well",W17542,1997,6.28,5.56,4.03,5.4
MS,Parbhani,Parbhani,Parbhani,19.26666667,76.86666667,Shrikshetra,"Dug Well",W07341,1997,'0,8.68,'0,'0
MS,Parbhani,Pathri,Selu,19.55,76.48333333,Chikhalthana,"Dug Well",W17543,1997,15.47,11.15,11.28,16.5
MS,Parbhani,Parbhani,Parbhani,19.175,76.74166667,Singanapur,"Dug Well",W07342,1996,6.1,8.9,3.9,'0
MS,Parbhani,Parbhani,Parbhani,19.4,76.76666667,Jhari,"Dug Well",W17539,1996,6.95,7.63,5.05,'0
MS,Parbhani,Manwath,Jintur,19.61666667,76.55,Charthana,"Dug Well",W17534,1996,'0,5.83,'0,'0
MS,Parbhani,Manwath,Jintur,19.61666667,76.68333333,Jintur,"Dug Well",W17537,1996,4.3,6.81,4.2,14
MS,Parbhani,Manwath,Jintur,19.68333333,76.7,Mankeswar,"Dug Well",W07337,1996,5.45,7.15,5.35,9.3
MS,Parbhani,Parbhani,Purna,19.13333333,76.93333333,Todkalas,"Dug Well",W07343,1996,1.6,3.27,.75,6
MS,Parbhani,Jintur,Gangakhed,18.85,76.86666667,"Rani Sawargaon","Dug Well",W07336,1996,2.95,5.17,6.2,7
MS,Parbhani,Jintur,Sonpeth,18.93333333,76.63333333,Nila,"Dug Well",W07335,1996,'0,'0,3.4,'0
MS,Parbhani,Jintur,Palam,19.01666667,76.96666667,Anjanawadi-2,"Dug Well",W17530,1996,'0,3.23,'0,'0
MS,Parbhani,Pathri,Pathri,19.3,76.3,"Hadgaon (PZ)","Bore Well",W17544,1996,'0,'0,5.3,'0
MS,Parbhani,Pathri,Manwat,19.3,76.48333333,Manwat,"Dug Well",W07344,1996,6.1,5.93,2.45,7.85
MS,Parbhani,Parbhani,Parbhani,19.11666667,76.73333333,Kotamwadi,"Dug Well",W17541,1996,'0,2.12,1,'0
MS,Parbhani,Parbhani,Parbhani,19.325,76.65833333,Pedgaon,"Dug Well",W07339,1996,'0,'0,5.7,'0
MS,Parbhani,Parbhani,Parbhani,19.26666667,76.86666667,Shrikshetra,"Dug Well",W07341,1996,9.45,8.97,8,'0
MS,Parbhani,Pathri,Selu,19.48333333,76.56666667,Walur,"Dug Well",W07346,1996,8.45,8.94,6.2,'0
MS,Parbhani,Pathri,Selu,19.36805556,76.40416667,Selu,"Dug Well",W07345,1996,11.2,9.61,9,11.7
MS,Parbhani,Pathri,Selu,19.55,76.48333333,Chikhalthana,"Dug Well",W17543,1996,14.2,11.73,8.1,17.2
MS,Parbhani,Manwath,Jintur,19.48333333,76.85,Asegaon,"Dug Well",W17533,1996,8.85,12.72,9.4,12.7
MS,Parbhani,Manwath,Jintur,19.53916667,76.79833333,Panchegaon,"Dug Well",W07338,1996,5.5,5.72,3.7,7
MS,Parbhani,Manwath,Jintur,19.53944444,76.94444444,Gojegaon,"Dug Well",W17536,1996,1.8,2.1,2.5,5
MS,Parbhani,Jintur,Gangakhed,18.96666667,76.75,Gangakhed,"Dug Well",W17531,1996,5.85,8.14,4,10
MS,Parbhani,Jintur,Palam,18.98333333,76.86666667,Kerwadi,"Dug Well",W17532,1996,6.4,6.5,2.2,6.8
MS,Parbhani,Pathri,Pathri,19.16666667,76.43333333,Babulgaon,"Dug Well",W17542,1996,2.15,3.22,4.35,6
